<?xml version="1.0" encoding="UTF-8"?>
<COLLADA xmlns="http://www.collada.org/2008/03/COLLADASchema" version="1.5.0">
	<asset>
		<contributor>
			<authoring_tool>Cinema 4D 2023.103 COLLADA Exporter</authoring_tool>
		</contributor>
		<created>2025-07-30T06:07:24Z</created>
		<modified>2025-07-30T06:07:24Z</modified>
		<unit meter="0.01" name="centimeter"/>
		<up_axis>Y_UP</up_axis>
	</asset>
	<library_geometries>
		<geometry id="ID5">
			<mesh>
				<source id="ID6">
					<float_array id="ID7" count="2076" digits="2490374">1.08 9.50558 3.12651 1.03 9.04833 1.79695 0.5 -9.50592 3.12668 0.5 -9.46154 3.08878 0.5 -9.4392 3.03486 0.85 8.11378 1.37708 0.5 -9.61941 2.90393 0.8 8.63771 1.49218 0.5 -9.66379 2.94184 0.5 -9.68613 2.99575 0.85 9.11447 1.878 0.5 -9.68155 3.05394 1.08 9.44649 3.06144 0.5 -9.65105 3.1037 0.5 -9.60129 3.13419 1.08 9.44468 2.97401 0.3 2.95263 -6.83782 0.3 2.81949 -6.66564 0.3 2.67961 -6.58363 0.3 -2.5 -6.55026 1.03 8.43889 1.4201 1.03 8.74163 1.5462 0.3 -2.71243 -6.59763 1.03 9.26116 2.13108 1.08 9.49004 2.91357 0.3 -2.96662 -6.87064 1.03 8.11378 1.37708 1.03 7.72751 1.43826 1.03 7.37905 1.61581 1.03 7.10251 1.89235 0.3 -2.99956 -7.0294 0.3 -3 -7.05026 0.3 -3 -7.30026 0.3 3 -7.30026 0.3 3 -7.05026 0.5 9.56267 2.89031 0.5 -9.56267 2.89031 1.08 -9.56267 2.89031 1.08 -9.61976 3.12651 0.8 8.00007 3.8719 0.5 9.61941 3.12668 0.5 -9.52404 2.89643 0.85 7.2759 3.55469 0.5 -9.47428 2.92692 0.5 -9.44378 2.97668 0.5 -9.56267 3.14031 0.85 6.94715 2.1782 1.08 -9.56267 3.14031 0.5 9.50592 2.90393 1.08 -9.27289 3.48766 1.08 9.56267 3.14031 1.08 -9.45567 3.4564 0.85 7.74333 1.43323 0.85 7.40618 1.59664 0.85 7.13259 1.85263 1.08 -9.61767 3.36618 0.85 6.86653 2.5441 0.85 6.89797 2.91745 0.85 7.03864 3.26471 1.08 -9.75902 3.19492 0.85 7.58844 3.76133 0.85 7.94818 3.86606 0.85 7.66801 4.45603 1.08 -9.82112 2.98172 0.85 7.11766 5.36843 0.85 6.86206 5.71937 0.85 6.62436 6.01541 1.08 -9.68168 2.56972 0.85 5.43937 7.17876 0.85 4.62388 7.76342 0.85 4.09513 8.07222 0.85 3.61728 8.31035 0.85 3.18873 8.49381 0.85 2.80657 8.63503 0.85 2.12374 8.83824 0.85 1.60165 8.95343 0.85 0.806071 9.06536 0.85 0 9.103 1.08 -9.1577 3.48162 1.08 9.63529 3.11705 1.08 9.68065 3.0566 0.85 -2.13149 8.83627 0.85 -2.4973 8.73466 0.4 -2.5 -6.55026 0.4 -2.63219 -6.56805 0.85 -4.89282 7.58622 0.4 -2.80956 -6.65761 0.3 -2.88461 -6.73077 1.08 9.67884 2.96918 0.85 -6.41078 6.26028 0.85 -6.86693 5.71302 0.3 2.5 -6.55026 1.08 9.61976 2.90411 0.4 2.9595 -6.85313 0.85 -7.71957 3.8133 0.85 -7.40768 3.65855 0.85 -7.14913 3.42204 0.4 2.5 -6.55026 0.85 -6.86645 2.70873 0.85 -6.87316 2.47421 0.85 -6.96345 2.13795 0.85 -7.14441 1.83789 0.85 -7.30895 1.67064 0.85 -7.60398 1.48576 0.85 -7.94079 1.38911 0.3 2.52085 -6.55069 0.85 -8.58985 1.47129 0.45 -9.1176 3.51722 0.4 -9.13054 3.46892 0.4 -8.68042 3.34831 0.85 -8.56606 -0.74916 1.08 9.56267 2.89031 0.4 -9.57055 2.47517 0.85 -7.96929 -2.91047 0.4 -9.79566 3.10858 0.4 -9.69111 3.29486 0.45 -9.45979 3.50781 0.85 -6.93372 -4.71866 0.85 -6.2546 -5.52216 0.85 -5.47997 -6.23971 0.45 -9.6281 3.42122 0.45 -9.7709 3.27231 0.85 -5.425 -7.15026 0.45 -9.85481 3.08383 0.45 -9.86992 2.87807 0.45 -9.81444 2.67936 0.85 5.275 -7.30026 0.45 -9.69492 2.51118 0.45 -9.52551 2.39344 0.45 -9.42818 2.35811 0.4 -9.41524 2.4064 0.5 9.47428 3.1037 0.85 5.47997 -6.23971 0.85 5.90253 -5.87018 0.4 -8.96512 2.28579 0.5 9.52404 3.13419 0.4 -8.57225 1.8812 0.85 7.31745 -4.15975 0.85 7.73123 -3.42651 0.85 8.07295 -2.65344 0.85 8.24695 -2.15666 0.85 8.37386 -1.71517 0.85 8.46541 -1.32444 0.4 -8.65563 2.06813 0.4 -8.79107 2.20441 0.45 -8.61539 1.84316 0.5 9.56267 3.14031 1.08 8.49078 3.76632 0.5 -0.796 4.58313 0.5 -0.838487 4.5926 0.5 -0.872923 4.61923 0.85 -0.796 4.48313 0.85 -0.897967 4.51108 0.85 -0.971081 4.58645 0.5 -0.896 4.68313 0.5 -0.896 5.98313 0.5 -0.886525 6.02562 0.5 -0.859897 6.06005 0.5 -0.796 6.08313 0.85 2.004 6.18313 0.5 2.004 6.08313 0.5 2.04649 6.07366 0.5 2.08092 6.04703 0.85 8.85944 3.63032 0.5 2.104 5.98313 0.5 2.004 4.58313 0.8 5.92122 -5.9211 1.03 8.11378 3.87708 0.8 7.00534 -4.70599 0.8 7.52049 -3.92104 0.8 7.94805 -3.08514 0.8 8.28305 -2.20804 0.8 8.52157 -1.29995 0.8 8.6351 -0.60771 0.8 8.69999 0.442157 0.45 5.475 -6.35577 0.85 8.58985 1.47129 0.85 8.64993 0.417101 0.85 8.58159 -0.63273 0.45 5.475 -7.15026 1.03 9.00062 3.55693 0.45 5.275 -7.35026 0.45 3 -7.35026 1.08 8.82961 3.59019 1.03 8.85944 3.63032 0.85 7.0033 -4.62403 0.85 6.53885 -5.20968 0.85 6.25093 -5.526 0.35 -3 -7.35026 1.03 9.1577 3.53162 0.35 3 -7.35026 1.03 9.21006 3.53436 0.4 -3 -7.05026 0.45 6.51175 -5.3165 0.45 7.03375 -4.66719 0.45 7.40513 -4.11363 0.45 7.73303 -3.53326 0.45 8.01553 -2.92949 0.4 -3 -7.30026 0.85 9.21006 3.53436 0.45 -5.45605 -7.23523 0.45 -5.40279 -7.3041 0.45 8.69887 0.312706 0.45 8.68279 0.99996 0.4 -5.275 -7.30026 0.85 9.18014 3.53212 0.85 8.63771 1.49218 0.45 -5.475 -7.15026 0.45 9.1176 3.51722 0.4 -5.47997 -6.23971 0.45 -5.51165 -6.2784 0.45 8.66748 3.39661 0.4 -6.26834 -5.50775 0.4 -8.59986 -0.476997 0.4 -8.64107 0.0599636 0.8 6.49177 -5.33897 0.4 -8.64001 0.868713 0.85 8.53807 3.37957 0.45 -8.6125 1.6838 0.45 -8.67349 1.13162 0.45 -8.69863 0.298874 0.85 9.36468 2.28434 0.85 9.26116 2.13108 0.45 -8.64401 -0.53246 0.85 8.90012 1.6554 0.45 -8.54318 -1.19139 0.45 -8.39221 -1.84066 0.85 8.66748 3.39661 0.85 -8.81043 2.15674 0.85 -8.68393 2.02027 1.08 9.2153 3.48464 0.85 9.51683 2.38949 1.03 9.51683 2.38949 0.45 -8.66828 1.99351 0.45 -8.7981 2.14733 0.45 -8.97806 2.2375 0.45 8.16629 3.54524 0.85 9.1176 3.51722 0.85 -8.97806 2.2375 1.08 9.32913 2.31951 1.08 9.4965 2.43517 0.4 4.8848 7.59171 1.08 9.76211 2.68634 1.08 9.82162 2.90027 0.45 -9.27289 3.53766 1.03 -9.27289 3.53766 1.08 9.56259 3.40518 1.08 9.27289 3.48766 1.03 -9.37048 3.52967 1.08 9.1577 3.48162 1.08 8.98491 3.50946 1.03 -9.55533 3.46703 1.03 -9.71029 3.34837 1.03 -9.81897 3.18625 1.03 -9.86986 2.99782 1.08 7.58924 3.70637 1.08 7.38876 3.5833 1.03 -9.85759 2.80303 1.08 6.98115 3.0235 1.08 6.92557 2.79493 1.08 6.92749 2.44617 1.03 -9.78344 2.62248 1.03 -9.66771 2.48587 1.03 -9.51683 2.38949 1.03 -9.36468 2.28434 1.08 8.11378 1.42708 1.08 8.38548 1.45824 1.08 8.64306 1.55011 1.08 8.90642 1.72613 1.08 9.11455 1.96492 1.03 9.83949 2.74027 1.08 -9.4965 2.43517 1.08 -9.21526 2.15092 1.03 9.74615 2.56885 1.03 -8.50649 3.81379 1.03 -8.11378 3.87708 1.08 -8.11378 3.82708 1.08 -8.49078 3.76632 1.03 9.60274 2.43647 1.08 -9.67884 3.06144 1.08 -9.68065 2.97401 0.4 3.96981 8.13825 1.08 -9.63529 2.91357 1.08 -9.50558 2.90411 1.08 7.83185 1.46067 1.08 7.56571 1.55955 1.08 7.25293 1.79105 1.08 7.03067 2.11048 1.08 -9.44649 2.96918 1.08 -9.44468 3.0566 1.08 -9.49004 3.11705 1.08 7.14442 3.33444 0.4 1.97385 8.87478 1.08 -6.94106 2.88149 1.08 7.84465 3.79651 1.08 8.11378 3.82708 1.08 -6.91387 2.612 1.03 7.72751 3.8159 1.03 7.37905 3.63835 1.03 7.10251 3.36181 1.03 6.92496 3.01335 1.03 6.86378 2.62708 1.03 6.92496 2.24081 1.08 -6.94782 2.34328 1.08 -7.04117 2.08902 1.08 -7.18916 1.86217 1.08 9.65078 2.53804 1.08 9.21526 2.15092 1.08 -7.38426 1.67429 1.03 9.36468 2.28434 1.08 -7.61653 1.53495 1.08 -9.32913 2.31951 1.08 -9.79386 2.76135 0.4 0.923165 9.0536 1.08 -9.2153 3.48464 1.08 -8.98491 3.50946 1.03 8.50649 3.81379 1.08 -8.82961 3.59019 0.4 -3.25848 8.46579 1.03 -9.00062 3.55693 1.08 9.79168 3.1203 1.03 -9.1577 3.53162 1.08 9.7015 3.28233 1.03 -9.21006 3.53436 0.85 8.37552 3.40673 0.85 8.23509 3.48183 0.4 -4.21915 8.00425 0.85 -9.1176 3.51722 0.85 8.11378 3.87708 0.85 8.50649 3.81379 0.4 -5.11576 7.42806 0.85 9.0069 3.55488 0.4 -5.93471 6.74599 0.45 9.37605 3.52873 0.45 9.57016 3.45884 0.85 8.07404 3.69335 0.45 -8.36626 3.41002 0.45 -8.66748 3.39661 0.4 -8.41154 3.34432 0.4 -8.17412 3.46721 0.45 6.51699 6.21658 0.45 6.00025 6.75276 0.45 5.43956 7.24279 0.45 4.83901 7.68307 0.45 4.20301 8.07039 0.45 -8.07404 3.69335 0.45 8.53807 3.37957 0.45 2.13 8.88823 0.45 1.40087 9.03948 0.45 0.661477 9.12782 0.45 8.33456 3.42286 0.45 8.07404 3.69335 0.45 -1.56398 9.01127 0.45 -2.2901 8.84618 0.45 -2.99944 8.6196 0.45 -3.68681 8.33319 0.45 -4.34717 7.98905 0.45 -4.97569 7.5897 0.45 -5.56775 7.13807 0.45 -6.11902 6.63746 0.45 -6.62546 6.09155 0.4 8.02764 3.67472 0.4 8.13789 3.50227 0.4 8.30356 3.38207 0.45 9.72913 3.32733 0.85 -8.00007 3.8719 0.8 -8.00007 3.8719 0.8 -7.73103 4.44313 0.4 -8.02764 3.67472 0.5 9.66379 3.08878 0.5 9.68613 3.03486 0.5 9.68155 2.97668 0.8 -5.02116 7.55779 0.8 -4.384 7.96769 0.8 -3.71359 8.32061 0.8 -3.01502 8.61386 0.8 -2.29359 8.84523 0.8 -1.55476 9.01295 0.8 -0.780529 9.11792 0.8 -2.79813e-15 9.153 0.8 0.630999 9.13009 0.8 1.57023 9.01012 0.5 9.65105 2.92692 0.5 9.60129 2.89643 0.5 9.46154 2.94184 0.5 9.4392 2.99575 0.5 9.44378 3.05394 0.8 5.77529 6.95961 0.8 6.31947 6.43249 0.45 9.87281 2.94709 0.45 9.60099 2.43532 0.45 9.74115 2.56252 0.45 9.83415 3.14975 0.85 8.00007 3.8719 0.45 9.84054 2.74331 0.45 9.27289 3.53766 0.4 9.13054 3.46892 0.4 9.28103 3.4876 0.4 9.68319 3.30393 0.4 9.79179 3.11999 0.4 9.82212 2.90855 0.4 9.7696 2.70149 0.4 9.64216 2.53006 0.4 9.41524 2.4064 0.45 -7.62266 4.64646 0.45 8.6125 1.6838 0.85 6.17794 6.50739 0.45 8.62471 1.88471 0.45 8.71516 2.06453 0.45 8.83265 2.17224 0.85 7.38814 4.95166 0.45 8.97806 2.2375 0.4 8.64158 2.04685 0.4 8.56946 1.86876 0.8 7.66108 4.57584 0.8 7.2603 5.24654 0.8 6.81573 5.86002 0.45 -7.05926 5.53796 0.4 -2.9377 -6.80856 0.8 5.18731 7.4374 0.8 4.56 7.86221 0.8 3.8981 8.23084 0.8 3.20664 8.54049 0.8 2.49086 8.7888 0.4 2.56319 -6.55427 0.4 2.71456 -6.59863 0.45 9.42818 2.35811 0.85 -7.94818 3.86606 0.85 -7.59554 4.59188 0.85 -7.17877 5.27875 0.4 2.84457 -6.68794 0.4 3 -7.05026 0.85 -6.13022 6.5557 0.85 -5.79255 6.87709 0.85 -5.3852 7.22221 0.4 3 -7.30026 0.85 -4.03383 8.10485 0.85 -3.12551 8.51859 0.4 5.275 -7.30026 0.4 5.37837 -7.25895 0.85 -1.70817 8.93267 0.85 -1.2185 9.01675 0.85 -0.652646 9.07835 0.4 5.41285 -7.20939 0.4 5.425 -7.15026 0.4 5.425 -6.35577 0.4 8.78072 2.19696 0.4 8.96512 2.28579 0.4 9.50178 3.43777 0.4 8.68042 3.34831 0.4 8.48867 3.3318 0.4 7.72273 4.3494 0.8 -5.62024 7.094 0.8 -6.1767 6.57986 0.8 -6.68632 6.01925 0.8 -7.25163 5.25965 0.4 7.36125 4.99552 0.4 6.94584 5.60837 0.45 -0.826397 9.11366 0.4 6.47954 6.18345 0.4 5.72563 6.9368 0.4 2.99456 8.56812 0.4 -0.14153 9.10184 0.4 -1.20408 9.01879 0.4 -2.24834 8.80569 0.4 -6.66356 5.96838 1.03 -7.10251 1.89235 1.03 -7.37905 1.61581 1.03 -7.72751 1.43826 0.4 -7.29126 5.10704 0.85 -8.11378 1.37708 0.4 -7.80826 4.17505 0.4 -9.38889 3.47529 0.4 -9.55483 3.4099 0.4 -9.82135 2.89652 0.4 -9.74581 2.65687 0.4 -8.563 1.67673 0.4 -8.49309 -1.18708 0.85 -6.95171 3.08761 0.4 -8.40563 -1.58854 0.4 -8.28223 -2.04242 0.4 -8.11073 -2.55343 0.4 -7.70536 -3.47766 0.4 -7.19749 -4.34478 0.4 -6.80491 -4.88701 0.4 -6.56199 -5.18285 0.45 -0.0827632 9.15261 0.4 -5.9124 -5.86095 1.03 -8.11378 1.37708 1.03 -8.50493 1.43986 0.4 -5.43943 -6.29159 0.4 -5.425 -6.35577 0.4 -5.425 -7.15026 0.85 -9.26116 2.13108 0.85 -9.10441 1.86476 0.85 -8.88712 1.64502 0.4 -5.40631 -7.22276 0.4 -5.35148 -7.2793 0.45 2.84353 8.67519 0.45 3.53622 8.40191 0.45 5.48463 -6.31297 0.4 5.47997 -6.23971 0.4 5.43944 -6.29156 0.45 6.98598 5.63817 0.75 2.104 5.98313 0.45 7.4038 5.02178 0.75 2.004 6.08313 0.75 2.04649 6.07366 0.75 2.08092 6.04703 0.8 -6.96396 -4.76171 0.8 -6.28373 -5.56403 1.03 9.87287 2.93257 1.03 9.84276 3.12541 1.03 9.75234 3.29839 1.03 9.6112 3.43319 0.85 -7.32993 -4.1399 0.85 -7.53507 -3.79497 0.85 -7.74996 -3.38896 1.03 9.44992 3.51095 0.85 -8.25951 -2.11663 0.85 -8.4702 -1.30148 0.75 -0.796 4.58313 0.85 -8.63786 -0.0051599 0.85 -8.64995 0.422413 0.85 -8.63782 0.911994 1.03 9.27289 3.53766 0.45 7.76737 4.37192 0.8 -5.51165 -6.2784 0.5 2.0679 4.60621 0.5 2.09453 4.64064 0.5 2.104 4.68313 0.85 -5.43945 -6.29154 0.85 9.42818 2.35811 0.85 -5.425 -6.35577 0.45 -8.19002 3.5206 0.8 5.475 -6.35577 0.45 -8.53807 3.37957 0.85 8.62091 1.86968 0.8 5.475 -7.15026 0.45 5.42885 -7.27805 0.45 5.35997 -7.33131 0.85 8.6967 2.03962 0.45 -3 -7.35026 0.85 8.81983 2.16351 0.85 -5.37837 -7.25895 0.85 -5.41285 -7.20939 0.85 8.97806 2.2375 0.85 -5.275 -7.30026 0.8 -5.275 -7.35026 0.8 -5.4568 -7.23362 0.8 -5.4055 -7.30181 0.85 -8.53807 3.37957 0.45 -5.275 -7.35026 0.8 5.275 -7.35026 0.8 5.35837 -7.33205 0.8 5.42656 -7.28076 0.8 -5.475 -7.15026 0.85 5.425 -7.15026 0.85 5.40631 -7.22276 0.85 5.35148 -7.2793 0.85 -8.33456 3.42286 0.85 -8.66748 3.39661 0.45 -5.475 -6.35577 0.8 -5.475 -6.35577 0.85 5.425 -6.35577 0.85 -9.21006 3.53436 0.85 8.6125 1.6838 0.8 -5.48463 -6.31297 0.45 -5.48463 -6.31297 0.45 5.93002 -5.91291 0.85 -8.63771 1.49218 0.85 5.43943 -6.29159 0.85 -9.1577 3.53162 0.8 -8.63771 1.49218 0.8 -8.68575 0.950791 0.8 -8.69421 0.135722 0.75 2.104 4.68313 0.75 2.09453 4.64064 0.75 2.0679 4.60621 0.75 2.004 4.58313 0.792487 2.004 4.57366 0.8 -8.62636 -0.676562 0.8 -8.4544 -1.59958 0.85 2.14183 4.5382 0.85 2.1878 4.60428 0.85 -9.00022 3.55706 0.8 2.0607 4.58493 0.8 2.10221 4.62643 0.836602 2.079 4.55323 0.836602 2.1339 4.60813 0.85 2.004 4.48313 0.826923 2.004 4.54703 0.8 -8.18398 -2.49869 0.8 -7.81824 -3.36342 0.8 -7.36145 -4.18371 0.792487 -0.796 4.57366 0.826923 -0.796 4.54703 0.45 -6.02592 -5.82221 0.85 -8.85944 3.63032 0.45 -6.50256 -5.32685 0.45 -6.926 -4.81202 0.45 -7.30878 -4.26629 0.45 -7.64866 -3.69285 0.75 -0.838487 4.5926 0.75 -0.872923 4.61923 0.75 -0.896 4.68313 0.792487 -0.905475 4.68313 0.45 -7.94363 -3.09507 0.85 -0.996 4.68313 0.45 -8.19196 -2.47646 0.85 -8.07404 3.69335 0.85 -8.16629 3.54524 0.8 -0.894205 4.62643 0.8 -0.852699 4.58493 0.836602 -0.925904 4.60813 0.836602 -0.871 4.55323 0.85 -9.51683 2.38949 0.826923 -0.932103 4.68313 0.85 -9.36468 2.28434 0.85 -8.6125 1.6838 0.75 -0.896 5.98313 0.85 -8.61837 1.85837 0.85 -9.42818 2.35811 0.85 -0.996 5.98313 0.45 8.25098 -2.30586 0.45 8.43799 -1.66604 0.826923 -0.932103 5.98313 0.792487 -0.905475 5.98313 0.45 8.57546 -1.01377 0.75 -0.886525 6.02562 0.75 -0.859897 6.06005 1.03 -8.85679 1.62188 1.03 -9.09266 1.84973 0.826923 -0.796 6.11923 1.03 -9.26116 2.13108 0.85 -0.933828 6.12806 0.85 -0.979801 6.06198 0.45 8.66259 -0.3529 0.836602 -0.925904 6.05813 0.836602 -0.871 6.11303 0.8 -0.894205 6.03983 0.8 -0.852699 6.08134 0.85 -0.796 6.18313 1.08 -9.07885 1.91389 0.792487 -0.796 6.0926 0.75 -0.796 6.08313 1.08 -8.89231 1.7139 1.08 -8.62624 1.54201 0.826923 2.004 6.11923 1.08 -8.32447 1.44572 1.08 -7.84465 3.79651 1.08 -7.58924 3.70637 0.85 -8.50999 3.81263 0.792487 2.004 6.0926 0.85 -8.11378 3.87708 1.03 -8.85944 3.63032 0.4 8.563 1.67673 1.03 -7.72751 3.8159 1.03 -7.37905 3.63835 1.03 -7.10251 3.36181 0.85 2.204 5.98313 0.85 2.17908 6.07981 0.85 2.10597 6.15518 0.4 8.64855 0.611227 0.836602 2.079 6.11303 0.836602 2.1339 6.05813 0.8 2.0607 6.08134 0.8 2.10221 6.03983 1.03 -6.92496 3.01335 0.813897 2.12708 4.68313 0.840525 2.16151 4.68313 0.85 2.204 4.68313 1.03 -6.86378 2.62708 0.826923 2.1401 5.98313 0.792487 2.11347 5.98313 1.03 -6.92496 2.24081 0.4 8.60203 -0.456688 1.08 -8.11378 1.42708 1.08 -7.85937 1.45436 1.08 -7.02798 3.13802 0.45 5.51165 -6.2784 0.8 5.51165 -6.2784 0.8 5.48463 -6.31297 0.4 8.49791 -1.16191 1.08 -7.17023 3.36851 1.08 -7.36055 3.56123 0.4 5.89594 -5.87632 0.4 6.47432 -5.28335 0.4 6.99333 -4.63776 0.4 7.51146 -3.83658 0.4 7.9382 -2.9832 0.4 8.26836 -2.08802</float_array>
					<technique_common>
						<accessor count="692" source="#ID7" stride="3">
							<param name="X" type="float"/>
							<param name="Y" type="float"/>
							<param name="Z" type="float"/>
						</accessor>
					</technique_common>
				</source>
				<source id="ID8">
					<float_array id="ID9" count="2052" digits="2490374">0 0 -1 0 0.260031 -0.965563 0 0.380844 -0.924594 0 0.50225 -0.864688 0 0.419094 -0.907875 0 0.629031 -0.777344 0 0.747594 -0.664062 0 0.800531 -0.59925 0 0.917875 -0.39675 0.707094 0.649 -0.280531 0.707094 0.589688 -0.390125 0.707094 0.528625 -0.469563 0.707094 0.467063 -0.530875 0.707094 0.355125 -0.611406 0.707094 0.311844 -0.634562 0.707094 0.183906 -0.682719 0.707094 0.160094 -0.688688 0.707094 0 -0.707094 0 -0.0909375 0.995844 0 -0.132437 0.991125 0 0 1 0 -0.308969 0.951031 0 -0.420219 0.907344 0 -0.67025 0.742063 0 -0.587781 0.809 0 -0.809 0.587781 0 -0.860094 0.510063 0 -0.951031 0.308969 0 -0.972625 0.232281 0 -0.997781 -0.066375 0 -1 -0 0 -0.951031 -0.308969 0 -0.93325 -0.359094 0 -0.809 -0.587781 0 -0.784938 -0.619531 0 -0.566063 -0.824313 0 -0.587781 -0.809 0 -0.308969 -0.951031 0 -0.296313 -0.955063 1 0 -0 0.707094 0.702031 0.0844062 0.707094 0.707094 -0.000875 0.707094 0.702156 0.0832188 0.707094 0.707094 -0.00290625 0.707094 0.701813 -0.0861562 0.707094 0.701469 -0.0887187 0.707094 0.692594 -0.142469 0.707094 0.691969 -0.145281 0.707094 0.684531 -0.177219 0.707094 0.673156 -0.21625 0.707094 0.674125 -0.213313 0.707094 0.659906 -0.253938 0.707094 0.645938 -0.287531 0.707094 0.632 -0.317094 0.707094 0.611219 -0.3555 0.707094 0.598156 -0.377031 0.707094 0.569313 -0.41925 0.707094 0.572469 -0.414969 0.707094 0.5345 -0.462875 0.707094 0.527625 -0.47075 0.707094 0.510938 -0.48875 0.707094 0.482469 -0.516875 0.707094 0.481219 -0.518031 0.707094 0.447906 -0.547063 0 0.989906 0.141438 0 0.992813 0.119438 0 0.998 0.0628125 0 0.999969 -0.00121875 0 0.999844 -0.0160937 0 0.9925 -0.121906 0 0.995656 -0.0925938 0 0.985656 -0.168563 0 0.979469 -0.201469 0 0.969844 -0.243563 0 0.952031 -0.305813 0 0.948344 -0.317094 0 0.921313 -0.38875 0 0.913531 -0.406625 0 0.888844 -0.458156 0 0.864375 -0.502719 0 0.851125 -0.524844 0 0.805188 -0.592969 0 0.808469 -0.5885 0 0.748469 -0.663156 0 0.746156 -0.665688 0 0.681594 -0.731656 0 0.680562 -0.732625 0 0.633469 -0.773719 -1 0 -0 0 0.710813 -0.703313 0 0.406563 -0.913594 0.707094 -0.166094 -0.687281 0.707094 -0.2185 -0.672437 0.707094 -0.322906 -0.629 0.707094 -0.415625 -0.572031 0.707094 -0.50725 -0.492594 0.707094 -0.572031 -0.415625 0.707094 -0.638219 -0.304406 0.707094 -0.672437 -0.2185 0.707094 -0.699 -0.106594 0.707094 -0.707094 -0 0.707094 -0.700094 0.098875 0.707094 -0.672437 0.2185 0.707094 -0.667406 0.233562 0.707094 -0.572031 0.415625 0.707094 -0.571156 0.416813 0.707094 -0.415625 0.572031 0.707094 -0.427188 0.563438 0.707094 -0.309063 0.635938 0.707094 -0.2185 0.672437 0.707094 -0.158531 0.689094 0.707094 0 0.707094 0.707094 0.287469 -0.646 0.707094 0.502625 -0.497281 0 0.596469 0.802594 0 0.314156 0.949313 0 -0.928031 0.372438 0 -0.9195 0.392938 0 -0.876156 0.481969 0 -0.888563 0.458594 0 -0.8335 0.552469 0 -0.811406 0.584437 0 -0.768531 0.63975 0 -0.7615 0.648094 0 -0.709938 0.704188 0 -0.703313 0.710813 0 -0.646 0.763313 0 -0.639969 0.768344 0 -0.577125 0.816594 0 -0.571906 0.820281 0 -0.503906 0.863719 0 -0.499656 0.866188 0 -0.426844 0.904281 0 -0.42375 0.905719 0 -0.3465 0.938031 0 -0.344719 0.938688 0 -0.263594 0.964594 0 -0.263219 0.964719 0 -0.178656 0.983844 0 -0.179719 0.983688 0 -0.0896562 0.995969 0 -0.0949688 0.995438 0 -0.00946875 0.999906 0 0.0760313 0.997063 0 0.0724688 0.997344 0 0.160969 0.986938 0 0.180469 0.983563 0 0.244813 0.969531 0 0.286281 0.958094 0 0.326813 0.945063 0 0.368531 0.929563 0 0.406406 0.913625 0 0.448 0.893969 0 0.483063 0.875531 0 0.524094 0.851625 0 0.556188 0.831031 0 0.596219 0.80275 0 0.625188 0.780375 0 0.663813 0.747844 0 0.689656 0.724063 0 0.726344 0.687281 0 0.749031 0.662437 0 0.783406 0.621437 0 0.802938 0.595937 0 0.8345 0.550969 0 0.851 0.525125 0 0.880531 0.473844 0 0.9195 0.392938 0 0.928031 0.372438 0 0.892781 0.450406 0.707094 0.0512813 0.705187 0.707094 0.065875 0.703969 0.707094 0.130906 0.694875 0.707094 0.127594 0.695437 0.707094 0.173562 0.685438 0.707094 0.202438 0.6775 0.707094 0.229406 0.668813 0.707094 0.260563 0.657313 0.707094 0.260625 0.657281 0.707094 0.295656 0.64225 0.707094 0.316781 0.632156 0.707094 0.334719 0.622813 0.707094 0.370594 0.602188 0.707094 0.377969 0.597562 0.707094 0.421594 0.567656 0.707094 0.444594 0.549781 0.707094 0.469375 0.528813 0.707094 0.504969 0.494875 0.707094 0.513625 0.485938 0.707094 0.553906 0.439438 0.707094 0.541469 0.454688 0.707094 0.560938 0.4305 0.707094 0.581813 0.401781 0.707094 0.590031 0.389594 0.707094 0.603938 0.367719 0.707094 0.622625 0.335063 0.707094 0.626813 0.327188 0.707094 0.649719 0.279 0.707094 0.650187 0.277875 0.707094 -0.650187 0.277875 0.707094 -0.628344 0.32425 0.707094 -0.649719 0.279 0.707094 -0.620875 0.338313 0.707094 -0.586781 0.394469 0.707094 -0.589375 0.390656 0.707094 -0.561312 0.429938 0.707094 -0.543406 0.452344 0.707094 -0.524 0.474687 0.707094 -0.501969 0.497969 0.707094 -0.501063 0.498844 0.707094 -0.4735 0.525125 0.707094 -0.45675 0.539719 0.707094 -0.440188 0.553344 0.707094 -0.408094 0.577438 0.707094 -0.399938 0.583094 0.707094 -0.356313 0.61075 0.707094 -0.32975 0.6255 0.707094 -0.301781 0.639406 0.707094 -0.255469 0.659281 0.707094 -0.245031 0.663281 0.707094 -0.186406 0.682063 0.707094 -0.204125 0.676969 0.707094 -0.174187 0.685281 0.707094 -0.139594 0.693125 0.707094 -0.126344 0.695719 0.707094 -0.0995938 0.7 0.707094 -0.0634063 0.704219 0.707094 -0.0533438 0.705063 0 0.138344 -0.990344 0 0.308969 -0.951031 0 0.407813 -0.913 0 0.643844 -0.765094 0 0.587781 -0.809 0 0.775469 -0.631312 0 0.809 -0.587781 0 0.920219 -0.39125 0 0.951031 -0.308969 0 0.992469 -0.122281 0 1 -0 0 0.997813 0.0652812 0 0.951031 0.308969 0 0.929656 0.368375 0 0.809 0.587781 0 0.771688 0.635938 0 0.587781 0.809 0 0.564875 0.825156 0 0.308969 0.951031 0 0.315313 0.948969 0 0.132437 0.991125 0 0.0909375 0.995844 0 -0.917875 -0.39675 0 -0.7925 -0.609812 0 -0.783094 -0.621844 0 -0.618656 -0.785594 0 -0.419094 -0.907875 0 -0.380844 -0.924594 0 -0.594375 -0.804125 0 -0.312875 -0.94975 0.707094 -0.447906 -0.547063 0.707094 -0.510719 -0.489031 0.707094 -0.511281 -0.488438 0.707094 -0.565969 -0.423813 0.707094 -0.56675 -0.422719 0.707094 -0.598281 -0.376844 0.707094 -0.599156 -0.375406 0.707094 -0.615906 -0.34725 0.707094 -0.635406 -0.310156 0.707094 -0.633531 -0.314063 0.707094 -0.651438 -0.274938 0.707094 -0.665125 -0.239875 0.707094 -0.675125 -0.210031 0.707094 -0.687125 -0.166781 0.707094 -0.692375 -0.143406 0.707094 -0.701063 -0.0917813 0.707094 -0.700188 -0.09825 0.707094 -0.706062 -0.0374063 0.707094 -0.706594 -0.02575 0.707094 -0.707094 -0.00246875 0.707094 -0.706062 0.0375 0.707094 -0.705938 0.0404375 0.707094 -0.702156 0.0832188 0.707094 -0.702031 0.0844062 0.707094 -0.639 -0.302656 0.707094 -0.638969 -0.302781 0.707094 -0.487281 -0.512344 0.707094 -0.461344 -0.535781 0.707094 -0.649813 -0.27875 0.707094 -0.64275 -0.294688 0.707094 0.707094 -0 0.707094 0.619 -0.341781 0.707094 0.535781 -0.461344 0.707094 0.3605 -0.608281 0.707094 0.294688 -0.64275 0.707094 0.639 -0.302656 0.707094 0.639094 -0.302563 0.424844 0 0.90525 0.5 -0.432969 0.749969 0.769188 0 0.638969 0 -0.638969 0.769188 0.5 -0.749969 0.432969 0 -0.90525 0.424844 0.865969 -0.25 0.432969 0.865969 -0.432969 0.25 0.638969 -0.769188 -0 0.90525 -0.424844 -0 0.424844 0.90525 -0 0.5 0.749969 0.432969 0.769188 0.638969 -0 0 0.769188 0.638969 0.5 0.432969 0.749969 0 0.424844 0.90525 0.865969 0.432969 0.25 0.865969 0.25 0.432969 0.865969 0.432969 -0.25 0.865969 0.25 -0.432969 0.5 0.749969 -0.432969 0.5 0.432969 -0.749969 0.769188 0 -0.638969 0 0.90525 -0.424844 0 0.638969 -0.769188 0.424844 0 -0.90525 0.865969 -0.25 -0.432969 0.865969 -0.432969 -0.25 0.5 -0.432969 -0.749969 0.5 -0.749969 -0.432969 0.769188 -0.638969 -0 0 -0.424844 -0.90525 0 -0.769188 -0.638969 0.424844 -0.90525 -0 0 0.903719 -0.428031 -0.707094 0.447906 -0.547063 -0.707094 0.481969 -0.517344 -0.707094 0.52925 -0.468906 -0.707094 0.571625 -0.416094 -0.707094 0.601844 -0.371125 -0.707094 0.614031 -0.350625 -0.707094 0.628469 -0.323938 -0.707094 0.648875 -0.280844 -0.707094 0.651469 -0.274875 -0.707094 0.670563 -0.224219 -0.707094 0.675875 -0.207687 -0.707094 0.68575 -0.172219 -0.707094 0.694656 -0.131969 -0.707094 0.696938 -0.119156 -0.707094 0.703125 -0.0743125 -0.707094 0.704063 -0.0654688 -0.707094 0.706937 0.012875 -0.707094 0.707 -0.0113438 -0.707094 0.705688 0.0444375 -0.707094 0.699969 0.1 0 0.965469 -0.260344 0 0.973063 -0.23025 0 0.8215 -0.570156 0 0.784594 -0.619969 0 0.57525 -0.817906 0 0.549594 -0.835375 0 0.258781 -0.965906 0 0.546781 -0.837219 0 0.549719 -0.835281 0 0.788719 -0.614656 0 0.780375 -0.625188 0 0.946063 -0.323875 0 0.944313 -0.328969 0 0.999906 -0.0084375 0 0.999875 0.0156562 0 0.94975 0.312875 0 0.935438 0.353438 0 0.760375 0.649406 0 0.799031 0.601188 0 0.563812 0.825844 0 0.495438 0.868594 0 0.295 0.955469 0 0.171875 0.985094 0.707094 0.208625 0.675625 0.707094 0.372438 0.601 0.707094 0.398688 0.583969 0.707094 0.551 0.443063 0.707094 0.565 0.425063 0.707094 0.666969 0.234781 0.707094 0.671562 0.221219 0.707094 0.707031 -0.006 0.707094 0.705469 -0.0480312 0.707094 0.667719 -0.232594 0.707094 0.628906 -0.323063 0.707094 0.557719 -0.434594 0.707094 0.485781 -0.51375 0.707094 0.388719 -0.590625 0.707094 -0.074 0.703219 0.707094 0.42175 0.567469 0.707094 0.222094 0.671281 0 -0.456688 0.889562 0 -0.707094 0.707094 0 -0.929375 0.369031 0 -0.943812 -0.330344 0 -0.987688 -0.156406 0 -0.453969 -0.890969 0 -0.580938 -0.813906 0 0.456688 -0.889562 0 0.707094 -0.707094 0 0.929375 -0.369031 0 0.943812 0.330344 0 0.987688 0.156406 0 0.453969 0.890969 0 0.580938 0.813906 0 0.301531 0.953438 0 -0.0448125 0.998937 0 -0.104656 0.994469 0 -0.258781 0.965906 0 0.407 0.913406 0 0.325063 0.945656 0 0.605906 0.795438 0 0.7435 0.668625 -0.707094 0.656219 0.263344 -0.707094 0.631281 0.3185 -0.707094 0.60175 0.371281 -0.707094 0.567781 0.421375 -0.707094 0.529625 0.468406 -0.707094 0.487625 0.512 -0.707094 0.468031 0.529969 -0.707094 0.442094 0.551844 -0.707094 0.399281 0.583531 -0.707094 0.393281 0.587625 -0.707094 0.324469 0.628219 -0.707094 0.341563 0.619094 -0.707094 0.287375 0.646031 -0.707094 0.244781 0.663375 -0.707094 0.231063 0.66825 -0.707094 0.161344 0.688438 -0.707094 0.173094 0.685531 -0.707094 0.113812 0.697875 -0.707094 0.0754375 0.703031 -0.707094 0.05375 0.705031 -0.707094 -0.0115625 0.707 -0.707094 -0.00671875 0.707031 -0.707094 -0.067125 0.703875 -0.707094 -0.098375 0.700188 -0.707094 -0.127062 0.695531 -0.707094 -0.183781 0.682781 -0.707094 -0.186094 0.682156 -0.707094 -0.266313 0.654969 -0.707094 -0.243781 0.663719 -0.707094 -0.299625 0.640469 -0.707094 -0.344875 0.617281 -0.707094 -0.353281 0.6125 -0.707094 -0.418156 0.570156 -0.707094 -0.404375 0.580031 -0.707094 -0.452469 0.543281 -0.707094 -0.485125 0.514406 -0.707094 -0.497281 0.502594 -0.707094 -0.544688 0.450844 -0.707094 -0.538469 0.45825 -0.707094 -0.57375 0.413281 -0.707094 -0.596 0.380406 -0.707094 -0.619531 0.340813 -0.707094 -0.63825 0.30425 -0.707094 -0.656219 0.263344 0 -0.696063 0.717938 0 -0.7435 0.668625 0 -0.407 0.913406 0 -0.343563 0.939094 0.707094 0.158531 0.689094 0.707094 0.2185 0.672437 0.707094 0.309063 0.635938 0.707094 0.415625 0.572031 0.707094 0.443844 0.550438 0.707094 0.555969 0.436844 0.707094 0.572031 0.415625 0.707094 0.63975 0.301031 0.707094 0.672437 0.2185 0.707094 0.691031 0.149875 0.707094 0.707031 -0.008875 0.707094 0.687031 -0.167187 0.707094 0.672437 -0.2185 0.707094 0.632031 -0.317031 0.707094 0.572031 -0.415625 0.707094 0.544813 -0.450719 0.707094 0.415625 -0.572031 0.707094 0.429844 -0.561406 0.707094 0.293 -0.643531 0.707094 0.2185 -0.672437 0.707094 0.149875 -0.691031 0 -0.314156 0.949313 0 -0.316938 0.948406 0 -0.596469 0.802594 0.707094 -0.124094 -0.696063 0.707094 -0.221219 -0.671562 0.707094 -0.301969 -0.639344 0.707094 -0.420281 -0.568594 0.707094 -0.45875 -0.538063 0.707094 -0.553688 -0.439719 0.707094 -0.568656 -0.420219 0.707094 -0.649 -0.280531 0 -0.710813 -0.703313 0 -0.406563 -0.913594 0 -0.633469 -0.773719 0 -0.722219 -0.691594 0 -0.692594 -0.72125 0 -0.747375 -0.664344 0 -0.800438 -0.599375 0 -0.796063 -0.605125 0 -0.840031 -0.542406 0 -0.846125 -0.532938 0 -0.898625 -0.438625 0 -0.879094 -0.4765 0 -0.913 -0.407813 0 -0.941594 -0.336688 0 -0.940656 -0.339219 0 -0.97175 -0.235875 0 -0.964594 -0.263594 0 -0.981969 -0.188969 0 -0.991531 -0.129781 0 -0.993563 -0.11325 0 -0.999313 -0.0364688 0 -0.999781 -0.0176562 0 -0.992813 0.119438 0 -0.989906 0.141438 0 -0.998344 0.0571875 0 -0.996938 0.078 0 -0.903719 -0.428031 0 -0.638969 -0.769188 0 -0.652469 -0.757719 0 -0.90525 -0.424844 0 -0.908938 -0.416813 0 0.424844 -0.90525 0 0.416813 -0.908938 0 0.769188 -0.638969 0 0.757719 -0.652469 -0.707094 0.707094 -0 -0.707094 0.639 -0.302656 -0.707094 0.691688 -0.146812 -0.707094 0.682719 -0.184062 -0.707094 0.554781 -0.438344 -0.707094 0.598938 -0.37575 -0.707094 0.420063 -0.568781 -0.707094 0.388594 -0.590688 -0.707094 0.182969 -0.683 -0.707094 0.386656 -0.592 -0.707094 0.47475 -0.523969 -0.707094 0.551844 -0.442094 -0.707094 0.638563 -0.303594 -0.707094 0.668938 -0.229 -0.707094 0.706062 -0.0374063 -0.707094 0.707 0.0110625 -0.707094 0.667094 0.234375 -0.707094 0.661438 0.249938 -0.707094 0.527438 0.470844 -0.707094 0.537656 0.459188 -0.707094 0.350313 0.614156 -0.707094 0.29425 0.642906 -0.707094 0.121563 0.696563 -0.707094 0.0104688 0.707 -0.707094 0 0.707094 -0.707094 -0.182969 0.683 -0.707094 0.0635 0.704188 -0.707094 0.28775 0.645844 -0.707094 0.301469 0.639562 -0.707094 0.514437 0.485063 -0.707094 0.525719 0.472813 -0.707094 -0.492219 0.507656 -0.707094 -0.467875 0.530125 -0.707094 -0.242969 0.664031 -0.707094 -0.162625 0.688125 -0.707094 0.182969 0.683 0 0.258781 0.965906 0 0.104656 0.994469 0 -0.314938 0.949094 0.707094 -0.42175 0.567469 0.707094 -0.222094 0.671281 0.707094 -0.502625 -0.497281 0.707094 -0.287469 -0.646 0 -0.3115 0.950188 0 -0.162594 0.986625 0 -0.470688 0.88225 0 -0.592 0.805875 0 -0.728969 0.684469 0 -0.829969 0.557719 0 -0.910125 0.41425 0 -0.969844 0.243594 0 -0.994906 0.100219 0 -0.995 -0.0992813 0 -0.9745 -0.224344 0 -0.902531 -0.4305 0 -0.850906 -0.525281 0 -0.658 -0.752937 0 -0.703344 -0.710781 0 -0.421 -0.907 0 -0.258781 -0.965906 0 -0.618688 -0.785563 0 -0.594063 -0.804344 0 -0.847063 -0.531438 0 -0.878344 -0.477906 0 -0.978188 -0.207625 0 -0.984156 -0.177219 -0.707094 -0.699969 0.1 -0.707094 -0.704938 0.055125 -0.707094 -0.70625 0.0339688 -0.707094 -0.706937 -0.0125 -0.707094 -0.706375 -0.0320937 -0.707094 -0.702531 -0.0800625 -0.707094 -0.703 -0.0759687 -0.707094 -0.694313 -0.133625 -0.707094 -0.694219 -0.134031 -0.707094 -0.682063 -0.186406 -0.707094 -0.687125 -0.166875 -0.707094 -0.677031 -0.203938 -0.707094 -0.665781 -0.238063 -0.707094 -0.662969 -0.245719 -0.707094 -0.645594 -0.288344 -0.707094 -0.629875 -0.321281 -0.707094 -0.621625 -0.336906 -0.707094 -0.588313 -0.392188 -0.707094 -0.594031 -0.383563 -0.707094 -0.562906 -0.427875 -0.707094 -0.556219 -0.4365 -0.707094 -0.536406 -0.460656 -0.707094 -0.5285 -0.469719 -0.707094 -0.512375 -0.48725 -0.707094 -0.489719 -0.509969 -0.707094 -0.483281 -0.516125 -0.707094 -0.447906 -0.547063 -0.707094 -0.639 -0.302656 -0.707094 -0.639094 -0.302563 -0.707094 -0.707094 -0 -0.707094 -0.640063 -0.300375 -0.707094 -0.619 -0.341781 -0.707094 -0.451813 -0.543906 -0.707094 -0.3605 -0.608281 -0.707094 0 -0.707094 -0.707094 0.300375 -0.640063 -0.707094 0.487281 -0.512344 -0.707094 0.543906 -0.451813 -0.707094 0.649813 -0.27875 -0.707094 -0.182969 -0.683 -0.707094 -0.406781 -0.578344 -0.707094 -0.4375 -0.555469 -0.707094 -0.621094 -0.337938 -0.707094 -0.580906 -0.403156 -0.707094 -0.688062 -0.162813 -0.707094 -0.695875 -0.125313 -0.707094 -0.149094 0.691188 -0.707094 -0.220219 0.671875 -0.707094 -0.418594 0.569875 -0.707094 -0.362437 0.607094 -0.707094 -0.537656 0.459188 -0.707094 -0.586906 0.394344 -0.707094 -0.68575 0.17225 -0.707094 -0.672063 0.219719 -0.707094 -0.705094 -0.052875 -0.707094 -0.703562 -0.0701875 -0.707094 -0.638219 -0.304406 -0.707094 -0.607969 -0.361 -0.707094 -0.497375 -0.502594 -0.707094 -0.382625 -0.594594 -0.707094 -0.297688 -0.641375 0 0.919 0.394188 0 0.90525 0.424844 0 0.689125 0.724594 0 0.638969 0.769188 0 0.359188 0.933219 0 0.429062 0.903219 0 0.126375 0.991969 0 0.0416562 0.999125 0 -0.264313 0.964406 0 -0.424844 0.90525 0 -0.619125 0.78525 0 -0.769188 0.638969 0 -0.875406 0.483375 0 -0.933219 0.359188 0 -0.999125 0.0416562 0.707094 0.074 0.703219 0.707094 -0.46525 -0.532438 0.707094 -0.525563 -0.473031 0.707094 -0.601656 -0.371406 0.707094 -0.669781 -0.226625 0.707094 -0.689031 -0.158656 0.707094 -0.704813 0.056625 0.707094 -0.703531 0.0708437 0.707094 -0.643531 0.292906 0.707094 -0.624969 0.330719 0.707094 -0.515469 0.483969 0.707094 -0.44325 0.550875 0.707094 -0.332844 0.623812 0.707094 -0.234969 0.666875 0.707094 -0.115 0.697688</float_array>
					<technique_common>
						<accessor count="684" source="#ID9" stride="3">
							<param name="X" type="float"/>
							<param name="Y" type="float"/>
							<param name="Z" type="float"/>
						</accessor>
					</technique_common>
				</source>
				<source id="ID10">
					<float_array id="ID11" count="2" digits="2490374">0 1</float_array>
					<technique_common>
						<accessor count="1" source="#ID11" stride="2">
							<param name="S" type="float"/>
							<param name="T" type="float"/>
						</accessor>
					</technique_common>
				</source>
				<vertices id="ID12">
					<input semantic="POSITION" source="#ID6"/>
				</vertices>
				<polylist count="1380">
					<input offset="0" semantic="VERTEX" source="#ID12" set="0"/>
					<input offset="1" semantic="NORMAL" source="#ID8" set="0"/>
					<input offset="2" semantic="TEXCOORD" source="#ID10" set="0"/>
					<vcount>3 3 3 3 3 3 3 3 3 3 3 3 3 3 3 3 3 3 3 3 3 3 3 3 3 3 3 3 3 3 3 3 3 3 3 3 3 3 3 3 3 3 3 3 3 3 3 3 3 3 3 3 3 3 3 3 3 3 3 3 3 3 3 3 3 3 3 3 3 3 3 3 3 3 3 3 3 3 3 3 3 3 3 3 3 3 3 3 3 3 3 3 3 3 3 3 3 3 3 3 3 3 3 3 3 3 3 3 3 3 3 3 3 3 3 3 3 3 3 3 3 3 3 3 3 3 3 3 3 3 3 3 3 3 3 3 3 3 3 3 3 3 3 3 3 3 3 3 3 3 3 3 3 3 3 3 3 3 3 3 3 3 3 3 3 3 3 3 3 3 3 3 3 3 3 3 3 3 3 3 3 3 3 3 3 3 3 3 3 3 3 3 3 3 3 3 3 3 3 3 3 3 3 3 3 3 3 3 3 3 3 3 3 3 3 3 3 3 3 3 3 3 3 3 3 3 3 3 3 3 3 3 3 3 3 3 3 3 3 3 3 3 3 3 3 3 3 3 3 3 3 3 3 3 3 3 3 3 3 3 3 3 3 3 3 3 3 3 3 3 3 3 3 3 3 3 3 3 3 3 3 3 3 3 3 3 3 3 3 3 3 3 3 3 3 3 3 3 3 3 3 3 3 3 3 3 3 3 3 3 3 3 3 3 3 3 3 3 3 3 3 3 3 3 3 3 3 3 3 3 3 3 3 3 3 3 3 3 3 3 3 3 3 3 3 3 3 3 3 3 3 3 3 3 3 3 3 3 3 3 3 3 3 3 3 3 3 3 3 3 3 3 3 3 3 3 3 3 3 3 3 3 3 3 3 3 3 3 3 3 3 3 3 3 3 3 3 3 3 3 3 3 3 3 3 3 3 3 3 3 3 3 3 3 3 3 3 3 3 3 3 3 3 3 3 3 3 3 3 3 3 3 3 3 3 3 3 3 3 3 3 3 3 3 3 3 3 3 3 3 3 3 3 3 3 3 3 3 3 3 3 3 3 3 3 3 3 3 3 3 3 3 3 3 3 3 3 3 3 3 3 3 3 3 3 3 3 3 3 3 3 3 3 3 3 3 3 3 3 3 3 3 3 3 3 3 3 3 3 3 3 3 3 3 3 3 3 3 3 3 3 3 3 3 3 3 3 3 3 3 3 3 3 3 3 3 3 3 3 3 3 3 3 3 3 3 3 3 3 3 3 3 3 3 3 3 3 3 3 3 3 3 3 3 3 3 3 3 3 3 3 3 3 3 3 3 3 3 3 3 3 3 3 3 3 3 3 3 3 3 3 3 3 3 3 3 3 3 3 3 3 3 3 3 3 3 3 3 3 3 3 3 3 3 3 3 3 3 3 3 3 3 3 3 3 3 3 3 3 3 3 3 3 3 3 3 3 3 3 3 3 3 3 3 3 3 3 3 3 3 3 3 3 3 3 3 3 3 3 3 3 3 3 3 3 3 3 3 3 3 3 3 3 3 3 3 3 3 3 3 3 3 3 3 3 3 3 3 3 3 3 3 3 3 3 3 3 3 3 3 3 3 3 3 3 3 3 3 3 3 3 3 3 3 3 3 3 3 3 3 3 3 3 3 3 3 3 3 3 3 3 3 3 3 3 3 3 3 3 3 3 3 3 3 3 3 3 3 3 3 3 3 3 3 3 3 3 3 3 3 3 3 3 3 3 3 3 3 3 3 3 3 3 3 3 3 3 3 3 3 3 3 3 3 3 3 3 3 3 3 3 3 3 3 3 3 3 3 3 3 3 3 3 3 3 3 3 3 3 3 3 3 3 3 3 3 3 3 3 3 3 3 3 3 3 3 3 3 3 3 3 3 3 3 3 3 3 3 3 3 3 3 3 3 3 3 3 3 3 3 3 3 3 3 3 3 3 3 3 3 3 3 3 3 3 3 3 3 3 3 3 3 3 3 3 3 3 3 3 3 3 3 3 3 3 3 3 3 3 3 3 3 3 3 3 3 3 3 3 3 3 3 3 3 3 3 3 3 3 3 3 3 3 3 3 3 3 3 3 3 3 3 3 3 3 3 3 3 3 3 3 3 3 3 3 3 3 3 3 3 3 3 3 3 3 3 3 3 3 3 3 3 3 3 3 3 3 3 3 3 3 3 3 3 3 3 3 3 3 3 3 3 3 3 3 3 3 3 3 3 3 3 3 3 3 3 3 3 3 3 3 3 3 3 3 3 3 3 3 3 3 3 3 3 3 3 3 3 3 3 3 3 3 3 3 3 3 3 3 3 3 3 3 3 3 3 3 3 3 3 3 3 3 3 3 3 3 3 3 3 3 3 3 3 3 3 3 3 3 3 3 3 3 3 3 3 3 3 3 3 3 3 3 3 3 3 3 3 3 3 3 3 3 3 3 3 3 3 3 3 3 3 3 3 3 3 3 3 3 3 3 3 3 3 3 3 3 3 3 3 3 3 3 3 3 3 3 3 3 3 3 3 3 3 3 3 3 3 3 3 3 3 3 3 3 3 3 3 3 3 3 3 3 3 3 3 3 3 3 3 3 3 3 3 3 3 3 3 3 3 3 3 3 3 3 3 3 3 3 3 3 3 3 3 3 3 3 3 3 3 3 3 3 3 3 3 3 3 3 3 3 3 3 3 3 3 3 3 3 3 3 3 3 3 3 3 3 3 3 3 3 3 3 3 3 3 3 3 3 3 3 3 3 3 3 3 3 3 3 3 3 3 3 3 3 3 3 3 3 3 3 3 3 3 3 3 3 3 3 3 3 3 3 3 3 3 3 3 3 3 3 3 3 3 3 3 3 3 3 3 3 3 3 3 3 3 3 3 3 3 3 3 3 3 3 3 3 3 3 3 3 3 3 3 3 3 3 3 3 3 3 3 3 3 3 3 3 3 3 3 3 3 3 3 3 3 3 3 3 3 3 3 3 3 3 3 3 3 3 3 3 3 3 3 3 3 3 3 3 3 3 3 3 3 3 3 3 3 3 3 3 3 3 3 3 3 3 3 3 3 3 3 3 3 3 3 3 3 3 3 3 3 3 3 3 3 3 3 3 3 3 3 3 3 3 3 3 3 3 3</vcount>
					<p>20 1 0 26 0 0 5 0 0 176 2 0 20 1 0 5 0 0 20 1 0 176 2 0 21 3 0 21 3 0 176 2 0 206 4 0 206 4 0 176 2 0 7 4 0 21 3 0 206 4 0 224 5 0 21 3 0 224 5 0 1 6 0 10 7 0 1 6 0 224 5 0 1 6 0 10 7 0 23 8 0 23 8 0 10 7 0 222 8 0 269 10 0 23 9 0 307 9 0 269 10 0 1 11 0 23 9 0 268 12 0 1 11 0 269 10 0 1 11 0 268 12 0 21 13 0 267 14 0 21 13 0 268 12 0 21 13 0 267 14 0 20 15 0 267 14 0 266 16 0 20 15 0 265 17 0 20 15 0 266 16 0 26 17 0 20 15 0 265 17 0 39 18 0 61 19 0 393 18 0 328 20 0 393 18 0 167 20 0 167 20 0 393 18 0 297 21 0 297 21 0 393 18 0 61 19 0 297 21 0 61 19 0 60 22 0 42 23 0 297 21 0 60 22 0 42 23 0 298 24 0 297 21 0 299 25 0 298 24 0 42 23 0 58 26 0 299 25 0 42 23 0 299 25 0 58 26 0 300 27 0 300 27 0 58 26 0 57 28 0 56 29 0 300 27 0 57 28 0 56 29 0 301 30 0 300 27 0 302 31 0 301 30 0 56 29 0 46 32 0 302 31 0 56 29 0 302 31 0 46 32 0 29 33 0 29 33 0 46 32 0 54 34 0 53 35 0 29 33 0 54 34 0 53 35 0 28 36 0 29 33 0 27 37 0 28 36 0 53 35 0 52 38 0 27 37 0 53 35 0 27 37 0 52 38 0 26 0 0 26 0 0 52 38 0 5 0 0 76 39 0 77 39 0 442 39 0 76 39 0 442 39 0 441 39 0 76 39 0 441 39 0 75 39 0 75 39 0 441 39 0 440 39 0 75 39 0 440 39 0 74 39 0 74 39 0 440 39 0 81 39 0 74 39 0 81 39 0 73 39 0 73 39 0 81 39 0 82 39 0 73 39 0 82 39 0 437 39 0 73 39 0 437 39 0 72 39 0 72 39 0 437 39 0 436 39 0 72 39 0 436 39 0 71 39 0 71 39 0 436 39 0 70 39 0 70 39 0 436 39 0 85 39 0 70 39 0 85 39 0 69 39 0 69 39 0 85 39 0 68 39 0 68 39 0 85 39 0 434 39 0 68 39 0 434 39 0 433 39 0 68 39 0 433 39 0 406 39 0 406 39 0 433 39 0 432 39 0 406 39 0 432 39 0 89 39 0 406 39 0 89 39 0 159 39 0 406 39 0 159 39 0 66 39 0 159 39 0 89 39 0 642 39 0 66 39 0 159 39 0 662 39 0 66 39 0 662 39 0 661 39 0 66 39 0 661 39 0 660 39 0 66 39 0 660 39 0 65 39 0 65 39 0 660 39 0 671 39 0 65 39 0 671 39 0 64 39 0 64 39 0 671 39 0 410 39 0 410 39 0 671 39 0 62 39 0 62 39 0 671 39 0 584 39 0 62 39 0 584 39 0 583 39 0 62 39 0 583 39 0 590 39 0 106 39 0 524 39 0 470 39 0 470 39 0 524 39 0 5 39 0 89 39 0 90 39 0 642 39 0 642 39 0 90 39 0 635 39 0 635 39 0 90 39 0 636 39 0 636 39 0 90 39 0 623 39 0 623 39 0 90 39 0 608 39 0 608 39 0 90 39 0 429 39 0 608 39 0 429 39 0 428 39 0 608 39 0 428 39 0 153 39 0 153 39 0 428 39 0 427 39 0 153 39 0 427 39 0 152 39 0 152 39 0 427 39 0 151 39 0 151 39 0 427 39 0 590 39 0 590 39 0 427 39 0 62 39 0 62 39 0 427 39 0 61 39 0 61 39 0 427 39 0 94 39 0 61 39 0 94 39 0 60 39 0 60 39 0 94 39 0 95 39 0 60 39 0 95 39 0 42 39 0 42 39 0 95 39 0 96 39 0 42 39 0 96 39 0 58 39 0 58 39 0 96 39 0 478 39 0 58 39 0 478 39 0 57 39 0 57 39 0 478 39 0 98 39 0 57 39 0 98 39 0 56 39 0 56 39 0 98 39 0 99 39 0 56 39 0 99 39 0 46 39 0 46 39 0 99 39 0 100 39 0 46 39 0 100 39 0 54 39 0 54 39 0 100 39 0 101 39 0 54 39 0 101 39 0 53 39 0 53 39 0 101 39 0 102 39 0 53 39 0 102 39 0 103 39 0 53 39 0 103 39 0 52 39 0 52 39 0 103 39 0 104 39 0 52 39 0 104 39 0 5 39 0 5 39 0 104 39 0 470 39 0 177 39 0 176 39 0 5 39 0 177 39 0 5 39 0 524 39 0 177 39 0 524 39 0 523 39 0 177 39 0 523 39 0 522 39 0 177 39 0 522 39 0 178 39 0 178 39 0 522 39 0 110 39 0 178 39 0 110 39 0 142 39 0 142 39 0 110 39 0 520 39 0 142 39 0 520 39 0 519 39 0 142 39 0 519 39 0 141 39 0 141 39 0 519 39 0 140 39 0 140 39 0 519 39 0 113 39 0 140 39 0 113 39 0 139 39 0 139 39 0 113 39 0 138 39 0 138 39 0 113 39 0 517 39 0 138 39 0 517 39 0 516 39 0 138 39 0 516 39 0 137 39 0 137 39 0 516 39 0 515 39 0 137 39 0 515 39 0 117 39 0 137 39 0 117 39 0 185 39 0 185 39 0 117 39 0 186 39 0 186 39 0 117 39 0 118 39 0 186 39 0 118 39 0 187 39 0 187 39 0 118 39 0 119 39 0 187 39 0 119 39 0 133 39 0 133 39 0 119 39 0 132 39 0 132 39 0 119 39 0 531 39 0 132 39 0 531 39 0 571 39 0 571 39 0 531 39 0 533 39 0 571 39 0 533 39 0 564 39 0 564 39 0 533 39 0 122 39 0 564 39 0 122 39 0 557 39 0 557 39 0 122 39 0 545 39 0 557 39 0 545 39 0 558 39 0 558 39 0 545 39 0 544 39 0 558 39 0 544 39 0 559 39 0 559 39 0 544 39 0 547 39 0 559 39 0 547 39 0 126 39 0 176 42 0 174 41 0 7 40 0 177 43 0 174 41 0 176 42 0 174 41 0 177 43 0 173 44 0 177 43 0 178 45 0 173 44 0 178 45 0 172 46 0 173 44 0 142 47 0 172 46 0 178 45 0 172 46 0 142 47 0 141 48 0 172 46 0 141 48 0 171 49 0 141 48 0 140 50 0 171 49 0 139 51 0 171 49 0 140 50 0 171 49 0 139 51 0 170 52 0 138 53 0 170 52 0 139 51 0 138 53 0 169 54 0 170 52 0 137 55 0 169 54 0 138 53 0 169 54 0 137 55 0 168 56 0 137 55 0 185 57 0 168 56 0 186 58 0 168 56 0 185 57 0 168 56 0 186 58 0 215 59 0 187 60 0 215 59 0 186 58 0 133 61 0 215 59 0 187 60 0 133 61 0 166 62 0 215 59 0 132 63 0 166 62 0 133 61 0 681 63 0 166 62 0 132 63 0 566 64 0 206 65 0 405 64 0 405 64 0 206 65 0 7 65 0 405 64 0 7 65 0 203 66 0 203 66 0 7 65 0 174 67 0 203 66 0 174 67 0 202 68 0 173 69 0 202 68 0 174 67 0 173 69 0 637 70 0 202 68 0 637 70 0 173 69 0 628 71 0 172 72 0 628 71 0 173 69 0 628 71 0 172 72 0 625 73 0 625 73 0 172 72 0 171 74 0 625 73 0 171 74 0 624 75 0 197 76 0 624 75 0 171 74 0 170 77 0 197 76 0 171 74 0 197 76 0 170 77 0 196 78 0 196 78 0 170 77 0 169 79 0 196 78 0 169 79 0 195 80 0 168 81 0 195 80 0 169 79 0 195 80 0 168 81 0 194 82 0 193 83 0 194 82 0 168 81 0 215 84 0 193 83 0 168 81 0 193 83 0 215 84 0 569 85 0 569 85 0 215 84 0 166 86 0 569 85 0 166 86 0 680 87 0 680 87 0 166 86 0 681 87 0 231 88 0 221 88 0 532 88 0 532 88 0 221 88 0 546 88 0 546 88 0 221 88 0 222 88 0 546 88 0 222 88 0 543 88 0 543 88 0 222 88 0 541 88 0 541 88 0 222 88 0 10 88 0 541 88 0 10 88 0 537 88 0 537 88 0 10 88 0 224 88 0 537 88 0 224 88 0 566 88 0 566 88 0 224 88 0 206 88 0 222 8 0 221 89 0 23 8 0 23 8 0 221 89 0 309 89 0 221 89 0 231 90 0 309 89 0 309 89 0 231 90 0 232 90 0 242 39 0 243 39 0 320 39 0 242 39 0 320 39 0 322 39 0 88 39 0 306 39 0 242 39 0 242 39 0 322 39 0 88 39 0 88 39 0 322 39 0 80 39 0 306 39 0 88 39 0 92 39 0 306 39 0 92 39 0 240 39 0 240 39 0 92 39 0 111 39 0 240 39 0 111 39 0 24 39 0 240 39 0 24 39 0 239 39 0 239 39 0 24 39 0 15 39 0 322 39 0 246 39 0 80 39 0 80 39 0 246 39 0 79 39 0 79 39 0 246 39 0 50 39 0 50 39 0 246 39 0 0 39 0 0 39 0 246 39 0 247 39 0 0 39 0 247 39 0 12 39 0 12 39 0 247 39 0 15 39 0 15 39 0 247 39 0 239 39 0 239 39 0 247 39 0 307 39 0 307 39 0 247 39 0 230 39 0 307 39 0 230 39 0 249 39 0 307 39 0 249 39 0 269 39 0 269 39 0 249 39 0 250 39 0 269 39 0 250 39 0 268 39 0 268 39 0 250 39 0 183 39 0 268 39 0 183 39 0 267 39 0 267 39 0 183 39 0 147 39 0 267 39 0 147 39 0 266 39 0 266 39 0 147 39 0 295 39 0 266 39 0 295 39 0 265 39 0 265 39 0 295 39 0 294 39 0 265 39 0 294 39 0 284 39 0 284 39 0 294 39 0 255 39 0 284 39 0 255 39 0 285 39 0 285 39 0 255 39 0 256 39 0 285 39 0 256 39 0 286 39 0 286 39 0 256 39 0 291 39 0 286 39 0 291 39 0 287 39 0 287 39 0 291 39 0 258 39 0 287 39 0 258 39 0 260 39 0 260 39 0 258 39 0 259 39 0 284 91 0 26 17 0 265 17 0 284 91 0 27 92 0 26 17 0 27 92 0 284 91 0 285 93 0 27 92 0 285 93 0 28 94 0 286 95 0 28 94 0 285 93 0 28 94 0 286 95 0 29 96 0 287 97 0 29 96 0 286 95 0 287 97 0 302 98 0 29 96 0 260 99 0 302 98 0 287 97 0 302 98 0 260 99 0 301 100 0 259 101 0 301 100 0 260 99 0 301 100 0 259 101 0 300 102 0 259 101 0 258 103 0 300 102 0 258 103 0 299 104 0 300 102 0 291 105 0 299 104 0 258 103 0 299 104 0 291 105 0 298 106 0 291 105 0 256 107 0 298 106 0 255 108 0 298 106 0 256 107 0 298 106 0 255 108 0 297 109 0 255 108 0 294 110 0 297 109 0 295 111 0 297 109 0 294 110 0 167 111 0 297 109 0 295 111 0 239 113 0 232 112 0 240 112 0 309 113 0 232 112 0 239 113 0 307 9 0 309 113 0 239 113 0 23 9 0 309 113 0 307 9 0 163 114 0 329 115 0 184 114 0 184 114 0 329 115 0 316 115 0 329 115 0 328 20 0 316 115 0 316 115 0 328 20 0 167 20 0 199 88 0 237 88 0 205 88 0 328 88 0 329 88 0 393 88 0 393 88 0 329 88 0 335 88 0 335 88 0 329 88 0 163 88 0 335 88 0 163 88 0 325 88 0 325 88 0 163 88 0 331 88 0 325 88 0 331 88 0 205 88 0 325 88 0 205 88 0 237 88 0 325 88 0 237 88 0 227 88 0 325 88 0 227 88 0 324 88 0 324 88 0 227 88 0 217 88 0 610 116 0 365 117 0 345 116 0 345 116 0 365 117 0 366 117 0 345 116 0 366 117 0 404 118 0 404 118 0 366 117 0 367 119 0 455 120 0 404 118 0 367 119 0 455 120 0 417 121 0 404 118 0 417 121 0 455 120 0 454 122 0 417 121 0 454 122 0 360 123 0 453 124 0 360 123 0 454 122 0 453 124 0 359 125 0 360 123 0 359 125 0 453 124 0 452 126 0 359 125 0 452 126 0 358 127 0 372 128 0 358 127 0 452 126 0 372 128 0 357 129 0 358 127 0 357 129 0 372 128 0 373 130 0 357 129 0 373 130 0 356 131 0 374 132 0 356 131 0 373 130 0 374 132 0 355 133 0 356 131 0 355 133 0 374 132 0 375 134 0 355 133 0 375 134 0 354 135 0 376 136 0 354 135 0 375 134 0 376 136 0 353 137 0 354 135 0 353 137 0 376 136 0 377 138 0 353 137 0 377 138 0 352 139 0 378 140 0 352 139 0 377 138 0 378 140 0 458 141 0 352 139 0 458 141 0 378 140 0 486 142 0 486 142 0 378 140 0 379 20 0 486 142 0 379 20 0 349 143 0 379 20 0 380 144 0 349 143 0 348 145 0 349 143 0 380 144 0 381 146 0 348 145 0 380 144 0 348 145 0 381 146 0 347 147 0 347 147 0 381 146 0 423 148 0 347 147 0 423 148 0 498 149 0 422 150 0 498 149 0 423 148 0 498 149 0 422 150 0 499 151 0 499 151 0 422 150 0 421 152 0 499 151 0 421 152 0 344 153 0 420 154 0 344 153 0 421 152 0 420 154 0 343 155 0 344 153 0 343 155 0 420 154 0 419 156 0 343 155 0 419 156 0 342 157 0 387 158 0 342 157 0 419 156 0 387 158 0 341 159 0 342 157 0 341 159 0 387 158 0 388 160 0 341 159 0 388 160 0 340 161 0 416 162 0 340 161 0 388 160 0 416 162 0 503 163 0 340 161 0 503 163 0 416 162 0 415 164 0 503 163 0 415 164 0 505 165 0 414 166 0 505 165 0 415 164 0 393 167 0 335 168 0 39 167 0 414 166 0 526 169 0 505 165 0 526 169 0 414 166 0 39 167 0 526 169 0 39 167 0 351 168 0 351 168 0 39 167 0 335 168 0 77 111 0 380 170 0 379 111 0 76 171 0 380 170 0 77 111 0 380 170 0 76 171 0 75 172 0 380 170 0 75 172 0 381 173 0 74 174 0 381 173 0 75 172 0 74 174 0 423 175 0 381 173 0 73 176 0 423 175 0 74 174 0 423 175 0 73 176 0 422 177 0 73 176 0 72 178 0 422 177 0 71 179 0 422 177 0 72 178 0 71 179 0 421 180 0 422 177 0 70 181 0 421 180 0 71 179 0 421 180 0 70 181 0 420 182 0 70 181 0 69 183 0 420 182 0 69 183 0 419 184 0 420 182 0 68 185 0 419 184 0 69 183 0 419 184 0 68 185 0 387 186 0 406 187 0 387 186 0 68 185 0 406 187 0 388 188 0 387 186 0 388 188 0 406 187 0 416 189 0 406 187 0 66 190 0 416 189 0 65 191 0 416 189 0 66 190 0 64 192 0 416 189 0 65 191 0 64 192 0 415 193 0 416 189 0 415 193 0 64 192 0 410 194 0 415 193 0 410 194 0 414 195 0 62 196 0 414 195 0 410 194 0 61 197 0 414 195 0 62 196 0 39 198 0 414 195 0 61 197 0 427 201 0 367 200 0 366 199 0 428 202 0 367 200 0 427 201 0 367 200 0 428 202 0 429 203 0 367 200 0 429 203 0 455 204 0 90 205 0 455 204 0 429 203 0 90 205 0 454 206 0 455 204 0 89 207 0 454 206 0 90 205 0 454 206 0 89 207 0 453 208 0 89 207 0 432 209 0 453 208 0 433 210 0 453 208 0 432 209 0 433 210 0 452 211 0 453 208 0 434 212 0 452 211 0 433 210 0 452 211 0 434 212 0 372 213 0 434 212 0 85 214 0 372 213 0 85 214 0 373 215 0 372 213 0 436 216 0 373 215 0 85 214 0 373 215 0 436 216 0 374 217 0 437 218 0 374 217 0 436 216 0 437 218 0 375 219 0 374 217 0 375 219 0 437 218 0 376 220 0 437 218 0 82 221 0 376 220 0 81 222 0 376 220 0 82 221 0 440 223 0 376 220 0 81 222 0 440 223 0 377 224 0 376 220 0 377 224 0 440 223 0 441 225 0 377 224 0 441 225 0 378 226 0 442 227 0 378 226 0 441 225 0 77 111 0 378 226 0 442 227 0 379 111 0 378 226 0 77 111 0 470 0 0 104 228 0 488 0 0 488 0 0 104 228 0 468 229 0 468 229 0 104 228 0 103 230 0 102 231 0 468 229 0 103 230 0 102 231 0 467 232 0 468 229 0 467 232 0 102 231 0 101 233 0 467 232 0 101 233 0 466 234 0 100 235 0 466 234 0 101 233 0 466 234 0 100 235 0 675 236 0 99 237 0 675 236 0 100 235 0 675 236 0 99 237 0 672 238 0 672 238 0 99 237 0 98 239 0 668 240 0 672 238 0 98 239 0 478 241 0 668 240 0 98 239 0 668 240 0 478 241 0 659 242 0 96 243 0 659 242 0 478 241 0 659 242 0 96 243 0 658 244 0 658 244 0 96 243 0 95 245 0 657 246 0 658 244 0 95 245 0 94 247 0 657 246 0 95 245 0 657 246 0 94 247 0 427 248 0 657 246 0 427 248 0 275 20 0 275 20 0 427 248 0 365 249 0 365 249 0 427 248 0 366 249 0 275 20 0 365 249 0 654 20 0 493 250 0 494 251 0 634 250 0 634 250 0 494 251 0 632 252 0 495 253 0 632 252 0 494 251 0 573 254 0 106 255 0 570 254 0 495 253 0 631 256 0 632 252 0 631 256 0 495 253 0 570 254 0 631 256 0 570 254 0 489 257 0 570 254 0 106 255 0 489 257 0 470 0 0 489 257 0 106 255 0 489 257 0 470 0 0 488 0 0 119 258 0 510 259 0 527 258 0 118 260 0 510 259 0 119 258 0 510 259 0 118 260 0 509 261 0 118 260 0 117 262 0 509 261 0 117 262 0 594 263 0 509 261 0 515 264 0 594 263 0 117 262 0 594 263 0 515 264 0 516 265 0 594 263 0 516 265 0 593 266 0 516 265 0 517 267 0 593 266 0 113 268 0 593 266 0 517 267 0 593 266 0 113 268 0 592 269 0 519 270 0 592 269 0 113 268 0 519 270 0 582 271 0 592 269 0 520 272 0 582 271 0 519 270 0 582 271 0 520 272 0 581 273 0 520 272 0 110 274 0 581 273 0 522 275 0 581 273 0 110 274 0 581 273 0 522 275 0 575 276 0 523 277 0 575 276 0 522 275 0 524 278 0 575 276 0 523 277 0 524 278 0 574 279 0 575 276 0 106 280 0 574 279 0 524 278 0 573 281 0 574 279 0 106 280 0 567 282 0 563 100 0 533 100 0 531 283 0 567 282 0 533 100 0 119 258 0 567 282 0 531 283 0 527 258 0 567 282 0 119 258 0 122 100 0 563 100 0 556 100 0 533 100 0 563 100 0 122 100 0 548 17 0 547 17 0 544 284 0 548 17 0 544 284 0 550 285 0 550 285 0 544 284 0 545 286 0 550 285 0 545 286 0 549 287 0 122 100 0 549 287 0 545 286 0 556 100 0 549 287 0 122 100 0 548 17 0 126 17 0 547 17 0 553 17 0 126 17 0 548 17 0 558 289 0 538 288 0 557 288 0 538 288 0 558 289 0 555 290 0 559 291 0 555 290 0 558 289 0 555 290 0 559 291 0 554 292 0 126 17 0 554 292 0 559 291 0 553 17 0 554 292 0 126 17 0 557 288 0 535 288 0 564 288 0 538 288 0 535 288 0 557 288 0 682 293 0 681 63 0 132 63 0 571 294 0 682 293 0 132 63 0 564 288 0 682 293 0 571 294 0 535 288 0 682 293 0 564 288 0 586 296 0 579 20 0 580 295 0 591 297 0 586 296 0 580 295 0 579 20 0 586 296 0 578 298 0 587 299 0 578 298 0 586 296 0 578 298 0 587 299 0 577 300 0 576 30 0 577 300 0 587 299 0 590 39 0 588 301 0 591 297 0 591 297 0 588 301 0 586 296 0 589 302 0 586 296 0 588 301 0 587 299 0 586 296 0 589 302 0 669 303 0 587 299 0 589 302 0 576 30 0 587 299 0 669 303 0 583 39 0 588 301 0 590 39 0 589 302 0 588 301 0 583 39 0 584 39 0 589 302 0 583 39 0 671 39 0 589 302 0 584 39 0 670 304 0 589 302 0 671 39 0 669 303 0 589 302 0 670 304 0 151 39 0 590 39 0 591 297 0 151 39 0 591 297 0 596 297 0 596 297 0 591 297 0 580 295 0 596 297 0 580 295 0 595 295 0 579 20 0 595 295 0 580 295 0 521 20 0 595 295 0 579 20 0 612 306 0 605 238 0 606 305 0 617 307 0 612 306 0 606 305 0 605 238 0 612 306 0 604 308 0 613 309 0 604 308 0 612 306 0 604 308 0 613 309 0 603 310 0 595 295 0 603 310 0 613 309 0 521 20 0 603 310 0 595 295 0 608 39 0 614 311 0 617 307 0 617 307 0 614 311 0 612 306 0 615 312 0 612 306 0 614 311 0 613 309 0 612 306 0 615 312 0 596 297 0 613 309 0 615 312 0 595 295 0 613 309 0 596 297 0 608 39 0 153 39 0 614 311 0 152 39 0 614 311 0 153 39 0 615 312 0 614 311 0 152 39 0 151 39 0 615 312 0 152 39 0 596 297 0 615 312 0 151 39 0 623 39 0 608 39 0 617 307 0 623 39 0 617 307 0 626 307 0 626 307 0 617 307 0 606 305 0 626 307 0 606 305 0 627 305 0 605 238 0 627 305 0 606 305 0 620 238 0 627 305 0 605 238 0 638 313 0 636 39 0 623 39 0 626 307 0 638 313 0 623 39 0 636 39 0 638 313 0 635 39 0 639 314 0 635 39 0 638 313 0 635 39 0 639 314 0 642 39 0 627 305 0 640 315 0 626 307 0 626 307 0 640 315 0 638 313 0 641 316 0 638 313 0 640 315 0 639 314 0 638 313 0 641 316 0 633 317 0 639 314 0 641 316 0 642 39 0 639 314 0 633 317 0 627 305 0 620 238 0 629 318 0 627 305 0 629 318 0 640 315 0 630 319 0 640 315 0 629 318 0 641 316 0 640 315 0 630 319 0 645 0 0 641 316 0 630 319 0 644 320 0 641 316 0 645 0 0 633 317 0 641 316 0 644 320 0 633 317 0 159 39 0 642 39 0 633 317 0 648 317 0 159 39 0 648 317 0 633 317 0 653 320 0 633 317 0 644 320 0 653 320 0 645 0 0 653 320 0 644 320 0 506 0 0 653 320 0 645 0 0 648 317 0 664 321 0 159 39 0 159 39 0 664 321 0 662 39 0 665 322 0 662 39 0 664 321 0 662 39 0 665 322 0 661 39 0 660 39 0 661 39 0 665 322 0 653 320 0 666 323 0 648 317 0 648 317 0 666 323 0 664 321 0 667 324 0 664 321 0 666 323 0 665 322 0 664 321 0 667 324 0 673 325 0 665 322 0 667 324 0 660 39 0 665 322 0 673 325 0 653 320 0 506 0 0 507 326 0 653 320 0 507 326 0 666 323 0 508 327 0 666 323 0 507 326 0 667 324 0 666 323 0 508 327 0 504 30 0 667 324 0 508 327 0 674 328 0 667 324 0 504 30 0 673 325 0 667 324 0 674 328 0 660 39 0 670 304 0 671 39 0 673 325 0 670 304 0 660 39 0 670 304 0 673 325 0 669 303 0 674 328 0 669 303 0 673 325 0 669 303 0 674 328 0 576 30 0 674 328 0 504 30 0 576 30 0 682 329 0 680 87 0 681 87 0 500 329 0 680 87 0 682 329 0 535 238 0 500 329 0 682 329 0 175 238 0 500 329 0 535 238 0 686 331 0 680 330 0 501 330 0 686 331 0 569 331 0 680 330 0 687 332 0 569 331 0 686 331 0 687 332 0 193 332 0 569 331 0 193 332 0 687 332 0 194 333 0 687 332 0 688 333 0 194 333 0 688 333 0 195 334 0 194 333 0 689 335 0 195 334 0 688 333 0 195 334 0 689 335 0 196 336 0 690 337 0 196 336 0 689 335 0 690 337 0 197 338 0 196 336 0 197 338 0 690 337 0 624 339 0 690 337 0 691 340 0 624 339 0 691 340 0 625 341 0 624 339 0 683 342 0 625 341 0 691 340 0 625 341 0 683 342 0 628 343 0 676 344 0 628 343 0 683 342 0 676 344 0 637 345 0 628 343 0 637 345 0 676 344 0 663 346 0 637 345 0 663 346 0 202 347 0 663 346 0 203 348 0 202 347 0 656 349 0 203 348 0 663 346 0 405 349 0 203 348 0 656 349 0 405 64 0 407 350 0 566 64 0 566 64 0 407 350 0 537 351 0 541 352 0 537 351 0 407 350 0 408 353 0 541 352 0 407 350 0 541 352 0 408 353 0 543 354 0 543 354 0 408 353 0 409 355 0 543 354 0 409 355 0 546 356 0 546 356 0 409 355 0 411 356 0 532 356 0 546 356 0 426 356 0 426 356 0 546 356 0 411 356 0 426 356 0 390 357 0 532 356 0 532 356 0 390 357 0 231 90 0 231 90 0 390 357 0 232 90 0 232 90 0 390 357 0 278 358 0 273 359 0 278 358 0 390 357 0 391 360 0 273 359 0 390 357 0 273 359 0 391 360 0 394 361 0 273 359 0 394 361 0 270 362 0 511 363 0 270 362 0 394 361 0 389 364 0 511 363 0 394 361 0 511 363 0 389 364 0 512 365 0 512 365 0 389 364 0 392 366 0 364 367 0 512 365 0 392 366 0 364 367 0 513 368 0 512 365 0 513 368 0 364 367 0 514 369 0 334 370 0 514 369 0 364 367 0 514 369 0 334 370 0 518 371 0 518 371 0 334 370 0 333 372 0 518 371 0 333 372 0 525 20 0 525 20 0 333 372 0 395 20 0 247 111 0 518 373 0 525 111 0 246 374 0 518 373 0 247 111 0 518 373 0 246 374 0 514 375 0 322 376 0 514 375 0 246 374 0 322 376 0 513 377 0 514 375 0 513 377 0 322 376 0 320 378 0 513 377 0 320 378 0 512 379 0 320 378 0 511 380 0 512 379 0 243 381 0 511 380 0 320 378 0 511 380 0 243 381 0 270 382 0 242 383 0 270 382 0 243 381 0 270 382 0 242 383 0 273 384 0 306 385 0 273 384 0 242 383 0 306 385 0 278 386 0 273 384 0 240 112 0 278 386 0 306 385 0 232 112 0 278 386 0 240 112 0 8 39 0 11 39 0 9 39 0 247 111 0 191 387 0 230 387 0 525 111 0 191 387 0 247 111 0 230 387 0 189 111 0 249 111 0 191 387 0 189 111 0 230 387 0 250 389 0 184 388 0 183 388 0 250 389 0 180 389 0 184 388 0 249 111 0 180 389 0 250 389 0 189 111 0 180 389 0 249 111 0 147 389 0 167 111 0 295 111 0 316 389 0 167 111 0 147 389 0 183 388 0 316 389 0 147 389 0 184 388 0 316 389 0 183 388 0 111 20 0 92 390 0 35 20 0 35 20 0 92 390 0 383 21 0 383 21 0 92 390 0 382 391 0 88 392 0 382 391 0 92 390 0 382 391 0 88 392 0 371 27 0 80 393 0 371 27 0 88 392 0 80 393 0 370 394 0 371 27 0 370 394 0 80 393 0 369 33 0 40 395 0 369 33 0 80 393 0 79 396 0 40 395 0 80 393 0 40 395 0 79 396 0 50 0 0 40 395 0 50 0 0 146 0 0 50 0 0 0 397 0 146 0 0 146 0 0 0 397 0 135 229 0 135 229 0 0 397 0 131 398 0 12 399 0 131 398 0 0 397 0 131 398 0 12 399 0 386 236 0 15 400 0 386 236 0 12 399 0 15 400 0 385 401 0 386 236 0 385 401 0 15 400 0 384 242 0 48 402 0 384 242 0 15 400 0 24 403 0 48 402 0 15 400 0 48 402 0 24 403 0 111 20 0 48 402 0 111 20 0 35 20 0 184 114 0 180 115 0 163 114 0 163 114 0 180 115 0 331 404 0 189 20 0 331 404 0 180 115 0 189 20 0 205 405 0 331 404 0 205 405 0 189 20 0 191 406 0 205 405 0 191 406 0 199 406 0 227 407 0 237 407 0 211 407 0 211 407 0 237 407 0 208 407 0 227 407 0 346 20 0 217 20 0 211 407 0 346 20 0 227 407 0 346 20 0 350 408 0 217 20 0 217 20 0 350 408 0 324 409 0 325 410 0 324 409 0 350 408 0 236 411 0 325 410 0 350 408 0 325 410 0 236 411 0 335 168 0 335 168 0 236 411 0 351 168 0 199 406 0 208 407 0 237 407 0 525 20 0 208 407 0 199 406 0 395 20 0 208 407 0 525 20 0 191 406 0 525 20 0 199 406 0 451 413 0 351 412 0 361 412 0 451 413 0 526 413 0 351 412 0 526 413 0 451 413 0 456 414 0 526 413 0 456 414 0 505 414 0 457 415 0 505 414 0 456 414 0 457 415 0 503 415 0 505 414 0 503 415 0 457 415 0 459 416 0 503 415 0 459 416 0 340 416 0 459 416 0 341 417 0 340 416 0 460 418 0 341 417 0 459 416 0 341 417 0 460 418 0 342 419 0 241 420 0 342 419 0 460 418 0 241 420 0 343 421 0 342 419 0 343 421 0 241 420 0 281 422 0 343 421 0 281 422 0 344 423 0 281 422 0 499 424 0 344 423 0 461 425 0 499 424 0 281 422 0 499 424 0 461 425 0 498 426 0 292 427 0 498 426 0 461 425 0 292 427 0 347 428 0 498 426 0 347 428 0 292 427 0 348 429 0 292 427 0 313 430 0 348 429 0 313 430 0 349 431 0 348 429 0 349 431 0 313 430 0 462 432 0 349 431 0 462 432 0 486 433 0 462 432 0 458 434 0 486 433 0 463 435 0 458 434 0 462 432 0 458 434 0 463 435 0 352 436 0 464 437 0 352 436 0 463 435 0 464 437 0 353 438 0 352 436 0 353 438 0 464 437 0 318 439 0 353 438 0 318 439 0 354 440 0 318 439 0 355 441 0 354 440 0 326 442 0 355 441 0 318 439 0 355 441 0 326 442 0 356 443 0 330 444 0 356 443 0 326 442 0 330 444 0 357 445 0 356 443 0 357 445 0 330 444 0 358 446 0 332 447 0 358 446 0 330 444 0 332 447 0 359 448 0 358 446 0 359 448 0 332 447 0 465 449 0 359 448 0 465 449 0 360 450 0 465 449 0 417 451 0 360 450 0 469 452 0 417 451 0 465 449 0 417 451 0 469 452 0 404 453 0 471 454 0 404 453 0 469 452 0 368 455 0 404 453 0 471 454 0 345 455 0 404 453 0 368 455 0 345 116 0 534 456 0 610 116 0 610 116 0 534 456 0 611 457 0 560 458 0 611 457 0 534 456 0 336 459 0 560 458 0 534 456 0 560 458 0 336 459 0 551 20 0 551 20 0 336 459 0 536 20 0 327 88 0 565 88 0 572 88 0 652 88 0 654 88 0 365 88 0 652 88 0 365 88 0 610 88 0 652 88 0 610 88 0 598 88 0 598 88 0 610 88 0 611 88 0 598 88 0 611 88 0 585 88 0 585 88 0 611 88 0 572 88 0 572 88 0 611 88 0 560 88 0 572 88 0 560 88 0 327 88 0 327 88 0 560 88 0 561 88 0 561 88 0 560 88 0 551 88 0 650 460 0 275 111 0 276 111 0 650 460 0 657 461 0 275 111 0 657 461 0 650 460 0 651 462 0 657 461 0 651 462 0 658 463 0 685 464 0 658 463 0 651 462 0 658 463 0 685 464 0 684 465 0 658 463 0 684 465 0 659 466 0 679 467 0 659 466 0 684 465 0 679 467 0 668 468 0 659 466 0 293 469 0 668 468 0 679 467 0 668 468 0 293 469 0 672 288 0 296 470 0 672 288 0 293 469 0 672 288 0 296 470 0 303 471 0 672 288 0 303 471 0 675 472 0 304 473 0 675 472 0 303 471 0 304 473 0 466 474 0 675 472 0 305 475 0 466 474 0 304 473 0 466 474 0 305 475 0 467 476 0 305 475 0 308 477 0 467 476 0 467 476 0 308 477 0 310 478 0 467 476 0 310 478 0 468 479 0 678 480 0 468 479 0 310 478 0 677 17 0 468 479 0 678 480 0 488 17 0 468 479 0 677 17 0 274 481 0 275 20 0 654 20 0 652 482 0 274 481 0 654 20 0 274 481 0 652 482 0 655 483 0 655 483 0 652 482 0 598 483 0 649 484 0 488 17 0 677 17 0 649 484 0 489 485 0 488 17 0 647 486 0 489 485 0 649 484 0 489 485 0 647 486 0 631 487 0 646 488 0 631 487 0 647 486 0 631 487 0 646 488 0 632 489 0 646 488 0 643 490 0 632 489 0 272 491 0 632 489 0 643 490 0 634 491 0 632 489 0 272 491 0 634 250 0 264 492 0 493 250 0 493 250 0 264 492 0 618 492 0 264 492 0 263 493 0 618 492 0 618 492 0 263 493 0 616 493 0 618 88 0 616 88 0 622 88 0 618 88 0 622 88 0 238 88 0 618 88 0 238 88 0 493 88 0 493 88 0 238 88 0 228 88 0 493 88 0 228 88 0 229 88 0 493 88 0 229 88 0 494 88 0 494 88 0 229 88 0 621 88 0 494 88 0 621 88 0 495 88 0 495 88 0 621 88 0 619 88 0 495 88 0 619 88 0 570 88 0 527 494 0 510 495 0 210 494 0 210 494 0 510 495 0 597 496 0 597 496 0 510 495 0 599 497 0 509 498 0 599 497 0 510 495 0 509 498 0 600 499 0 599 497 0 600 499 0 509 498 0 601 500 0 601 500 0 509 498 0 594 501 0 593 502 0 601 500 0 594 501 0 593 502 0 602 503 0 601 500 0 602 503 0 593 502 0 607 504 0 609 505 0 607 504 0 593 502 0 592 506 0 609 505 0 593 502 0 609 505 0 592 506 0 582 507 0 609 505 0 582 507 0 226 508 0 225 509 0 226 508 0 582 507 0 581 510 0 225 509 0 582 507 0 225 509 0 581 510 0 223 511 0 223 511 0 581 510 0 575 512 0 223 511 0 575 512 0 220 513 0 570 514 0 619 515 0 573 514 0 574 516 0 220 513 0 575 512 0 220 513 0 574 516 0 219 517 0 219 517 0 574 516 0 573 514 0 219 517 0 573 514 0 218 515 0 218 515 0 573 514 0 619 515 0 568 518 0 562 30 0 563 30 0 567 518 0 568 518 0 563 30 0 527 494 0 568 518 0 567 518 0 210 494 0 568 518 0 527 494 0 556 30 0 563 30 0 207 30 0 207 30 0 563 30 0 562 30 0 201 519 0 552 0 0 548 0 0 550 520 0 201 519 0 548 0 0 200 521 0 201 519 0 550 520 0 549 522 0 200 521 0 550 520 0 200 521 0 549 522 0 207 30 0 207 30 0 549 522 0 556 30 0 188 0 0 190 0 0 542 0 0 553 0 0 548 0 0 181 0 0 181 0 0 548 0 0 182 0 0 182 0 0 548 0 0 190 0 0 190 0 0 548 0 0 542 0 0 542 0 0 548 0 0 552 0 0 181 0 0 540 523 0 553 0 0 553 0 0 540 523 0 554 524 0 539 525 0 554 524 0 540 523 0 539 525 0 555 526 0 554 524 0 179 238 0 555 526 0 539 525 0 179 238 0 538 238 0 555 526 0 179 238 0 175 238 0 538 238 0 538 238 0 175 238 0 535 238 0 165 20 0 579 20 0 578 298 0 165 20 0 578 298 0 528 298 0 528 298 0 578 298 0 577 300 0 528 298 0 577 300 0 529 300 0 576 30 0 529 300 0 577 300 0 530 30 0 529 300 0 576 30 0 148 20 0 521 20 0 165 20 0 165 20 0 521 20 0 579 20 0 154 238 0 605 238 0 604 308 0 154 238 0 604 308 0 150 308 0 150 308 0 604 308 0 603 310 0 150 308 0 603 310 0 149 310 0 521 20 0 149 310 0 603 310 0 148 20 0 149 310 0 521 20 0 605 238 0 154 238 0 620 238 0 620 238 0 154 238 0 155 238 0 156 318 0 620 238 0 155 238 0 156 318 0 629 318 0 620 238 0 629 318 0 156 318 0 157 319 0 629 318 0 157 319 0 630 319 0 158 0 0 630 319 0 157 319 0 645 0 0 630 319 0 158 0 0 506 0 0 645 0 0 160 0 0 160 0 0 645 0 0 158 0 0 161 326 0 506 0 0 160 0 0 161 326 0 507 326 0 506 0 0 507 326 0 161 326 0 162 327 0 507 326 0 162 327 0 508 327 0 164 30 0 508 327 0 162 327 0 504 30 0 508 327 0 164 30 0 576 30 0 504 30 0 530 30 0 530 30 0 504 30 0 164 30 0 502 528 0 175 527 0 445 527 0 175 527 0 502 528 0 500 528 0 501 330 0 500 528 0 502 528 0 680 330 0 500 528 0 501 330 0 656 88 0 663 88 0 676 88 0 656 88 0 676 88 0 683 88 0 241 88 0 445 88 0 444 88 0 400 88 0 401 88 0 399 88 0 399 88 0 401 88 0 398 88 0 398 88 0 401 88 0 402 88 0 398 88 0 402 88 0 448 88 0 448 88 0 402 88 0 403 88 0 448 88 0 403 88 0 397 88 0 397 88 0 403 88 0 447 88 0 397 88 0 447 88 0 396 88 0 396 88 0 447 88 0 449 88 0 449 88 0 447 88 0 446 88 0 449 88 0 446 88 0 412 88 0 449 88 0 412 88 0 450 88 0 450 88 0 412 88 0 413 88 0 450 88 0 413 88 0 656 88 0 450 88 0 656 88 0 683 88 0 450 88 0 683 88 0 691 88 0 450 88 0 691 88 0 363 88 0 363 88 0 691 88 0 362 88 0 362 88 0 691 88 0 690 88 0 362 88 0 690 88 0 361 88 0 361 88 0 690 88 0 451 88 0 451 88 0 690 88 0 689 88 0 451 88 0 689 88 0 456 88 0 456 88 0 689 88 0 688 88 0 456 88 0 688 88 0 457 88 0 457 88 0 688 88 0 687 88 0 457 88 0 687 88 0 459 88 0 459 88 0 687 88 0 460 88 0 460 88 0 687 88 0 686 88 0 460 88 0 686 88 0 501 88 0 460 88 0 501 88 0 241 88 0 241 88 0 501 88 0 502 88 0 241 88 0 502 88 0 445 88 0 444 88 0 443 88 0 241 88 0 241 88 0 443 88 0 439 88 0 241 88 0 439 88 0 438 88 0 241 88 0 438 88 0 435 88 0 241 88 0 435 88 0 281 88 0 281 88 0 435 88 0 431 88 0 281 88 0 431 88 0 461 88 0 461 88 0 431 88 0 93 88 0 461 88 0 93 88 0 292 88 0 292 88 0 93 88 0 430 88 0 292 88 0 430 88 0 425 88 0 292 88 0 425 88 0 424 88 0 292 88 0 424 88 0 97 88 0 292 88 0 97 88 0 83 88 0 292 88 0 83 88 0 313 88 0 313 88 0 83 88 0 462 88 0 462 88 0 83 88 0 463 88 0 463 88 0 83 88 0 464 88 0 464 88 0 83 88 0 318 88 0 318 88 0 83 88 0 84 88 0 318 88 0 84 88 0 86 88 0 318 88 0 86 88 0 418 88 0 318 88 0 418 88 0 192 88 0 477 88 0 213 88 0 476 88 0 476 88 0 213 88 0 216 88 0 216 88 0 213 88 0 214 88 0 198 88 0 204 88 0 192 88 0 192 88 0 204 88 0 318 88 0 318 88 0 204 88 0 326 88 0 326 88 0 204 88 0 330 88 0 330 88 0 204 88 0 332 88 0 332 88 0 204 88 0 497 88 0 332 88 0 497 88 0 491 88 0 491 88 0 497 88 0 496 88 0 491 88 0 496 88 0 492 88 0 332 88 0 491 88 0 490 88 0 332 88 0 490 88 0 209 88 0 332 88 0 209 88 0 487 88 0 332 88 0 487 88 0 212 88 0 332 88 0 212 88 0 465 88 0 465 88 0 212 88 0 485 88 0 465 88 0 485 88 0 484 88 0 465 88 0 484 88 0 469 88 0 469 88 0 484 88 0 483 88 0 469 88 0 483 88 0 482 88 0 469 88 0 482 88 0 471 88 0 471 88 0 482 88 0 481 88 0 471 88 0 481 88 0 368 88 0 368 88 0 481 88 0 339 88 0 339 88 0 481 88 0 480 88 0 339 88 0 480 88 0 338 88 0 338 88 0 480 88 0 479 88 0 338 88 0 479 88 0 477 88 0 338 88 0 477 88 0 476 88 0 338 88 0 476 88 0 136 88 0 338 88 0 136 88 0 109 88 0 109 88 0 136 88 0 143 88 0 109 88 0 143 88 0 144 88 0 109 88 0 144 88 0 108 88 0 108 88 0 144 88 0 134 88 0 108 88 0 134 88 0 130 88 0 108 88 0 130 88 0 472 88 0 472 88 0 130 88 0 473 88 0 473 88 0 130 88 0 112 88 0 473 88 0 112 88 0 115 88 0 115 88 0 112 88 0 475 88 0 115 88 0 475 88 0 114 88 0 114 88 0 475 88 0 474 88 0 8 39 0 13 39 0 11 39 0 405 349 0 656 349 0 413 529 0 413 529 0 407 530 0 405 349 0 407 530 0 413 529 0 408 531 0 413 529 0 412 532 0 408 531 0 408 531 0 412 532 0 446 533 0 408 531 0 446 533 0 409 534 0 447 535 0 409 534 0 446 533 0 411 535 0 409 534 0 447 535 0 426 535 0 447 535 0 403 535 0 411 535 0 447 535 0 426 535 0 403 535 0 390 536 0 426 535 0 402 537 0 390 536 0 403 535 0 390 536 0 402 537 0 391 538 0 401 539 0 391 538 0 402 537 0 401 539 0 394 540 0 391 538 0 400 541 0 394 540 0 401 539 0 394 540 0 400 541 0 389 542 0 399 543 0 389 542 0 400 541 0 399 543 0 392 544 0 389 542 0 392 544 0 399 543 0 398 545 0 392 544 0 398 545 0 364 546 0 398 545 0 334 547 0 364 546 0 448 548 0 334 547 0 398 545 0 334 547 0 448 548 0 333 549 0 448 548 0 397 550 0 333 549 0 397 550 0 395 551 0 333 549 0 396 552 0 395 551 0 397 550 0 208 552 0 395 551 0 396 552 0 370 39 0 369 39 0 371 39 0 371 39 0 369 39 0 382 39 0 382 39 0 369 39 0 40 39 0 382 39 0 40 39 0 383 39 0 383 39 0 40 39 0 146 39 0 383 39 0 146 39 0 35 39 0 35 39 0 146 39 0 135 39 0 35 39 0 135 39 0 48 39 0 48 39 0 135 39 0 131 39 0 48 39 0 131 39 0 384 39 0 384 39 0 131 39 0 386 39 0 384 39 0 386 39 0 385 39 0 396 552 0 211 552 0 208 552 0 449 552 0 211 552 0 396 552 0 6 39 0 13 39 0 8 39 0 449 552 0 346 551 0 211 552 0 450 553 0 346 551 0 449 552 0 346 551 0 450 553 0 350 554 0 450 553 0 363 555 0 350 554 0 350 554 0 363 555 0 362 556 0 350 554 0 362 556 0 236 557 0 361 412 0 236 557 0 362 556 0 351 412 0 236 557 0 361 412 0 368 455 0 534 558 0 345 455 0 339 559 0 534 558 0 368 455 0 534 558 0 339 559 0 336 560 0 339 559 0 338 561 0 336 560 0 336 560 0 338 561 0 536 551 0 109 562 0 536 551 0 338 561 0 337 562 0 536 551 0 109 562 0 551 20 0 337 563 0 561 563 0 536 20 0 337 563 0 551 20 0 337 563 0 107 563 0 561 563 0 561 563 0 107 563 0 327 563 0 323 564 0 244 20 0 245 20 0 565 564 0 244 20 0 323 564 0 327 563 0 244 20 0 565 564 0 107 563 0 244 20 0 327 563 0 321 20 0 565 564 0 323 564 0 572 20 0 565 564 0 321 20 0 598 483 0 585 565 0 655 483 0 655 483 0 585 565 0 319 481 0 319 481 0 585 565 0 572 20 0 319 481 0 572 20 0 321 20 0 49 39 0 51 39 0 314 39 0 314 39 0 51 39 0 78 39 0 276 39 0 277 39 0 650 39 0 650 39 0 277 39 0 651 39 0 651 39 0 277 39 0 317 39 0 651 39 0 317 39 0 685 39 0 685 39 0 317 39 0 315 39 0 685 39 0 315 39 0 684 39 0 684 39 0 315 39 0 78 39 0 684 39 0 78 39 0 51 39 0 684 39 0 51 39 0 55 39 0 684 39 0 55 39 0 679 39 0 679 39 0 55 39 0 59 39 0 679 39 0 59 39 0 47 39 0 679 39 0 47 39 0 290 39 0 679 39 0 290 39 0 293 39 0 293 39 0 290 39 0 289 39 0 293 39 0 289 39 0 288 39 0 293 39 0 288 39 0 283 39 0 293 39 0 283 39 0 37 39 0 59 39 0 63 39 0 38 39 0 59 39 0 38 39 0 47 39 0 38 39 0 63 39 0 279 39 0 279 39 0 63 39 0 280 39 0 280 39 0 63 39 0 312 39 0 280 39 0 312 39 0 282 39 0 282 39 0 312 39 0 37 39 0 37 39 0 312 39 0 293 39 0 293 39 0 312 39 0 296 39 0 296 39 0 312 39 0 67 39 0 296 39 0 67 39 0 303 39 0 303 39 0 67 39 0 271 39 0 303 39 0 271 39 0 311 39 0 303 39 0 311 39 0 304 39 0 304 39 0 311 39 0 272 39 0 304 39 0 272 39 0 643 39 0 304 39 0 643 39 0 305 39 0 305 39 0 643 39 0 646 39 0 305 39 0 646 39 0 308 39 0 308 39 0 646 39 0 647 39 0 308 39 0 647 39 0 310 39 0 310 39 0 647 39 0 649 39 0 310 39 0 649 39 0 678 39 0 678 39 0 649 39 0 677 39 0 277 567 0 655 566 0 317 566 0 274 567 0 655 566 0 277 567 0 276 111 0 274 567 0 277 567 0 275 111 0 274 567 0 276 111 0 6 39 0 14 39 0 13 39 0 634 491 0 272 491 0 311 568 0 264 568 0 634 491 0 311 568 0 271 569 0 264 568 0 311 568 0 263 569 0 264 568 0 271 569 0 244 20 0 116 570 0 245 20 0 245 20 0 116 570 0 248 571 0 248 571 0 116 570 0 251 572 0 120 573 0 251 572 0 116 570 0 251 572 0 120 573 0 252 574 0 252 574 0 120 573 0 121 575 0 252 574 0 121 575 0 253 576 0 123 577 0 253 576 0 121 575 0 123 577 0 254 578 0 253 576 0 254 578 0 123 577 0 124 579 0 254 578 0 124 579 0 257 580 0 125 581 0 257 580 0 124 579 0 257 580 0 125 581 0 261 582 0 262 583 0 261 582 0 125 581 0 127 584 0 262 583 0 125 581 0 262 583 0 127 584 0 128 585 0 616 493 0 263 493 0 262 583 0 262 583 0 128 585 0 616 493 0 128 585 0 129 586 0 616 493 0 616 493 0 129 586 0 622 586 0 235 586 0 238 586 0 129 586 0 129 586 0 238 586 0 622 586 0 235 586 0 234 587 0 238 586 0 238 586 0 234 587 0 228 588 0 229 589 0 228 588 0 234 587 0 233 590 0 229 589 0 234 587 0 229 589 0 233 590 0 621 591 0 621 591 0 233 590 0 145 592 0 621 591 0 145 592 0 619 515 0 619 515 0 145 592 0 218 515 0 476 593 0 219 594 0 218 593 0 216 595 0 219 594 0 476 593 0 216 595 0 220 596 0 219 594 0 214 597 0 220 596 0 216 595 0 220 596 0 214 597 0 223 598 0 214 597 0 213 599 0 223 598 0 213 599 0 225 600 0 223 598 0 477 601 0 225 600 0 213 599 0 225 600 0 477 601 0 226 602 0 477 601 0 479 603 0 226 602 0 480 604 0 226 602 0 479 603 0 480 604 0 609 605 0 226 602 0 481 606 0 609 605 0 480 604 0 609 605 0 481 606 0 607 607 0 482 608 0 607 607 0 481 606 0 482 608 0 602 609 0 607 607 0 602 609 0 482 608 0 483 610 0 602 609 0 483 610 0 601 611 0 483 610 0 600 612 0 601 611 0 484 613 0 600 612 0 483 610 0 485 614 0 600 612 0 484 613 0 600 612 0 485 614 0 599 615 0 212 616 0 599 615 0 485 614 0 212 616 0 597 617 0 599 615 0 487 618 0 597 617 0 212 616 0 209 619 0 597 617 0 487 618 0 210 619 0 597 617 0 209 619 0 209 619 0 568 620 0 210 619 0 490 621 0 568 620 0 209 619 0 568 620 0 490 621 0 562 622 0 490 621 0 491 622 0 562 622 0 492 622 0 562 622 0 491 622 0 207 622 0 562 622 0 492 622 0 492 622 0 200 623 0 207 622 0 496 624 0 200 623 0 492 622 0 200 623 0 496 624 0 201 625 0 496 624 0 497 626 0 201 625 0 201 625 0 497 626 0 552 627 0 497 626 0 204 627 0 552 627 0 32 30 0 192 30 0 31 30 0 32 30 0 198 30 0 192 30 0 188 30 0 198 30 0 32 30 0 542 30 0 198 30 0 188 30 0 33 627 0 188 627 0 32 627 0 190 627 0 188 627 0 33 627 0 34 238 0 190 238 0 33 238 0 431 238 0 190 238 0 34 238 0 435 238 0 190 238 0 431 238 0 182 238 0 190 238 0 435 238 0 36 39 0 14 39 0 6 39 0 182 627 0 435 627 0 438 627 0 181 627 0 182 627 0 438 627 0 198 627 0 552 627 0 204 627 0 542 627 0 552 627 0 198 627 0 36 39 0 45 39 0 14 39 0 181 627 0 438 627 0 540 628 0 439 629 0 540 628 0 438 627 0 540 628 0 439 629 0 539 630 0 539 630 0 439 629 0 443 631 0 539 630 0 443 631 0 179 527 0 443 631 0 444 527 0 179 527 0 175 527 0 444 527 0 445 527 0 179 527 0 444 527 0 175 527 0 164 39 0 162 39 0 530 39 0 530 39 0 162 39 0 529 39 0 529 39 0 162 39 0 528 39 0 528 39 0 162 39 0 161 39 0 528 39 0 161 39 0 165 39 0 165 39 0 161 39 0 160 39 0 165 39 0 160 39 0 158 39 0 165 39 0 158 39 0 148 39 0 148 39 0 158 39 0 157 39 0 148 39 0 157 39 0 149 39 0 149 39 0 157 39 0 150 39 0 150 39 0 157 39 0 156 39 0 150 39 0 156 39 0 154 39 0 154 39 0 156 39 0 155 39 0 144 633 0 235 632 0 134 632 0 144 633 0 234 634 0 235 632 0 234 634 0 144 633 0 233 635 0 144 633 0 143 636 0 233 635 0 233 635 0 143 636 0 136 637 0 233 635 0 136 637 0 145 638 0 476 593 0 145 638 0 136 637 0 218 593 0 145 638 0 476 593 0 235 632 0 130 632 0 134 632 0 129 632 0 130 632 0 235 632 0 108 562 0 244 551 0 107 562 0 472 639 0 244 551 0 108 562 0 472 639 0 116 640 0 244 551 0 116 640 0 472 639 0 120 641 0 472 639 0 473 642 0 120 641 0 115 643 0 120 641 0 473 642 0 115 643 0 121 644 0 120 641 0 121 644 0 115 643 0 123 645 0 115 643 0 114 646 0 123 645 0 123 645 0 114 646 0 474 647 0 123 645 0 474 647 0 124 648 0 474 647 0 125 649 0 124 648 0 475 650 0 125 649 0 474 647 0 125 649 0 475 650 0 127 651 0 112 652 0 127 651 0 475 650 0 112 652 0 128 653 0 127 651 0 130 632 0 128 653 0 112 652 0 129 632 0 128 653 0 130 632 0 41 39 0 45 39 0 36 39 0 109 562 0 107 562 0 337 562 0 108 562 0 107 562 0 109 562 0 34 238 0 93 654 0 431 238 0 16 655 0 93 654 0 34 238 0 93 654 0 16 655 0 430 656 0 16 655 0 17 657 0 430 656 0 430 656 0 17 657 0 18 658 0 430 656 0 18 658 0 425 659 0 18 658 0 424 660 0 425 659 0 105 661 0 424 660 0 18 658 0 91 20 0 424 660 0 105 661 0 97 20 0 424 660 0 91 20 0 91 20 0 83 20 0 97 20 0 19 20 0 83 20 0 91 20 0 19 20 0 84 662 0 83 20 0 22 663 0 84 662 0 19 20 0 84 662 0 22 663 0 86 664 0 87 665 0 86 664 0 22 663 0 86 664 0 87 665 0 418 666 0 87 665 0 25 667 0 418 666 0 30 668 0 418 666 0 25 667 0 31 30 0 418 666 0 30 668 0 192 30 0 418 666 0 31 30 0 314 669 0 245 111 0 49 111 0 323 669 0 245 111 0 314 669 0 78 111 0 323 669 0 314 669 0 41 39 0 2 39 0 45 39 0 321 111 0 323 669 0 78 111 0 315 567 0 321 111 0 78 111 0 315 567 0 319 567 0 321 111 0 317 566 0 319 567 0 315 567 0 655 566 0 319 567 0 317 566 0 43 39 0 2 39 0 41 39 0 271 569 0 262 670 0 263 569 0 67 671 0 262 670 0 271 569 0 262 670 0 67 671 0 261 672 0 312 673 0 261 672 0 67 671 0 312 673 0 257 674 0 261 672 0 257 674 0 312 673 0 63 675 0 257 674 0 63 675 0 254 676 0 63 675 0 253 677 0 254 676 0 59 678 0 253 677 0 63 675 0 253 677 0 59 678 0 252 679 0 55 680 0 252 679 0 59 678 0 252 679 0 55 680 0 251 681 0 51 682 0 251 681 0 55 680 0 51 682 0 248 683 0 251 681 0 49 111 0 248 683 0 51 682 0 245 111 0 248 683 0 49 111 0 37 20 0 283 390 0 36 20 0 36 20 0 283 390 0 41 21 0 41 21 0 283 390 0 43 391 0 288 392 0 43 391 0 283 390 0 43 391 0 288 392 0 44 27 0 289 393 0 44 27 0 288 392 0 289 393 0 4 394 0 44 27 0 4 394 0 289 393 0 3 33 0 2 395 0 3 33 0 289 393 0 290 396 0 2 395 0 289 393 0 2 395 0 290 396 0 47 0 0 2 395 0 47 0 0 45 0 0 47 0 0 38 397 0 45 0 0 45 0 0 38 397 0 14 229 0 14 229 0 38 397 0 13 398 0 279 399 0 13 398 0 38 397 0 13 398 0 279 399 0 11 236 0 280 400 0 11 236 0 279 399 0 280 400 0 9 401 0 11 236 0 9 401 0 280 400 0 8 242 0 6 402 0 8 242 0 280 400 0 282 403 0 6 402 0 280 400 0 6 402 0 282 403 0 37 20 0 6 402 0 37 20 0 36 20 0 33 88 0 32 88 0 34 88 0 34 88 0 32 88 0 16 88 0 16 88 0 32 88 0 17 88 0 17 88 0 32 88 0 18 88 0 18 88 0 32 88 0 105 88 0 105 88 0 32 88 0 91 88 0 91 88 0 32 88 0 19 88 0 19 88 0 32 88 0 22 88 0 22 88 0 32 88 0 87 88 0 87 88 0 32 88 0 25 88 0 25 88 0 32 88 0 30 88 0 30 88 0 32 88 0 31 88 0 4 39 0 3 39 0 44 39 0 44 39 0 3 39 0 43 39 0 43 39 0 3 39 0 2 39 0</p>
				</polylist>
			</mesh>
		</geometry>
		<geometry id="ID14">
			<mesh>
				<source id="ID15">
					<float_array id="ID16" count="5262" digits="2490374">11.2 5.5 -6.91452 11.38 -8.66405 1.02948 11.65 5.52812 -6.78771 -2.8 1.00442 -8.84314 -2.8 1.99601 -8.67329 -2.8 2.96209 -8.39262 11.43 -8.88848 1.16773 11.1809 5.5 -8.90793 11.65 5.5 -8.90793 -2.8 3.89033 -8.00471 -2.8 4.76886 -7.51452 -2.8 5.58645 -6.92831 11.43 -9.1126 1.3897 -2.8 8.42917 -2.8564 11.65 5.6072 -6.68468 -2.8 8.69769 -1.88686 11.65 5.5 -6.91452 -2.8 8.85506 -0.893219 -2.8 8.8993 0.111838 11.43 -9.38739 1.82171 11.65 8.66405 1.02948 -2.8 8.82982 1.11547 -2.8 8.64752 2.10484 10.99 8.64184 1.20174 10.99 8.71051 0.502543 -2.8 7.95519 3.99061 -2.8 6.85757 5.67307 10.99 8.28688 -2.73006 10.99 7.84694 -3.8146 -2.8 0.948839 8.84928 -2.8 1.08994e-15 8.9 -2.8 -8.05296 3.78944 -2.8 -8.42917 2.8564 -2.8 -8.69769 1.88686 -2.8 -8.85506 0.893219 10.99 4.59383 -7.4177 -2.8 -8.8993 -0.111838 -2.8 -8.82982 -1.11547 -2.8 -8.64752 -2.10484 11.15 4.06878 -7.7182 11.15 4.86551 -7.2424 11.15 5.6072 -6.68468 -2.8 -8.35473 -3.06732 11.65 6.38682 -5.94426 11.65 7.06945 -5.11356 11.65 7.74609 -4.01543 11.65 8.25345 -2.82954 11.65 8.44002 -2.21172 11.65 8.63305 -1.26338 -2.8 -7.95519 -3.99061 -2.8 -6.85757 -5.67307 11.65 -9.5327 1.92173 11.2 5.51308 -6.8269 -2.8 -6.17351 -6.41075 -2.8 -5.41058 -7.06651 -2.8 -4.57851 -7.63199 -2.8 -3.68794 -8.09994 11.2 3.56148 -8.01976 11.2 4.0776 -7.77006 11.2 4.81847 -7.33369 11.2 -5.51308 -6.8269 -2.8 -2.80338 -8.44696 -2.8 -1.88686 -8.69769 -2.8 -0.948839 -8.84928 -2.8 0 -8.9 11.2 -5.5 -6.91452 11.2 3.56148 -9.653 11.2 3.82978 -9.653 11.2 4.16887 -9.58243 11.2 4.84698 -9.25793 -2.7 -0.706132 8.97226 11.65 -5.5 -6.91452 -2.7 -1.75581 8.82707 -2.7 -3.44415 8.31492 -2.7 -4.08591 8.01906 -2.7 -4.70249 7.67376 -2.7 -5.84503 6.84365 11.65 -5.52812 -6.78771 -2.7 -6.36396 6.36396 -2.7 -8.55951 2.78115 -2.7 -8.75133 2.10101 11.7 5.55 -6.91452 -2.7 -8.8892 1.40791 11.65 -9.38003 1.81438 -2.7 -6.84365 -5.84503 11.2 5.5 -8.88552 -2.7 -6.36396 -6.36396 -2.7 5.09898e-15 -9 -2.8 -7.454 -4.86291 -2.8 -7.57385 4.67405 -2.8 -6.99797 5.49895 11.2 -5.5 -8.88552 11.7 5.63934 -6.72299 11.7 6.42043 -5.98153 11.7 7.10482 -5.14997 11.7 7.61028 -4.36855 11.7 8.03015 -3.53799 11.7 8.35969 -2.66764 -2.8 -6.33267 6.25358 -2.8 -5.58645 6.92831 11.7 8.77491 -0.0406915 11.7 8.71779 1.00038 -2.8 -4.76886 7.51452 11.65 8.71732 0.36606 11.65 8.71986 -0.299495 -2.8 -3.89033 8.00471 -2.8 -2.96209 8.39262 -2.8 -1.99601 8.67329 -2.8 -1.00442 8.84314 -2.7 3.13908e-15 9 11.1809 -5.5 -8.90793 -2.7 0.706132 -8.97226 10.7 -4.4761 -8.61954 11.7 -9.21187 3.15188 -2.7 1.75581 -8.82707 -2.7 2.78115 -8.55951 -2.7 3.44415 -8.31492 11.7 -8.38457 3.46601 -2.7 5.84503 -6.84365 -2.7 6.36396 -6.36396 -2.7 6.84365 -5.84503 11.7 -7.24017 4.95788 -2.7 8.31492 -3.44415 11.7 -6.52058 5.87219 -2.7 8.55951 -2.78115 -2.7 8.75133 -2.10101 -2.7 8.75133 2.10101 11.7 -4.17742 7.71686 -2.7 8.55951 2.78115 -2.7 8.31492 3.44415 -2.7 8.01906 4.08591 -2.7 7.67376 4.70249 -2.7 7.28115 5.29007 -2.7 5.29007 7.28115 -2.7 4.70249 7.67376 -2.7 4.08591 8.01906 -2.7 3.44415 8.31492 -2.7 2.78115 8.55951 -2.7 2.10101 8.75133 -2.8 1.88686 8.69769 11.7 3.80159 7.90876 11.7 4.14775 7.73284 11.7 4.73398 7.38852 11.7 5.56133 6.78767 11.7 6.31792 6.0897 -2.8 2.80338 8.44696 -2.8 3.68794 8.09994 11.7 7.5854 4.41162 11.7 8.05002 3.49254 11.7 8.2744 3.48427 11.7 8.59795 3.40208 -2.8 4.57851 7.63199 -2.8 5.41058 7.06651 -2.8 6.17351 6.41075 11.7 9.44333 3.13262 -2.8 7.454 4.86291 -2.8 8.35473 3.06732 -2.8 8.05296 -3.78944 -2.8 7.57385 -4.67405 -2.8 6.99797 -5.49895 -2.8 6.33267 -6.25358 10.7 -5.10663 -9.05994 11.7 9.41567 1.77931 1.035 -3.66374e-17 -8.725 11.7 9.21281 1.44297 1.09936 -0.130752 -8.72403 1.18122 -0.163928 -8.72347 1.3233 -0.10965 -8.72431 11.7 8.70814 -1.08119 11.7 8.59519 -1.76728 10.7 -6.30774 -8.26877 1.34514 0.0784731 -8.72463 1.30074 0.130677 -8.72403 1.14604 0.155927 -8.72363 1.07675 0.109697 -8.72431 1.03986 0.0397376 -8.72489 11.7 5.57343 -6.80885 10.7 -8.84962 -5.46301 11.7 5.55 -8.85438 11.7 6.24616 -8.37784 9 -3.41148 -8.92537 11.7 7.29224 -7.48504 11.7 7.68287 -7.08351 11.7 8.00638 -6.71569 11.7 8.27501 -6.38175 5.5 -3.42057 -8.88371 5.5 -3.41148 -8.92537 11.7 9.74852 -3.76416 11.7 10.0677 -2.80093 10.7 -10.0053 -2.83799 9 -3.41148 -9.403 10.7 -10.1946 -2.05677 -2.7 -1.05784 -8.93762 -2.7 -2.10101 -8.75133 -2.7 -2.78115 -8.55951 -2.7 -3.44415 -8.31492 -2.7 -4.08591 -8.01906 -2.7 -4.70249 -7.67376 -2.7 -5.29007 -7.28115 11.7 9.17306 5.0058 -2.7 -5.84503 -6.84365 -2.7 -7.28115 -5.29007 -2.7 -7.67376 -4.70249 11.7 7.44407 7.33405 -2.7 -8.01906 -4.08591 -2.7 -8.31492 -3.44415 11.7 6.11723 8.47247 11.7 5.62766 8.80527 11.7 4.85688 9.25277 11.7 4.04541 9.6352 -2.7 -8.55951 -2.78115 -2.7 -8.75133 -2.10101 -2.7 -8.8892 -1.40791 11.7 1.78068 10.2972 11.7 0.894691 10.4116 -2.7 -8.97226 -0.706132 -2.7 -9 -1.65327e-15 -2.7 -8.97226 0.706132 11.7 -2.20347 10.2151 11.7 -2.74771 10.0823 -2.7 -8.31492 3.44415 -2.7 -8.01906 4.08591 11.7 -4.31618 9.517 -2.7 -7.67376 4.70249 11.7 -6.26086 8.36685 -2.7 -7.28115 5.29007 -2.7 -6.84365 5.84503 11.7 -8.16992 6.51578 -2.7 -5.29007 7.28115 -2.7 -2.78115 8.55951 10.4 -1.44445 8.88333 10.4 -2.96128 8.49887 11.7 -9.68374 3.92789 11.7 -9.89063 3.37325 11.7 -10.1421 2.51818 11.7 -10.3207 1.63906 11.7 -10.431 0.630359 10.4 -3.60934 8.24455 10.4 -5.94891 6.75356 10.4 -6.45312 6.27353 10.4 -8.05727 4.01005 10.4 -8.57905 2.72029 10.4 -8.97474 0.673842 11.7 -9.68291 -3.92993 10.4 -8.99997 -0.0218732 10.4 -8.97136 -0.717457 11.7 -8.54497 -6.01548 11.7 -8.23496 -6.43335 11.7 -7.94745 -6.78532 11.7 -7.40926 -7.36922 11.7 -6.97762 -7.77916 11.7 -6.2877 -8.3467 10.4 -8.88906 -1.40875 10.4 -8.75358 -2.09161 11.7 -5.57341 -6.80889 11.7 -5.63934 -6.72299 11.7 -6.05707 -6.34922 10.4 -8.56572 -2.76196 10.4 -8.32661 -3.41578 10.4 -8.03768 -4.04916 11.7 -7.4551 -4.62841 11.7 -7.86387 -3.89362 10.4 -7.70065 -4.65832 10.4 -7.31755 -5.2396 10.4 -6.42255 -6.30482 11.7 -8.5901 -1.79187 11.7 -8.70566 -1.10096 11.7 -8.77484 -0.0525177 11.7 -8.71779 1.00038 10.4 -5.91601 -6.78239 7.32842 -4.80003 -7.61325 5.8347 -4.80005 -7.61324 11.7 -9.41567 1.77931 11.7 -9.55365 1.87633 11.7 -9.74447 2.00873 4.2 -4.80003 -7.61325 11.7 -9.9427 2.46894 11.7 -9.89139 2.74225 11.7 -9.76629 2.93794 11.7 -9.58189 3.07915 11.7 -9.4021 3.14208 10.7 -10.3726 -0.754501 2.77833 -4.58465 -7.74488 2.35035 -4.42936 -7.83471 11.7 0.302034 9.95571 11.7 0.319928 9.84322 11.7 0.271389 9.68045 11.7 0.146151 9.56532 1.90333 -4.21494 -7.95214 1.39863 -3.89783 -8.11228 1.00613 -3.58329 -8.25603 11.7 -0.319928 9.85678 0.52737 -3.09067 -8.4528 0.00891724 -2.33999 -8.69063 10.7 -10.3977 -0.218484 -0.257656 -1.78047 -8.82229 10.7 -10.397 0.251265 5.62082 4.8 -7.61327 11.7 6.76445 -7.21436 10.4 7.03768 -5.60991 11.7 6.65022 -6.90746 11.7 6.73873 -6.73873 10.4 8.41193 -3.19992 10.4 8.6341 -2.54015 10.4 8.80461 -1.86518 11.7 7.26506 -6.8538 11.7 7.27979 -7.02254 11.65 9.03054 3.11872 11.7 10.17 -3.55271e-14 10.4 8.92243 -1.17905 10.4 8.99754 0.210223 10.4 7.60148 4.81846 11.7 9.77976 -0.312196 11.7 9.62958 -0.231982 11.7 9.54205 -0.0869732 11.7 9.53 -3.2685e-14 11.7 9.55027 0.112085 10.4 6.76799 5.93248 10.4 3.39553 8.33489 -2.7 1.05784 8.93762 -2.7 5.84503 6.84365 -2.7 6.36396 6.36396 11.65 9.21642 3.10209 -2.7 6.84365 5.84503 -2.7 8.8892 1.40791 -2.7 8.97226 0.706132 -2.7 9 5.51091e-16 11.7 7.05084 6.65673 -2.7 8.97226 -0.706132 11.7 6.73873 6.73873 -2.7 8.8892 -1.40791 -2.7 8.01906 -4.08591 11.7 6.70982 7.15809 11.7 6.87916 7.27327 11.7 7.08365 7.26219 10.7 -10.3446 1.07269 -2.7 7.67376 -4.70249 -2.7 7.28115 -5.29007 -2.7 5.29007 -7.28115 -2.7 4.70249 -7.67376 -2.7 4.08591 -8.01906 11.7 -7.08365 -7.26219 11.7 -7.19128 -7.19128 11.7 -7.2562 -7.09769 11.7 -7.28308 -6.92997 11.7 -7.22018 -6.77191 11.7 -7.05084 -6.65673 11.7 -6.84635 -6.66781 10.7 -10.2624 1.68625 -0.365406 1.48345 -8.87704 11.7 -9.55027 -0.112085 11.7 -9.64986 -0.249688 11.7 -9.8061 -0.316974 11.7 -9.92024 -0.312196 11.7 -10.0704 -0.231982 11.7 -10.158 -0.0869732 0.798479 3.38673 -8.33859 11.7 -10.1497 0.112085 11.7 -10.0501 0.249688 11.7 -9.8939 0.316974 11.7 -9.77976 0.312196 11.7 -9.62958 0.231982 1.33212 3.84905 -8.13554 11.43 9.04057 3.11605 1.93056 4.22952 -7.9444 11.7 -6.89145 6.65357 2.58462 4.51985 -7.78287 3.32995 4.72041 -7.66287 4.2 4.80003 -7.61325 -0.272293 0.916139 -9.01472 0.0100818 1.78354 -8.8906 0.457641 2.56277 -8.70828 1.04365 3.22709 -8.49703 11.7 -6.76445 7.21436 11.7 -6.66494 7.0762 11.7 -6.65022 6.90746 11.43 8.8625 3.1999 1.73993 3.75926 -8.28844 2.5181 4.14727 -8.11296 3.13741 4.33844 -8.01907 3.77327 4.4415 -7.96653 5.46358 4.46038 -7.95677 7.14956 4.46069 -7.95642 11.43 9.17419 1.47521 11.43 8.96925 1.23542 -0.0402406 0.855956 -9.17385 0.221805 1.6701 -9.08551 11.38 8.66405 1.02948 11.43 8.71152 1.05355 0.640397 2.40688 -8.95574 1.19292 3.03968 -8.80585 10.7 -9.79468 3.49632 1.85346 3.54935 -8.65897 2.5941 3.92203 -8.53694 3.18435 4.10593 -8.47252 3.79143 4.20531 -8.43683 11.38 8.87143 1.70801 5.4263 4.22361 -8.43006 7.09802 4.2239 -8.42977 0.148873 0.803487 -9.38796 0.387485 1.57335 -9.33973 10.99 8.64539 1.36704 11.43 8.28151 3.43295 10.99 -3.51148 -7.98719 10.99 -3.09243 -8.15859 10.99 -2.71961 -8.29032 10.99 -2.05523 -8.47949 10.99 -1.03626 -8.66324 10.99 -2.84217e-15 -8.725 10.99 0.452597 -8.71325 10.99 0.846905 -8.6838 10.99 1.53124 -8.58958 0.772971 2.27895 -9.26812 1.28889 2.89421 -9.18447 10.99 3.98213 -7.76326 1.91461 3.39743 -9.10161 10.99 5.17575 -7.02404 10.99 5.72411 -6.58484 10.99 6.23536 -6.10295 10.99 6.70617 -5.58148 10.99 7.1335 -5.02382 10.99 7.51458 -4.43359 2.62617 3.77096 -9.03202 3.20018 3.95772 -8.99497 10.99 8.57771 -1.5964 10.99 8.70759 -0.550942 3.79613 4.05976 -8.97429 5.38973 4.07907 -8.96999 7.04151 4.07922 -8.96991 10.99 8.70065 1.52286 10.99 8.83557 1.68221 10.7 -8.77712 5.57874 0.226427 0.707794 -9.5687 10.99 9.60843 1.96331 1.08289 2.5475 -9.53458 1.5163 2.99612 -9.52615 2.01498 3.37402 -9.52015 10.99 9.74434 2.88732 10.99 9.59071 3.01701 10.99 9.40365 3.09072 10.99 9.11242 3.08354 2.56585 3.67062 -9.51647 10.99 8.56678 2.95568 10.99 8.41497 2.97833 10.99 8.21576 3.09203 10.99 8.08493 3.28018 3.77065 3.99333 -9.51301 5.44203 4.01622 -9.51268 10.4001 4.3266 -8.18872 10.4003 4.5204 -7.87511 10.99 6.58323 5.72597 10.4 4.80003 -7.61325 10.99 5.57465 6.71186 10.99 4.89373 7.22337 10.99 4.23164 7.63015 7.37813 4.80001 -7.61326 0.217772 2.68029 -8.59177 -0.132774 2.06659 -8.75968 -0.456283 1.16722 -8.92416 -0.56945 0.541291 -8.98384 10.99 1.09956 8.65545 10.99 0.0643345 8.72478 10.99 -0.97902 8.6699 10.99 -1.74653 8.54842 10.99 -2.40328 8.3875 10.99 -2.96433 8.20601 -0.600005 9.19251e-06 -9.0002 7.14955 -4.46068 -7.95643 5.4636 -4.46038 -7.95678 10.99 -4.79276 7.29077 10.99 -5.62433 6.6703 10.99 -6.38131 5.95017 3.77329 -4.4415 -7.96654 10.99 -7.07616 5.10428 10.99 -7.63474 4.22332 3.1374 -4.33843 -8.01909 10.99 -8.16299 3.14803 2.51812 -4.14727 -8.11297 1.73993 -3.75924 -8.28845 1.04364 -3.22708 -8.49704 0.457654 -2.56277 -8.70828 0.0100935 -1.78354 -8.8906 10.99 -9.53091 3.04842 -0.272289 -0.916121 -9.01473 10.99 -9.85783 2.6902 10.99 -9.89202 2.45184 10.99 -9.83282 2.21844 7.098 -4.22384 -8.42994 10.99 -9.43336 1.88579 5.42631 -4.22354 -8.43023 3.79145 -4.20524 -8.437 10.99 -8.71695 1.55059 10.99 -8.64853 1.38281 3.18436 -4.10586 -8.47269 2.59414 -3.92197 -8.5371 10.99 -8.72344 -0.165669 1.85348 -3.54928 -8.65912 10.99 -8.64141 -1.20489 10.99 -8.57244 -1.62445 10.99 -8.4029 -2.34883 10.99 -8.23533 -2.88186 10.99 -7.91986 -3.66082 10.99 -7.52845 -4.41 10.99 -7.15816 -4.98863 1.19296 -3.03962 -8.80597 0.640458 -2.40684 -8.95583 0.221875 -1.67008 -9.08559 -0.0401709 -0.855921 -9.17392 7.04147 -4.07915 -8.97027 5.38973 -4.079 -8.97035 10.7 -8.44913 6.06401 3.79615 -4.0597 -8.97465 10.99 -9.66143 2.42394 10.99 -9.72312 2.50615 10.99 -9.72067 2.62505 10.99 -9.64031 2.71354 3.20018 -3.95765 -8.99532 2.6262 -3.77089 -9.03235 1.91463 -3.39735 -9.10191 1.28893 -2.89413 -9.18473 10.99 -9.48502 2.41107 10.7 -8.14037 6.47259 0.773044 -2.27889 -9.26833 10.99 9.4639 2.42394 10.99 9.40221 2.50615 10.99 9.40467 2.62505 10.99 9.48502 2.71354 0.387575 -1.57331 -9.3399 0.14897 -0.803444 -9.38811 11.65 8.24186 3.4376 -0.558153 -0.632245 -8.97791 10.99 9.64031 2.41107 11.65 8.56801 3.36007 11.15 3.51148 -7.98719 -0.442966 -1.21789 -8.91738 3.24474 -4.70404 -7.67292 3.72714 -4.77672 -7.62795 10.4 -4.55314 -7.83492 11.65 8.8625 3.1999 4.0653 -4.01401 -9.51292 1.3667 -2.85649 -9.52868 0.647642 -1.90381 -9.54774 5.5 3.51148 -9.403 10.7 -7.85402 6.81721 0.402753 -1.36054 -9.55864 0.222992 -0.688674 -9.56885 0.162974 -7.35902e-06 -9.57276 0.040173 1.86778e-06 -9.36971 10.7 -6.19862 8.35089 -0.266587 1.04326e-05 -9.11144 10.5695 -4.0346 -9.63014 10.7 -4.83388 9.20835 11.15 3.56148 -9.703 11.43 -8.38531 3.41471 10.5218 -4.04205 -9.51414 10.6294 -4.12282 -9.51813 10.612 -4.08545 -9.60538 11.15 3.82978 -9.703 11.43 -8.68269 3.30953 10.4695 -3.87989 -9.69965 10.6124 -4.0339 -9.66607 11.65 0.678228 10.4781 10.7 -4.26821 9.4838 10.6767 -4.03514 -9.67926 11.65 3.46316 9.91244 11.65 4.22085 9.61428 11.65 4.95315 9.25831 11.65 5.65566 8.84667 10.4199 -3.84292 -9.70191 10.5244 -3.97786 -9.6627 10.673 -4.19018 -9.54075 11.65 8.08659 6.69754 11.65 8.58126 6.05079 10.6914 -4.20029 -9.58228 11.65 9.41311 4.65224 11.65 9.7453 3.90885 11.65 10.0189 3.14195 11.65 10.2322 2.35616 11.65 10.384 1.5562 11.65 10.4734 0.746883 11.65 10.4998 -0.066926 10.7275 -4.19891 -9.61515 11.65 10.3634 -1.68844 11.65 10.2014 -2.4864 11.65 9.97802 -3.26941 11.65 9.69468 -4.03276 11.65 9.35304 -4.77185 11.65 8.95516 -5.48225 10.7 -2.90915 9.98483 11.15 -3.51148 -9.653 11.65 7.44958 -7.39958 11.65 6.8538 -7.95459 11.2 -3.56148 -9.653 11.65 -8.67076 3.31543 11.15 5.54243 -8.91804 11.15 4.87857 -9.29783 11.15 4.18882 -9.62828 1.14549 -0.155736 -9.403 1.22178 -0.163557 -9.403 1.365 2.02067e-17 -8.725 1.36015 -0.0397272 -8.72489 1.25402 -0.155907 -8.72363 1.05495 -0.0786426 -8.72463 10.7 -2.19684 10.1653 10.8 7.97421 -6.83096 10.8 8.50322 -6.15998 10.8 8.97591 -5.44821 10.8 9.38918 -4.70036 10.8 9.74026 -3.92139 10.8 10.0269 -3.11644 10.8 10.247 -2.29087 10.8 10.3994 -1.45012 1.035 0 -9.403 1.21887 0.163918 -8.72347 1.365 0 -9.403 10.8 10.3169 1.95249 10.8 10.124 2.78487 10.8 9.86401 3.5988 10.8 9.53874 4.3889 10.7 -1.10715 10.3409 10.7 2.4819 10.0995 10.8 8.19464 6.5649 5.5 -3.41148 -9.403 10.8 7.02227 7.80626 10.7 3.24795 9.87982 10.7 4.71843 9.26803 10.8 4.9266 9.27247 9 -3.51148 -9.403 10.8 3.35861 9.94835 10.8 2.53861 10.1885 9 -3.42057 -8.88371 11.43 -8.8625 3.1999 11.43 -9.04057 3.11605 11.65 0 10.5 11.7 1.42109e-15 10.45 11.2 -3.56148 -8.01976 11.4008 -9.10703 3.10364 11.7 2.36413 10.1791 11.7 3.13026 9.97016 11.7 3.5608 9.82462 10.7 9.27951 2.66141 10.7 9.26311 2.54606 10.85 9.27223 2.63747 10.85 9.36253 2.78579 11.7 6.73773 7.98785 11.7 7.07491 7.69078 10.85 9.51933 2.85916 11.7 7.84399 6.90467 11.7 8.27109 6.38687 11.7 8.71825 5.76154 11.384 -9.16906 3.09993 11.7 9.61529 4.09251 11.7 9.93088 3.25279 11.7 10.172 2.39473 11.7 10.2912 1.8149 11.7 10.3986 1.03494 11.7 10.4335 0.586917 11.7 10.4497 0.0738153 11.7 10.4374 -0.512821 11.7 10.383 -1.18183 11.7 10.268 -1.94194 10.85 9.85983 2.60347 10.85 9.8531 2.48715 11.7 9.28299 -4.79884 11.7 8.71162 -5.77151 10.7 5.41424 8.87953 10.7 -9.84582 2.66141 10.85 -9.66775 2.28131 10.85 -9.606 2.85916 11.7 6.81946 -7.91819 10.85 -9.56267 2.86231 10.7 8.24553 6.33808 11.6679 5.5179 -8.91219 11.65 5.54243 -8.91804 11.65 6.21681 -8.46176 10.7 -9.56267 2.86231 10.85 -9.45759 2.8433 11.65 8.00056 -6.80008 11.65 8.50342 -6.15969 10.85 -9.32858 2.74994 10.85 -9.2655 2.60347 10.85 -9.36253 2.33882 10.7 -9.56267 2.26231 10.6598 -1.46852 9.03139 10.6598 -2.89897 8.67862 11.65 10.463 -0.880332 10.6598 -4.25426 8.10085 10.6598 -5.49925 7.31306 10.6598 -6.60166 6.33566 10.6598 -7.53292 5.194 10.6598 -8.26888 3.91768 10.6598 -8.79045 2.53979 10.6598 -9.08412 1.09605 11.65 9.02432 5.36765 10.6598 -9.14227 -0.376108 10.6598 -8.96339 -1.83851 11.65 7.5433 7.30402 11.65 6.95464 7.86657 11.65 6.32417 8.38182 10.6598 -8.55211 -3.25329 10.6598 -7.91911 -4.58369 10.6598 -7.0808 -5.79524 10.6598 -6.05891 -6.85654 11.65 2.68466 10.151 11.65 1.68938 10.3632 10.55 -1.4509 8.923 10.7 8.84405 5.472 10.55 -2.86418 8.57447 10.55 -4.2032 8.00363 11.7 8.99425 1.19063 10.55 -5.43325 7.22529 11.7 9.32082 1.63982 10.55 -6.52244 6.25962 11.65 9.12982 1.41214 11.65 8.91997 1.19278 11.65 -9.16906 3.09993 10.55 -7.44252 5.13167 10.55 -8.16964 3.87066 10.55 -8.68496 2.50931 11.65 -9.00784 3.12555 10.55 -8.9751 1.08289 10.55 -9.03255 -0.371594 11.7 -9.04386 3.16691 10.7 9.35195 4.54984 10.55 -8.85582 -1.81645 10.55 -8.44948 -3.21425 10.55 -7.82408 -4.52868 11.7 -8.70001 3.35676 11.7 -8.89198 3.24029 11.65 -8.8625 3.1999 10.55 -6.99582 -5.72569 11.65 -8.35272 3.4214 10.7 10.2848 1.54372 10.55 -5.9862 -6.77425 10.75 5.73886 -8.77692 11.7 7.0174 5.26846 11.7 6.58423 5.80074 10.7 -1.95849 9.09132 10.7 -2.44225 8.97343 10.7 -2.85955 8.84925 10.7 -3.57425 8.58544 10.7 -4.09539 8.34937 11.7 3.39685 8.09086 11.7 2.92333 8.27375 11.7 2.36927 8.44911 11.7 1.72136 8.60452 11.7 0.96484 8.72179 11.7 -0.0631654 8.77479 11.7 -1.08348 8.70786 11.7 -1.75439 8.59784 11.7 -2.13304 8.5118 11.7 -2.56068 8.39307 11.7 -3.04171 8.23097 11.7 -3.57986 8.01159 10.7 -4.84943 7.93509 11.7 -4.83412 7.32338 11.7 -5.51152 6.82817 11.7 -6.13576 6.2732 10.7 -6.26111 6.8759 11.7 -6.99251 5.30145 10.7 -7.62121 5.32844 11.7 -7.50285 4.55061 11.7 -7.77556 4.06711 11.7 -8.05002 3.49254 11.65 -8.01803 3.44047 11.65 -7.70145 4.10039 11.65 -7.33068 4.73146 11.65 -6.90832 5.32924 10.7 -7.90791 4.89274 10.7 -8.13838 4.4989 11.65 -4.84076 7.25897 11.65 -3.93046 7.78955 10.7 -8.32406 4.14522 10.7 -8.61219 3.50745 11.65 -0.912696 8.67713 10.7 -8.9536 2.51075 10.7 -9.2966 -0.206616 11.65 2.22369 8.43687 11.65 3.22447 8.10731 11.65 4.17823 7.65951 10.7 -9.25632 -0.8888 10.7 -8.97413 -2.43624 10.7 -8.86124 -2.81944 10.7 -8.62416 -3.47795 11.65 7.78981 3.92995 10.7 -8.17548 -4.43125 10.75 6.99179 -7.81561 10.7 -5.82643 -7.24835 10.6638 -4.88594 -7.74487 10.571 -4.82932 -7.65799 10.4 -4.80003 -7.61325 10.4 -5.37407 -7.21938 10.4 -6.89067 -5.78953 10.4 -8.8958 1.36553 10.4 -8.76364 2.04904 10.75 8.08612 -6.67709 10.4 -8.34312 3.37527 10.4 -7.72321 4.62083 10.4 -7.34293 5.20397 10.4 -6.91873 5.75597 11.7 9.21187 3.15188 11.7 9.04386 3.16691 11.7 8.89198 3.24029 10.4 -5.4091 7.19317 10.4 -4.83692 7.58974 10.4 -4.2358 7.9409 10.4 -2.29551 8.70234 11.65 9.86684 2.6625 10.4 -0.579887 8.9813 11.65 9.83662 2.22658 10.6598 6.05894 -6.85651 10.6598 7.08083 -5.7952 10.6598 7.91914 -4.58364 11.7 9.74205 2.00635 11.7 9.87569 2.1922 11.7 9.94251 2.46214 11.7 9.89397 2.73596 11.7 9.79604 2.90325 11.7 9.6543 3.0355 10.6598 8.55213 -3.25325 10.6598 8.96339 -1.83851 11.7 9.55365 1.87633 10.6598 9.14227 -0.376108 10.6598 9.08412 1.09605 10.6598 8.79045 2.53979 10.6598 8.26887 3.91768 10.6598 7.53292 5.194 10.6598 6.60166 6.33566 10.6598 5.49925 7.31305 10.6598 4.25426 8.10085 10.6598 2.89897 8.67862 10.6598 1.46852 9.03139 10.55 5.98623 -6.77422 10.55 6.99585 -5.72565 10.55 7.8241 -4.52864 11.7 -9.02943 -5.26047 11.7 -9.44485 -4.47193 10.55 8.44949 -3.21421 11.7 -9.95129 -3.18977 11.7 -10.0792 -2.75898 11.7 -10.2025 -2.26066 11.7 -10.3134 -1.68445 11.7 -10.4002 -1.01887 11.7 -10.447 -0.25154 10.55 8.85582 -1.81645 10.55 9.03255 -0.371594 10.55 8.9751 1.08289 10.55 8.68496 2.50931 10.55 8.16964 3.87066 11.7 -9.36051 4.6458 11.7 -9.15212 5.04394 11.7 -8.89336 5.48732 11.7 -8.57136 5.97784 10.55 7.44252 5.13167 11.7 -7.66881 7.09877 11.7 -7.04285 7.7202 10.55 6.52244 6.25962 11.7 -5.3169 8.9963 10.55 5.43325 7.22529 11.7 -3.62214 9.80217 11.7 -3.21717 9.94245 10.55 4.2032 8.00363 10.55 2.86418 8.57447 11.7 -1.57284 10.331 11.7 -0.84295 10.416 10.55 1.4509 8.923 10.75 8.9971 -5.38711 11.65 -0.975918 10.4545 11.65 -1.94339 10.3186 10.6317 4.86052 -7.70445 10.7 5.58197 -7.43842 10.7 6.0901 -7.02837 10.7 6.85506 -6.28437 11.65 -6.82353 7.98057 11.65 -7.67054 7.17027 10.7 8.33608 -4.12207 10.7 8.68285 -3.32998 11.65 -9.60186 4.24904 11.65 -10.0156 3.15231 11.65 -10.3046 2.0163 10.7 8.9646 -2.47314 11.65 -10.4952 -0.31664 11.65 -10.3945 -1.48449 10.7 9.28909 -0.438538 10.7 8.15742 4.46526 10.7 7.75235 5.13653 11.65 -8.73285 -5.82987 10.7 7.35426 5.69193 10.7 6.97415 6.15181 10.7 6.61832 6.53314 10.7 6.2899 6.84994 10.7 3.59595 8.57652 10.75 9.70405 -3.97496 11.7 -5.55 -6.91452 11.7 -5.55 -8.85438 11.6679 -5.5179 -8.91219 11.65 -5.5 -8.90793 10.7 2.10138 9.05941 10.75 10.1909 -2.47266 10.7 1.05881 9.2395 10.6308 0 9.10831 10.5275 0 9.02842 10.4 0 9 10.4 0.695652 8.97307 10.4 1.38714 8.89246 10.75 10.4467 -0.914336 11.65 -5.6072 -6.68468 10.4 2.07033 8.75864 11.65 -7.06945 -5.11356 10.4 2.74113 8.57241 10.4 4.02962 8.0475 10.4 4.63959 7.71195 10.4 5.2218 7.33027 10.4 5.77277 6.90472 11.65 -8.72499 -0.00964008 10.4 6.2892 6.43786 10.4 7.20629 5.3916 10.4 7.95118 4.21649 10.4 8.2533 3.58929 10.4 8.50604 2.94062 11.7 -8.49932 -2.18224 11.7 -8.37366 -2.62344 11.7 -8.20157 -3.12008 10.4 8.70789 2.27435 10.4 8.85763 1.59447 11.7 -7.14476 -5.09441 11.7 -6.6859 -5.68325 11.7 -6.40139 -6.00191 10.4 8.95438 0.905056 10.4 8.98688 -0.485868 10.75 10.4655 0.664776 10.4 8.13942 -3.84054 10.4 7.81822 -4.45819 11.65 -8.85647 1.14388 11.65 -9.10015 1.3741 10.4 7.45024 -5.04916 11.7 -9.32082 1.63982 11.7 -9.14708 1.35269 11.7 -8.90798 1.11973 10.75 10.247 2.22881 10.4 6.583 -6.1371 11.65 -9.2751 1.66005 10.4 5.95962 -6.74411 10.4 5.28053 -7.28807 10.6122 -4.17976 -8.91498 10.6122 -4.35996 -8.32642 10.75 9.79612 3.7423 10.6122 -4.51044 -8.04086 10.6122 -4.731 -7.77712 11.65 -9.74915 2.08771 11.65 -9.87342 2.33053 10.75 9.12307 5.17092 10.6832 -4.21712 -9.52279 10.4 -4.09008 -8.91478 10.4 -4.26476 -8.32577 11.65 -9.21642 3.10209 10.4 -4.43454 -7.99631 10.7 -4.96386 -7.8645 10.7 -4.79539 -8.01323 10.7 -4.60335 -8.30602 10.7 -4.37251 -9.03501 10.7 -4.31981 -9.4604 11.7 -9.87862 2.19833 10.75 8.24315 6.48223 11.43 -8.69137 1.20863 11.43 -9.2751 1.66005 10.75 7.17627 7.64657 11.2 -3.82978 -9.653 11.2 -5.05549 -7.17235 11.43 8.68842 3.02169 11.43 8.50384 3.00991 11.7 0.185914 10.1105 11.43 8.32901 3.07026 11.43 8.21124 3.16828 11.43 8.13126 3.29898 10.7 0.258885 10.0381 10.7 0.31606 9.90006 10.7 0.304338 9.75111 10.7 0.226274 9.62373 11.43 8.07117 3.44337 10.75 5.94663 8.6375 11.7 0 10.17 11.7 -0.146151 10.1347 11.7 -0.271389 10.0196 11.43 8.58659 3.35279 11.7 -0.302034 9.74429 11.7 -0.185914 9.58955 11.7 0 9.53 10.75 4.58213 9.43255 10.7 -0.145277 9.56488 10.7 -0.258885 9.66191 10.7 -0.31606 9.79994 11.43 -8.13126 3.29898 11.43 -8.23316 3.14462 10.7 -0.0988854 10.1543 10.7 -1.42109e-15 10.17 10.75 3.11377 10.0137 10.7 6.73873 -6.73873 10.6121 4.17969 -8.91497 10.6121 4.3599 -8.32639 11.7 6.66494 -7.0762 10.6121 4.51039 -8.04082 11.7 6.86482 -7.26891 11.7 7.03855 -7.27643 11.7 7.19128 -7.19128 10.6121 4.73095 -7.77707 10.75 1.57474 10.3677 10.515 4.81294 -7.63218 10.7 6.77691 -7.22389 10.7 6.67988 -7.11028 10.7 6.645 -6.965 10.4 4.18097 -8.55752 10.7134 5.71883 -8.74629 10.3999 4.07788 -8.97843 10.5218 4.04205 -9.51414 10.6294 4.12282 -9.51813 11.7 7.16556 -6.71565 11.7 7.06519 -6.66109 11.7 6.89145 -6.65357 10.6832 4.21712 -9.52279 10.7 4.49411 -8.56618 10.7 6.86612 -6.66066 10.7 4.57188 -8.37173 10.7 4.73635 -8.08667 10.7 4.9648 -7.86389 10.5695 4.0346 -9.63014 10.7134 6.96738 -7.78833 10.7 7.19128 -7.19128 10.7134 8.05789 -6.65379 10.4 4.01625 -9.51286 10.4 3.81649 -9.703 10.5645 4.02551 -9.6386 10.7134 8.9657 -5.36831 11.2 -4.84698 -9.25793 11.7 9.8939 -0.316974 11.7 10.0501 -0.249688 11.7 10.1497 -0.112085 11.2 -4.16887 -9.58243 11.15 -4.18882 -9.62828 11.15 -4.87857 -9.29783 10.7776 -4.22443 -9.61271 10.764 -4.18882 -9.62828 10.7134 9.67018 -3.96108 10.7216 -4.23279 -9.5882 10.7 9.54566 -0.0988854 10.7134 10.1553 -2.46403 10.6954 -4.22814 -9.55731 11.7 10.158 0.0869732 11.7 10.0704 0.231982 11.7 9.92024 0.312196 11.7 9.8061 0.316974 11.7 9.64986 0.249688 10.75 -1.57474 10.3677 10.75 -3.11377 10.0137 10.75 -4.58213 9.43255 10.75 -5.94663 8.6375 10.7 9.66191 0.258885 10.7 9.79994 0.31606 10.7 9.94889 0.304338 10.7 10.0763 0.226274 10.7 10.1543 0.0988854 10.7 10.17 -3.55084e-14 10.7134 10.4102 -0.911144 10.75 -7.17627 7.64657 10.75 -8.24315 6.48223 11.7 6.84635 6.66781 10.75 -9.12307 5.17092 11.7 7.22018 6.77191 11.7 7.28308 6.92997 11.7 7.2562 7.09769 11.7 7.19128 7.19128 10.75 -9.79612 3.7423 10.7 7.26934 7.06389 10.7 7.28106 6.91494 10.7 7.22389 6.77691 10.75 -10.247 2.22881 10.75 -10.4655 0.664776 10.7 6.81973 6.67988 10.7134 10.429 0.662456 10.75 -10.4467 -0.914336 10.75 -10.1909 -2.47266 10.75 -9.70405 -3.97496 10.75 -8.9971 -5.38711 11.7 6.64693 7.00004 11.7 6.67381 6.83232 10.75 -8.08612 -6.67709 10.75 -6.99179 -7.81561 10.75 -5.73886 -8.77692 10.7 6.64894 7.01506 10.7 6.70612 7.15309 10.7134 -1.56925 10.3315 10.7 6.965 7.285 10.7 7.11028 7.25012 10.7134 -3.1029 9.9787 10.7134 10.2112 2.22103 10.7134 -4.56614 9.39962 10.7134 -5.92587 8.60735 11.7 -6.87916 -7.27327 11.7 -6.70982 -7.15809 11.7 -6.64693 -7.00004 11.7 -6.67381 -6.83232 10.7134 -7.15122 7.61988 10.7 -6.73873 -6.73873 10.7134 -8.21438 6.4596 10.7134 -9.09123 5.15287 10.7134 -9.76193 3.72924 10.7134 -10.2112 2.22103 10.7134 -10.429 0.662456 10.7 -7.11028 -7.25012 10.7 -7.19128 -7.19128 10.7134 9.76193 3.72924 10.7134 -10.4102 -0.911144 11.7 -6.73873 -6.73873 10.7134 -10.1553 -2.46403 10.7134 -9.67018 -3.96108 10.7134 -8.9657 -5.36831 10.7134 -8.05789 -6.65379 10.7134 -6.96738 -7.78833 10.7134 -5.71883 -8.74629 10.7134 9.09123 5.15287 10.7361 -4.35176 -9.53038 10.7 -7.28106 -6.91494 10.7 -7.22389 -6.77691 10.7 -7.11028 -6.67988 10.7095 -4.33746 -9.49905 10.7 -6.81973 -6.67988 10.7134 8.21438 6.4596 10.7 -5.76182 -8.65805 10.7 -6.76324 -7.90055 10.7 -7.14396 -7.55803 10.7 -7.46288 -7.2433 10.7 -7.98765 -6.66016 10.7 -8.35213 -6.19696 10.7 -9.28495 -4.68504 11.7 -9.53 -3.2685e-14 10.7 -9.71443 -3.71357 10.7 -10.3101 -1.36465 10.7 -10.0702 2.59857 10.7 -9.46286 4.31447 10.7 -9.94889 -0.304338 10.7 -10.0763 -0.226274 10.7 -10.1543 -0.0988854 10.7 -10.17 -3.55084e-14 10.7134 7.15122 7.61988 10.7 -9.53 -3.3313e-14 10.7 -9.11837 5.00157 11.7 -9.54205 0.0869732 10.7 -7.31781 7.38985 10.7 -6.88742 7.79255 10.7 -5.46067 8.85105 10.7 -3.76144 9.69596 10.7 -3.30988 9.85925 11.7 -10.17 -3.55271e-14 10.7361 0 10.4769 10.7 -10.1351 0.145277 10.7 -10.0381 0.258885 10.7 -9.90006 0.31606 10.8 -1.77205 10.3494 10.8 -2.81408 10.1159 10.7 -9.54566 0.0988854 10.7134 5.92587 8.60735 11.7 -7.19128 7.19128 11.7 -7.27979 7.02254 11.7 -7.26506 6.8538 11.7 -7.16556 6.71565 11.7 -7.06519 6.66109 10.8 -3.62726 9.85358 10.8 -4.41642 9.52603 10.7 -6.73873 6.73873 10.7 -6.86612 6.66066 10.8 -5.17634 9.1354 10.7 -7.15309 6.70612 10.7 -7.25012 6.81973 10.8 -5.90198 8.68428 10.7 -7.25012 7.11028 10.7 -7.19128 7.19128 10.7134 4.56614 9.39962 10.8 -6.58853 8.17565 11.7 -6.73873 6.73873 10.8 -7.23146 7.61288 10.8 -9.2582 -4.95335 10.8 -8.82481 -5.68971 11.7 -6.86482 7.26891 11.7 -7.03855 7.27643 10.8 -8.33297 -6.3884 10.8 -7.78596 -7.04478 10.7 -7.06389 7.26934 10.7 -6.91494 7.28106 10.7 -6.77691 7.22389 10.7 -6.67988 7.11028 10.7 -6.645 6.965 10.7 -6.67988 6.81973 10.7134 3.1029 9.9787 11.43 9.2751 1.66005 11.65 9.2751 1.66005 11.65 9.38003 1.81438 11.65 9.5327 1.92173 10.8 -7.18738 -7.65451 10.8 -6.54122 -8.21356 10.8 -5.85173 -8.71821 10.7134 1.56925 10.3315 10.4695 3.8799 -9.69965 10.6124 4.03391 -9.66605 10.673 4.19018 -9.54075 11.43 8.87803 1.65171 11.43 8.75925 1.52393 10.4818 3.92538 -9.68414 10.4199 3.84292 -9.70191 10.4265 3.82978 -9.703 10.621 3.97253 -9.69161 10.7542 4.16506 -9.63822 10.7 0.938504 10.3576 10.764 4.18882 -9.62828 11.43 8.69137 1.20863 11.43 8.69741 1.37229 10.6877 4.19951 -9.57681 0.280139 0.586136 -9.66625 0.412576 1.164 -9.66376 0.62815 1.7114 -9.6604 0.925099 2.22458 -9.6569 11.38 8.74942 1.59644 11.38 8.65519 1.41011 11.38 8.64184 1.20174 10.99 9.0223 1.77565 11.38 9.0223 1.77565 11.38 9.43336 1.88579 10.99 9.43336 1.88579 10.7 1.86935 10.2306 1.2 -0.35 -8.71798 1.29345 2.68593 -9.65386 1.72744 3.08855 -9.65149 2.21936 3.42393 -9.6498 2.75738 3.6825 -9.6487 3.32503 3.85668 -9.64805 3.90991 3.94388 -9.64777 7.15957 3.95451 -9.64771 10.7 10.3882 0.496035 0.208122 -4.79549e-06 -9.64355 0.370201 0.381789 -9.703 3.57927 -3.45618 -8.01127 2.98575 -3.29486 -8.07896 0.419192 0.710078 -9.703 2.11725 -2.82711 -8.25428 1.72156 -2.48753 -8.36288 1.37202 -2.0816 -8.47305 0.81696 1.80726 -9.703 1.50269 2.71205 -9.703 0.737294 -0.583218 -8.70549 1.95784 3.09449 -9.703 0.776666 -0.427183 -8.71454 2.36636 3.35042 -9.703 3.20277 3.68463 -9.703 10.7 10.3851 -0.556733 10.4 3.9402 -9.66015 1.55 -2.13701e-15 -8.725 10.4 3.99563 -9.59193 1.35141 0.315554 -8.71929 7.09469 4.01622 -9.51278 3.15832 3.87946 -9.51415 0.721782 2.03435 -9.54494 0.509788 1.62504 -9.55343 0.346708 1.19522 -9.5616 0.280268 -0.586124 -9.66634 0.871624 1.11912 -8.65293 1.07712 1.60564 -8.57599 0.412697 -1.16394 -9.66386 1.82756 2.58881 -8.33209 0.628264 -1.71132 -9.66051 0.925202 -2.22448 -9.65702 1.29356 -2.68584 -9.65398 1.72753 -3.08845 -9.65162 2.21944 -3.4238 -9.64993 10.99 3.51148 -7.98719 10.99 2.53799 -8.34771 2.75743 -3.68237 -9.64883 3.32506 -3.85654 -9.64819 3.90993 -3.94374 -9.64791 10.7 3.99492 9.60212 7.15957 -3.95437 -9.64785 10.7 10.2756 -1.6038 11.38 9.5327 1.92173 10.4 -3.96675 -9.63499 11.65 9.71196 2.04693 10.4 -3.89607 -9.68648 11.65 9.88138 2.36575 10.4 -3.81649 -9.703 11.65 9.7159 2.91841 11.65 9.48687 3.06657 5.53375 -3.8164 -9.703 11.38 9.21642 3.10209 11.38 9.11242 3.08354 3.93235 -3.80714 -9.703 3.22262 -3.68989 -9.703 1.08517 -2.2292 -9.703 0.400447 -0.606594 -9.703 10.99 9.86219 2.67733 10.99 9.89115 2.43828 10.99 9.806 2.16813 0.350413 1.42109e-15 -9.703 10.7 9.37431 -4.50359 0.281513 -2.1822e-06 -9.69076 0.973144 -2.40871 -9.53726 11.38 8.70136 2.97339 10.99 8.70136 2.97339 10.7 6.2069 8.34472 1.82528 -3.24433 -9.52225 2.33654 -3.5604 -9.51783 2.89138 -3.79816 -9.51504 3.46985 -3.94962 -9.51348 10.7 6.94709 7.73938 7.23597 -4.01622 -9.51281 10.4 -4.01625 -9.51286 10.7 7.62855 7.0686 10.7 7.89826 -6.7659 10.5598 -3.91884 -9.69858 11.15 -3.82978 -9.703 10.7 7.32199 -7.38569 11.15 -3.56148 -9.703 10.7 4.31981 -9.4604 10.7 9.76402 3.58106 11.38 -8.01803 3.44047 10.7 10.076 2.57559 5.5 3.41148 -8.92537 10.7 4.3777 -9.00715 3.85213 3.54445 -9.703 10.99 -6.64654 5.65236 1.11492 1.77948 -9.703 0.721895 0.482973 -9.653 0.985085 1.41237 -9.653 10.99 -4.20182 7.64659 10.99 -3.85235 7.82847 10.99 -3.44334 8.0168 1.95626 2.70113 -9.653 4.05354 3.50842 -9.653 4.2 3.51148 -9.653 10.7 6.50902 -6.6422 0.765966 -0.944255 -9.703 1.74565 -2.58075 -9.703 10.99 1.77988 8.54153 10.99 2.16364 8.45247 10.99 2.59684 8.32959 10.99 3.08379 8.16187 10.99 3.62806 7.93493 1.95871 -2.76781 -9.703 2.5228 -3.14183 -9.703 3.71703 -3.47811 -9.653 10.99 6.19958 6.13929 2.78763 -3.21492 -9.653 10.99 7.05149 5.1383 10.99 7.29594 4.78486 10.99 7.55394 4.36621 10.99 7.81995 3.86965 2.35887 -2.9901 -9.653 1.17081 -1.77608 -9.653 11.38 8.01803 3.44047 11.65 8.01803 3.44047 0.691578 -0.146458 -9.653 11.65 7.25928 4.84029 11.65 6.6229 5.68004 11.65 5.88992 6.43696 11.65 5.07105 7.1 0.638522 7.10543e-16 -9.703 10.7 7.14158 -5.95669 1.34587 -0.0771145 -9.403 11.65 1.19049 8.6434 11.65 0.139915 8.72388 1.29336 -0.13605 -9.403 11.65 -1.952 8.50384 11.65 -2.96283 8.20654 1.0657 -0.0958621 -9.403 1.05413 0.0771145 -9.403 11.65 -5.68047 6.62253 11.65 -6.43734 5.8895 1.10664 0.13605 -9.403 1.17822 0.163557 -9.403 1.25451 0.155736 -9.403 10.7 7.60502 -5.35229 11.38 -8.56678 2.95568 10.99 -8.56678 2.95568 10.99 -8.34324 3.00617 1.3343 0.0958621 -9.403 10.99 -8.08493 3.28018 10.7 10.0702 -2.59824 11.38 -8.20572 3.10146 11.38 -8.38864 2.98714 10.7 9.76882 -3.56792 0.734516 0.55 -9.403 0.688522 -1.77443e-15 -9.403 1.3589 -0.311852 -9.403 10.7 7.91963 -4.87464 10.7 8.89043 -5.39632 10.99 -8.70136 2.97339 10.85 9.48549 2.41084 11.38 -9.11242 3.08354 10.85 9.42513 2.46238 10.7 8.42223 -6.10131 10.99 -9.11242 3.08354 10.85 9.39476 2.53571 11.38 -9.21642 3.10209 10.85 9.40099 2.61484 11.65 -9.43427 3.08329 11.65 -9.63205 2.99004 11.65 -9.7404 2.89189 11.65 -9.87618 2.62762 10.85 9.63984 2.71378 10.85 9.6152 2.40063 10.7 9.14106 -1.7092 11.38 -9.5327 1.92173 11.38 -9.43336 1.88579 10.85 9.2655 2.52115 10.99 -9.68916 2.02519 10.85 9.32858 2.37468 10.85 9.45759 2.28131 10.85 9.56267 2.26231 10.99 -9.73541 2.89755 10.85 9.606 2.26546 10.99 -9.28207 3.10459 10.7 9.24187 -1.03332 10.85 9.76281 2.33882 10.85 9.79675 2.74994 10.85 9.66775 2.8433 10.99 -9.0223 1.77565 10.7 6.69724 -7.95657 10.85 9.56267 2.86231 10.7 5.85444 -8.59567 11.38 -8.83557 1.68221 11.38 -8.70065 1.52286 10.85 -9.63984 2.41084 10.85 -9.7002 2.46238 10.85 -9.73057 2.53571 10.85 -9.72435 2.61484 10.85 -9.68287 2.68252 10.99 -8.84837 1.69196 10.7 4.95109 -9.14586 10.99 -8.64184 1.20174 10.85 -9.6152 2.72399 10.85 -9.42513 2.66223 11.65 -8.66405 1.02948 10.85 -9.39476 2.5889 11.65 -8.66176 -1.04863 11.65 -8.55098 -1.7339 11.65 -8.31812 -2.63336 11.65 -7.99093 -3.50295 11.65 -7.57313 -4.33283 10.85 -9.40099 2.50978 11.65 -6.38682 -5.94426 10.85 -9.44246 2.4421 10.85 -9.51013 2.40063 10.7 9.29906 0.0829491 10.85 -9.76281 2.78579 10.85 -9.8531 2.63747 10.85 -9.85983 2.52115 10.99 -4.45009 -7.50483 10.99 -5.31877 -6.91638 10.99 -5.85482 -6.4689 10.99 -6.14449 -6.19442 10.99 -6.45998 -5.86468 10.99 -6.79933 -5.46763 10.85 -9.79675 2.37468 10.85 -9.56267 2.26231 10.85 -9.51933 2.26546 10.85 -9.27223 2.48715 10.7 9.2838 0.539022 11.15 -5.11929 -7.06531 11.15 -4.33993 -7.56906 10.99 -8.69512 -0.721597 11.2 -4.32927 -7.6327 10.99 -8.71222 0.472298 10.7361 4.35176 -9.53038 11.15 -5.6072 -6.68468 10.8 4.36134 -9.55137 11.38 -8.64184 1.20174 11.43 -8.71152 1.05355 10.8 4.9987 -9.2338 11.43 -8.69528 1.36181 11.43 -8.74826 1.50558 11.43 -8.8695 1.64526 11.38 -9.0223 1.77565 11.38 -8.64539 1.36704 10.8 5.91074 -8.67832 11.4008 -9.43874 1.86569 11.43 -9.03524 1.72735 10.85 -9.56267 2.73231 10.8 6.76164 -8.03307 10.85 -9.56267 2.39231 10.99 -9.56267 2.39231 10.8 7.3924 -7.45671 10.99 -9.40467 2.49957 10.99 -9.40221 2.61847 10.99 -9.4639 2.70068 10.99 -9.56267 2.73231 10.7 9.2521 0.93722 10.85 -9.48549 2.71378 10.7 9.15545 1.63036 11.38 -8.70136 2.97339 11.43 -8.68842 3.02169 11.43 -8.53593 3.00669 11.43 -8.38672 3.04153 10.7 8.91231 2.65546 10.99 9.56267 2.73231 11.38 -8.08493 3.28018 10.7 8.55157 3.65398 11.43 -8.07117 3.44337 10.7 5.98997 7.11374 10.99 9.56267 2.39231 11.38 8.56678 2.95568 11.38 8.35576 3.00042 11.38 8.18105 3.12694 11.38 8.08493 3.28018 10.7 5.43809 7.54408 10.85 9.44246 2.68252 10.85 9.51013 2.72399 10.7 4.54999 8.11078 10.7 3.16514 8.7447 10.85 9.56267 2.39231 11.4008 9.10703 3.10364 10.8 10.4829 -0.59977 10.99 9.72067 2.49957 10.99 9.72312 2.61847 10.99 9.66143 2.70068 0.737294 0.583218 -9.403 10.85 9.56267 2.73231 0.734516 0.55 -8.70765 10.85 9.7002 2.66223 10.85 9.73057 2.5889 10.85 9.72435 2.50978 10.85 9.68287 2.4421 10.8 10.4969 0.254551 10.8 10.4415 1.10719 0.78067 0.422206 -9.403 4.2 3.51148 -7.98719 3.58508 3.45721 -8.01083 2.99459 3.29809 -8.07764 2.62022 3.13603 -8.14192 2.19927 2.88573 -8.23397 0.849542 0.368949 -9.403 1.39601 2.1138 -8.46507 0.934516 0.35 -9.403 0.934516 0.35 -8.71798 0.737294 0.583218 -8.70549 0.851546 0.36802 -8.71723 0.783653 0.418697 -8.71495 10.7 2.78241 8.87392 1.2 0.35 -9.403 0.959166 -1.35184 -8.61964 1.15103 -1.74191 -8.54935 10.7 1.42109e-15 9.3 1.2 -0.35 -9.403 0.934516 -0.35 -9.403 2.52852 -3.08814 -8.16021 10.7 -0.749213 9.26974 0.806721 -0.396154 -9.403 4.2 -3.51148 -7.98719 4.2 -3.51148 -9.653 0.753465 -0.465026 -9.403 3.24323 -3.37862 -9.653 0.857136 -0.365576 -8.71734 0.934516 -0.35 -8.71798 1.89841 -2.65201 -9.653 1.49887 -2.24374 -9.653 10.7 -1.39795 9.19426 0.922914 -1.26142 -9.653 0.761749 -0.713379 -9.653 0.737294 -0.583218 -9.403 0.688522 -1.77443e-15 -9.653 0.734516 -0.55 -8.70765 0.82138 0.956767 -9.653 0.734516 -0.55 -9.403 1.2099 1.84113 -9.653 1.54799 2.30159 -9.653 10.8 9.15031 5.14994 2.42392 3.02919 -9.653 2.93858 3.27709 -9.653 3.48662 3.43825 -9.653 5.5 -3.51148 -9.403 10.8 8.70128 5.87688 5.5 -3.51148 -8.46711 11.15 3.51148 -9.653 9 -3.51148 -8.46711 10.7 -5.56562 7.45014 10.8 7.63373 7.20945 11.15 -3.51148 -7.98719 10.7 -6.81798 6.32402 1.48308 0.205837 -8.72257 1.2 0.35 -8.71798 10.8 6.36431 8.35138 9 3.51148 -8.46711 9 3.42057 -8.88371 9 3.41148 -8.92537 9 3.41148 -9.403 9 3.51148 -9.403 10.8 5.66421 8.8412 1.30816 0.33287 -9.403 1.44749 0.247487 -9.403 1.53287 0.108156 -9.403 1.54569 -0.0547521 -9.403 10.7 -7.26389 5.80624 5.5 3.41148 -9.403 1.48316 -0.205725 -9.403 5.5 3.42057 -8.88371 5.5 3.51148 -8.46711 1.34455 -0.31876 -8.71917 10.8 4.15637 9.64233 1.4653 -0.228284 -8.72201 11.4008 9.43874 1.86569 11.43 9.38739 1.82171 11.43 9.03524 1.72735 4.2 -3.56148 -9.703 10.7 -9.18136 1.47376 10.7 -9.28096 0.577292 10.4265 -3.82978 -9.703 10.7 9.46148 2.27989 7.19735 -3.81646 -9.703 10.7 9.32229 2.38281 10.7 9.38837 2.80648 3.67153 -3.77989 -9.703 10.7 9.56267 2.86231 2.57625 -3.45622 -9.703 1.97638 -3.10771 -9.703 1.67634 -2.87219 -9.703 1.43501 -2.64396 -9.703 1.24105 -2.42865 -9.703 10.7 9.66385 2.84473 0.845079 -1.85762 -9.703 0.568426 -1.25398 -9.703 10.7 9.80304 2.7418 10.7 9.86223 2.57856 10.7 9.84582 2.4632 10.7 9.73696 2.31813 0.485469 0.991505 -9.703 0.651888 1.46736 -9.703 10.7 9.56267 2.26231 1.12556 2.28361 -9.703 10.8 1.70181 10.3612 1.73877 2.92524 -9.703 10.7 -9.66385 2.27989 10.7 -9.80304 2.38281 2.69115 3.5075 -9.703 10.7 -9.86223 2.54606 3.73728 3.78847 -9.703 4.86128 3.81641 -9.703 10.7 -9.73696 2.80648 10.7 -9.46148 2.84473 10.7 -9.32229 2.7418 10.7 -9.26311 2.57856 4.2 3.56148 -9.703 10.7 -9.27951 2.4632 3.33884 3.4558 -9.703 2.84312 3.29287 -9.703 2.51419 3.13724 -9.703 2.24267 2.97542 -9.703 2.01864 2.81529 -9.703 1.65972 2.49622 -9.703 1.42059 2.22689 -9.703 10.7 -9.38837 2.31813 0.87881 1.28601 -9.703 0.699109 0.654134 -9.703 10.8 0.853729 10.4652 0.657099 -0.363414 -9.703 0.703269 -0.676109 -9.703 10.7 -7.01506 6.64894 0.924232 -1.39767 -9.703 1.08214 -1.72137 -9.703 1.37935 -2.17444 -9.703 10.7 -7.285 6.965 10.7 -9.18026 -1.48061 2.15594 -2.9165 -9.703 10.7 -9.75111 0.304338 3.11666 -3.39272 -9.703 3.74991 -3.53292 -9.703 10.7 -9.08282 -1.99303 10.7 -9.62373 0.226274 10.7 -9.56488 -0.145277 10.7 -9.66191 -0.258885 10.7 -9.79994 -0.31606 10.7095 5.39249e-34 10.4425 10.7 -7.26934 -7.06389 10.7 0 10.4 11.65 -5.54243 -8.91804 11.65 -6.4592 -8.27821 11.65 -7.30275 -7.54453 11.65 -8.0635 -6.72532 10.7 -6.965 -6.645 11.65 -9.32824 -4.82015 11.65 -9.80738 -3.75037 11.65 -10.1643 -2.63384 10.7 -6.66066 -6.86612 10.7 -6.64894 -7.01506 11.65 -10.4651 0.855158 10.7 -6.70612 -7.15309 10.7 -6.81973 -7.25012 10.7 -6.965 -7.285 11.65 -9.06842 5.29281 11.65 -8.42196 6.27061 10.6979 4.28229 -9.4836 10.7 6.66066 6.86612 11.65 -5.89147 8.69141 11.65 -4.88599 9.29393 11.65 -3.81962 9.78062 11.65 -2.89403 10.0933 10.7 6.81973 7.25012 10.7 7.19128 7.19128 10.7 7.11028 6.67988 10.8 3.66226e-15 10.5 10.8 -0.711681 10.4759 10.7 6.965 6.645 10.7 6.73873 6.73873 10.7 -7.61716 -5.33437 10.7 9.56488 0.145277 10.7 10.1351 -0.145277 10.7 10.0381 -0.258885 10.7 9.90006 -0.31606 10.7 9.75111 -0.304338 10.8 -7.8265 6.9997 10.8 -8.36972 6.34017 10.8 -8.85751 5.63866 10.8 -9.28665 4.89981 10.8 -9.65429 4.12851 10.8 -9.95801 3.32987 10.8 -10.1958 2.50919 10.8 -10.366 1.67188 10.8 -10.4677 0.823511 10.8 -10.5 -0.0303151 10.8 -10.4627 -0.883941 10.8 -10.3562 -1.73171 10.8 -10.1811 -2.56802 10.8 -9.93862 -3.38732 10.8 -9.63029 -4.18419 10.7 9.62373 -0.226274 10.7 9.53 -3.3313e-14 10.6954 4.22814 -9.55731 10.7 7.01506 -6.64894 10.7 7.15309 -6.70612 10.7 7.25012 -6.81973 10.7 7.285 -6.965 10.8 -5.1235 -9.16514 10.8 -4.36134 -9.55137 10.7 7.25012 -7.11028 10.7 7.06389 -7.26934 10.7 6.91494 -7.28106 10.7 6.67988 -6.81973 11.15 -5.54243 -8.91804 10.7216 4.23279 -9.5882 10.7776 4.22443 -9.61271 10.7 -0.304338 9.94889 10.7 -0.226274 10.0763 10.7 0.145277 10.1351 10.7 0.0988854 9.54566 10.7219 4.19983 -9.61169 10.7 3.91887e-17 9.53 10.7 -7.34273 -5.70634 10.7 -7.08816 -6.01974 10.7 -6.61151 -6.53986 10.7087 4.3368 -9.49761</float_array>
					<technique_common>
						<accessor count="1754" source="#ID16" stride="3">
							<param name="X" type="float"/>
							<param name="Y" type="float"/>
							<param name="Z" type="float"/>
						</accessor>
					</technique_common>
				</source>
				<source id="ID17">
					<float_array id="ID18" count="4893" digits="2490374">0 -1 -0 0 -0.90625 0.422688 0 -0.956375 0.292031 0 -0.642656 0.766125 0.707094 -0.707094 -0 0.707094 -0.640813 0.298875 0.707094 -0.454406 0.54175 0 -0.990438 -0.137719 0 -0.998281 -0.0575938 0 -0.992969 -0.117969 0 -0.999094 -0.0419375 0 -0.999406 0.0343125 0 -0.998 0.0630938 0 -0.989438 0.14475 0 -0.983063 0.182938 0 -0.94975 0.312875 0 -0.967313 0.253469 0 -0.945938 0.32425 0 -0.899312 0.437156 0 -0.887781 0.460219 0 -0.861219 0.508125 0 -0.810219 0.586031 0 -0.817563 0.57575 0 -0.768562 0.639656 0 -0.731969 0.681281 0 -0.714625 0.699437 0 -0.656031 0.754656 0 -0.593188 0.805 0 -0.557594 0.830063 0 -0.526469 0.850125 0 -0.466281 0.884562 0 -0.456375 0.88975 0 -0.402438 0.915438 0.707094 -0.286938 0.646219 0.707094 -0.284531 0.64725 0.707094 -0.328531 0.626094 0.707094 -0.329688 0.6255 0.707094 -0.388281 0.590906 0.707094 -0.394313 0.586906 0.707094 -0.444219 0.550125 1 0 -0 0 -0.231906 -0.972719 0.707094 0.371469 -0.601656 0.707094 0.373188 -0.600563 0.707094 0.3285 -0.626094 0.707094 0.372156 -0.601219 0.707094 0.327938 -0.626406 0.707094 0.282063 -0.648344 0.707094 -0.517344 0.481969 0.707094 -0.517563 0.481687 0.707094 -0.572906 0.414375 0.707094 -0.572469 0.414969 0.707094 -0.61325 0.351969 0.707094 -0.627719 0.325406 0.707094 -0.647031 0.285094 0.707094 -0.668844 0.229281 0.707094 -0.673594 0.214906 0.707094 -0.684 0.179219 0.707094 -0.692594 0.142406 0.707094 -0.699625 0.102375 0.707094 -0.701688 0.0870625 0.707094 -0.707094 0.00325 0.707094 -0.706688 0.02425 0.707094 -0.706469 -0.0296563 0.707094 -0.702469 -0.0805625 0.707094 -0.702125 -0.083375 0 -0.914375 0.404719 0 -0.834938 0.55025 0 -0.8 0.599906 0 -0.63475 0.772656 0 -0.673594 0.739062 0 -0.470625 0.88225 0 -0.43325 0.90125 -1 0 -0 0.707094 -0.701937 -0.084875 0.707094 -0.700312 -0.0973438 0 -0.96475 0.262937 0 -0.983594 0.180094 0 -0.877375 0.47975 0 -0.783531 0.621281 0 -0.617906 0.786219 0 -0.548906 0.835813 0 -0.258781 0.965906 0.707094 0 -0.707094 0 0.398906 -0.916969 0 0.402281 -0.915469 0 0.464625 -0.8855 0 0.415344 -0.909625 0 0.476063 -0.879406 0 0.527844 -0.849281 0 0.562906 -0.826469 0 0.592031 -0.805875 0 0.643938 -0.765031 0 0.652687 -0.757563 0 0.704 -0.710156 0 0.709437 -0.704719 0 0.759438 -0.650563 0 0.761906 -0.647625 0 0.809781 -0.586656 0 0.809844 -0.586594 0 0.852844 -0.522094 0 0.854813 -0.518875 0 0.890719 -0.454406 0 0.894188 -0.447625 0 0.923281 -0.384031 0 0.927625 -0.373406 0 0.950281 -0.311344 0 0.954938 -0.29675 0 0.971531 -0.236781 0 0.975906 -0.218125 0 0.986969 -0.16075 0 0.990406 -0.138094 0 0.996437 -0.0837812 0 0.998344 -0.0570938 0 0.999969 -0.0063125 0 0.999656 0.0241875 0 0.997406 0.071125 0 0.994375 0.105438 0 0.988906 0.148188 0 0.9825 0.185906 0 0.9745 0.224344 0 0.964156 0.265219 0 0.954156 0.299188 0 0.939406 0.342719 0 0.928125 0.372219 0 0.908406 0.417969 0 0.896469 0.443063 0 0.859438 0.511156 0 0.871406 0.490438 0 0.828656 0.559656 0 0.81725 0.57625 0 0.770094 0.637812 0 0.780438 0.625188 0 0.726969 0.686594 0 0.718406 0.695594 0 0.662313 0.749188 0 0.66875 0.743438 0 0.606094 0.795344 0 0.602281 0.79825 0 0.538625 0.842531 0 0.539406 0.842 0 0.469156 0.883031 0 0.471719 0.881719 0 0.395813 0.918281 0 0.401938 0.915594 0 0.329781 0.944 0 0.319813 0.947438 0 0.24175 0.970281 0 0.255625 0.96675 0 0.160844 0.986969 0 0.162031 0.98675 0 0.0812813 0.996656 0 0.0645313 0.997906 0 0 1 0.707094 0 0.707094 0.707094 0.045625 0.705594 0.707094 0.0605313 0.7045 0.707094 0.120469 0.696719 0.707094 0.11375 0.697875 0.707094 0.159938 0.68875 0.707094 0.18075 0.683594 0.707094 0.21175 0.674594 0.707094 0.233187 0.667531 0.707094 0.240938 0.664781 0.707094 0.273688 0.651969 0.707094 0.284219 0.647438 0.707094 0.328594 0.626063 0.707094 0.333531 0.623469 0.707094 0.380781 0.595781 0.707094 0.380844 0.595719 0.707094 0.413875 0.57325 0.707094 0.425875 0.564438 0.707094 0.455875 0.540469 0.707094 0.468344 0.529719 0.707094 0.478719 0.520375 0.707094 0.507937 0.491844 0.707094 0.503688 0.49625 0.707094 0.530719 0.467156 0.707094 0.544563 0.451 0.707094 0.559656 0.432156 0.707094 0.577875 0.407438 0.707094 0.589906 0.389844 0.707094 0.607719 0.361469 0.707094 0.620656 0.338688 0.707094 0.633875 0.31325 0.707094 0.650594 0.276906 0.707094 0.65625 0.263219 0.707094 0.671969 0.220094 0.707094 0.674688 0.211531 0.707094 0.68825 0.162 0.707094 0.689031 0.158656 0.707094 0.696344 0.12275 0.707094 0.699281 0.10475 0.707094 0.703625 0.07 0.707094 0.705281 0.05025 0.707094 0.705938 0.0396563 0.707094 0.707031 -0.00446875 0.707094 0.707031 0.0049375 0.707094 0.70625 -0.0346875 0.707094 0.704594 -0.05925 0.707094 0.702563 -0.0799688 0.707094 0.697875 -0.113688 0.707094 0.69475 -0.131344 0.707094 0.686938 -0.167406 0.707094 0.681188 -0.1895 0.707094 0.671938 -0.220156 0.707094 0.659594 -0.254656 0.707094 0.652844 -0.271531 0.707094 0.629844 -0.321312 0.707094 0.628125 -0.324688 0.707094 0.603063 -0.369188 0.707094 0.589469 -0.3905 0.707094 0.572594 -0.414813 0.707094 0.559875 -0.431781 0.707094 0.54175 -0.454406 0.707094 0.53875 -0.457938 0.707094 0.519844 -0.47925 0.707094 0.501625 -0.498313 0.707094 0.493375 -0.506469 0.707094 0.461531 -0.535688 0.707094 0.461406 -0.535781 0.707094 0.418656 -0.569844 0.707094 0.422625 -0.566844 0.707094 0.375531 -0.599125 0.707094 0.372219 -0.601188 0.707094 -0.306344 0.63725 0.707094 -0.448813 0.546313 0.707094 -0.3235 0.628688 0.707094 -0.471656 0.526781 0.707094 -0.565656 0.424188 0.707094 -0.588719 0.391594 0.707094 -0.646563 0.286156 0.707094 0.416813 -0.571094 0.707094 0.219187 -0.672219 0.707094 0.188313 -0.681531 0.707094 -0.0643438 -0.704156 0.707094 -0.0532813 -0.705063 0.707094 0.133 -0.694438 0.707094 -0.034125 -0.70625 0.707094 0.145 -0.692031 0.707094 0.310094 -0.635437 0.707094 0.314 -0.633531 0.707094 -0.64975 -0.278781 0.707094 -0.631281 -0.318437 0.707094 -0.648625 -0.281406 0.707094 -0.611219 -0.355469 0.707094 -0.588313 -0.39225 0.707094 -0.565437 -0.424531 0.707094 -0.536687 -0.460281 0.707094 -0.530563 -0.467375 0.707094 -0.509094 -0.490719 0.707094 -0.477313 -0.521656 0.707094 -0.448125 -0.546938 0.707094 -0.410969 -0.575406 0.707094 -0.381438 -0.595375 0.707094 -0.334188 -0.623125 0.707094 -0.338594 -0.62075 0.707094 -0.306313 -0.63725 0.707094 -0.273688 -0.651969 0.707094 -0.261313 -0.657 0.707094 -0.235563 -0.666656 0.707094 -0.180156 -0.683719 0.707094 -0.190906 -0.680844 0.707094 -0.138688 -0.693344 0.707094 -0.0964375 -0.700469 0.707094 -0.0776875 -0.702781 0.707094 -0.0112813 -0.707 0.707094 0.0050625 -0.707031 0.707094 0.0739063 -0.703219 0.707094 0.08725 -0.701688 0.707094 0.141312 -0.692813 0.707094 0.158156 -0.689125 0.707094 0.171875 -0.685844 0.707094 0.206344 -0.676313 0.707094 0.240094 -0.665031 0.707094 0.245063 -0.66325 0.707094 0.288437 -0.645563 0.707094 0.3185 -0.631281 0.707094 0.336563 -0.621813 0.707094 0.392281 -0.588281 0.707094 0.389531 -0.590125 0.707094 0.444094 -0.550219 0.707094 0.460312 -0.536656 0.707094 0.494406 -0.5055 0.707094 0.521688 -0.47725 0.707094 0.525406 -0.473188 0.707094 0.559875 -0.431844 0.707094 0.563469 -0.427188 0.707094 0.583406 -0.3995 0.707094 0.594063 -0.383438 0.707094 0.604563 -0.366688 0.707094 0.624125 -0.332281 0.707094 0.626531 -0.327719 0.707094 0.648625 -0.281406 0.707094 0.64975 -0.278781 0.707094 -0.416813 -0.571094 0.707094 -0.259313 -0.657781 0.707094 -0.252875 -0.660281 0.707094 -0.0713125 -0.703469 0.707094 -0.0860313 -0.701813 0.707094 0.034125 -0.70625 0.707094 0.0532813 -0.705063 0.707094 0.0643438 -0.704156 0.707094 -0.188313 -0.681531 0.707094 -0.296313 0.642 0.707094 -0.495094 0.50475 0.707094 -0.50075 0.499219 0.707094 -0.636156 0.308625 0.707094 -0.642875 0.294313 0.707094 -0.693969 0.135594 0.707094 -0.706688 0.0237188 0.707094 -0.677375 -0.202781 0.707094 -0.655469 -0.265219 0.707094 -0.552063 -0.441719 0.707094 -0.505219 -0.494656 0.707094 -0.4025 -0.581344 0.707094 -0.244031 -0.663625 0.707094 -0.179875 -0.683812 0.707094 -0.503906 0.496031 0.707094 -0.372219 -0.601188 0.707094 -0.373188 -0.600563 0.707094 -0.425438 -0.56475 0.707094 -0.375531 -0.599125 0.707094 -0.434938 -0.557469 0.707094 -0.472094 -0.526344 0.707094 -0.491781 -0.508031 0.707094 -0.501312 -0.498625 0.707094 -0.53775 -0.459125 0.707094 -0.542969 -0.452906 0.707094 -0.557187 -0.435313 0.707094 -0.578188 -0.407 0.707094 -0.588094 -0.392563 0.707094 -0.610969 -0.355938 0.707094 -0.628156 -0.324594 0.707094 -0.639063 -0.302563 0.707094 -0.660438 -0.252531 0.707094 -0.655156 -0.265875 0.707094 -0.673344 -0.215813 0.707094 -0.681969 -0.186656 0.707094 -0.684438 -0.177344 0.707094 -0.690313 -0.152938 0.707094 -0.697812 -0.113969 0.707094 -0.699969 -0.0999375 0.707094 -0.703687 -0.0689375 0.707094 -0.706781 -0.0212812 0.707094 -0.706875 -0.017 0.707094 -0.705813 0.0425938 0.707094 -0.70475 0.0575625 0.707094 -0.698344 0.110906 0.707094 -0.693906 0.13575 0.707094 -0.686219 0.170375 0.707094 -0.674469 0.212281 0.707094 -0.66925 0.228219 0.707094 -0.646563 0.286125 0.707094 -0.65525 0.265781 0.707094 -0.633344 0.314344 0.707094 -0.61925 0.34125 0.707094 -0.610656 0.356375 0.707094 -0.60175 0.37125 0.707094 -0.579969 0.404438 0.707094 -0.567156 0.42225 0.707094 -0.552813 0.440844 0.707094 -0.5165 0.482844 0.707094 -0.518875 0.480281 0.707094 -0.4765 0.522344 0.707094 -0.4595 0.537406 0.707094 -0.423594 0.566094 0.707094 -0.39675 0.585281 0.707094 -0.35975 0.608719 0.707094 -0.329031 0.625844 0.707094 -0.292031 0.643969 0.707094 -0.257187 0.658625 0.707094 -0.245063 0.66325 0.707094 -0.217688 0.672719 0.707094 -0.194875 0.679688 0.707094 -0.185875 0.682187 0.707094 -0.149062 0.691188 0.707094 -0.130812 0.694875 0.707094 -0.106375 0.699 0.707094 -0.0656875 0.704 0.707094 -0.0570313 0.70475 0.707094 0.707094 -0 0.707094 0.454406 0.54175 0.707094 0.640813 0.298875 0.707094 0.640844 0.29875 0.707094 0.702125 -0.083375 0.707094 0.707094 0.00078125 0.707094 0.702469 -0.0805625 0.707094 0.707094 0.00421875 0.707094 0.701937 0.0849688 0.707094 0.701469 0.0886875 0.707094 0.693 0.140469 0.707094 0.692156 0.144344 0.707094 0.684875 0.175812 0.707094 0.674125 0.213375 0.707094 0.674719 0.211344 0.707094 0.660875 0.251406 0.707094 0.647563 0.283844 0.707094 0.633656 0.313719 0.707094 0.613719 0.351125 0.707094 0.600688 0.372938 0.707094 0.572906 0.414375 0.707094 0.575719 0.410469 0.707094 0.538719 0.457938 0.707094 0.517563 0.481687 0.707094 0.515813 0.483594 0.707094 0.488063 0.511594 0.707094 0.646563 0.286156 0.707094 0.553469 0.439969 0.707094 0.549156 0.445406 0.707094 0.4135 0.573563 0.707094 0.425438 0.56475 0.707094 0.3235 0.628688 0.707094 0.306344 0.63725 0.707094 0.296313 0.642 0.707094 0.503906 0.496031 0.707094 0.136312 -0.693781 0.707094 0.184 -0.682719 0.707094 0.326094 -0.627375 0.707094 0.409594 -0.576375 0.707094 0.520719 -0.478344 0.707094 0.533188 -0.464406 0.707094 0.65275 -0.271844 0.707094 0.688031 -0.163031 0.707094 0.706906 0.0165938 0.707094 0.684875 0.175781 0.707094 0.639281 0.302188 0.707094 0.543156 0.452719 0.707094 0.497656 0.50225 0 -0.456688 0.889562 0 -0.308969 0.951031 0 -0.707094 0.707094 0 -0.848063 0.529813 0 -0.951031 0.308969 0 -0.99975 0.021125 0 -0.987688 -0.156406 0 -0.943812 -0.330344 0 -0.809 -0.587781 0 -0.453969 -0.890969 0 -0.580938 -0.813906 0 0 -1 0 0.456688 -0.889562 0 0.308969 -0.951031 0 0.707094 -0.707094 0 0.848063 -0.529813 0 0.951031 -0.308969 0 0.99975 -0.021125 0 0.987688 0.156406 0 0.943812 0.330344 0 0.809 0.587781 0 0.453969 0.890969 0 0.580938 0.813906 0 0.983688 -0.179813 0 0.890969 -0.453969 0 1 -0 0 0.937625 0.347469 0 0.890969 0.453969 0 0.587781 0.809 0 0.626719 0.779188 0 0.313031 0.949719 0 0.156406 0.987688 0 -0.229844 0.973188 0 -0.983688 0.179813 0 -0.890969 0.453969 0 -0.937625 -0.347469 0 -0.890969 -0.453969 0 -0.626719 -0.779188 0 -0.587781 -0.809 0 -0.313031 -0.949719 0 -0.156406 -0.987688 0 0.229844 -0.973188 0 0.962344 0.27175 0 0.951031 0.308969 0 0.707094 0.707094 0 0.688781 0.724906 0 0.308969 0.951031 0 0.219437 0.975563 0 -0.156406 0.987688 0 -0.137156 0.990531 0 -0.625406 0.78025 0 -0.587781 0.809 0 -0.936625 0.35025 0 -0.962344 -0.27175 0 -0.951031 -0.308969 0 -0.707094 -0.707094 0 -0.688781 -0.724906 0 -0.308969 -0.951031 0 -0.219437 -0.975563 0 0.156406 -0.987688 0 0.137156 -0.990531 0 0.625406 -0.78025 0 0.587781 -0.809 0 0.936625 -0.35025 0 0.37075 0.928688 0 -0.268219 0.963313 0 -0.453969 0.890969 0 -0.797406 0.603406 0 -0.809 0.587781 0 -0.993937 0.109469 0 -0.987688 0.156406 0 -0.909938 -0.414594 0 -0.37075 -0.928688 0 0.268219 -0.963313 0 0.453969 -0.890969 0 0.809 -0.587781 0 0.797406 -0.603406 0 0.993937 -0.109469 0 0.987688 -0.156406 0 0.909938 0.414594 0 -0.712625 0.7015 0 -0.698438 0.715594 0 -0.419031 0.907938 0 -0.599688 0.800188 0.707094 -0.69125 0.148813 0.707094 -0.682156 0.185906 0.707094 -0.554031 0.439281 0.707094 -0.598188 0.376938 0.707094 -0.419469 0.569188 0.707094 -0.388125 0.591031 0.707094 -0.182969 0.683 0 -0.118719 -0.992906 0 -0.0261563 -0.999656 0 -0.0365313 -0.999313 0 -0.0400625 -0.999188 0 -0.041875 -0.999094 0 -0.0489063 -0.998781 0 -0.063 -0.998 0 -0.0668125 -0.997719 0 -0.154938 -0.987906 0 -0.235531 -0.971844 0 -0.199625 -0.979813 0 -0.238531 -0.971125 0 -0.285094 -0.958438 0 -0.311656 -0.950156 0 -0.324 -0.946031 0 -0.354375 -0.935063 0 -0.353938 -0.935219 0 -0.377594 -0.925906 0 -0.402438 -0.915438 0 -0.396094 -0.918156 0 0.402438 -0.915438 0 0.290844 -0.956719 0 0.396188 -0.918094 0 0.377969 -0.925781 0 0.359406 -0.933156 0 0.330719 -0.943687 0 0.296688 -0.954969 0 0.1755 -0.984469 0 0.242219 -0.970156 0 0.184 -0.982875 0 0.0970313 -0.995219 0 0.0400625 -0.999188 0 0.042125 -0.999094 0 0.12825 -0.991719 0 0.0668125 -0.997719 0 0.0518438 -0.998594 0 0.063 -0.998 0 0.0479375 -0.998812 0 0.036125 -0.999344 0 0.0235625 -0.999687 0 0.258781 -0.965906 0 -0.210906 -0.9775 0 0.0910625 -0.995844 0 -0.345094 -0.938531 0 -0.512563 -0.858594 0 -0.7145 -0.699562 0 -0.760406 -0.649406 0 -0.950469 -0.31075 0 -0.957969 -0.286813 0 -0.981406 0.191781 0 -0.997156 0.07475 0 -0.859812 0.5105 0 -0.909187 0.416219 0 -0.708188 0.705969 0 -0.541188 0.840875 0 -0.40575 -0.913938 0 -0.291875 -0.956438 0 -0.675 -0.73775 0 -0.74175 -0.670594 0 -0.926625 -0.375906 0 0.926625 -0.375906 0 0.875 -0.484031 0 0.918938 -0.394313 0 0.882688 -0.469938 0 0.840156 -0.542281 0 0.810969 -0.584969 0 0.79175 -0.610781 0 0.761719 -0.647781 0 0.73775 -0.675 0 0.731344 -0.681938 0 0.651031 -0.759 0 0.644594 -0.7645 0 0.54925 -0.835594 0 0.554781 -0.831937 0 0.450437 -0.892781 0 0.481531 -0.876375 0 0.4415 -0.897219 0 0.339563 -0.940531 0 0.394625 -0.918813 0 0.339719 -0.9405 0 0.275438 -0.961281 0 0.223687 -0.974594 0 0.200156 -0.979719 0 0.112156 -0.993656 0 0.104562 -0.994469 0 -0.0160313 -0.999844 0 -0.0073125 -0.999969 0 -0.126 -0.991969 0 -0.136438 -0.990625 0 -0.203938 -0.978938 0 -0.254813 -0.966969 0 -0.247938 -0.96875 0 -0.297625 -0.954625 0 -0.369563 -0.929156 0 -0.353438 -0.935438 0 -0.415781 -0.909406 0 -0.478875 -0.877844 0 -0.485 -0.874469 0 -0.560844 -0.827875 0 -0.581156 -0.81375 0 -0.638875 -0.769219 0 -0.675031 -0.737719 0 -0.7105 -0.703625 0 -0.759063 -0.651 0 -0.754469 -0.65625 0 -0.808156 -0.588875 0 -0.832 -0.55475 0 -0.836156 -0.548375 0 -0.86575 -0.500406 0 -0.892781 -0.450406 0 -0.89625 -0.4435 0 -0.918938 -0.394313 0 0.694313 -0.719594 0 0.776469 -0.630063 0 0.429844 -0.902875 0 0.342531 -0.939438 0 -0.258781 -0.965906 0 0.258781 0.965906 0 0.671344 0.741063 0 0.419031 0.907938 0 0.768125 0.640188 0 0.903094 0.429344 0 0.968594 0.248562 0 0.998563 0.0529375 0 0.943438 -0.331469 0 0.973 -0.230531 0 0.754 -0.656781 0 0.745969 -0.665906 0 0.579281 -0.815094 0 0.416156 -0.909281 0 0.260281 -0.965469 0 0.01475 -0.999875 0 -0.0910625 -0.995844 0 0.617906 0.786219 0 0.593281 0.804969 0 0.877375 0.47975 0 0.846 0.533094 0 0.977594 0.210469 0 0.983594 0.180094 0 0.990438 -0.137719 0 0.402438 0.915438 0 0.51 0.860125 0 0.497375 0.8675 0 0.586688 0.80975 0 0.609563 0.792656 0 0.642656 0.766125 0 0.671 0.741406 0 0.704188 0.709938 0 0.731969 0.681281 0 0.740344 0.672156 0 0.779281 0.626625 0 0.810219 0.586031 0 0.820406 0.571719 0 0.867938 0.496563 0 0.862844 0.505406 0 0.907719 0.419531 0 0.915812 0.401469 0 0.953313 0.301781 0 0.943875 0.330281 0 0.963063 0.269188 0 0.980031 0.198719 0 0.9825 0.186125 0 0.990406 0.138094 0 0.992719 0.120156 0 0.996531 0.0826562 0 0.999969 0.00109375 0 0.999781 0.0189375 0 0.9985 -0.0540937 0 0.992969 -0.117969 0 0.929375 -0.369031 0 -0.929375 0.369031 0.175094 -0.9845 -0 0.0416562 -0.999125 -0 0.203125 -0.979125 -0 0.34325 -0.939219 -0 0.359188 -0.933219 -0 0.449844 -0.893031 -0 0.56975 -0.821781 -0 0.50575 -0.862625 -0 0.638969 -0.769188 -0 0.675625 -0.737188 -0 0.7985 -0.601906 -0 0.755188 -0.655438 -0 0.851469 -0.524281 -0 0.889313 -0.457219 -0 0.915531 -0.402156 -0 0.947812 -0.318656 -0 0.962125 -0.272438 -0 0.986094 -0.166063 -0 0.990438 -0.137531 -0 0.986094 0.166063 -0 0.999125 0.0416562 -0 0.979125 0.203125 -0 0.922906 0.384969 -0 0.933219 0.359188 -0 0.862625 0.50575 -0 0.86825 0.496031 -0 0.805313 0.59275 -0 0.769188 0.638969 -0 0.655438 0.755188 -0 0.70575 0.708344 -0 0.593094 0.805094 -0 0.524281 0.851469 -0 0.402156 0.915531 -0 0.476 0.879438 -0 0.34575 0.93825 -0 0.272438 0.962125 -0 0.137531 0.990438 -0 0.17675 0.98425 -0 0 -0.909063 0.416594 0.577344 -0.577344 -0.577344 0 0.158562 -0.987281 0 0.3725 -0.927969 0 -0.0677188 0.997688 0 -0.0929063 0.995656 0 -0.185031 0.982719 0 -0.16875 0.985656 0 -0.268 0.963406 0 -0.275594 0.96125 0 -0.345406 0.938438 0 -0.36375 0.931437 0 -0.420563 0.907219 0 -0.465313 0.885094 0 -0.492938 0.87 0 -0.561063 0.82775 0 -0.562063 0.827031 0 -0.627469 0.778625 0 -0.649844 0.76 0 -0.688688 0.725031 0 -0.730469 0.682844 0 -0.745344 0.666625 0 -0.802063 0.597188 0 -0.797063 0.603813 0 -0.843531 0.537 0 -0.863625 0.504031 0 -0.884438 0.466625 0 -0.914406 0.404656 0 -0.919438 0.393156 0 -0.953844 0.300219 0 -0.948344 0.317094 0 -0.971 0.238937 0 -0.981344 0.192 0 -0.987188 0.159187 0 -0.996625 0.0814063 0 -0.996875 0.0784063 0 -0.999969 -0.002875 0 -0.999531 -0.0300937 0 -0.996406 -0.0841563 0 -0.989906 -0.141375 0 -0.986281 -0.164875 0 -0.969594 -0.244563 0 -0.968 -0.250813 0 -0.9465 -0.322562 0 -0.934 -0.357125 0 -0.917156 -0.398469 0 -0.888406 -0.459031 0 -0.881719 -0.471719 0 -0.831688 -0.555219 0 -0.840406 -0.541875 0 -0.793594 -0.608375 0 -0.767906 -0.6405 0 -0.7415 -0.670875 0 -0.695437 -0.7185 0 -0.684469 -0.728969 0 -0.615125 -0.788375 0 -0.622938 -0.782219 0 -0.557281 -0.830281 0 -0.527844 -0.849281 0 -0.487938 -0.872813 0 -0.464625 -0.8855 0 -0.415344 -0.909625 0 -0.398906 -0.916969 0 -0.402281 -0.915469 -0.420438 0.509 -0.751063 -0.560719 0.485875 -0.670375 -0.822344 0.439375 -0.361469 -0.763094 0.50575 -0.402281 -0.909938 0.412531 -0.041625 -0.944094 0.329188 -0.0162187 -0.638969 0.319469 -0.699719 -0.9125 0.169844 -0.372063 -0.992813 0.119313 -0.00759375 -0.90525 0 0.424844 -0.865969 0.0750313 0.494281 -0.638969 0 0.769188 -0.865969 0.148438 0.477406 -0.865969 0.218469 0.449688 -0.865969 0.2835 0.411813 -0.865969 0.342156 0.364563 -0.865969 0.393 0.309063 -0.865969 0.434938 0.2465 -0.865969 0.467063 0.178406 -0.865969 0.488531 0.10625 -0.865969 0.498969 0.0316875 -0.865969 0.498094 -0.0435625 -0.866 0.485875 -0.117875 -0.865969 0.462656 -0.1895 -0.865969 0.428969 -0.256813 -0.865969 0.3855 -0.318344 -0.866 0.333313 -0.372594 -0.865969 0.273594 -0.418438 -0.5 0.13 0.856188 -0.5 0.257094 0.826906 -0.5 0.378406 0.778969 -0.5 0.491094 0.713313 -0.5 0.592625 0.631469 -0.5 0.68075 0.535281 -0.5 0.753375 0.427 -0.5 0.809 0.309 -0.5 0.846219 0.184031 -0.5 0.86425 0.054875 -0.5 0.862719 -0.0754687 -0.5 0.841563 -0.204156 -0.5 0.801344 -0.328219 -0.5 0.742969 -0.444875 -0.5 0.66775 -0.551406 -0.5 0.577375 -0.645406 -0.5 0.473875 -0.724813 0 0.5895 -0.807719 0 0.31 -0.950719 0 0.247094 -0.968938 0 0.11925 -0.992813 0 0.447906 -0.894 0 0.438563 -0.898656 0 0.188094 -0.982094 0 0.213781 -0.976875 0 -0.0335 -0.999438 0 -0.0753438 -0.997125 0 0.0753438 -0.997125 0 0.0335 -0.999438 0 -0.100813 -0.994875 0 -0.132031 -0.991188 0 -0.357625 -0.933812 0 -0.372281 -0.928062 0 -0.5895 -0.807719 0 -0.266375 -0.963844 0 -0.247094 -0.968938 0 -0.11925 -0.992813 0 0.231906 -0.972719 0 0.90625 0.422688 0 0.956375 0.292031 0 0.43325 0.90125 0 0.470625 0.88225 0 0.58475 0.811156 0 0.609937 0.792406 0 0.776656 0.629875 0 0.786438 0.617594 0 0.914375 0.404719 0 0.712625 0.7015 0 0.698438 0.715594 0 0.599688 0.800188 0.453969 -0.890969 -0 0.412969 -0.910688 -0 0.809 -0.587781 -0 0.758 -0.652219 -0 0.987688 -0.156406 -0 0.951031 0.308969 -0 0.808781 0.588094 -0 0.432594 0.901563 -0 0.308969 0.951031 -0 0.386875 -0.922094 -0 0.789187 -0.614031 -0 0.90525 -0.424844 -0 0.754313 0.656469 -0 0.424844 0.90525 -0 0.414813 0.909844 -0 0.707094 0.182969 -0.683 0.707094 -0.0946563 -0.700719 0.707094 -0.286938 -0.64625 0.707094 -0.357688 -0.609906 0.707094 -0.534844 -0.462438 0.707094 -0.5245 -0.474219 0.707094 -0.655187 -0.265781 0.707094 0.650375 -0.277438 0.707094 0.655187 -0.265781 0.707094 -0.650375 -0.277438 0.707094 0.501906 -0.498031 0.707094 0.490969 -0.508844 0.707094 0.242188 -0.664281 0.707094 0.270875 -0.653125 0.707094 0.0463438 -0.705531 0.707094 -0.182969 -0.683 0.707094 -0.117656 -0.697219 0.707094 0.182969 0.683 0.707094 0.432344 0.559469 0.707094 0.436875 0.555938 0.707094 0.620344 0.339219 0.707094 0.61475 0.349313 0.707094 0.694438 0.133 0.707094 0.6955 0.127375 0.707094 0.700312 -0.0973438 0.707094 0.701937 -0.084875 0.707094 0.414875 0.572563 0.707094 0.444219 0.550125 0.707094 0.407375 0.577906 0.707094 0.348844 0.615 0.707094 0.351719 0.613375 0.707094 0.286938 0.646219 0.707094 0.284531 0.64725 0.0893125 0.701375 -0.707094 0.0972188 0.700375 -0.707094 0.215031 0.673594 -0.707094 0.192625 0.680313 -0.707094 0.284375 0.647344 -0.707094 0.332938 0.623781 -0.707094 0.370688 0.602094 -0.707094 0.405813 0.579 -0.707094 0.444969 0.549469 -0.707094 0.463469 0.534031 -0.707094 0.487281 0.512344 -0.707094 0.543906 0.451813 -0.707094 0.56 0.431688 -0.707094 0.609937 0.357625 -0.707094 0.619 0.341719 -0.707094 0.659906 0.254 -0.707094 0.650375 0.277438 -0.707094 0.68175 0.187469 -0.707094 0.692344 0.143625 -0.707094 0.694219 0.134219 -0.707094 0.703406 0.072125 -0.707094 0.706469 0.0294688 -0.707094 0.700375 -0.0972188 -0.707094 0.695063 -0.129844 -0.707094 0.680313 -0.192625 -0.707094 0.659375 -0.255313 -0.707094 0.647344 -0.284375 -0.707094 0.6125 -0.353281 -0.707094 0.602094 -0.370688 -0.707094 0.551813 -0.442094 -0.707094 0.534031 -0.463469 -0.707094 0.504313 -0.495594 -0.707094 0.451813 -0.543906 -0.707094 0.433031 -0.558906 -0.707094 0.388594 -0.590688 -0.707094 0.357625 -0.609937 -0.707094 0.334688 -0.622813 -0.707094 0.254 -0.659906 -0.707094 0.269344 -0.65375 -0.707094 0.170969 -0.686063 -0.707094 0.143625 -0.692344 -0.707094 0.0690625 -0.703687 -0.707094 0.0294688 -0.706469 -0.707094 0 -0.228156 -0.973594 0 -0.0989062 -0.995031 -0.0662187 -0.131375 -0.989062 -0.344438 0 -0.938781 -0.570188 -0.0885938 -0.816688 -0.566312 -0.179875 -0.80425 -0.552844 -0.272125 -0.787531 -0.524219 -0.363438 -0.770063 -0.478125 -0.448781 -0.754875 -0.415344 -0.524625 -0.743062 -0.3375 -0.588437 -0.734656 -0.248156 -0.63775 -0.729156 -0.151344 -0.670875 -0.725906 -0.0503437 -0.687375 -0.7245 0 -0.689531 -0.724187 0 -0.397875 -0.917406 0 -0.751281 -0.659906 -0.711438 0 -0.702688 -0.937156 0 -0.348781 -0.929313 -0.167063 -0.32925 -0.901 -0.332781 -0.278188 -0.854281 -0.469125 -0.223656 -0.784375 -0.596125 -0.171219 -0.693469 -0.708875 -0.128344 -0.584063 -0.805938 -0.0962187 -0.459625 -0.884969 -0.074125 -0.323344 -0.944313 -0.060125 -0.1805 -0.982156 -0.0523437 -0.0333438 -0.998156 -0.0495313 0 -0.998781 -0.0490313 0 -0.998781 -0.0492813 -0.928688 0.171687 -0.3285 -0.570844 0.0886875 -0.816188 -0.566938 0.180094 -0.803781 -0.910469 0.291656 -0.293 -0.553469 0.272406 -0.787 -0.8815 0.399063 -0.252094 -0.839031 0.501969 -0.209688 -0.524813 0.363875 -0.7695 -0.759438 0.631063 -0.157813 -0.478656 0.44925 -0.75425 -0.658156 0.743906 -0.115719 -0.415781 0.525156 -0.742406 -0.538063 0.8385 -0.0857188 -0.337875 0.589063 -0.734 -0.403469 0.912437 -0.0673125 -0.248406 0.638406 -0.728469 -0.257625 0.964625 -0.0556875 -0.1515 0.671531 -0.72525 -0.10625 0.993031 -0.05 -0.0504063 0.688062 -0.723844 -3.125e-05 0.998781 -0.0483438 0 0.690219 -0.7235 0 0.998781 -0.048875 0 0.998781 -0.0492813 0 0.895688 -0.444594 0 0.6185 -0.785719 -0.0662187 0.131375 -0.989062 6.25e-05 0.372594 -0.927938 -0.360656 0.51525 -0.777438 6.25e-05 0.158719 -0.987281 -0.10175 0.213406 -0.971594 -0.763031 0.505813 -0.402281 -0.547938 0.701844 -0.455063 -0.2725 0.495688 -0.824562 -0.90525 -0.176437 -0.386438 -0.865969 -0.273594 -0.418438 -0.638969 -0.319469 -0.699719 -0.866 -0.333313 -0.372594 -0.865969 -0.3855 -0.318344 -0.865969 -0.428969 -0.256813 -0.865969 -0.462656 -0.1895 -0.866 -0.485875 -0.117875 -0.865969 -0.498094 -0.0435625 -0.865969 -0.498969 0.0316875 -0.865969 -0.488531 0.10625 -0.865969 -0.467063 0.178406 -0.865969 -0.434938 0.2465 -0.865969 -0.393 0.309063 -0.865969 -0.342156 0.364563 -0.865969 -0.2835 0.411813 -0.865969 -0.218469 0.449688 -0.865969 -0.148438 0.477406 -0.865969 -0.0750313 0.494281 -0.5 -0.473875 -0.724813 -0.5 -0.577375 -0.645406 -0.5 -0.66775 -0.551406 -0.5 -0.742969 -0.444875 -0.5 -0.801344 -0.328219 -0.5 -0.841563 -0.204156 -0.5 -0.862719 -0.0754687 -0.5 -0.86425 0.054875 -0.5 -0.846219 0.184031 -0.5 -0.809 0.309 -0.5 -0.753375 0.427 -0.5 -0.68075 0.535281 -0.5 -0.592625 0.631469 -0.5 -0.491094 0.713313 -0.5 -0.378406 0.778969 -0.5 -0.257094 0.826906 -0.5 -0.13 0.856188 -0.638906 0 0.769188 -0.944094 -0.329188 -0.0162187 -0.822344 -0.439375 -0.361469 -0.560719 -0.485875 -0.670375 -0.909938 -0.412531 -0.041625 -0.726188 -0.513563 -0.456969 -0.3645 -0.499813 -0.785656 0.707094 -0.282063 -0.648344 0.707094 -0.327938 -0.626406 0.707094 -0.3285 -0.626094 0.707094 -0.371469 -0.601656 0.707094 -0.372156 -0.601219 -0.764719 0.643531 -0.03175 -0.909938 0.412531 -0.0415625 -0.564875 0.712844 -0.4155 -0.548406 0.701375 -0.455156 -0.405906 0.91275 -0.0450625 0 0.895719 -0.444469 0 0.6185 -0.785688 -0.272438 0.495531 -0.824719 -0.0662187 0.131344 -0.989062 0.0004375 0.983625 -0.179937 -0.707094 0.692656 -0.142125 9.375e-05 0.953969 -0.299688 -0.707094 0.649188 -0.28025 -0.0004375 0.897469 -0.440969 -0.707125 0.594469 -0.382812 -0.00084375 0.786563 -0.617406 -0.707094 0.472156 -0.526281 0 0.546219 -0.837563 -0.383188 0.504531 -0.773625 -0.772313 0.347 -0.532 -0.99275 0.119562 -0.0071875 -0.999969 -3.125e-05 -0 -0.999969 -6.25e-05 -0 -0.999969 -6.25e-05 3.125e-05 -0.999969 -0.000125 9.375e-05 -0.999969 9.375e-05 -0.000125 -0.764719 -0.643531 -0.03175 -0.707313 -0.692438 -0.142063 -0.999969 3.125e-05 -0 -0.999969 0.000125 -0 -0.707313 -0.648969 -0.280156 -0.999969 6.25e-05 3.125e-05 -0.707344 -0.594281 -0.382688 -0.999969 9.375e-05 6.25e-05 -0.707313 -0.472031 -0.526125 -0.999969 -9.375e-05 -0.000125 -0.879344 -0.260031 -0.39875 -0.569781 -0.448813 -0.688344 -0.405906 -0.91275 -0.0450625 -3.125e-05 -0.980469 -0.196406 -3.125e-05 -0.923844 -0.382625 -3.125e-05 -0.841906 -0.5395 0 -0.763563 -0.645688 0 -0.546219 -0.837563 -0.866 0.331031 -0.374656 -0.772438 0.338813 -0.537094 -0.866 0.386875 -0.316656 -0.865969 0.432719 -0.250469 -0.865969 0.467313 -0.17775 -0.865969 0.489781 -0.100406 -0.865969 0.499563 -0.0205313 -0.865969 0.496344 0.059875 -0.865969 0.480344 0.13875 -0.865969 0.451813 0.214031 -0.865969 0.411594 0.283781 -0.866 0.360719 0.346188 -0.865969 0.3005 0.399563 -0.865969 0.232469 0.442625 -0.865969 0.158375 0.474219 -0.865969 0.0801875 0.493469 -0.5 0.573438 -0.648938 -0.383344 0.492594 -0.78125 -0.5 0.670125 -0.5485 -0.5 0.749469 -0.433781 -0.5 0.809438 -0.307875 -0.5 0.848312 -0.173969 -0.5 0.86525 -0.0355938 -0.5 0.859781 0.103719 -0.5 0.831937 0.240344 -0.5 0.782625 0.37075 -0.5 0.712969 0.491562 -0.5 0.624781 0.599594 -0.5 0.520469 0.692156 -0.5 0.402594 0.766688 -0.5 0.274344 0.821375 -0.5 0.138969 0.854781 -0.769188 0 0.638969 0 0.586688 -0.809781 0 0.533281 -0.845906 0 0.662125 -0.749344 0 0.731438 -0.681844 0 0.781906 -0.623281 0 0.827781 -0.560969 0 0.868688 -0.495313 0 0.904375 -0.426688 0 0.934656 -0.3555 0 0.959312 -0.282219 0 0.978281 -0.207219 0 0.991375 -0.130969 0 0.9985 -0.0539375 0 0.999687 0.0233125 0 0.994875 0.100531 0 0.984156 0.177156 0 0.967531 0.252688 0 0.945094 0.326688 0 0.917 0.39875 0 0.883438 0.468469 0 0.844594 0.535344 0 0.800656 0.599063 0 0.751938 0.659156 0 0.698781 0.715281 0 0.641375 0.767156 0 0.580156 0.814438 0 0.5155 0.856875 0 0.447688 0.894156 0 0.37725 0.926094 0 0.304563 0.952469 0 0.230031 0.973156 0 0.154125 0.988031 -0.424844 0 0.90525 0 0.0772813 0.996969 -0.865969 -0.0801875 0.493469 -0.865969 -0.158375 0.474219 -0.865969 -0.232469 0.442625 -0.865969 -0.3005 0.399563 -0.866 -0.360719 0.346188 -0.865969 -0.411594 0.283781 -0.865969 -0.451813 0.214031 -0.865969 -0.480344 0.13875 -0.865969 -0.496344 0.059875 -0.865969 -0.499563 -0.0205313 -0.865969 -0.489781 -0.100406 -0.865969 -0.467313 -0.17775 -0.865969 -0.432719 -0.250469 -0.866 -0.386875 -0.316656 -0.999969 3.125e-05 3.125e-05 -0.866 -0.331031 -0.374656 -0.879469 -0.253844 -0.402438 -0.499938 -0.138969 0.854781 -0.499938 -0.274344 0.821375 -0.499938 -0.402594 0.766688 -0.499938 -0.520469 0.692156 -0.499938 -0.624781 0.599594 -0.499938 -0.712969 0.491562 -0.499938 -0.782625 0.37075 -0.499938 -0.832 0.240344 -0.499938 -0.859781 0.103719 -0.499938 -0.86525 -0.0355938 -0.499938 -0.848312 -0.173969 -0.499938 -0.809438 -0.307875 -0.499938 -0.749531 -0.433781 -0.499938 -0.670125 -0.5485 -0.499938 -0.573438 -0.648938 -0.569969 -0.43825 -0.694969 0 -0.0644063 0.997906 0 -0.160469 0.987 0 -0.255031 0.966875 0 -0.329031 0.944313 0 -0.401031 0.916 0 -0.470625 0.882281 0 -0.537406 0.843281 0 -0.601 0.799219 0 -0.660937 0.750344 0 -0.717 0.697031 0 -0.768719 0.639531 0 -0.815844 0.578219 0 -0.858094 0.513406 0 -0.89525 0.4455 0 -0.926969 0.375 0 -0.953219 0.302219 0 -0.973719 0.227625 0 -0.988375 0.151719 0 -0.997156 0.0748125 0 -0.999969 -0.002375 0 -0.996813 -0.0796563 0 -0.987625 -0.156469 0 -0.972562 -0.232344 0 -0.951688 -0.306844 0 -0.925125 -0.3795 0 -0.893031 -0.449906 0 -0.855594 -0.517563 0 -0.813031 -0.582125 0 -0.765625 -0.64325 0 -0.713562 -0.7005 0 -0.657313 -0.753563 0 -0.533281 -0.845906 0 -0.597094 -0.802094 0 -0.337219 -0.941406 0 -0.35025 -0.936625 0 -0.78025 -0.625406 0 -0.801219 -0.598281 0 -0.9985 -0.0541563 0 -0.990531 -0.137156 0 -0.968094 0.250531 0 -0.943812 0.330344 0 -0.667094 0.744906 0 -0.580938 0.813906 0 -0.144438 0.989469 0 0.337219 0.941406 0 0.35025 0.936625 0 0.78025 0.625406 0 0.801219 0.598281 0 0.9985 0.0541563 0 0.990531 0.137156 0 0.968094 -0.250531 0 0.943812 -0.330344 0 0.667094 -0.744906 0 0.580938 -0.813906 0 0.144438 -0.989469 0 0.909063 0.416594 -0.879656 -0.475563 -0 -0.813906 -0.580938 -0 -0.610531 -0.791969 -0 -0.330344 -0.943812 -0 -0.114312 -0.993438 -0 0.131969 -0.991219 -0 0.327031 -0.944969 -0 0.56575 -0.824531 -0 0.746938 -0.664813 -0 0.884063 -0.467313 -0 0.970563 -0.240781 -0 0.879094 0.476594 -0 0.813906 0.580938 -0 0.609906 0.792406 -0 0.330344 0.943812 -0 0.113781 0.993469 -0 -0.131969 0.991219 -0 -0.327344 0.944875 -0 -0.56575 0.824531 -0 -0.747187 0.6645 -0 -0.884063 0.467313 -0 -0.970563 0.240719 -0 0.577344 0.577344 -0.577344 -0.706875 -0.661 -0.251656 -0.726188 -0.513563 -0.456906 -0.360438 -0.515063 -0.777625 -0.414688 -0.646219 -0.640625 -0.101719 -0.213344 -0.971656 -0.364469 -0.499813 -0.785656 3.125e-05 -0.228219 -0.973594 -0.0001875 -0.098875 -0.995094 -0.564875 -0.712844 -0.4155 -0.414594 -0.647 -0.639844 -0.706813 -0.661125 -0.2515 0 -0.398219 -0.917281 -0.0662187 -0.131344 -0.989062 -0.909938 -0.412531 -0.0415625 0 -0.763844 -0.645375 9.375e-05 -0.8255 -0.564344 0 -0.546188 -0.837656 -0.00021875 -0.8255 -0.564344 -3.125e-05 -0.546281 -0.837563 -0.0491875 -0.822438 -0.566688 -0.00178125 -0.543688 -0.83925 -0.119938 -0.805531 -0.580187 -0.003625 -0.535563 -0.844406 -0.00540625 -0.522344 -0.852656 -0.187344 -0.773875 -0.604906 -0.00721875 -0.505188 -0.862938 -0.267406 -0.708219 -0.653313 -0.00925 -0.481594 -0.876281 -0.0118438 -0.446312 -0.894719 -0.332125 -0.613719 -0.716219 -0.0141563 -0.411375 -0.911313 -0.0175938 -0.356375 -0.934125 -0.376406 -0.489625 -0.786438 -0.0221562 -0.271469 -0.962125 -0.398594 -0.3395 -0.851906 -0.025 -0.207219 -0.977938 -0.404 -0.172906 -0.898219 -0.0270313 -0.142312 -0.989438 -0.0284375 -0.0738125 -0.996844 -0.0289687 -3.125e-05 -0.999563 -0.50475 -3.125e-05 -0.863187 -3.125e-05 -0.841531 -0.540125 -3.125e-05 -0.923906 -0.382531 0.0001875 -0.93925 -0.343094 -0.00053125 -0.939313 -0.342969 -0.0763438 -0.935219 -0.345594 -0.185687 -0.914813 -0.358531 -0.290781 -0.876625 -0.383188 -0.416219 -0.798156 -0.435469 -0.518 -0.686719 -0.509875 -0.587 -0.54275 -0.600688 -0.618906 -0.371906 -0.69175 -0.623 -0.187094 -0.7595 -0.769531 0 -0.638563 0.000125 -0.983312 -0.181688 -0.00040625 -0.983375 -0.181375 -0.0923125 -0.978594 -0.183781 -0.226094 -0.954625 -0.193625 -0.354219 -0.910594 -0.212781 -0.508906 -0.821938 -0.255563 -0.638031 -0.70025 -0.320125 -0.73175 -0.548344 -0.404719 -0.783406 -0.372875 -0.497156 -0.798813 -0.1865 -0.571813 -0.323344 -0.944313 -0.0601562 -0.584063 -0.805969 -0.0962187 -0.693563 -0.708844 -0.128344 -0.78425 -0.596313 -0.17125 -0.929344 -0.166875 -0.32925 -0.404 0.172906 -0.898219 -0.0283125 0.0632813 -0.997594 -0.0289687 3.125e-05 -0.999563 -0.0264688 0.136281 -0.990313 -0.398594 0.3395 -0.851906 -0.0254375 0.172813 -0.984594 -0.023 0.240031 -0.970469 -0.376406 0.489625 -0.786438 -0.0199375 0.309938 -0.9505 -0.0155938 0.389531 -0.920875 -0.332125 0.613719 -0.716219 -0.0122813 0.441063 -0.897344 -0.267406 0.708219 -0.653313 -0.00925 0.483344 -0.875313 -0.187344 0.773875 -0.604906 -0.00634375 0.515375 -0.856875 -0.119938 0.805531 -0.580187 -0.00346875 0.537531 -0.843188 -0.0491875 0.822438 -0.566688 -3.125e-05 0.546281 -0.837563 -0.00021875 0.825469 -0.564406 0 0.546438 -0.837438 9.375e-05 0.8255 -0.564344 0 0.546219 -0.837625 -3.125e-05 0.787063 -0.616844 -3.125e-05 0.897531 -0.440906 -0.50475 3.125e-05 -0.863187 -0.622938 0.187094 -0.759531 -0.618875 0.371906 -0.691813 -0.586906 0.542719 -0.60075 -0.518 0.686688 -0.509969 -0.416156 0.798156 -0.435531 -0.290781 0.876625 -0.383219 -0.185687 0.914813 -0.358594 -0.0763438 0.935219 -0.345625 -0.00053125 0.939313 -0.343031 0.0001875 0.939219 -0.343125 -3.125e-05 0.954 -0.299625 -0.798719 0.1865 -0.571938 -0.783281 0.372875 -0.497281 -0.731656 0.548344 -0.404875 -0.638 0.70025 -0.32025 -0.508875 0.821938 -0.255688 -0.354156 0.910563 -0.212906 -0.226063 0.954625 -0.193687 -0.0923125 0.978594 -0.183906 -0.00040625 0.983375 -0.1815 0.000125 0.983281 -0.18175 -3.125e-05 0.983625 -0.179937 -0.928906 0.1715 -0.328125 -0.910563 0.291656 -0.292844 -0.881406 0.399063 -0.252469 -0.838969 0.501938 -0.210063 -0.759438 0.631156 -0.157281 -0.658094 0.743813 -0.11625 -0.537969 0.838406 -0.0868125 -0.403469 0.9125 -0.0673437 -0.257594 0.964625 -0.0559063 -0.106281 0.993031 -0.0503125 -3.125e-05 0.998781 -0.0489688 0 0.998781 -0.0490625 0 0.0784063 -0.996875 0 0.060125 -0.998156 0 0.129688 -0.991531 0 0.195063 -0.980781 0 0.164813 -0.986313 0 0.229594 -0.973281 0 0.297781 -0.954625 0 0.382625 -0.923844 0 0.376281 -0.9265 0 0.427656 -0.903875 0 0.469938 -0.882688 0 0.522438 -0.852625 0 0.502156 -0.86475 0 0.524469 -0.851406 0 0.649406 -0.760375 0 0.760375 -0.649406 0 0.852625 -0.522438 0 0.923844 -0.382625 0 0.972313 -0.233406 0 0.996875 -0.0784063 0 0.996875 0.0784063 0 0.972313 0.233406 0 0.923844 0.382625 0 0.852625 0.522438 0 0.760375 0.649406 0 0.649406 0.760375 0 0.522438 0.852625 0 0.382625 0.923844 0 0.233406 0.972313 0 0.1175 0.993031 0 -0.0784063 0.996875 0 -0.195063 0.980781 0 -0.382625 0.923844 0 -0.522438 0.852625 0 -0.649406 0.760375 0 -0.760375 0.649406 0 -0.852625 0.522438 0 -0.923844 0.382625 0 -0.972313 0.233406 0 -0.996875 -0.0784063 0 -0.972313 -0.233406 0 -0.923844 -0.382625 0 -0.852625 -0.522438 0 -0.760375 -0.649406 0 -0.649406 -0.760375 0 -0.522438 -0.852625 0 -0.530688 -0.847531 0 -0.522656 -0.852531 0 -0.509406 -0.860469 0 -0.492125 -0.8705 0 -0.468313 -0.883531 0 -0.433031 -0.901344 0 -0.382625 -0.923844 0 -0.398094 -0.917313 0 -0.343344 -0.939188 0 -0.259969 -0.965594 0 -0.233406 -0.972313 0 -0.197781 -0.980219 0 -0.135281 -0.99075 0 -0.1175 -0.993031 0 -0.0701875 -0.9975 0 0.0178125 -0.999781 0 0.0149688 -0.999875 0 0.01875 -0.999781 0 0.0125625 -0.999875 0 0.00896875 -0.999906 0 0.0045 -0.999969 0 -0.0045 -0.999969 0 -0.00896875 -0.999906 0 -0.0125625 -0.999875 0 -0.0149688 -0.999875 0 -0.0178125 -0.999781 0 -0.01875 -0.999781 -0.707094 0 -0.707094 -0.707094 0.0554375 -0.704875 -0.707094 0.07975 -0.702563 -0.707094 0.137938 -0.693469 -0.707094 0.158531 -0.689094 -0.707094 0.2185 -0.672437 -0.707094 0.235313 -0.66675 -0.707094 0.270594 -0.653281 -0.707094 0.309063 -0.635938 -0.707094 0.321 -0.63 -0.707094 0.369406 -0.602875 -0.707094 0.378844 -0.597 -0.707094 0.415625 -0.572031 -0.707094 0.443844 -0.550438 -0.707094 0.459188 -0.537656 -0.707094 0.5 -0.5 -0.707094 0.503125 -0.496844 -0.707094 0.537656 -0.459188 -0.707094 0.555969 -0.436844 -0.707094 0.572031 -0.415625 -0.707094 0.601687 -0.371344 -0.707094 0.602875 -0.369406 -0.707094 0.63 -0.321 -0.707094 0.63975 -0.301031 -0.707094 0.653281 -0.270594 -0.707094 0.669688 -0.226938 -0.707094 0.672437 -0.2185 -0.707094 0.691031 -0.149875 -0.707094 0.687563 -0.165063 -0.707094 0.698344 -0.110594 -0.707094 0.703531 -0.0709063 -0.707094 0.704875 -0.0554375 -0.707094 0.707031 0.008875 -0.707094 0.707094 -0 -0.707094 0.704875 0.0554375 -0.707094 0.701469 0.0885938 -0.707094 0.698344 0.110594 -0.707094 0.687563 0.165063 -0.707094 0.687031 0.167187 -0.707094 0.672437 0.2185 -0.707094 0.66375 0.243656 -0.707094 0.653281 0.270594 -0.707094 0.632031 0.317031 -0.707094 0.63 0.321 -0.707094 0.602875 0.369406 -0.707094 0.592219 0.386313 -0.707094 0.572031 0.415625 -0.707094 0.544813 0.450719 -0.707094 0.537656 0.459188 -0.707094 0.5 0.5 -0.707094 0.490438 0.509313 -0.707094 0.459188 0.537656 -0.707094 0.429844 0.561406 -0.707094 0.415625 0.572031 -0.707094 0.369406 0.602875 -0.707094 0.36375 0.606313 -0.707094 0.321 0.63 -0.707094 0.293 0.643531 -0.707094 0.270594 0.653281 -0.707094 0.222687 0.671094 -0.707094 0.2185 0.672437 -0.707094 0.165063 0.687563 -0.707094 0.149875 0.691031 -0.707094 0.0830625 0.702156 -0.707094 0.0753438 0.703031 -0.707094 0 0.707094 -0.707094 -0.0554375 0.704875 -0.707094 -0.07975 0.702563 -0.707094 -0.137938 0.693469 -0.707094 -0.158531 0.689094 -0.707094 -0.2185 0.672437 -0.707094 -0.235313 0.66675 -0.707094 -0.270594 0.653281 -0.707094 -0.309063 0.635938 -0.707094 -0.321 0.63 -0.707094 -0.369406 0.602875 -0.707094 -0.378844 0.597 -0.707094 -0.415625 0.572031 -0.707094 -0.443844 0.550438 -0.707094 -0.459188 0.537656 -0.707094 -0.5 0.5 -0.707094 -0.503125 0.496844 -0.707094 -0.537656 0.459188 -0.707094 -0.555969 0.436844 -0.707094 -0.572031 0.415625 -0.707094 -0.601687 0.371344 -0.707094 -0.602875 0.369406 -0.707094 -0.63 0.321 -0.707094 -0.63975 0.301031 -0.707094 -0.653281 0.270594 -0.707094 -0.669688 0.226938 -0.707094 -0.672437 0.2185 -0.707094 -0.691031 0.149875 -0.707094 -0.687563 0.165063 -0.707094 -0.698344 0.110594 -0.707094 -0.703531 0.0709063 -0.707094 -0.704875 0.0554375 -0.707094 -0.707031 -0.008875 -0.707094 -0.707094 -0 -0.707094 -0.704875 -0.0554375 -0.707094 -0.701469 -0.0885938 -0.707094 -0.698344 -0.110594 -0.707094 -0.687563 -0.165063 -0.707094 -0.687031 -0.167187 -0.707094 -0.672437 -0.2185 -0.707094 -0.66375 -0.243656 -0.707094 -0.653281 -0.270594 -0.707094 -0.632031 -0.317031 -0.707094 -0.63 -0.321 -0.707094 -0.602875 -0.369406 -0.707094 -0.592219 -0.386313 -0.707094 -0.572031 -0.415625 -0.707094 -0.544813 -0.450719 -0.707094 -0.537656 -0.459188 -0.707094 -0.5 -0.5 -0.707094 -0.490438 -0.509313 -0.707094 -0.459188 -0.537656 -0.707094 -0.429844 -0.561406 -0.707094 -0.415625 -0.572031 -0.707094 -0.369406 -0.602875 -0.707094 -0.36375 -0.606313 -0.707094 -0.321 -0.63 -0.707094 -0.293 -0.643531 -0.707094 -0.270594 -0.653281 -0.707094 -0.222687 -0.671094 -0.707094 -0.2185 -0.672437 -0.707094 -0.165063 -0.687563 -0.707094 -0.149875 -0.691031 -0.707094 -0.0830625 -0.702156 -0.707094 -0.0753438 -0.703031</float_array>
					<technique_common>
						<accessor count="1631" source="#ID18" stride="3">
							<param name="X" type="float"/>
							<param name="Y" type="float"/>
							<param name="Z" type="float"/>
						</accessor>
					</technique_common>
				</source>
				<source id="ID19">
					<float_array id="ID20" count="2" digits="2490374">0 1</float_array>
					<technique_common>
						<accessor count="1" source="#ID20" stride="2">
							<param name="S" type="float"/>
							<param name="T" type="float"/>
						</accessor>
					</technique_common>
				</source>
				<vertices id="ID21">
					<input semantic="POSITION" source="#ID15"/>
				</vertices>
				<polylist count="3540">
					<input offset="0" semantic="VERTEX" source="#ID21" set="0"/>
					<input offset="1" semantic="NORMAL" source="#ID17" set="0"/>
					<input offset="2" semantic="TEXCOORD" source="#ID19" set="0"/>
					<vcount>3 3 3 3 3 3 3 3 3 3 3 3 3 3 3 3 3 3 3 3 3 3 3 3 3 3 3 3 3 3 3 3 3 3 3 3 3 3 3 3 3 3 3 3 3 3 3 3 3 3 3 3 3 3 3 3 3 3 3 3 3 3 3 3 3 3 3 3 3 3 3 3 3 3 3 3 3 3 3 3 3 3 3 3 3 3 3 3 3 3 3 3 3 3 3 3 3 3 3 3 3 3 3 3 3 3 3 3 3 3 3 3 3 3 3 3 3 3 3 3 3 3 3 3 3 3 3 3 3 3 3 3 3 3 3 3 3 3 3 3 3 3 3 3 3 3 3 3 3 3 3 3 3 3 3 3 3 3 3 3 3 3 3 3 3 3 3 3 3 3 3 3 3 3 3 3 3 3 3 3 3 3 3 3 3 3 3 3 3 3 3 3 3 3 3 3 3 3 3 3 3 3 3 3 3 3 3 3 3 3 3 3 3 3 3 3 3 3 3 3 3 3 3 3 3 3 3 3 3 3 3 3 3 3 3 3 3 3 3 3 3 3 3 3 3 3 3 3 3 3 3 3 3 3 3 3 3 3 3 3 3 3 3 3 3 3 3 3 3 3 3 3 3 3 3 3 3 3 3 3 3 3 3 3 3 3 3 3 3 3 3 3 3 3 3 3 3 3 3 3 3 3 3 3 3 3 3 3 3 3 3 3 3 3 3 3 3 3 3 3 3 3 3 3 3 3 3 3 3 3 3 3 3 3 3 3 3 3 3 3 3 3 3 3 3 3 3 3 3 3 3 3 3 3 3 3 3 3 3 3 3 3 3 3 3 3 3 3 3 3 3 3 3 3 3 3 3 3 3 3 3 3 3 3 3 3 3 3 3 3 3 3 3 3 3 3 3 3 3 3 3 3 3 3 3 3 3 3 3 3 3 3 3 3 3 3 3 3 3 3 3 3 3 3 3 3 3 3 3 3 3 3 3 3 3 3 3 3 3 3 3 3 3 3 3 3 3 3 3 3 3 3 3 3 3 3 3 3 3 3 3 3 3 3 3 3 3 3 3 3 3 3 3 3 3 3 3 3 3 3 3 3 3 3 3 3 3 3 3 3 3 3 3 3 3 3 3 3 3 3 3 3 3 3 3 3 3 3 3 3 3 3 3 3 3 3 3 3 3 3 3 3 3 3 3 3 3 3 3 3 3 3 3 3 3 3 3 3 3 3 3 3 3 3 3 3 3 3 3 3 3 3 3 3 3 3 3 3 3 3 3 3 3 3 3 3 3 3 3 3 3 3 3 3 3 3 3 3 3 3 3 3 3 3 3 3 3 3 3 3 3 3 3 3 3 3 3 3 3 3 3 3 3 3 3 3 3 3 3 3 3 3 3 3 3 3 3 3 3 3 3 3 3 3 3 3 3 3 3 3 3 3 3 3 3 3 3 3 3 3 3 3 3 3 3 3 3 3 3 3 3 3 3 3 3 3 3 3 3 3 3 3 3 3 3 3 3 3 3 3 3 3 3 3 3 3 3 3 3 3 3 3 3 3 3 3 3 3 3 3 3 3 3 3 3 3 3 3 3 3 3 3 3 3 3 3 3 3 3 3 3 3 3 3 3 3 3 3 3 3 3 3 3 3 3 3 3 3 3 3 3 3 3 3 3 3 3 3 3 3 3 3 3 3 3 3 3 3 3 3 3 3 3 3 3 3 3 3 3 3 3 3 3 3 3 3 3 3 3 3 3 3 3 3 3 3 3 3 3 3 3 3 3 3 3 3 3 3 3 3 3 3 3 3 3 3 3 3 3 3 3 3 3 3 3 3 3 3 3 3 3 3 3 3 3 3 3 3 3 3 3 3 3 3 3 3 3 3 3 3 3 3 3 3 3 3 3 3 3 3 3 3 3 3 3 3 3 3 3 3 3 3 3 3 3 3 3 3 3 3 3 3 3 3 3 3 3 3 3 3 3 3 3 3 3 3 3 3 3 3 3 3 3 3 3 3 3 3 3 3 3 3 3 3 3 3 3 3 3 3 3 3 3 3 3 3 3 3 3 3 3 3 3 3 3 3 3 3 3 3 3 3 3 3 3 3 3 3 3 3 3 3 3 3 3 3 3 3 3 3 3 3 3 3 3 3 3 3 3 3 3 3 3 3 3 3 3 3 3 3 3 3 3 3 3 3 3 3 3 3 3 3 3 3 3 3 3 3 3 3 3 3 3 3 3 3 3 3 3 3 3 3 3 3 3 3 3 3 3 3 3 3 3 3 3 3 3 3 3 3 3 3 3 3 3 3 3 3 3 3 3 3 3 3 3 3 3 3 3 3 3 3 3 3 3 3 3 3 3 3 3 3 3 3 3 3 3 3 3 3 3 3 3 3 3 3 3 3 3 3 3 3 3 3 3 3 3 3 3 3 3 3 3 3 3 3 3 3 3 3 3 3 3 3 3 3 3 3 3 3 3 3 3 3 3 3 3 3 3 3 3 3 3 3 3 3 3 3 3 3 3 3 3 3 3 3 3 3 3 3 3 3 3 3 3 3 3 3 3 3 3 3 3 3 3 3 3 3 3 3 3 3 3 3 3 3 3 3 3 3 3 3 3 3 3 3 3 3 3 3 3 3 3 3 3 3 3 3 3 3 3 3 3 3 3 3 3 3 3 3 3 3 3 3 3 3 3 3 3 3 3 3 3 3 3 3 3 3 3 3 3 3 3 3 3 3 3 3 3 3 3 3 3 3 3 3 3 3 3 3 3 3 3 3 3 3 3 3 3 3 3 3 3 3 3 3 3 3 3 3 3 3 3 3 3 3 3 3 3 3 3 3 3 3 3 3 3 3 3 3 3 3 3 3 3 3 3 3 3 3 3 3 3 3 3 3 3 3 3 3 3 3 3 3 3 3 3 3 3 3 3 3 3 3 3 3 3 3 3 3 3 3 3 3 3 3 3 3 3 3 3 3 3 3 3 3 3 3 3 3 3 3 3 3 3 3 3 3 3 3 3 3 3 3 3 3 3 3 3 3 3 3 3 3 3 3 3 3 3 3 3 3 3 3 3 3 3 3 3 3 3 3 3 3 3 3 3 3 3 3 3 3 3 3 3 3 3 3 3 3 3 3 3 3 3 3 3 3 3 3 3 3 3 3 3 3 3 3 3 3 3 3 3 3 3 3 3 3 3 3 3 3 3 3 3 3 3 3 3 3 3 3 3 3 3 3 3 3 3 3 3 3 3 3 3 3 3 3 3 3 3 3 3 3 3 3 3 3 3 3 3 3 3 3 3 3 3 3 3 3 3 3 3 3 3 3 3 3 3 3 3 3 3 3 3 3 3 3 3 3 3 3 3 3 3 3 3 3 3 3 3 3 3 3 3 3 3 3 3 3 3 3 3 3 3 3 3 3 3 3 3 3 3 3 3 3 3 3 3 3 3 3 3 3 3 3 3 3 3 3 3 3 3 3 3 3 3 3 3 3 3 3 3 3 3 3 3 3 3 3 3 3 3 3 3 3 3 3 3 3 3 3 3 3 3 3 3 3 3 3 3 3 3 3 3 3 3 3 3 3 3 3 3 3 3 3 3 3 3 3 3 3 3 3 3 3 3 3 3 3 3 3 3 3 3 3 3 3 3 3 3 3 3 3 3 3 3 3 3 3 3 3 3 3 3 3 3 3 3 3 3 3 3 3 3 3 3 3 3 3 3 3 3 3 3 3 3 3 3 3 3 3 3 3 3 3 3 3 3 3 3 3 3 3 3 3 3 3 3 3 3 3 3 3 3 3 3 3 3 3 3 3 3 3 3 3 3 3 3 3 3 3 3 3 3 3 3 3 3 3 3 3 3 3 3 3 3 3 3 3 3 3 3 3 3 3 3 3 3 3 3 3 3 3 3 3 3 3 3 3 3 3 3 3 3 3 3 3 3 3 3 3 3 3 3 3 3 3 3 3 3 3 3 3 3 3 3 3 3 3 3 3 3 3 3 3 3 3 3 3 3 3 3 3 3 3 3 3 3 3 3 3 3 3 3 3 3 3 3 3 3 3 3 3 3 3 3 3 3 3 3 3 3 3 3 3 3 3 3 3 3 3 3 3 3 3 3 3 3 3 3 3 3 3 3 3 3 3 3 3 3 3 3 3 3 3 3 3 3 3 3 3 3 3 3 3 3 3 3 3 3 3 3 3 3 3 3 3 3 3 3 3 3 3 3 3 3 3 3 3 3 3 3 3 3 3 3 3 3 3 3 3 3 3 3 3 3 3 3 3 3 3 3 3 3 3 3 3 3 3 3 3 3 3 3 3 3 3 3 3 3 3 3 3 3 3 3 3 3 3 3 3 3 3 3 3 3 3 3 3 3 3 3 3 3 3 3 3 3 3 3 3 3 3 3 3 3 3 3 3 3 3 3 3 3 3 3 3 3 3 3 3 3 3 3 3 3 3 3 3 3 3 3 3 3 3 3 3 3 3 3 3 3 3 3 3 3 3 3 3 3 3 3 3 3 3 3 3 3 3 3 3 3 3 3 3 3 3 3 3 3 3 3 3 3 3 3 3 3 3 3 3 3 3 3 3 3 3 3 3 3 3 3 3 3 3 3 3 3 3 3 3 3 3 3 3 3 3 3 3 3 3 3 3 3 3 3 3 3 3 3 3 3 3 3 3 3 3 3 3 3 3 3 3 3 3 3 3 3 3 3 3 3 3 3 3 3 3 3 3 3 3 3 3 3 3 3 3 3 3 3 3 3 3 3 3 3 3 3 3 3 3 3 3 3 3 3 3 3 3 3 3 3 3 3 3 3 3 3 3 3 3 3 3 3 3 3 3 3 3 3 3 3 3 3 3 3 3 3 3 3 3 3 3 3 3 3 3 3 3 3 3 3 3 3 3 3 3 3 3 3 3 3 3 3 3 3 3 3 3 3 3 3 3 3 3 3 3 3 3 3 3 3 3 3 3 3 3 3 3 3 3 3 3 3 3 3 3 3 3 3 3 3 3 3 3 3 3 3 3 3 3 3 3 3 3 3 3 3 3 3 3 3 3 3 3 3 3 3 3 3 3 3 3 3 3 3 3 3 3 3 3 3 3 3 3 3 3 3 3 3 3 3 3 3 3 3 3 3 3 3 3 3 3 3 3 3 3 3 3 3 3 3 3 3 3 3 3 3 3 3 3 3 3 3 3 3 3 3 3 3 3 3 3 3 3 3 3 3 3 3 3 3 3 3 3 3 3 3 3 3 3 3 3 3 3 3 3 3 3 3 3 3 3 3 3 3 3 3 3 3 3 3 3 3 3 3 3 3 3 3 3 3 3 3 3 3 3 3 3 3 3 3 3 3 3 3 3 3 3 3 3 3 3 3 3 3 3 3 3 3 3 3 3 3 3 3 3 3 3 3 3 3 3 3 3 3 3 3 3 3 3 3 3 3 3 3 3 3 3 3 3 3 3 3 3 3 3 3 3 3 3 3 3 3 3 3 3 3 3 3 3 3 3 3 3 3 3 3 3 3 3 3 3 3 3 3 3 3 3 3 3 3 3 3 3 3 3 3 3 3 3 3 3 3 3 3 3 3 3 3 3 3 3 3 3 3 3 3 3 3 3 3 3 3 3 3 3 3 3 3 3 3 3 3 3 3 3 3 3 3 3 3 3 3 3 3 3 3 3 3 3 3 3 3 3 3 3 3 3 3 3 3 3 3 3 3 3 3 3 3 3 3 3 3 3 3 3 3 3 3 3 3 3 3 3 3 3 3 3 3 3 3 3 3 3 3 3 3 3 3 3 3 3 3 3 3 3 3 3 3 3 3 3 3 3 3 3 3 3 3 3 3 3 3 3 3 3 3 3 3 3 3 3 3 3 3 3 3 3 3 3 3 3 3 3 3 3 3 3 3 3 3 3 3 3 3 3 3 3 3 3 3 3 3 3 3 3 3 3 3 3 3 3 3 3 3 3 3 3 3 3 3 3 3 3 3 3 3 3 3 3 3 3 3 3 3 3 3 3 3 3 3 3 3 3 3 3 3 3 3 3 3 3 3 3 3 3 3 3 3 3 3 3 3 3 3 3 3 3 3 3 3 3 3 3 3 3 3 3 3 3 3 3 3 3 3 3 3 3 3 3 3 3 3 3 3 3 3 3 3 3 3 3 3 3 3 3 3 3 3 3 3 3 3 3 3 3 3 3 3 3 3 3 3 3 3 3 3 3 3 3 3 3 3 3 3 3 3 3 3 3 3 3 3 3 3 3 3 3 3 3 3 3 3 3 3 3 3 3 3 3 3 3 3 3 3 3 3 3 3 3 3 3 3 3 3 3 3 3 3 3 3 3 3 3 3 3 3 3 3 3 3 3 3 3 3 3 3 3 3 3 3 3 3 3 3 3 3 3 3 3 3 3 3 3 3 3 3 3 3 3 3 3 3 3 3 3 3 3 3 3 3 3 3 3 3 3 3 3 3 3 3 3 3 3 3 3 3 3 3 3 3 3 3 3 3 3 3 3 3 3 3 3 3 3 3 3 3 3 3 3 3 3 3 3 3 3 3 3 3 3 3 3 3 3 3 3 3 3 3 3 3 3 3 3 3 3 3 3 3 3 3 3 3 3 3 3 3 3 3 3 3 3 3 3 3 3 3 3 3 3 3 3 3 3 3 3 3 3 3 3 3 3 3 3 3 3 3 3 3 3 3 3 3 3 3 3 3 3 3 3 3 3 3 3 3 3 3 3 3 3 3 3 3 3 3 3 3 3 3 3 3 3 3 3 3 3 3 3 3 3 3 3 3 3 3 3 3 3 3 3 3 3 3 3 3 3 3 3 3 3 3 3 3 3 3 3 3 3 3 3 3 3 3 3 3 3 3 3 3 3 3 3 3 3 3 3 3 3 3 3 3 3 3 3 3 3 3 3 3 3 3 3 3 3 3 3 3 3 3 3 3 3 3 3 3 3 3 3 3 3 3 3 3 3 3 3 3 3 3 3 3 3 3 3 3 3 3 3 3 3 3 3 3 3 3 3 3 3 3 3 3 3 3 3 3 3 3 3 3 3 3 3 3 3 3 3 3 3 3 3 3 3 3 3 3 3 3 3 3 3 3 3 3 3 3 3 3 3 3 3 3 3 3 3 3 3 3 3 3 3 3 3 3 3 3 3 3 3 3 3 3 3 3 3 3 3 3 3 3 3 3 3 3 3 3 3 3 3 3 3 3 3 3 3 3 3 3 3 3 3 3 3 3 3 3 3 3 3 3 3 3 3 3 3 3 3 3 3 3 3 3 3 3 3 3 3 3 3 3 3 3 3 3 3 3 3 3 3 3 3 3 3 3 3 3 3 3 3 3 3 3 3 3 3 3 3 3 3 3 3 3 3 3 3 3 3 3 3 3 3 3 3 3 3 3 3 3 3 3 3 3 3 3 3 3 3 3 3 3 3 3 3 3 3 3 3 3 3 3 3 3 3 3 3 3 3 3 3 3 3 3 3 3 3 3 3 3 3 3 3 3 3 3 3 3 3 3 3 3 3 3 3 3 3 3 3 3 3 3 3 3 3 3 3 3 3 3 3 3 3 3 3 3 3 3 3 3 3 3 3 3 3 3 3 3 3 3 3 3 3 3 3 3 3 3 3 3 3 3 3 3 3 3 3 3 3 3 3 3 3 3 3 3 3 3 3 3 3 3 3 3 3 3 3 3 3 3 3 3 3 3 3 3 3 3 3 3 3 3 3 3 3 3 3 3 3 3 3 3 3 3 3 3 3 3 3 3 3 3 3 3 3 3 3 3 3 3 3 3 3 3 3 3 3 3 3 3 3 3 3 3 3 3 3 3 3 3 3 3 3 3 3 3 3 3 3 3 3 3 3 3 3 3 3 3 3 3 3 3 3 3 3 3 3 3 3 3 3 3 3 3 3 3 3 3 3 3 3 3 3 3 3 3 3 3 3 3 3 3 3 3 3 3 3 3 3 3 3 3 3 3 3 3 3 3 3 3 3</vcount>
					<p>16 0 0 2 1 0 0 0 0 0 0 0 2 1 0 52 2 0 52 2 0 2 1 0 41 3 0 2 1 0 14 3 0 41 3 0 8 0 0 16 0 0 85 0 0 8 0 0 85 0 0 7 0 0 85 0 0 16 0 0 0 0 0 176 5 0 16 4 0 81 4 0 2 5 0 16 4 0 176 5 0 92 6 0 2 5 0 176 5 0 14 6 0 2 5 0 92 6 0 23 7 0 24 8 0 1222 7 0 1222 7 0 24 8 0 387 9 0 387 9 0 24 8 0 20 9 0 20 9 0 24 8 0 103 10 0 104 11 0 103 10 0 24 8 0 425 12 0 104 11 0 24 8 0 104 11 0 425 12 0 48 13 0 48 13 0 425 12 0 424 14 0 27 15 0 48 13 0 424 14 0 27 15 0 47 16 0 48 13 0 47 16 0 27 15 0 46 17 0 28 18 0 46 17 0 27 15 0 28 18 0 45 19 0 46 17 0 421 20 0 45 19 0 28 18 0 45 19 0 421 20 0 44 21 0 44 21 0 421 20 0 420 22 0 419 23 0 44 21 0 420 22 0 44 21 0 419 23 0 43 24 0 43 24 0 419 23 0 418 25 0 14 3 0 43 24 0 418 25 0 417 26 0 14 3 0 418 25 0 14 3 0 417 26 0 41 3 0 417 26 0 416 27 0 41 3 0 41 3 0 416 27 0 40 28 0 35 29 0 40 28 0 416 27 0 40 28 0 35 29 0 39 30 0 39 30 0 35 29 0 414 31 0 39 30 0 414 31 0 533 32 0 533 32 0 414 31 0 1272 32 0 58 35 0 533 34 0 57 33 0 58 35 0 39 36 0 533 34 0 39 36 0 58 35 0 59 37 0 39 36 0 59 37 0 40 38 0 52 39 0 40 38 0 59 37 0 41 6 0 40 38 0 52 39 0 52 40 0 59 40 0 0 40 0 0 40 0 59 40 0 85 40 0 85 40 0 59 40 0 69 40 0 69 40 0 59 40 0 68 40 0 68 40 0 59 40 0 58 40 0 68 40 0 58 40 0 67 40 0 67 40 0 58 40 0 57 40 0 67 40 0 57 40 0 66 40 0 7 41 0 673 41 0 672 41 0 672 41 0 8 41 0 7 41 0 594 41 0 673 41 0 7 41 0 672 4 0 16 4 0 8 4 0 178 4 0 16 4 0 672 4 0 81 4 0 16 4 0 178 4 0 595 44 0 594 43 0 7 42 0 85 45 0 595 44 0 7 42 0 69 46 0 595 44 0 85 45 0 68 47 0 595 44 0 69 46 0 596 47 0 595 44 0 68 47 0 93 48 0 14 6 0 92 6 0 93 48 0 43 49 0 14 6 0 43 49 0 93 48 0 44 50 0 93 48 0 94 51 0 44 50 0 44 50 0 94 51 0 95 52 0 44 50 0 95 52 0 45 53 0 96 54 0 45 53 0 95 52 0 45 53 0 96 54 0 46 55 0 96 54 0 97 56 0 46 55 0 97 56 0 47 57 0 46 55 0 169 58 0 47 57 0 97 56 0 47 57 0 169 58 0 48 59 0 168 60 0 48 59 0 169 58 0 48 59 0 168 60 0 100 61 0 48 59 0 100 61 0 104 62 0 100 61 0 103 63 0 104 62 0 101 64 0 103 63 0 100 61 0 20 65 0 103 63 0 101 64 0 1049 40 0 1048 40 0 815 40 0 1049 40 0 815 40 0 814 40 0 1049 40 0 814 40 0 1050 40 0 1050 40 0 814 40 0 813 40 0 1050 40 0 813 40 0 1051 40 0 1051 40 0 813 40 0 821 40 0 1051 40 0 821 40 0 316 40 0 316 40 0 821 40 0 162 40 0 316 40 0 162 40 0 315 40 0 709 40 0 101 40 0 100 40 0 657 40 0 656 40 0 658 40 0 658 40 0 656 40 0 659 40 0 659 40 0 656 40 0 655 40 0 659 40 0 655 40 0 654 40 0 659 40 0 654 40 0 660 40 0 660 40 0 654 40 0 653 40 0 660 40 0 653 40 0 308 40 0 660 40 0 308 40 0 188 40 0 188 40 0 308 40 0 1036 40 0 188 40 0 1036 40 0 1035 40 0 188 40 0 1035 40 0 187 40 0 187 40 0 1035 40 0 1034 40 0 187 40 0 1034 40 0 312 40 0 187 40 0 312 40 0 313 40 0 187 40 0 313 40 0 663 40 0 663 40 0 313 40 0 314 40 0 663 40 0 314 40 0 315 40 0 663 40 0 315 40 0 162 40 0 663 40 0 162 40 0 711 40 0 663 40 0 711 40 0 164 40 0 663 40 0 164 40 0 664 40 0 664 40 0 164 40 0 709 40 0 664 40 0 709 40 0 100 40 0 664 40 0 100 40 0 168 40 0 664 40 0 168 40 0 184 40 0 184 40 0 168 40 0 169 40 0 184 40 0 169 40 0 97 40 0 184 40 0 97 40 0 96 40 0 184 40 0 96 40 0 183 40 0 183 40 0 96 40 0 95 40 0 183 40 0 95 40 0 182 40 0 182 40 0 95 40 0 181 40 0 181 40 0 95 40 0 306 40 0 306 40 0 95 40 0 305 40 0 305 40 0 95 40 0 94 40 0 305 40 0 94 40 0 1016 40 0 1016 40 0 94 40 0 1017 40 0 1017 40 0 94 40 0 93 40 0 1017 40 0 93 40 0 1018 40 0 1018 40 0 93 40 0 301 40 0 301 40 0 93 40 0 300 40 0 653 40 0 652 40 0 308 40 0 308 40 0 652 40 0 1047 40 0 1047 40 0 652 40 0 1048 40 0 1048 40 0 652 40 0 815 40 0 815 40 0 652 40 0 816 40 0 816 40 0 652 40 0 651 40 0 816 40 0 651 40 0 817 40 0 817 40 0 651 40 0 818 40 0 818 40 0 651 40 0 154 40 0 154 40 0 651 40 0 199 40 0 154 40 0 199 40 0 800 40 0 800 40 0 199 40 0 801 40 0 801 40 0 199 40 0 649 40 0 801 40 0 649 40 0 802 40 0 802 40 0 649 40 0 150 40 0 150 40 0 649 40 0 648 40 0 150 40 0 648 40 0 149 40 0 149 40 0 648 40 0 148 40 0 148 40 0 648 40 0 647 40 0 148 40 0 647 40 0 147 40 0 147 40 0 647 40 0 203 40 0 147 40 0 203 40 0 735 40 0 735 40 0 203 40 0 1068 40 0 735 40 0 1068 40 0 1067 40 0 735 40 0 1067 40 0 327 40 0 735 40 0 327 40 0 1065 40 0 735 40 0 1065 40 0 736 40 0 736 40 0 1065 40 0 329 40 0 736 40 0 329 40 0 1084 40 0 736 40 0 1084 40 0 1083 40 0 1004 40 0 669 40 0 181 40 0 181 40 0 306 40 0 1004 40 0 669 40 0 1004 40 0 1003 40 0 669 40 0 1003 40 0 1002 40 0 669 40 0 1002 40 0 298 40 0 669 40 0 298 40 0 179 40 0 179 40 0 298 40 0 1000 40 0 179 40 0 1000 40 0 300 40 0 179 40 0 300 40 0 93 40 0 179 40 0 93 40 0 92 40 0 179 40 0 92 40 0 178 40 0 178 40 0 92 40 0 176 40 0 178 40 0 176 40 0 81 40 0 971 40 0 284 40 0 214 40 0 214 40 0 284 40 0 285 40 0 214 40 0 634 40 0 971 40 0 971 40 0 634 40 0 981 40 0 981 40 0 634 40 0 864 40 0 981 40 0 864 40 0 982 40 0 982 40 0 864 40 0 983 40 0 983 40 0 864 40 0 291 40 0 893 40 0 254 40 0 894 40 0 894 40 0 254 40 0 251 40 0 251 40 0 254 40 0 255 40 0 251 40 0 255 40 0 256 40 0 251 40 0 256 40 0 927 40 0 251 40 0 927 40 0 1099 40 0 251 40 0 1099 40 0 1098 40 0 251 40 0 1098 40 0 250 40 0 250 40 0 1098 40 0 1097 40 0 250 40 0 1097 40 0 341 40 0 250 40 0 341 40 0 249 40 0 249 40 0 341 40 0 342 40 0 249 40 0 342 40 0 343 40 0 249 40 0 343 40 0 344 40 0 759 40 0 123 40 0 375 40 0 759 40 0 375 40 0 1178 40 0 759 40 0 1178 40 0 365 40 0 759 40 0 365 40 0 1165 40 0 759 40 0 1165 40 0 121 40 0 121 40 0 1165 40 0 1164 40 0 121 40 0 1164 40 0 1163 40 0 121 40 0 1163 40 0 761 40 0 761 40 0 1163 40 0 1162 40 0 268 40 0 938 40 0 267 40 0 927 40 0 926 40 0 1099 40 0 1099 40 0 926 40 0 1100 40 0 1100 40 0 926 40 0 1112 40 0 1112 40 0 926 40 0 925 40 0 1112 40 0 925 40 0 347 40 0 347 40 0 925 40 0 346 40 0 346 40 0 925 40 0 345 40 0 345 40 0 925 40 0 260 40 0 345 40 0 260 40 0 344 40 0 344 40 0 260 40 0 249 40 0 249 40 0 260 40 0 248 40 0 248 40 0 260 40 0 261 40 0 248 40 0 261 40 0 922 40 0 248 40 0 922 40 0 247 40 0 247 40 0 922 40 0 921 40 0 247 40 0 921 40 0 246 40 0 246 40 0 921 40 0 920 40 0 246 40 0 920 40 0 265 40 0 246 40 0 265 40 0 835 40 0 835 40 0 265 40 0 266 40 0 835 40 0 266 40 0 267 40 0 835 40 0 267 40 0 938 40 0 835 40 0 938 40 0 937 40 0 835 40 0 937 40 0 836 40 0 836 40 0 937 40 0 936 40 0 836 40 0 936 40 0 272 40 0 836 40 0 272 40 0 273 40 0 836 40 0 273 40 0 1134 40 0 1134 40 0 273 40 0 1146 40 0 1146 40 0 273 40 0 361 40 0 361 40 0 273 40 0 274 40 0 361 40 0 274 40 0 360 40 0 360 40 0 274 40 0 962 40 0 360 40 0 962 40 0 359 40 0 359 40 0 962 40 0 276 40 0 359 40 0 276 40 0 358 40 0 243 40 0 836 40 0 1134 40 0 243 40 0 1134 40 0 350 40 0 243 40 0 350 40 0 351 40 0 243 40 0 351 40 0 352 40 0 243 40 0 352 40 0 838 40 0 838 40 0 352 40 0 353 40 0 838 40 0 353 40 0 354 40 0 838 40 0 354 40 0 839 40 0 839 40 0 354 40 0 355 40 0 839 40 0 355 40 0 840 40 0 840 40 0 355 40 0 1152 40 0 203 40 0 645 40 0 1069 40 0 203 40 0 1069 40 0 1068 40 0 1069 40 0 645 40 0 1070 40 0 1070 40 0 645 40 0 334 40 0 334 40 0 645 40 0 333 40 0 333 40 0 645 40 0 644 40 0 333 40 0 644 40 0 332 40 0 332 40 0 644 40 0 206 40 0 332 40 0 206 40 0 1083 40 0 1083 40 0 206 40 0 736 40 0 736 40 0 206 40 0 144 40 0 144 40 0 206 40 0 143 40 0 143 40 0 206 40 0 207 40 0 143 40 0 207 40 0 208 40 0 143 40 0 208 40 0 142 40 0 142 40 0 208 40 0 209 40 0 142 40 0 209 40 0 141 40 0 141 40 0 209 40 0 140 40 0 140 40 0 209 40 0 639 40 0 140 40 0 639 40 0 742 40 0 742 40 0 639 40 0 638 40 0 742 40 0 638 40 0 743 40 0 743 40 0 638 40 0 637 40 0 743 40 0 637 40 0 744 40 0 744 40 0 637 40 0 745 40 0 745 40 0 637 40 0 213 40 0 745 40 0 213 40 0 214 40 0 745 40 0 214 40 0 746 40 0 746 40 0 214 40 0 747 40 0 747 40 0 214 40 0 286 40 0 286 40 0 214 40 0 285 40 0 747 40 0 286 40 0 287 40 0 747 40 0 287 40 0 987 40 0 747 40 0 987 40 0 986 40 0 747 40 0 986 40 0 748 40 0 748 40 0 986 40 0 985 40 0 748 40 0 985 40 0 291 40 0 748 40 0 291 40 0 864 40 0 748 40 0 864 40 0 863 40 0 748 40 0 863 40 0 749 40 0 749 40 0 863 40 0 218 40 0 749 40 0 218 40 0 750 40 0 750 40 0 218 40 0 751 40 0 751 40 0 218 40 0 219 40 0 751 40 0 219 40 0 752 40 0 752 40 0 219 40 0 860 40 0 752 40 0 860 40 0 753 40 0 753 40 0 860 40 0 859 40 0 753 40 0 859 40 0 127 40 0 127 40 0 859 40 0 222 40 0 127 40 0 222 40 0 755 40 0 755 40 0 222 40 0 857 40 0 755 40 0 857 40 0 756 40 0 756 40 0 857 40 0 224 40 0 756 40 0 224 40 0 757 40 0 757 40 0 224 40 0 123 40 0 375 40 0 123 40 0 224 40 0 373 40 0 374 40 0 224 40 0 224 40 0 374 40 0 375 40 0 224 40 0 855 40 0 373 40 0 373 40 0 855 40 0 1182 40 0 1182 40 0 855 40 0 1183 40 0 1183 40 0 855 40 0 1161 40 0 1161 40 0 855 40 0 854 40 0 1161 40 0 854 40 0 1162 40 0 1162 40 0 854 40 0 761 40 0 761 40 0 854 40 0 762 40 0 762 40 0 854 40 0 227 40 0 762 40 0 227 40 0 763 40 0 763 40 0 227 40 0 117 40 0 117 40 0 227 40 0 852 40 0 117 40 0 852 40 0 727 40 0 727 40 0 852 40 0 851 40 0 727 40 0 851 40 0 728 40 0 728 40 0 851 40 0 722 40 0 722 40 0 851 40 0 850 40 0 722 40 0 850 40 0 113 40 0 113 40 0 850 40 0 849 40 0 113 40 0 849 40 0 280 40 0 280 40 0 849 40 0 232 40 0 280 40 0 232 40 0 279 40 0 279 40 0 232 40 0 278 40 0 278 40 0 232 40 0 233 40 0 278 40 0 233 40 0 277 40 0 277 40 0 233 40 0 234 40 0 277 40 0 234 40 0 276 40 0 276 40 0 234 40 0 358 40 0 358 40 0 234 40 0 357 40 0 357 40 0 234 40 0 235 40 0 357 40 0 235 40 0 1152 40 0 1152 40 0 235 40 0 840 40 0 840 40 0 235 40 0 841 40 0 841 40 0 235 40 0 842 40 0 842 40 0 235 40 0 236 40 0 842 40 0 236 40 0 843 40 0 1193 66 0 383 67 0 1194 66 0 1194 66 0 383 67 0 713 68 0 714 69 0 713 68 0 383 67 0 384 70 0 714 69 0 383 67 0 714 69 0 384 70 0 388 71 0 714 69 0 388 71 0 20 72 0 387 72 0 20 72 0 388 71 0 34 73 0 37 73 0 36 73 0 1213 75 0 387 65 0 388 74 0 1222 75 0 387 65 0 1213 75 0 1222 7 0 1221 76 0 23 7 0 23 7 0 1221 76 0 401 77 0 429 78 0 401 77 0 1221 76 0 1220 79 0 429 78 0 1221 76 0 429 78 0 1220 79 0 430 80 0 396 81 0 430 80 0 1220 79 0 430 80 0 396 81 0 1223 82 0 1223 82 0 396 81 0 1224 82 0 1416 40 0 482 40 0 1396 40 0 1396 40 0 482 40 0 1391 40 0 1391 40 0 482 40 0 1414 40 0 1391 40 0 1414 40 0 1378 40 0 1378 40 0 1414 40 0 442 40 0 460 40 0 461 40 0 462 40 0 460 40 0 462 40 0 463 40 0 460 40 0 463 40 0 1338 40 0 1338 40 0 463 40 0 464 40 0 1338 40 0 464 40 0 1339 40 0 1339 40 0 464 40 0 1340 40 0 1340 40 0 464 40 0 465 40 0 1340 40 0 465 40 0 1341 40 0 1341 40 0 465 40 0 1331 40 0 1341 40 0 1331 40 0 1342 40 0 1342 40 0 1331 40 0 1330 40 0 1342 40 0 1330 40 0 454 40 0 454 40 0 1330 40 0 1329 40 0 454 40 0 1329 40 0 469 40 0 454 40 0 469 40 0 453 40 0 453 40 0 469 40 0 470 40 0 453 40 0 470 40 0 452 40 0 452 40 0 470 40 0 1346 40 0 1346 40 0 470 40 0 471 40 0 1346 40 0 471 40 0 450 40 0 450 40 0 471 40 0 1325 40 0 450 40 0 1325 40 0 1348 40 0 1348 40 0 1325 40 0 473 40 0 1348 40 0 473 40 0 1349 40 0 1349 40 0 473 40 0 474 40 0 1349 40 0 474 40 0 1350 40 0 1350 40 0 474 40 0 1351 40 0 1351 40 0 474 40 0 1381 40 0 1351 40 0 1381 40 0 445 40 0 445 40 0 1381 40 0 476 40 0 445 40 0 476 40 0 444 40 0 444 40 0 476 40 0 1379 40 0 444 40 0 1379 40 0 443 40 0 443 40 0 1379 40 0 1378 40 0 443 40 0 1378 40 0 442 40 0 438 40 0 439 40 0 440 40 0 438 40 0 440 40 0 1303 40 0 438 40 0 1303 40 0 437 40 0 437 40 0 1303 40 0 442 40 0 437 40 0 442 40 0 1414 40 0 437 40 0 1414 40 0 1490 40 0 1490 40 0 1414 40 0 484 40 0 1490 40 0 484 40 0 515 40 0 515 40 0 484 40 0 514 40 0 514 40 0 484 40 0 485 40 0 514 40 0 485 40 0 513 40 0 513 40 0 485 40 0 512 40 0 512 40 0 485 40 0 486 40 0 512 40 0 486 40 0 1485 40 0 1485 40 0 486 40 0 1504 40 0 1490 40 0 1489 40 0 1499 40 0 1499 40 0 1489 40 0 526 40 0 526 40 0 1489 40 0 525 40 0 525 40 0 1489 40 0 1488 40 0 525 40 0 1488 40 0 524 40 0 524 40 0 1488 40 0 1487 40 0 524 40 0 1487 40 0 523 40 0 523 40 0 1487 40 0 520 40 0 523 40 0 520 40 0 1504 40 0 1504 40 0 520 40 0 1485 40 0 1295 40 0 437 40 0 1499 40 0 1499 40 0 437 40 0 1490 40 0 1295 40 0 1499 40 0 1519 40 0 1295 40 0 1519 40 0 1518 40 0 1295 40 0 1518 40 0 1296 40 0 1296 40 0 1518 40 0 1517 40 0 1296 40 0 1517 40 0 531 40 0 1296 40 0 531 40 0 1297 40 0 1297 40 0 531 40 0 1504 40 0 1297 40 0 1504 40 0 486 40 0 1297 40 0 486 40 0 1410 40 0 1297 40 0 1410 40 0 433 40 0 433 40 0 1410 40 0 488 40 0 433 40 0 488 40 0 1226 40 0 1226 40 0 488 40 0 1421 40 0 1226 40 0 1421 40 0 1223 40 0 1223 40 0 1421 40 0 1432 40 0 1223 40 0 1432 40 0 430 40 0 430 40 0 1432 40 0 491 40 0 430 40 0 491 40 0 429 40 0 429 40 0 491 40 0 492 40 0 429 40 0 492 40 0 401 40 0 401 40 0 492 40 0 1434 40 0 401 40 0 1434 40 0 23 40 0 23 40 0 1434 40 0 1467 40 0 23 40 0 1467 40 0 24 40 0 24 40 0 1467 40 0 425 40 0 425 40 0 1467 40 0 495 40 0 425 40 0 495 40 0 1465 40 0 425 40 0 1465 40 0 424 40 0 424 40 0 1465 40 0 497 40 0 424 40 0 497 40 0 498 40 0 424 40 0 498 40 0 27 40 0 27 40 0 498 40 0 499 40 0 27 40 0 499 40 0 500 40 0 27 40 0 500 40 0 28 40 0 28 40 0 500 40 0 501 40 0 28 40 0 501 40 0 502 40 0 28 40 0 502 40 0 421 40 0 421 40 0 502 40 0 503 40 0 421 40 0 503 40 0 420 40 0 420 40 0 503 40 0 1457 40 0 420 40 0 1457 40 0 419 40 0 419 40 0 1457 40 0 1456 40 0 419 40 0 1456 40 0 418 40 0 418 40 0 1456 40 0 1455 40 0 418 40 0 1455 40 0 417 40 0 417 40 0 1455 40 0 1454 40 0 417 40 0 1454 40 0 1453 40 0 417 40 0 1453 40 0 416 40 0 416 40 0 1453 40 0 1452 40 0 416 40 0 1452 40 0 35 40 0 35 40 0 1452 40 0 414 40 0 414 40 0 1452 40 0 403 40 0 414 40 0 403 40 0 1272 40 0 1272 40 0 403 40 0 404 40 0 1272 40 0 404 40 0 1273 40 0 1273 40 0 404 40 0 405 40 0 1273 40 0 405 40 0 406 40 0 1273 40 0 406 40 0 411 40 0 411 40 0 406 40 0 407 40 0 411 40 0 407 40 0 410 40 0 410 40 0 407 40 0 408 40 0 410 40 0 408 40 0 409 40 0 1577 0 0 533 0 0 1590 0 0 1577 0 0 1590 0 0 1334 0 0 1590 0 0 533 0 0 1586 0 0 1586 0 0 533 0 0 1600 0 0 1530 0 0 1334 0 0 542 0 0 542 0 0 1334 0 0 1590 0 0 1530 0 0 542 0 0 1600 0 0 1272 0 0 1530 0 0 1600 0 0 1600 0 0 533 0 0 1272 0 0 66 4 0 533 4 0 1577 4 0 57 4 0 533 4 0 66 4 0 552 83 0 67 83 0 66 83 0 557 83 0 67 83 0 552 83 0 67 83 0 596 47 0 68 47 0 557 83 0 596 47 0 67 83 0 1212 84 0 1743 85 0 596 84 0 596 84 0 1743 85 0 595 86 0 595 86 0 1743 85 0 1470 87 0 595 86 0 1470 87 0 1473 88 0 595 86 0 1473 88 0 594 89 0 1479 90 0 594 89 0 1473 88 0 674 91 0 673 89 0 594 89 0 1479 90 0 674 91 0 594 89 0 674 91 0 1479 90 0 1483 92 0 674 91 0 1483 92 0 591 93 0 1486 94 0 591 93 0 1483 92 0 1486 94 0 590 95 0 591 93 0 590 95 0 1486 94 0 604 96 0 590 95 0 604 96 0 677 97 0 605 98 0 677 97 0 604 96 0 677 97 0 605 98 0 678 99 0 587 100 0 678 99 0 605 98 0 606 101 0 587 100 0 605 98 0 587 100 0 606 101 0 586 102 0 586 102 0 606 101 0 607 103 0 585 104 0 586 102 0 607 103 0 608 105 0 585 104 0 607 103 0 585 104 0 608 105 0 584 106 0 584 106 0 608 105 0 609 107 0 583 108 0 584 106 0 609 107 0 610 109 0 583 108 0 609 107 0 583 108 0 610 109 0 582 110 0 582 110 0 610 109 0 611 111 0 685 112 0 582 110 0 611 111 0 1516 113 0 685 112 0 611 111 0 685 112 0 1516 113 0 580 114 0 580 114 0 1516 113 0 1527 115 0 580 114 0 1527 115 0 579 116 0 1528 117 0 579 116 0 1527 115 0 579 116 0 1528 117 0 578 118 0 578 118 0 1528 117 0 615 119 0 578 118 0 615 119 0 577 120 0 616 121 0 577 120 0 615 119 0 577 120 0 616 121 0 576 122 0 576 122 0 616 121 0 617 123 0 576 122 0 617 123 0 575 124 0 618 125 0 575 124 0 617 123 0 575 124 0 618 125 0 574 126 0 693 127 0 574 126 0 618 125 0 1570 128 0 693 127 0 618 125 0 693 127 0 1570 128 0 1575 129 0 693 127 0 1575 129 0 572 130 0 571 131 0 572 130 0 1575 129 0 621 132 0 571 131 0 1575 129 0 571 131 0 621 132 0 1580 133 0 571 131 0 1580 133 0 696 134 0 697 135 0 696 134 0 1580 133 0 623 136 0 697 135 0 1580 133 0 697 135 0 623 136 0 1585 137 0 697 135 0 1585 137 0 698 138 0 567 139 0 698 138 0 1585 137 0 1591 140 0 567 139 0 1585 137 0 567 139 0 1591 140 0 626 141 0 567 139 0 626 141 0 566 142 0 1602 143 0 566 142 0 626 141 0 1602 143 0 565 144 0 566 142 0 565 144 0 1602 143 0 564 145 0 564 145 0 1602 143 0 628 146 0 629 147 0 564 145 0 628 146 0 629 147 0 703 148 0 564 145 0 703 148 0 629 147 0 704 149 0 704 149 0 629 147 0 1633 150 0 1657 151 0 704 149 0 1633 150 0 1657 151 0 561 152 0 704 149 0 561 152 0 1657 151 0 1703 153 0 561 152 0 1703 153 0 633 153 0 634 154 0 561 155 0 633 154 0 214 156 0 561 155 0 634 154 0 561 155 0 214 156 0 213 157 0 561 155 0 213 157 0 704 158 0 637 159 0 704 158 0 213 157 0 637 159 0 703 160 0 704 158 0 638 161 0 703 160 0 637 159 0 703 160 0 638 161 0 564 162 0 638 161 0 639 163 0 564 162 0 209 164 0 564 162 0 639 163 0 209 164 0 565 165 0 564 162 0 565 165 0 209 164 0 208 166 0 565 165 0 208 166 0 566 167 0 207 168 0 566 167 0 208 166 0 207 168 0 567 169 0 566 167 0 567 169 0 207 168 0 206 170 0 567 169 0 206 170 0 698 171 0 644 172 0 698 171 0 206 170 0 644 172 0 697 173 0 698 171 0 645 174 0 697 173 0 644 172 0 697 173 0 645 174 0 696 175 0 645 174 0 203 176 0 696 175 0 647 177 0 696 175 0 203 176 0 647 177 0 571 178 0 696 175 0 571 178 0 647 177 0 648 179 0 571 178 0 648 179 0 572 180 0 649 181 0 572 180 0 648 179 0 649 181 0 693 182 0 572 180 0 199 183 0 693 182 0 649 181 0 693 182 0 199 183 0 574 184 0 651 185 0 574 184 0 199 183 0 651 185 0 575 186 0 574 184 0 575 186 0 651 185 0 652 187 0 575 186 0 652 187 0 576 188 0 653 189 0 576 188 0 652 187 0 653 189 0 577 190 0 576 188 0 577 190 0 653 189 0 654 191 0 577 190 0 654 191 0 578 192 0 655 193 0 578 192 0 654 191 0 655 193 0 579 194 0 578 192 0 656 195 0 579 194 0 655 193 0 579 194 0 656 195 0 580 196 0 656 195 0 657 197 0 580 196 0 658 198 0 580 196 0 657 197 0 658 198 0 685 199 0 580 196 0 659 200 0 685 199 0 658 198 0 685 199 0 659 200 0 582 201 0 660 202 0 582 201 0 659 200 0 660 202 0 583 203 0 582 201 0 188 204 0 583 203 0 660 202 0 583 203 0 188 204 0 584 205 0 187 206 0 584 205 0 188 204 0 187 206 0 585 207 0 584 205 0 585 207 0 187 206 0 586 208 0 187 206 0 663 209 0 586 208 0 663 209 0 587 210 0 586 208 0 664 211 0 587 210 0 663 209 0 587 210 0 664 211 0 678 212 0 184 213 0 678 212 0 664 211 0 183 214 0 678 212 0 184 213 0 183 214 0 677 215 0 678 212 0 677 215 0 183 214 0 182 216 0 677 215 0 182 216 0 590 217 0 181 218 0 590 217 0 182 216 0 181 218 0 591 219 0 590 217 0 669 220 0 591 219 0 181 218 0 591 219 0 669 220 0 674 221 0 669 220 0 179 222 0 674 221 0 178 223 0 674 221 0 179 222 0 672 224 0 673 43 0 674 221 0 674 221 0 178 223 0 672 224 0 101 227 0 714 226 0 20 225 0 709 228 0 714 226 0 101 227 0 714 226 0 709 228 0 713 229 0 709 228 0 164 230 0 713 229 0 711 231 0 713 229 0 164 230 0 1194 231 0 713 229 0 711 231 0 728 232 0 719 233 0 729 232 0 722 234 0 719 233 0 728 232 0 719 233 0 722 234 0 715 83 0 113 235 0 715 83 0 722 234 0 955 235 0 715 83 0 113 235 0 763 238 0 731 237 0 764 236 0 117 239 0 731 237 0 763 238 0 731 237 0 117 239 0 593 240 0 117 239 0 727 241 0 593 240 0 728 232 0 593 240 0 727 241 0 729 232 0 593 240 0 728 232 0 148 244 0 784 243 0 1355 242 0 147 245 0 784 243 0 148 244 0 784 243 0 147 245 0 1357 246 0 735 247 0 1357 246 0 147 245 0 735 247 0 1358 248 0 1357 246 0 736 249 0 1358 248 0 735 247 0 1358 248 0 736 249 0 144 250 0 1358 248 0 144 250 0 1359 251 0 143 252 0 1359 251 0 144 250 0 1359 251 0 143 252 0 1360 253 0 142 254 0 1360 253 0 143 252 0 1360 253 0 142 254 0 141 255 0 1360 253 0 141 255 0 779 256 0 140 257 0 779 256 0 141 255 0 742 258 0 779 256 0 140 257 0 742 258 0 778 259 0 779 256 0 743 260 0 778 259 0 742 258 0 778 259 0 743 260 0 777 261 0 743 260 0 744 262 0 777 261 0 745 263 0 777 261 0 744 262 0 777 261 0 745 263 0 1364 264 0 745 263 0 746 265 0 1364 264 0 746 265 0 1365 266 0 1364 264 0 747 267 0 1365 266 0 746 265 0 1365 266 0 747 267 0 774 268 0 748 269 0 774 268 0 747 267 0 774 268 0 748 269 0 749 270 0 774 268 0 749 270 0 1367 271 0 750 272 0 1367 271 0 749 270 0 751 273 0 1367 271 0 750 272 0 1367 271 0 751 273 0 1368 274 0 751 273 0 752 275 0 1368 274 0 753 276 0 1368 274 0 752 275 0 753 276 0 771 277 0 1368 274 0 127 278 0 771 277 0 753 276 0 771 277 0 127 278 0 770 279 0 127 278 0 755 280 0 770 279 0 770 279 0 755 280 0 756 281 0 770 279 0 756 281 0 1371 282 0 757 283 0 1371 282 0 756 281 0 757 283 0 1372 284 0 1371 282 0 123 285 0 1372 284 0 757 283 0 1372 284 0 123 285 0 767 286 0 759 287 0 767 286 0 123 285 0 121 288 0 767 286 0 759 287 0 121 288 0 766 289 0 767 286 0 761 290 0 766 289 0 121 288 0 766 289 0 761 290 0 765 291 0 762 292 0 765 291 0 761 290 0 763 293 0 765 291 0 762 292 0 764 294 0 765 291 0 763 293 0 150 296 0 538 295 0 802 295 0 150 296 0 532 297 0 538 295 0 532 297 0 150 296 0 529 298 0 150 296 0 149 299 0 529 298 0 148 300 0 529 298 0 149 299 0 1355 301 0 529 298 0 148 300 0 801 303 0 322 302 0 800 302 0 307 303 0 322 302 0 801 303 0 802 295 0 307 303 0 801 303 0 33 73 0 37 73 0 34 73 0 538 295 0 307 303 0 802 295 0 813 305 0 1196 304 0 821 304 0 813 305 0 1282 306 0 1196 304 0 1282 306 0 813 305 0 814 307 0 1282 306 0 814 307 0 809 308 0 814 307 0 1284 309 0 809 308 0 815 310 0 1284 309 0 814 307 0 1284 309 0 815 310 0 807 311 0 815 310 0 816 312 0 807 311 0 807 311 0 816 312 0 817 313 0 807 311 0 817 313 0 1286 314 0 818 315 0 1286 314 0 817 313 0 1286 314 0 818 315 0 1287 316 0 818 315 0 154 317 0 1287 316 0 800 302 0 1287 316 0 154 317 0 33 73 0 38 73 0 37 73 0 322 302 0 1287 316 0 800 302 0 162 318 0 1194 231 0 711 231 0 1195 318 0 1194 231 0 162 318 0 821 304 0 1195 318 0 162 318 0 32 73 0 38 73 0 33 73 0 1196 304 0 1195 318 0 821 304 0 251 321 0 1678 320 0 895 319 0 895 319 0 894 322 0 251 321 0 251 321 0 1679 323 0 1678 320 0 1679 323 0 251 321 0 250 324 0 1679 323 0 250 324 0 1680 325 0 249 326 0 1680 325 0 250 324 0 1680 325 0 249 326 0 248 327 0 1680 325 0 248 327 0 1681 328 0 247 329 0 1681 328 0 248 327 0 246 330 0 1681 328 0 247 329 0 246 330 0 886 331 0 1681 328 0 886 331 0 246 330 0 835 332 0 886 331 0 835 332 0 1683 333 0 836 334 0 1683 333 0 835 332 0 1683 333 0 836 334 0 1684 335 0 836 334 0 243 336 0 1684 335 0 838 337 0 1684 335 0 243 336 0 839 338 0 1684 335 0 838 337 0 1684 335 0 839 338 0 1685 339 0 840 340 0 1685 339 0 839 338 0 841 341 0 1685 339 0 840 340 0 841 341 0 882 342 0 1685 339 0 882 342 0 841 341 0 842 343 0 882 342 0 842 343 0 881 344 0 843 345 0 881 344 0 842 343 0 881 344 0 843 345 0 236 346 0 881 344 0 236 346 0 1688 347 0 235 348 0 1688 347 0 236 346 0 235 348 0 879 349 0 1688 347 0 879 349 0 235 348 0 234 350 0 879 349 0 234 350 0 878 351 0 233 352 0 878 351 0 234 350 0 878 351 0 233 352 0 877 353 0 233 352 0 232 354 0 877 353 0 849 355 0 877 353 0 232 354 0 850 356 0 877 353 0 849 355 0 877 353 0 850 356 0 1692 357 0 851 358 0 1692 357 0 850 356 0 852 359 0 1692 357 0 851 358 0 852 359 0 1693 360 0 1692 357 0 227 361 0 1693 360 0 852 359 0 1693 360 0 227 361 0 874 362 0 227 361 0 854 363 0 874 362 0 874 362 0 854 363 0 855 364 0 874 362 0 855 364 0 873 365 0 224 366 0 873 365 0 855 364 0 873 365 0 224 366 0 1696 367 0 857 368 0 1696 367 0 224 366 0 857 368 0 1697 369 0 1696 367 0 222 370 0 1697 369 0 857 368 0 1697 369 0 222 370 0 1698 371 0 859 372 0 1698 371 0 222 370 0 860 373 0 1698 371 0 859 372 0 1698 371 0 860 373 0 1699 374 0 860 373 0 219 375 0 1699 374 0 218 376 0 1699 374 0 219 375 0 218 376 0 868 377 0 1699 374 0 868 377 0 218 376 0 863 378 0 868 377 0 863 378 0 867 379 0 864 380 0 867 379 0 863 378 0 634 154 0 867 379 0 864 380 0 633 154 0 867 379 0 634 154 0 894 381 0 71 381 0 893 381 0 895 381 0 896 381 0 71 381 0 71 381 0 894 381 0 895 381 0 77 383 0 906 382 0 255 382 0 254 384 0 77 383 0 255 382 0 893 381 0 77 383 0 254 384 0 71 381 0 77 383 0 893 381 0 268 387 0 914 386 0 1437 385 0 267 388 0 914 386 0 268 387 0 914 386 0 267 388 0 1439 389 0 267 388 0 266 390 0 1439 389 0 266 390 0 1440 391 0 1439 389 0 265 392 0 1440 391 0 266 390 0 1440 391 0 265 392 0 920 393 0 1440 391 0 920 393 0 1441 394 0 920 393 0 921 395 0 1441 394 0 922 396 0 1441 394 0 921 395 0 1441 394 0 922 396 0 1442 397 0 261 398 0 1442 397 0 922 396 0 261 398 0 1443 399 0 1442 397 0 260 400 0 1443 399 0 261 398 0 1443 399 0 260 400 0 908 401 0 260 400 0 925 402 0 908 401 0 926 403 0 908 401 0 925 402 0 908 401 0 926 403 0 1445 404 0 926 403 0 927 405 0 1445 404 0 256 406 0 1445 404 0 927 405 0 255 382 0 1445 404 0 256 406 0 906 382 0 1445 404 0 255 382 0 937 408 0 941 407 0 936 407 0 937 408 0 934 409 0 941 407 0 934 409 0 937 408 0 933 410 0 937 408 0 938 411 0 933 410 0 268 412 0 933 410 0 938 411 0 1437 413 0 933 410 0 268 412 0 272 415 0 51 414 0 273 414 0 83 415 0 51 414 0 272 415 0 936 407 0 83 415 0 272 415 0 941 407 0 83 415 0 936 407 0 280 416 0 955 235 0 113 235 0 280 416 0 1400 417 0 955 235 0 1400 417 0 280 416 0 279 418 0 1400 417 0 279 418 0 1401 419 0 278 420 0 1401 419 0 279 418 0 278 420 0 1402 421 0 1401 419 0 1402 421 0 278 420 0 277 422 0 1402 421 0 277 422 0 1403 423 0 1403 423 0 277 422 0 276 424 0 1403 423 0 276 424 0 950 425 0 962 426 0 950 425 0 276 424 0 950 425 0 962 426 0 949 427 0 962 426 0 274 428 0 949 427 0 273 414 0 949 427 0 274 428 0 32 73 0 42 73 0 38 73 0 51 414 0 949 427 0 273 414 0 987 153 0 287 429 0 1749 153 0 1749 153 0 287 429 0 1747 430 0 1747 430 0 287 429 0 978 431 0 286 432 0 978 431 0 287 429 0 978 431 0 286 432 0 977 433 0 285 434 0 977 433 0 286 432 0 977 433 0 285 434 0 976 435 0 284 436 0 976 435 0 285 434 0 976 435 0 284 436 0 975 437 0 1746 438 0 975 437 0 284 436 0 971 439 0 1746 438 0 284 436 0 1746 438 0 971 439 0 981 440 0 1746 438 0 981 440 0 995 440 0 981 440 0 982 441 0 995 440 0 995 440 0 982 441 0 994 442 0 994 442 0 982 441 0 1745 443 0 983 444 0 1745 443 0 982 441 0 1745 443 0 983 444 0 1744 445 0 291 446 0 1744 445 0 983 444 0 1744 445 0 291 446 0 991 447 0 985 448 0 991 447 0 291 446 0 991 447 0 985 448 0 990 449 0 989 450 0 990 449 0 985 448 0 986 451 0 989 450 0 985 448 0 989 450 0 986 451 0 987 153 0 989 450 0 987 153 0 1749 153 0 301 443 0 300 452 0 997 443 0 997 443 0 300 452 0 1740 453 0 1740 453 0 300 452 0 1010 454 0 1000 455 0 1010 454 0 300 452 0 1010 454 0 1000 455 0 1009 456 0 1008 457 0 1009 456 0 1000 455 0 298 458 0 1008 457 0 1000 455 0 1008 457 0 298 458 0 1002 459 0 1008 457 0 1002 459 0 1739 460 0 1003 461 0 1739 460 0 1002 459 0 1003 461 0 1738 430 0 1739 460 0 1738 430 0 1003 461 0 1004 431 0 1738 430 0 1004 431 0 1027 431 0 1004 431 0 306 462 0 1027 431 0 1027 431 0 306 462 0 1737 463 0 1737 463 0 306 462 0 1734 0 0 305 464 0 1734 0 0 306 462 0 1734 0 0 305 464 0 1733 465 0 1016 466 0 1733 465 0 305 464 0 1733 465 0 1016 466 0 1732 467 0 1017 468 0 1732 467 0 1016 466 0 1732 467 0 1017 468 0 1731 469 0 1021 442 0 1731 469 0 1017 468 0 1018 470 0 1021 442 0 1017 468 0 1021 442 0 1018 470 0 301 443 0 1021 442 0 301 443 0 997 443 0 315 454 0 314 471 0 1729 454 0 1729 454 0 314 471 0 1044 472 0 1728 473 0 1044 472 0 314 471 0 313 474 0 1728 473 0 314 471 0 1728 473 0 313 474 0 1712 475 0 312 476 0 1712 475 0 313 474 0 1712 475 0 312 476 0 1711 477 0 1711 477 0 312 476 0 1034 478 0 1035 479 0 1711 477 0 1034 478 0 1035 479 0 1710 480 0 1711 477 0 1709 463 0 1710 480 0 1035 479 0 1036 481 0 1709 463 0 1035 479 0 1709 463 0 1036 481 0 1061 0 0 1061 0 0 1036 481 0 308 0 0 308 0 0 1047 482 0 1061 0 0 1061 0 0 1047 482 0 1060 483 0 1059 484 0 1060 483 0 1047 482 0 1048 485 0 1059 484 0 1047 482 0 1059 484 0 1048 485 0 1058 486 0 1049 487 0 1058 486 0 1048 485 0 1058 486 0 1049 487 0 1057 488 0 1057 488 0 1049 487 0 1050 489 0 1051 490 0 1057 488 0 1050 489 0 1051 490 0 1056 491 0 1057 488 0 1708 453 0 1056 491 0 1051 490 0 316 492 0 1708 453 0 1051 490 0 1708 453 0 316 492 0 1729 454 0 1729 454 0 316 492 0 315 454 0 329 473 0 1065 493 0 1706 473 0 1706 473 0 1065 493 0 1077 450 0 1705 153 0 1077 450 0 1065 493 0 327 494 0 1705 153 0 1065 493 0 1705 153 0 327 494 0 1702 495 0 1067 496 0 1702 495 0 327 494 0 1702 495 0 1067 496 0 1074 497 0 1068 498 0 1074 497 0 1067 496 0 1068 498 0 1073 499 0 1074 497 0 1072 483 0 1073 499 0 1068 498 0 1069 500 0 1072 483 0 1068 498 0 1072 483 0 1069 500 0 1701 484 0 1701 484 0 1069 500 0 1070 484 0 1070 484 0 334 501 0 1701 484 0 1701 484 0 334 501 0 1092 438 0 1092 438 0 334 501 0 1091 440 0 333 502 0 1091 440 0 334 501 0 1091 440 0 333 502 0 1700 503 0 1089 504 0 1700 503 0 333 502 0 332 505 0 1089 504 0 333 502 0 1089 504 0 332 505 0 1083 506 0 1089 504 0 1083 506 0 1088 507 0 1084 508 0 1088 507 0 1083 506 0 1084 508 0 1695 472 0 1088 507 0 1695 472 0 1084 508 0 1706 473 0 1706 473 0 1084 508 0 329 473 0 342 473 0 341 493 0 1109 473 0 1109 473 0 341 493 0 1108 450 0 1108 450 0 341 493 0 1691 153 0 1097 494 0 1691 153 0 341 493 0 1691 153 0 1097 494 0 1690 495 0 1689 497 0 1690 495 0 1097 494 0 1098 496 0 1689 497 0 1097 494 0 1689 497 0 1098 496 0 1099 498 0 1689 497 0 1099 498 0 1687 499 0 1100 500 0 1687 499 0 1099 498 0 1100 500 0 1686 483 0 1687 499 0 1686 483 0 1100 500 0 1102 484 0 1102 484 0 1100 500 0 1112 484 0 1112 484 0 347 501 0 1102 484 0 1102 484 0 347 501 0 1125 438 0 1682 440 0 1125 438 0 347 501 0 346 502 0 1682 440 0 347 501 0 1682 440 0 346 502 0 1123 503 0 345 505 0 1123 503 0 346 502 0 1123 503 0 345 505 0 1122 504 0 344 506 0 1122 504 0 345 505 0 344 506 0 1121 507 0 1122 504 0 1676 472 0 1121 507 0 344 506 0 343 508 0 1676 472 0 344 506 0 1676 472 0 343 508 0 1109 473 0 1109 473 0 343 508 0 342 473 0 1152 454 0 355 471 0 1142 454 0 1142 454 0 355 471 0 1141 472 0 1140 473 0 1141 472 0 355 471 0 354 474 0 1140 473 0 355 471 0 1140 473 0 354 474 0 1139 475 0 353 476 0 1139 475 0 354 474 0 1139 475 0 353 476 0 1674 477 0 1674 477 0 353 476 0 352 478 0 351 479 0 1674 477 0 352 478 0 351 479 0 1673 480 0 1674 477 0 1672 463 0 1673 480 0 351 479 0 350 481 0 1672 463 0 351 479 0 1672 463 0 350 481 0 1144 0 0 1144 0 0 350 481 0 1134 0 0 1134 0 0 1146 482 0 1144 0 0 1144 0 0 1146 482 0 1159 483 0 1671 484 0 1159 483 0 1146 482 0 361 485 0 1671 484 0 1146 482 0 1671 484 0 361 485 0 1667 486 0 360 487 0 1667 486 0 361 485 0 1667 486 0 360 487 0 1156 488 0 1156 488 0 360 487 0 359 489 0 358 490 0 1156 488 0 359 489 0 358 490 0 1155 491 0 1156 488 0 1154 453 0 1155 491 0 358 490 0 357 492 0 1154 453 0 358 490 0 1154 453 0 357 492 0 1142 454 0 1142 454 0 357 492 0 1152 454 0 1161 443 0 1162 452 0 1175 443 0 1175 443 0 1162 452 0 1174 453 0 1174 453 0 1162 452 0 1664 454 0 1163 455 0 1664 454 0 1162 452 0 1664 454 0 1163 455 0 1172 456 0 1164 458 0 1172 456 0 1163 455 0 1172 456 0 1164 458 0 1171 457 0 1165 459 0 1171 457 0 1164 458 0 1171 457 0 1165 459 0 1660 460 0 1169 430 0 1660 460 0 1165 459 0 365 461 0 1169 430 0 1165 459 0 1169 430 0 365 461 0 1178 431 0 1169 430 0 1178 431 0 1168 431 0 1178 431 0 375 462 0 1168 431 0 1168 431 0 375 462 0 1191 463 0 1191 463 0 375 462 0 1190 0 0 374 464 0 1190 0 0 375 462 0 1190 0 0 374 464 0 1189 465 0 1188 467 0 1189 465 0 374 464 0 373 466 0 1188 467 0 374 464 0 1188 467 0 373 466 0 1182 468 0 1188 467 0 1182 468 0 1187 469 0 1183 470 0 1187 469 0 1182 468 0 1183 470 0 1186 442 0 1187 469 0 1186 442 0 1183 470 0 1161 443 0 1186 442 0 1161 443 0 1175 443 0 1194 66 0 1195 509 0 1193 66 0 1193 66 0 1195 509 0 1605 510 0 1195 509 0 1196 511 0 1605 510 0 1605 510 0 1196 511 0 1604 512 0 1604 512 0 1196 511 0 1280 511 0 1193 40 0 1605 40 0 1606 40 0 1193 40 0 1606 40 0 1204 40 0 1193 40 0 1204 40 0 383 40 0 383 40 0 1204 40 0 1205 40 0 383 40 0 1205 40 0 1214 40 0 383 40 0 1214 40 0 384 40 0 384 40 0 1214 40 0 1213 40 0 384 40 0 1213 40 0 388 40 0 31 73 0 42 73 0 32 73 0 1222 75 0 1213 75 0 1214 513 0 1214 513 0 1221 514 0 1222 75 0 1221 514 0 1214 513 0 1220 515 0 1214 513 0 1205 516 0 1220 515 0 1220 515 0 1205 516 0 1204 517 0 1220 515 0 1204 517 0 396 518 0 1606 519 0 396 518 0 1204 517 0 1224 519 0 396 518 0 1606 519 0 1226 82 0 1223 82 0 1225 82 0 1225 82 0 1223 82 0 1224 82 0 408 440 0 407 520 0 1254 440 0 1254 440 0 407 520 0 1603 521 0 1603 521 0 407 520 0 1601 522 0 1601 522 0 407 520 0 1228 523 0 1228 523 0 407 520 0 1557 523 0 1557 523 0 407 520 0 1556 524 0 1556 524 0 407 520 0 1249 525 0 1249 525 0 407 520 0 1565 526 0 1565 526 0 407 520 0 1247 527 0 1247 527 0 407 520 0 1544 528 0 406 529 0 1544 528 0 407 520 0 1544 528 0 406 529 0 1545 530 0 1545 530 0 406 529 0 1244 531 0 1243 532 0 1244 531 0 406 529 0 405 533 0 1243 532 0 406 529 0 1243 532 0 405 533 0 1242 534 0 1242 534 0 405 533 0 404 535 0 1242 534 0 404 535 0 1549 536 0 1549 536 0 404 535 0 1240 537 0 1240 537 0 404 535 0 403 538 0 1240 537 0 403 538 0 1239 539 0 1239 539 0 403 538 0 1552 538 0 1272 540 0 1273 541 0 1530 540 0 1530 540 0 1273 541 0 1531 542 0 1531 542 0 1273 541 0 1532 543 0 1532 543 0 1273 541 0 1533 544 0 1533 544 0 1273 541 0 1534 545 0 1534 545 0 1273 541 0 1266 546 0 411 547 0 1266 546 0 1273 541 0 1266 546 0 411 547 0 1536 548 0 1536 548 0 411 547 0 1264 549 0 410 550 0 1264 549 0 411 547 0 1538 551 0 1540 552 0 1584 551 0 1264 549 0 410 550 0 1263 553 0 1263 553 0 410 550 0 1539 554 0 1539 554 0 410 550 0 409 555 0 1539 554 0 409 555 0 1522 556 0 1522 556 0 409 555 0 1541 557 0 1541 557 0 409 555 0 408 440 0 1541 557 0 408 440 0 1540 552 0 1540 552 0 408 440 0 1584 551 0 1584 551 0 408 440 0 1256 558 0 1256 558 0 408 440 0 1583 559 0 1583 559 0 408 440 0 1254 440 0 440 560 0 439 561 0 1290 560 0 1290 560 0 439 561 0 1289 562 0 1289 562 0 439 561 0 322 562 0 322 562 0 439 561 0 1287 563 0 438 564 0 1287 563 0 439 561 0 1287 563 0 438 564 0 1286 565 0 1286 565 0 438 564 0 437 566 0 1295 567 0 1286 565 0 437 566 0 1295 567 0 807 568 0 1286 565 0 1284 569 0 807 568 0 1295 567 0 1296 570 0 1284 569 0 1295 567 0 1284 569 0 1296 570 0 1297 571 0 1284 569 0 1297 571 0 809 572 0 1282 573 0 809 572 0 1297 571 0 433 574 0 1282 573 0 1297 571 0 1282 573 0 433 574 0 1196 511 0 1196 511 0 433 574 0 1280 511 0 433 574 0 1226 82 0 1280 511 0 1280 511 0 1226 82 0 1225 82 0 1303 560 0 440 560 0 1302 560 0 1302 560 0 440 560 0 1290 560 0 1303 560 0 1505 440 0 442 440 0 1302 560 0 1505 440 0 1303 560 0 1505 440 0 1506 575 0 442 440 0 442 440 0 1506 575 0 443 576 0 444 577 0 443 576 0 1506 575 0 1507 578 0 444 577 0 1506 575 0 444 577 0 1507 578 0 445 579 0 445 579 0 1507 578 0 1508 579 0 1381 580 0 474 581 0 1500 580 0 1500 580 0 474 581 0 1320 582 0 1320 582 0 474 581 0 764 582 0 764 582 0 474 581 0 765 583 0 766 584 0 765 583 0 474 581 0 473 585 0 766 584 0 474 581 0 766 584 0 473 585 0 767 586 0 767 586 0 473 585 0 1325 587 0 767 586 0 1325 587 0 1372 588 0 471 589 0 1372 588 0 1325 587 0 1372 588 0 471 589 0 1371 590 0 1371 590 0 471 589 0 470 591 0 469 592 0 1371 590 0 470 591 0 469 592 0 770 593 0 1371 590 0 771 594 0 770 593 0 469 592 0 1329 595 0 771 594 0 469 592 0 771 594 0 1329 595 0 1330 596 0 771 594 0 1330 596 0 1368 597 0 1368 597 0 1330 596 0 1331 598 0 1368 597 0 1331 598 0 465 599 0 464 600 0 1368 597 0 465 599 0 464 600 0 1367 601 0 1368 597 0 1367 601 0 464 600 0 463 602 0 462 603 0 1367 601 0 463 602 0 462 603 0 774 604 0 1367 601 0 1365 605 0 774 604 0 462 603 0 461 606 0 1365 605 0 462 603 0 1365 605 0 461 606 0 460 607 0 1365 605 0 460 607 0 1364 608 0 1338 609 0 1364 608 0 460 607 0 1364 608 0 1338 609 0 777 610 0 777 610 0 1338 609 0 1339 611 0 777 610 0 1339 611 0 1340 612 0 777 610 0 1340 612 0 778 613 0 1341 614 0 778 613 0 1340 612 0 778 613 0 1341 614 0 1342 615 0 778 613 0 1342 615 0 779 616 0 779 616 0 1342 615 0 454 617 0 453 618 0 779 616 0 454 617 0 453 618 0 1360 619 0 779 616 0 452 620 0 1360 619 0 453 618 0 452 620 0 1359 621 0 1360 619 0 1359 621 0 452 620 0 1346 622 0 1358 623 0 1359 621 0 1346 622 0 450 624 0 1358 623 0 1346 622 0 1358 623 0 450 624 0 1348 625 0 1358 623 0 1348 625 0 1357 626 0 1357 626 0 1348 625 0 1349 627 0 1350 628 0 1357 626 0 1349 627 0 1357 626 0 1350 628 0 784 629 0 784 629 0 1350 628 0 1351 630 0 784 629 0 1351 630 0 1355 631 0 1355 631 0 1351 630 0 1354 631 0 1351 630 0 445 579 0 1354 631 0 1354 631 0 445 579 0 1508 579 0 1500 580 0 1383 632 0 1381 580 0 1381 580 0 1383 632 0 476 633 0 1379 634 0 476 633 0 1383 632 0 1384 635 0 1379 634 0 1383 632 0 1379 634 0 1384 635 0 1378 440 0 1378 440 0 1384 635 0 1377 440 0 1378 440 0 1494 636 0 1391 636 0 1377 440 0 1494 636 0 1378 440 0 1494 636 0 1393 636 0 1391 636 0 1391 636 0 1393 636 0 1396 636 0 488 637 0 1410 638 0 1408 637 0 1408 637 0 1410 638 0 1407 639 0 1407 639 0 1410 638 0 51 639 0 51 639 0 1410 638 0 949 640 0 486 641 0 949 640 0 1410 638 0 486 641 0 950 642 0 949 640 0 950 642 0 486 641 0 485 643 0 484 644 0 950 642 0 485 643 0 484 644 0 1403 645 0 950 642 0 1402 646 0 1403 645 0 484 644 0 1414 647 0 1402 646 0 484 644 0 1402 646 0 1414 647 0 1401 648 0 1401 648 0 1414 647 0 482 649 0 1401 648 0 482 649 0 1400 650 0 1416 651 0 1400 650 0 482 649 0 1400 650 0 1416 651 0 955 652 0 955 652 0 1416 651 0 1398 652 0 1416 651 0 1396 636 0 1398 652 0 1398 652 0 1396 636 0 1393 636 0 488 637 0 1408 637 0 1421 637 0 1421 637 0 1408 637 0 1477 637 0 1477 637 0 1425 653 0 1421 637 0 1421 637 0 1425 653 0 1432 654 0 1426 655 0 1432 654 0 1425 653 0 1426 655 0 491 656 0 1432 654 0 492 657 0 491 656 0 1426 655 0 1478 658 0 492 657 0 1426 655 0 492 657 0 1478 658 0 1434 659 0 1434 659 0 1478 658 0 1471 659 0 403 660 0 1452 661 0 1581 660 0 1581 660 0 1452 661 0 1464 662 0 1463 663 0 1464 662 0 1452 661 0 1453 664 0 1463 663 0 1452 661 0 1463 663 0 1453 664 0 1469 665 0 1469 665 0 1453 664 0 1454 666 0 1469 665 0 1454 666 0 906 665 0 1455 667 0 906 665 0 1454 666 0 1455 667 0 1445 668 0 906 665 0 1445 668 0 1455 667 0 1456 669 0 1445 668 0 1456 669 0 1457 670 0 1445 668 0 1457 670 0 908 671 0 503 672 0 908 671 0 1457 670 0 908 671 0 503 672 0 1443 673 0 1443 673 0 503 672 0 502 674 0 501 675 0 1443 673 0 502 674 0 501 675 0 1442 676 0 1443 673 0 1441 677 0 1442 676 0 501 675 0 500 678 0 1441 677 0 501 675 0 1441 677 0 500 678 0 499 679 0 1441 677 0 499 679 0 1440 680 0 1440 680 0 499 679 0 498 681 0 497 682 0 1440 680 0 498 681 0 497 682 0 1439 683 0 1440 680 0 1439 683 0 497 682 0 1465 684 0 914 685 0 1439 683 0 1465 684 0 495 686 0 914 685 0 1465 684 0 914 685 0 495 686 0 1467 687 0 914 685 0 1467 687 0 1437 688 0 1437 688 0 1467 687 0 1 688 0 1467 687 0 1434 659 0 1 688 0 1 688 0 1434 659 0 1471 659 0 1427 450 0 1485 153 0 1484 153 0 1427 450 0 512 451 0 1485 153 0 512 451 0 1427 450 0 513 448 0 1427 450 0 1428 449 0 513 448 0 1429 447 0 513 448 0 1428 449 0 513 448 0 1429 447 0 1430 445 0 513 448 0 1430 445 0 514 689 0 1431 443 0 514 689 0 1430 445 0 514 689 0 1431 443 0 515 441 0 1435 442 0 515 441 0 1431 443 0 1482 440 0 515 441 0 1435 442 0 1490 440 0 515 441 0 1482 440 0 1492 438 0 1490 440 0 1482 440 0 1492 438 0 1489 439 0 1490 440 0 1489 439 0 1492 438 0 1488 436 0 1492 438 0 1436 437 0 1488 436 0 1438 435 0 1488 436 0 1436 437 0 1488 436 0 1438 435 0 1444 433 0 1488 436 0 1444 433 0 1487 690 0 1446 431 0 1487 690 0 1444 433 0 1487 690 0 1446 431 0 520 429 0 1447 430 0 520 429 0 1446 431 0 1484 153 0 520 429 0 1447 430 0 1485 153 0 520 429 0 1484 153 0 1392 450 0 1504 153 0 1514 153 0 1392 450 0 523 451 0 1504 153 0 523 451 0 1392 450 0 524 448 0 1392 450 0 1394 449 0 524 448 0 1397 447 0 524 448 0 1394 449 0 524 448 0 1397 447 0 1399 445 0 524 448 0 1399 445 0 525 689 0 1510 443 0 525 689 0 1399 445 0 525 689 0 1510 443 0 526 441 0 1511 442 0 526 441 0 1510 443 0 1521 440 0 526 441 0 1511 442 0 1499 440 0 526 441 0 1521 440 0 1404 438 0 1499 440 0 1521 440 0 1404 438 0 1519 439 0 1499 440 0 1519 439 0 1404 438 0 1518 436 0 1404 438 0 1523 437 0 1518 436 0 1524 435 0 1518 436 0 1523 437 0 1518 436 0 1524 435 0 1525 433 0 1518 436 0 1525 433 0 1517 690 0 1526 431 0 1517 690 0 1525 433 0 1517 690 0 1526 431 0 531 429 0 1405 430 0 531 429 0 1526 431 0 1514 153 0 531 429 0 1405 430 0 1504 153 0 531 429 0 1514 153 0 1530 0 0 1531 691 0 1334 0 0 1334 0 0 1531 691 0 1333 692 0 1333 692 0 1531 691 0 1573 693 0 1532 694 0 1573 693 0 1531 691 0 1573 693 0 1532 694 0 1572 695 0 1572 695 0 1532 694 0 1533 696 0 1534 697 0 1572 695 0 1533 696 0 1572 695 0 1534 697 0 1571 698 0 1571 698 0 1534 697 0 1332 699 0 1332 699 0 1534 697 0 1266 700 0 1536 701 0 1332 699 0 1266 700 0 1332 699 0 1536 701 0 1569 702 0 1569 702 0 1536 701 0 1568 703 0 1264 704 0 1568 703 0 1536 701 0 1568 703 0 1264 704 0 1328 705 0 1328 705 0 1264 704 0 1263 706 0 1328 705 0 1263 706 0 1566 707 0 1539 708 0 1566 707 0 1263 706 0 1566 707 0 1539 708 0 1520 708 0 1566 707 0 1520 708 0 1327 709 0 1327 709 0 1520 708 0 1387 40 0 1327 709 0 1387 40 0 1564 40 0 1387 40 0 1563 710 0 1564 40 0 1564 40 0 1563 710 0 1356 711 0 1356 711 0 1563 710 0 1562 712 0 1544 713 0 1563 710 0 1247 710 0 1561 714 0 1562 712 0 1563 710 0 1544 713 0 1561 714 0 1563 710 0 1561 714 0 1544 713 0 1353 715 0 1544 713 0 1545 716 0 1353 715 0 1244 717 0 1353 715 0 1545 716 0 1353 715 0 1244 717 0 1559 718 0 1558 719 0 1559 718 0 1244 717 0 1243 720 0 1558 719 0 1244 717 0 1558 719 0 1243 720 0 1242 721 0 1558 719 0 1242 721 0 1352 722 0 1347 723 0 1352 722 0 1242 721 0 1549 724 0 1347 723 0 1242 721 0 1347 723 0 1549 724 0 1240 725 0 1347 723 0 1240 725 0 1555 726 0 1345 727 0 1555 726 0 1240 725 0 1239 728 0 1345 727 0 1240 725 0 1345 727 0 1239 728 0 1552 454 0 1345 727 0 1552 454 0 1553 454 0 552 484 0 1334 484 0 1645 484 0 1577 484 0 1334 484 0 552 484 0 1600 0 0 1599 729 0 1586 0 0 1586 0 0 1599 729 0 1587 729 0 1587 40 0 1590 40 0 1586 40 0 1588 40 0 1590 40 0 1587 40 0 1589 40 0 1590 40 0 1588 40 0 1597 440 0 1590 440 0 1589 440 0 542 440 0 1590 440 0 1597 440 0 542 73 0 1599 73 0 1600 73 0 1597 73 0 1599 73 0 542 73 0 1322 73 0 1599 73 0 1597 73 0 1577 730 0 552 730 0 66 730 0 31 73 0 49 73 0 42 73 0 1294 440 0 1298 440 0 1238 440 0 1294 440 0 1238 440 0 1241 440 0 1294 440 0 1241 440 0 1624 440 0 1624 440 0 1241 440 0 1629 440 0 1624 440 0 1629 440 0 1630 440 0 1624 440 0 1630 440 0 1361 440 0 1361 440 0 1630 440 0 1656 440 0 1656 440 0 1630 440 0 1245 440 0 1656 440 0 1245 440 0 1655 440 0 1655 440 0 1245 440 0 1632 440 0 1655 440 0 1632 440 0 1326 440 0 1326 440 0 1632 440 0 1653 440 0 1653 440 0 1632 440 0 1246 440 0 1653 440 0 1246 440 0 1652 440 0 1652 440 0 1246 440 0 1634 440 0 1652 440 0 1634 440 0 1651 440 0 1651 440 0 1634 440 0 1248 440 0 1651 440 0 1248 440 0 1250 440 0 1651 440 0 1250 440 0 1650 440 0 1650 440 0 1250 440 0 1649 440 0 1649 440 0 1250 440 0 1637 440 0 1649 440 0 1637 440 0 1648 440 0 1648 440 0 1637 440 0 1251 440 0 1648 440 0 1251 440 0 1647 440 0 1647 440 0 1251 440 0 1639 440 0 1647 440 0 1639 440 0 1324 440 0 1324 440 0 1639 440 0 1640 440 0 1324 440 0 1640 440 0 1645 440 0 1645 440 0 1640 440 0 552 440 0 552 440 0 1640 440 0 1030 440 0 552 440 0 1030 440 0 1208 440 0 552 440 0 1208 440 0 557 440 0 1623 440 0 1624 440 0 1658 440 0 1658 440 0 1624 440 0 1361 440 0 1623 440 0 1658 440 0 1659 440 0 1623 440 0 1659 440 0 1336 440 0 1623 440 0 1336 440 0 1661 440 0 1623 440 0 1661 440 0 1293 440 0 1293 440 0 1661 440 0 1662 440 0 1293 440 0 1662 440 0 1663 440 0 1293 440 0 1663 440 0 1621 440 0 1621 440 0 1663 440 0 1620 440 0 1620 440 0 1663 440 0 1337 440 0 1620 440 0 1337 440 0 1619 440 0 1619 440 0 1337 440 0 1618 440 0 1618 440 0 1337 440 0 1343 440 0 1618 440 0 1343 440 0 1666 440 0 1618 440 0 1666 440 0 1617 440 0 1617 440 0 1666 440 0 1344 440 0 1617 440 0 1344 440 0 1668 440 0 1617 440 0 1668 440 0 1292 440 0 1292 440 0 1668 440 0 1669 440 0 1292 440 0 1669 440 0 1615 440 0 1615 440 0 1669 440 0 1291 440 0 1291 440 0 1669 440 0 1607 440 0 1291 440 0 1607 440 0 1288 440 0 1288 440 0 1607 440 0 1317 440 0 1288 440 0 1317 440 0 1612 440 0 1612 440 0 1317 440 0 1285 440 0 1285 440 0 1317 440 0 1610 440 0 1610 440 0 1317 440 0 1315 440 0 1208 440 0 1209 731 0 557 440 0 557 440 0 1209 731 0 596 84 0 596 84 0 1209 731 0 1210 732 0 596 84 0 1210 732 0 1212 84 0 1703 153 0 1704 733 0 633 153 0 633 153 0 1704 733 0 867 734 0 868 735 0 867 734 0 1704 733 0 1157 736 0 868 735 0 1704 733 0 868 735 0 1157 736 0 1158 737 0 868 735 0 1158 737 0 1699 738 0 1166 739 0 1699 738 0 1158 737 0 1166 739 0 1698 740 0 1699 738 0 1698 740 0 1166 739 0 1167 741 0 1698 740 0 1167 741 0 1697 742 0 1170 743 0 1697 742 0 1167 741 0 1697 742 0 1170 743 0 1696 744 0 1696 744 0 1170 743 0 1173 745 0 1177 746 0 1696 744 0 1173 745 0 1177 746 0 873 747 0 1696 744 0 1179 748 0 873 747 0 1177 746 0 873 747 0 1179 748 0 874 749 0 874 749 0 1179 748 0 1713 750 0 1693 751 0 874 749 0 1713 750 0 1714 752 0 1693 751 0 1713 750 0 1693 751 0 1714 752 0 1715 753 0 1693 751 0 1715 753 0 1692 754 0 1716 755 0 1692 754 0 1715 753 0 1692 754 0 1716 755 0 877 756 0 877 756 0 1716 755 0 1717 757 0 878 758 0 877 756 0 1717 757 0 1718 759 0 878 758 0 1717 757 0 878 758 0 1718 759 0 1719 760 0 878 758 0 1719 760 0 879 761 0 1720 762 0 879 761 0 1719 760 0 879 761 0 1720 762 0 1688 763 0 1688 763 0 1720 762 0 1721 764 0 1722 765 0 1688 763 0 1721 764 0 1722 765 0 881 766 0 1688 763 0 881 766 0 1722 765 0 1723 767 0 881 766 0 1723 767 0 882 768 0 1724 769 0 882 768 0 1723 767 0 882 768 0 1724 769 0 1725 770 0 882 768 0 1725 770 0 1685 771 0 1726 772 0 1685 771 0 1725 770 0 1685 771 0 1726 772 0 1684 773 0 1727 774 0 1684 773 0 1726 772 0 1684 773 0 1727 774 0 1683 775 0 1683 775 0 1727 774 0 1180 776 0 886 777 0 1683 775 0 1180 776 0 1181 778 0 886 777 0 1180 776 0 886 777 0 1181 778 0 1184 779 0 886 777 0 1184 779 0 1681 780 0 1185 781 0 1681 780 0 1184 779 0 1681 780 0 1185 781 0 1680 782 0 1680 782 0 1185 781 0 1197 783 0 1679 784 0 1680 782 0 1197 783 0 1198 785 0 1679 784 0 1197 783 0 1679 784 0 1198 785 0 1199 786 0 1679 784 0 1199 786 0 1741 787 0 1679 784 0 1741 787 0 1678 787 0 1735 788 0 1741 787 0 1199 786 0 1741 787 0 1735 788 0 1039 789 0 1039 789 0 1735 788 0 1736 790 0 1039 789 0 1736 790 0 1038 791 0 1038 791 0 1736 790 0 1040 792 0 1038 791 0 1040 792 0 1041 791 0 1748 793 0 1743 85 0 1212 84 0 1748 793 0 1742 794 0 1743 85 0 1742 794 0 1748 793 0 1730 795 0 1748 793 0 1215 796 0 1730 795 0 1203 797 0 1730 795 0 1215 796 0 1019 798 0 1730 795 0 1203 797 0 1742 794 0 1470 87 0 1743 85 0 1742 794 0 1468 799 0 1470 87 0 1468 799 0 1742 794 0 1753 800 0 1742 794 0 1730 795 0 1753 800 0 1730 795 0 1694 801 0 1753 800 0 1730 795 0 1019 798 0 1694 801 0 1318 73 0 1753 800 0 1694 801 0 1211 73 0 1677 73 0 1675 802 0 1200 803 0 1211 73 0 1675 802 0 1153 804 0 1200 803 0 1675 802 0 1211 73 0 1200 803 0 1227 73 0 1200 803 0 620 73 0 1227 73 0 1192 805 0 620 73 0 1200 803 0 620 73 0 1192 805 0 624 73 0 1192 805 0 1277 73 0 624 73 0 1176 806 0 1277 73 0 1192 805 0 1277 73 0 1176 806 0 625 73 0 1176 806 0 665 73 0 625 73 0 1160 807 0 665 73 0 1176 806 0 665 73 0 1160 807 0 1304 73 0 1160 807 0 1309 73 0 1304 73 0 1143 808 0 1309 73 0 1160 807 0 1309 73 0 1143 808 0 1312 73 0 1126 809 0 1312 73 0 1143 808 0 1312 73 0 1126 809 0 671 73 0 1126 809 0 706 73 0 671 73 0 1119 810 0 706 73 0 1126 809 0 706 73 0 1119 810 0 723 73 0 1110 811 0 723 73 0 1119 810 0 723 73 0 1110 811 0 1319 73 0 1110 811 0 1321 73 0 1319 73 0 1094 812 0 1321 73 0 1110 811 0 1321 73 0 1094 812 0 732 73 0 1078 813 0 732 73 0 1094 812 0 732 73 0 1078 813 0 1236 73 0 1078 813 0 1252 73 0 1236 73 0 1062 814 0 1252 73 0 1078 813 0 1252 73 0 1062 814 0 1279 73 0 1045 815 0 1279 73 0 1062 814 0 1279 73 0 1045 815 0 1382 73 0 1045 815 0 1385 73 0 1382 73 0 1042 816 0 1385 73 0 1045 815 0 1385 73 0 1042 816 0 1299 73 0 1032 817 0 1299 73 0 1042 816 0 1299 73 0 1032 817 0 1390 73 0 1032 817 0 1395 73 0 1390 73 0 1028 818 0 1395 73 0 1032 817 0 1395 73 0 1028 818 0 1313 73 0 1028 818 0 1316 73 0 1313 73 0 1026 819 0 1316 73 0 1028 818 0 1316 73 0 1026 819 0 1422 73 0 1026 819 0 1424 73 0 1422 73 0 1012 820 0 1424 73 0 1026 819 0 1424 73 0 1012 820 0 1433 73 0 1753 800 0 1433 73 0 1012 820 0 1318 73 0 1433 73 0 1753 800 0 1703 153 0 1006 821 0 1153 804 0 1153 804 0 1006 821 0 1200 803 0 996 822 0 1200 803 0 1006 821 0 1192 805 0 1200 803 0 996 822 0 988 823 0 1192 805 0 996 822 0 1176 806 0 1192 805 0 988 823 0 980 824 0 1176 806 0 988 823 0 1160 807 0 1176 806 0 980 824 0 966 825 0 1160 807 0 980 824 0 1143 808 0 1160 807 0 966 825 0 963 826 0 1143 808 0 966 825 0 1126 809 0 1143 808 0 963 826 0 951 827 0 1126 809 0 963 826 0 1119 810 0 1126 809 0 951 827 0 946 828 0 1119 810 0 951 827 0 1110 811 0 1119 810 0 946 828 0 939 829 0 1110 811 0 946 828 0 1094 812 0 1110 811 0 939 829 0 930 830 0 1094 812 0 939 829 0 1078 813 0 1094 812 0 930 830 0 905 831 0 1078 813 0 930 830 0 1062 814 0 1078 813 0 905 831 0 898 832 0 1062 814 0 905 831 0 1045 815 0 1062 814 0 898 832 0 892 833 0 1045 815 0 898 832 0 1042 816 0 1045 815 0 892 833 0 866 834 0 1042 816 0 892 833 0 1032 817 0 1042 816 0 866 834 0 795 835 0 1032 817 0 866 834 0 1028 818 0 1032 817 0 795 835 0 786 836 0 1028 818 0 795 835 0 1026 819 0 1028 818 0 786 836 0 734 837 0 1026 819 0 786 836 0 1012 820 0 1026 819 0 734 837 0 1468 799 0 1012 820 0 734 837 0 1753 800 0 1012 820 0 1468 799 0 1703 153 0 1657 151 0 1006 821 0 1633 150 0 1006 821 0 1657 151 0 629 147 0 1006 821 0 1633 150 0 996 822 0 1006 821 0 629 147 0 628 146 0 996 822 0 629 147 0 1602 143 0 996 822 0 628 146 0 988 823 0 996 822 0 1602 143 0 626 141 0 988 823 0 1602 143 0 1591 140 0 988 823 0 626 141 0 980 824 0 988 823 0 1591 140 0 1585 137 0 980 824 0 1591 140 0 623 136 0 980 824 0 1585 137 0 966 825 0 980 824 0 623 136 0 1580 133 0 966 825 0 623 136 0 621 132 0 966 825 0 1580 133 0 963 826 0 966 825 0 621 132 0 1575 129 0 963 826 0 621 132 0 951 827 0 963 826 0 1575 129 0 1570 128 0 951 827 0 1575 129 0 618 125 0 951 827 0 1570 128 0 946 828 0 951 827 0 618 125 0 617 123 0 946 828 0 618 125 0 616 121 0 946 828 0 617 123 0 939 829 0 946 828 0 616 121 0 615 119 0 939 829 0 616 121 0 1528 117 0 939 829 0 615 119 0 930 830 0 939 829 0 1528 117 0 1527 115 0 930 830 0 1528 117 0 1516 113 0 930 830 0 1527 115 0 905 831 0 930 830 0 1516 113 0 611 111 0 905 831 0 1516 113 0 610 109 0 905 831 0 611 111 0 898 832 0 905 831 0 610 109 0 609 107 0 898 832 0 610 109 0 608 105 0 898 832 0 609 107 0 892 833 0 898 832 0 608 105 0 607 103 0 892 833 0 608 105 0 866 834 0 892 833 0 607 103 0 606 101 0 866 834 0 607 103 0 605 98 0 866 834 0 606 101 0 795 835 0 866 834 0 605 98 0 604 96 0 795 835 0 605 98 0 1486 94 0 795 835 0 604 96 0 786 836 0 795 835 0 1486 94 0 1483 92 0 786 836 0 1486 94 0 1479 90 0 786 836 0 1483 92 0 734 837 0 786 836 0 1479 90 0 1473 88 0 734 837 0 1479 90 0 1470 87 0 734 837 0 1473 88 0 1468 799 0 734 837 0 1470 87 0 650 440 0 955 652 0 1398 652 0 89 73 0 49 73 0 31 73 0 715 440 0 955 652 0 650 440 0 729 838 0 719 839 0 631 838 0 631 838 0 719 839 0 632 840 0 632 840 0 719 839 0 715 440 0 632 840 0 715 440 0 636 841 0 636 841 0 715 440 0 650 440 0 631 838 0 558 842 0 729 838 0 729 838 0 558 842 0 593 843 0 731 844 0 593 843 0 558 842 0 553 845 0 731 844 0 558 842 0 731 844 0 553 845 0 1502 846 0 731 844 0 1502 846 0 764 847 0 1320 847 0 764 847 0 1502 846 0 89 73 0 88 73 0 49 73 0 1354 848 0 979 849 0 1355 848 0 1355 848 0 979 849 0 529 850 0 529 850 0 979 849 0 402 851 0 532 852 0 529 850 0 402 851 0 984 853 0 532 852 0 402 851 0 532 852 0 984 853 0 538 854 0 538 854 0 984 853 0 376 854 0 307 855 0 538 854 0 376 854 0 363 856 0 307 855 0 376 854 0 307 855 0 363 856 0 322 562 0 322 562 0 363 856 0 1515 857 0 322 562 0 1515 857 0 1289 562 0 895 858 0 110 858 0 896 858 0 1678 858 0 110 858 0 895 858 0 1741 858 0 110 858 0 1678 858 0 65 454 0 71 454 0 91 454 0 896 454 0 110 454 0 91 454 0 896 454 0 91 454 0 71 454 0 906 665 0 77 859 0 1469 665 0 1469 665 0 77 859 0 60 860 0 77 859 0 71 454 0 60 860 0 60 860 0 71 454 0 65 454 0 1 861 0 1472 862 0 1437 861 0 1437 861 0 1472 862 0 933 863 0 933 863 0 1472 862 0 6 864 0 934 865 0 933 863 0 6 864 0 12 866 0 934 865 0 6 864 0 934 865 0 12 866 0 941 867 0 941 867 0 12 866 0 965 867 0 83 868 0 941 867 0 965 867 0 19 869 0 83 868 0 965 867 0 83 868 0 19 869 0 51 639 0 51 639 0 19 869 0 1480 870 0 51 639 0 1480 870 0 1407 639 0 1058 73 0 1057 73 0 1626 73 0 1626 73 0 1057 73 0 1627 73 0 1627 73 0 1057 73 0 1628 73 0 1628 73 0 1057 73 0 1056 73 0 1628 73 0 1056 73 0 1631 73 0 1631 73 0 1056 73 0 1708 73 0 1631 73 0 1708 73 0 1729 73 0 1631 73 0 1729 73 0 1611 73 0 641 73 0 1613 73 0 1448 73 0 641 73 0 1448 73 0 1462 73 0 641 73 0 1462 73 0 1491 73 0 1074 73 0 1073 73 0 887 73 0 887 73 0 888 73 0 1074 73 0 1074 73 0 888 73 0 1702 73 0 1702 73 0 888 73 0 1705 73 0 1705 73 0 888 73 0 889 73 0 1705 73 0 889 73 0 1077 73 0 1077 73 0 889 73 0 1706 73 0 1706 73 0 889 73 0 1695 73 0 1695 73 0 889 73 0 1088 73 0 1279 73 0 1382 73 0 1061 73 0 1061 73 0 1382 73 0 1709 73 0 1709 73 0 1382 73 0 1710 73 0 1710 73 0 1382 73 0 1385 73 0 1710 73 0 1385 73 0 1711 73 0 1711 73 0 1385 73 0 1712 73 0 1712 73 0 1385 73 0 1299 73 0 1712 73 0 1299 73 0 1728 73 0 1728 73 0 1299 73 0 1044 73 0 1044 73 0 1299 73 0 1729 73 0 1729 73 0 1299 73 0 1611 73 0 1611 73 0 1299 73 0 1613 73 0 1613 73 0 1299 73 0 1448 73 0 1448 73 0 1299 73 0 883 73 0 883 73 0 1299 73 0 1417 73 0 1417 73 0 1299 73 0 1390 73 0 1417 73 0 1390 73 0 1406 73 0 1406 73 0 1390 73 0 880 73 0 880 73 0 1390 73 0 876 73 0 876 73 0 1390 73 0 1395 73 0 876 73 0 1395 73 0 875 73 0 875 73 0 1395 73 0 1313 73 0 875 73 0 1313 73 0 1389 73 0 1389 73 0 1313 73 0 1376 73 0 1376 73 0 1313 73 0 1316 73 0 1376 73 0 1316 73 0 1734 73 0 1376 73 0 1734 73 0 1362 73 0 1362 73 0 1734 73 0 1733 73 0 1362 73 0 1733 73 0 1732 73 0 1362 73 0 1732 73 0 1731 73 0 1362 73 0 1731 73 0 872 73 0 872 73 0 1731 73 0 1021 73 0 872 73 0 1021 73 0 997 73 0 872 73 0 997 73 0 1335 73 0 1335 73 0 997 73 0 1740 73 0 1335 73 0 1740 73 0 1010 73 0 1316 73 0 1422 73 0 1737 73 0 1316 73 0 1737 73 0 1734 73 0 1737 73 0 1422 73 0 1027 73 0 1027 73 0 1422 73 0 1738 73 0 1738 73 0 1422 73 0 1739 73 0 1739 73 0 1422 73 0 1008 73 0 1008 73 0 1422 73 0 1009 73 0 1009 73 0 1422 73 0 1424 73 0 1009 73 0 1424 73 0 1010 73 0 1010 73 0 1424 73 0 1335 73 0 1335 73 0 1424 73 0 871 73 0 871 73 0 1424 73 0 870 73 0 870 73 0 1424 73 0 1433 73 0 870 73 0 1433 73 0 1024 73 0 1024 73 0 1433 73 0 1023 73 0 1023 73 0 1433 73 0 1318 73 0 1023 73 0 1318 73 0 1022 73 0 1022 73 0 1318 73 0 1020 73 0 1020 73 0 1318 73 0 1323 73 0 732 73 0 1236 73 0 1252 73 0 732 73 0 1252 73 0 1279 73 0 732 73 0 1279 73 0 1321 73 0 1321 73 0 1279 73 0 1061 73 0 1321 73 0 1061 73 0 1060 73 0 1321 73 0 1060 73 0 1059 73 0 1321 73 0 1059 73 0 1058 73 0 1321 73 0 1058 73 0 1626 73 0 1321 73 0 1626 73 0 1319 73 0 1319 73 0 1626 73 0 1625 73 0 1319 73 0 1625 73 0 1622 73 0 1319 73 0 1622 73 0 723 73 0 723 73 0 1622 73 0 1616 73 0 723 73 0 1616 73 0 1614 73 0 723 73 0 1614 73 0 640 73 0 723 73 0 640 73 0 706 73 0 706 73 0 640 73 0 641 73 0 706 73 0 641 73 0 1491 73 0 706 73 0 1491 73 0 1493 73 0 706 73 0 1493 73 0 1498 73 0 706 73 0 1498 73 0 1501 73 0 706 73 0 1501 73 0 671 73 0 671 73 0 1501 73 0 884 73 0 671 73 0 884 73 0 1312 73 0 1312 73 0 884 73 0 885 73 0 1312 73 0 885 73 0 887 73 0 1312 73 0 887 73 0 1073 73 0 1312 73 0 1073 73 0 1072 73 0 1312 73 0 1072 73 0 1309 73 0 1309 73 0 1072 73 0 1701 73 0 1309 73 0 1701 73 0 1092 73 0 1309 73 0 1092 73 0 1091 73 0 1309 73 0 1091 73 0 1700 73 0 1309 73 0 1700 73 0 1304 73 0 1304 73 0 1700 73 0 1089 73 0 1304 73 0 1089 73 0 1088 73 0 1304 73 0 1088 73 0 889 73 0 1304 73 0 889 73 0 890 73 0 1304 73 0 890 73 0 1503 73 0 1304 73 0 1503 73 0 665 73 0 665 73 0 1503 73 0 1509 73 0 665 73 0 1509 73 0 1512 73 0 665 73 0 1512 73 0 625 73 0 625 73 0 1512 73 0 1277 73 0 1277 73 0 1512 73 0 891 73 0 1277 73 0 891 73 0 624 73 0 624 73 0 891 73 0 1513 73 0 624 73 0 1513 73 0 620 73 0 620 73 0 1513 73 0 1542 73 0 620 73 0 1542 73 0 897 73 0 620 73 0 897 73 0 1227 73 0 1227 73 0 897 73 0 899 73 0 1227 73 0 899 73 0 1211 73 0 1211 73 0 899 73 0 1546 73 0 1211 73 0 1546 73 0 978 73 0 1211 73 0 978 73 0 977 73 0 1211 73 0 977 73 0 976 73 0 978 73 0 1546 73 0 1747 73 0 1747 73 0 1546 73 0 1749 73 0 1749 73 0 1546 73 0 1550 73 0 1749 73 0 1550 73 0 989 73 0 989 73 0 1550 73 0 990 73 0 990 73 0 1550 73 0 991 73 0 1677 73 0 1211 73 0 975 73 0 975 73 0 1211 73 0 976 73 0 1677 73 0 975 73 0 1746 73 0 1677 73 0 1746 73 0 995 73 0 1677 73 0 995 73 0 994 73 0 1677 73 0 994 73 0 619 73 0 619 73 0 994 73 0 1745 73 0 619 73 0 1745 73 0 1744 73 0 619 73 0 1744 73 0 991 73 0 619 73 0 991 73 0 1550 73 0 619 73 0 1550 73 0 1560 73 0 619 73 0 1560 73 0 603 73 0 603 73 0 1560 73 0 737 73 0 603 73 0 737 73 0 738 73 0 603 73 0 738 73 0 588 73 0 588 73 0 738 73 0 739 73 0 588 73 0 739 73 0 740 73 0 588 73 0 740 73 0 1151 73 0 1151 73 0 740 73 0 1150 73 0 1150 73 0 740 73 0 741 73 0 1150 73 0 741 73 0 562 73 0 562 73 0 741 73 0 754 73 0 562 73 0 754 73 0 551 73 0 551 73 0 754 73 0 1149 73 0 1149 73 0 754 73 0 1579 73 0 1149 73 0 1579 73 0 548 73 0 548 73 0 1579 73 0 758 73 0 548 73 0 758 73 0 1148 73 0 1148 73 0 758 73 0 1189 73 0 1189 73 0 758 73 0 1190 73 0 1148 73 0 1189 73 0 1188 73 0 1148 73 0 1188 73 0 1187 73 0 1148 73 0 1187 73 0 1147 73 0 1147 73 0 1187 73 0 1186 73 0 1147 73 0 1186 73 0 1175 73 0 1147 73 0 1175 73 0 1174 73 0 1147 73 0 1174 73 0 1664 73 0 1751 73 0 1752 73 0 1686 73 0 1686 73 0 1752 73 0 1687 73 0 1751 73 0 1686 73 0 1102 73 0 1751 73 0 1102 73 0 1125 73 0 1751 73 0 1125 73 0 1682 73 0 1751 73 0 1682 73 0 1123 73 0 1751 73 0 1123 73 0 1750 73 0 1750 73 0 1123 73 0 1122 73 0 1750 73 0 1122 73 0 1121 73 0 1608 73 0 1609 73 0 1644 73 0 1644 73 0 1609 73 0 1646 73 0 1646 73 0 1609 73 0 1654 73 0 1654 73 0 1609 73 0 776 73 0 682 73 0 1654 73 0 1144 73 0 682 73 0 1144 73 0 1159 73 0 682 73 0 1159 73 0 1671 73 0 682 73 0 1671 73 0 1635 73 0 1635 73 0 1671 73 0 1667 73 0 1635 73 0 1667 73 0 1636 73 0 1636 73 0 1667 73 0 1156 73 0 1636 73 0 1156 73 0 1638 73 0 961 73 0 161 73 0 960 73 0 960 73 0 161 73 0 112 73 0 112 73 0 161 73 0 959 73 0 959 73 0 161 73 0 958 73 0 958 73 0 161 73 0 957 73 0 957 73 0 161 73 0 787 73 0 787 73 0 161 73 0 1127 73 0 787 73 0 1127 73 0 170 73 0 787 73 0 170 73 0 1752 73 0 1752 73 0 170 73 0 1687 73 0 1687 73 0 170 73 0 1128 73 0 1687 73 0 1128 73 0 1689 73 0 1689 73 0 1128 73 0 1690 73 0 1690 73 0 1128 73 0 1129 73 0 1690 73 0 1129 73 0 1691 73 0 1691 73 0 1129 73 0 1108 73 0 1108 73 0 1129 73 0 1109 73 0 1109 73 0 1129 73 0 1130 73 0 1109 73 0 1130 73 0 1676 73 0 1676 73 0 1130 73 0 1121 73 0 1121 73 0 1130 73 0 1750 73 0 1750 73 0 1130 73 0 1707 73 0 1707 73 0 1130 73 0 1131 73 0 1707 73 0 1131 73 0 785 73 0 785 73 0 1131 73 0 1132 73 0 785 73 0 1132 73 0 783 73 0 783 73 0 1132 73 0 177 73 0 783 73 0 177 73 0 782 73 0 782 73 0 177 73 0 1133 73 0 782 73 0 1133 73 0 781 73 0 781 73 0 1133 73 0 1670 73 0 1670 73 0 1133 73 0 1665 73 0 1665 73 0 1133 73 0 780 73 0 780 73 0 1133 73 0 776 73 0 776 73 0 1133 73 0 1135 73 0 776 73 0 1135 73 0 1654 73 0 1654 73 0 1135 73 0 1144 73 0 1144 73 0 1135 73 0 1672 73 0 1672 73 0 1135 73 0 1673 73 0 1673 73 0 1135 73 0 1674 73 0 1674 73 0 1135 73 0 189 73 0 1674 73 0 189 73 0 1139 73 0 1139 73 0 189 73 0 1140 73 0 1140 73 0 189 73 0 191 73 0 1140 73 0 191 73 0 1141 73 0 1141 73 0 191 73 0 1142 73 0 758 73 0 1582 73 0 1191 73 0 758 73 0 1191 73 0 1190 73 0 1191 73 0 1582 73 0 1168 73 0 1168 73 0 1582 73 0 1169 73 0 1169 73 0 1582 73 0 1596 73 0 1169 73 0 1596 73 0 1660 73 0 1660 73 0 1596 73 0 1171 73 0 1171 73 0 1596 73 0 1172 73 0 1172 73 0 1596 73 0 1664 73 0 1664 73 0 1596 73 0 760 73 0 1664 73 0 760 73 0 1147 73 0 1147 73 0 760 73 0 543 73 0 543 73 0 760 73 0 768 73 0 543 73 0 768 73 0 521 73 0 521 73 0 768 73 0 769 73 0 521 73 0 769 73 0 772 73 0 521 73 0 772 73 0 510 73 0 510 73 0 772 73 0 773 73 0 510 73 0 773 73 0 431 73 0 431 73 0 773 73 0 775 73 0 431 73 0 775 73 0 1145 73 0 1145 73 0 775 73 0 1608 73 0 1145 73 0 1608 73 0 1644 73 0 1145 73 0 1644 73 0 1138 73 0 1138 73 0 1644 73 0 1643 73 0 1138 73 0 1643 73 0 1642 73 0 1138 73 0 1642 73 0 675 73 0 1138 73 0 675 73 0 391 73 0 391 73 0 675 73 0 1641 73 0 391 73 0 1641 73 0 666 73 0 391 73 0 666 73 0 1137 73 0 1137 73 0 666 73 0 1638 73 0 1137 73 0 1638 73 0 1156 73 0 1137 73 0 1156 73 0 1155 73 0 1137 73 0 1155 73 0 1154 73 0 1137 73 0 1154 73 0 348 73 0 348 73 0 1154 73 0 1142 73 0 348 73 0 1142 73 0 191 73 0 348 73 0 191 73 0 1136 73 0 348 73 0 1136 73 0 335 73 0 335 73 0 1136 73 0 281 73 0 335 73 0 281 73 0 296 73 0 296 73 0 281 73 0 294 73 0 1604 519 0 1280 304 0 1225 519 0 1224 519 0 1604 519 0 1225 519 0 90 73 0 88 73 0 89 73 0 1606 519 0 1604 519 0 1224 519 0 1605 519 0 1604 519 0 1606 519 0 1547 0 0 1388 871 0 1228 0 0 1228 0 0 1388 871 0 1601 872 0 1598 873 0 1601 872 0 1388 871 0 1598 873 0 1603 874 0 1601 872 0 1254 40 0 1603 874 0 1598 873 0 1595 875 0 1254 40 0 1598 873 0 1254 40 0 1595 875 0 1594 876 0 1254 40 0 1594 876 0 1583 877 0 1594 876 0 1593 381 0 1583 877 0 1256 878 0 1583 877 0 1593 381 0 1592 879 0 1256 878 0 1593 381 0 1256 878 0 1592 879 0 1584 454 0 1584 454 0 1592 879 0 1543 454 0 589 454 0 1553 454 0 627 454 0 589 454 0 627 454 0 1581 454 0 1581 454 0 627 454 0 403 454 0 627 454 0 1553 454 0 1574 454 0 1574 454 0 1553 454 0 1576 454 0 1552 454 0 403 454 0 1578 454 0 1578 454 0 403 454 0 627 454 0 1552 454 0 1578 454 0 1576 454 0 1552 454 0 1576 454 0 1553 454 0 1567 40 0 1247 710 0 1563 710 0 1565 40 0 1247 710 0 1567 40 0 1557 0 0 1556 880 0 1548 0 0 1548 0 0 1556 880 0 1551 699 0 1249 881 0 1551 699 0 1556 880 0 1551 699 0 1249 881 0 1554 882 0 1565 40 0 1554 882 0 1249 881 0 1554 882 0 1565 40 0 1567 40 0 1228 0 0 1557 0 0 1547 0 0 1547 0 0 1557 0 0 1548 0 0 1537 454 0 1538 454 0 1543 454 0 1543 454 0 1538 454 0 1584 454 0 1529 718 0 1386 40 0 1522 40 0 1541 883 0 1529 718 0 1522 40 0 1535 884 0 1529 718 0 1541 883 0 1540 885 0 1535 884 0 1541 883 0 1535 884 0 1540 885 0 1537 454 0 1537 454 0 1540 885 0 1538 454 0 1520 708 0 1522 40 0 1386 40 0 1539 708 0 1522 40 0 1520 708 0 1290 886 0 1289 302 0 1515 886 0 969 886 0 1515 886 0 363 886 0 1302 886 0 1515 886 0 969 886 0 1290 886 0 1515 886 0 1302 886 0 969 886 0 1505 83 0 1302 886 0 970 887 0 1505 83 0 969 886 0 1505 83 0 970 887 0 1506 888 0 970 887 0 972 889 0 1506 888 0 1506 888 0 972 889 0 973 890 0 1506 888 0 973 890 0 1507 891 0 974 892 0 1507 891 0 973 890 0 1508 892 0 1507 891 0 974 892 0 90 73 0 50 73 0 88 73 0 992 894 0 1320 294 0 1502 893 0 1500 894 0 1320 294 0 992 894 0 979 895 0 1508 892 0 974 892 0 1354 242 0 1508 892 0 979 895 0 98 73 0 50 73 0 90 73 0 993 896 0 1500 894 0 992 894 0 993 896 0 1383 897 0 1500 894 0 1383 897 0 993 896 0 1384 898 0 993 896 0 1497 899 0 1384 898 0 1384 898 0 1497 899 0 1496 900 0 1384 898 0 1496 900 0 1377 83 0 1495 901 0 1377 83 0 1496 900 0 1494 901 0 1377 83 0 1495 901 0 1393 901 0 1494 901 0 1495 901 0 636 901 0 1393 901 0 1495 901 0 1495 901 0 632 901 0 636 901 0 650 902 0 1393 901 0 636 901 0 1398 235 0 1393 901 0 650 902 0 1408 903 0 1407 414 0 1480 903 0 1481 903 0 1408 903 0 1480 903 0 1480 903 0 19 903 0 1481 903 0 1477 903 0 1408 903 0 1481 903 0 1476 904 0 1477 903 0 1481 903 0 1476 904 0 1425 905 0 1477 903 0 1425 905 0 1476 904 0 1426 906 0 1476 904 0 1475 907 0 1426 906 0 1426 906 0 1475 907 0 1474 908 0 1426 906 0 1474 908 0 1478 909 0 964 910 0 1478 909 0 1474 908 0 1471 910 0 1478 909 0 964 910 0 1472 911 0 1471 910 0 964 910 0 1 385 0 1471 910 0 1472 911 0 60 913 0 1463 912 0 1469 382 0 968 914 0 1463 912 0 60 913 0 1463 912 0 968 914 0 1466 915 0 1463 912 0 1466 915 0 1464 916 0 635 917 0 1464 916 0 1466 915 0 1581 918 0 1464 916 0 635 917 0 670 73 0 676 73 0 668 73 0 668 73 0 676 73 0 1449 73 0 1449 73 0 676 73 0 679 73 0 1449 73 0 679 73 0 1482 73 0 1449 73 0 1482 73 0 1435 73 0 1449 73 0 1435 73 0 1450 73 0 1450 73 0 1435 73 0 1431 73 0 1450 73 0 1431 73 0 1430 73 0 1450 73 0 1430 73 0 1451 73 0 1451 73 0 1430 73 0 1429 73 0 1451 73 0 1429 73 0 1428 73 0 1451 73 0 1428 73 0 1458 73 0 1458 73 0 1428 73 0 1427 73 0 1458 73 0 1427 73 0 1484 73 0 679 73 0 680 73 0 1492 73 0 679 73 0 1492 73 0 1482 73 0 1492 73 0 680 73 0 1436 73 0 1436 73 0 680 73 0 1438 73 0 1438 73 0 680 73 0 1461 73 0 1438 73 0 1461 73 0 1444 73 0 1444 73 0 1461 73 0 1446 73 0 1446 73 0 1461 73 0 681 73 0 1446 73 0 681 73 0 1447 73 0 1447 73 0 681 73 0 1484 73 0 1484 73 0 681 73 0 1458 73 0 1458 73 0 681 73 0 667 73 0 667 73 0 681 73 0 1460 73 0 667 73 0 1460 73 0 1459 73 0 1423 73 0 1420 73 0 646 73 0 646 73 0 1420 73 0 643 73 0 643 73 0 1420 73 0 1419 73 0 643 73 0 1419 73 0 1521 73 0 643 73 0 1521 73 0 1511 73 0 643 73 0 1511 73 0 642 73 0 642 73 0 1511 73 0 1510 73 0 642 73 0 1510 73 0 1399 73 0 642 73 0 1399 73 0 1409 73 0 1409 73 0 1399 73 0 1397 73 0 1409 73 0 1397 73 0 1394 73 0 1409 73 0 1394 73 0 1411 73 0 1411 73 0 1394 73 0 1392 73 0 1411 73 0 1392 73 0 1514 73 0 1419 73 0 661 73 0 1404 73 0 1419 73 0 1404 73 0 1521 73 0 1404 73 0 661 73 0 1523 73 0 1523 73 0 661 73 0 1524 73 0 1524 73 0 661 73 0 662 73 0 1524 73 0 662 73 0 1525 73 0 1525 73 0 662 73 0 1526 73 0 1526 73 0 662 73 0 1418 73 0 1526 73 0 1418 73 0 1405 73 0 1405 73 0 1418 73 0 1514 73 0 1514 73 0 1418 73 0 1411 73 0 1411 73 0 1418 73 0 1412 73 0 1412 73 0 1418 73 0 1415 73 0 1412 73 0 1415 73 0 1413 73 0 1387 440 0 1520 440 0 1386 440 0 1563 440 0 1387 440 0 1567 440 0 1567 440 0 1387 440 0 1386 440 0 1386 440 0 1529 440 0 1567 440 0 1567 440 0 1529 440 0 1554 440 0 1554 440 0 1529 440 0 1551 440 0 1551 440 0 1529 440 0 1535 440 0 1551 440 0 1535 440 0 1548 440 0 1548 440 0 1535 440 0 1537 440 0 612 440 0 1548 440 0 1537 440 0 1370 440 0 1537 440 0 1543 440 0 1537 440 0 1370 440 0 612 440 0 1370 440 0 1543 440 0 1373 440 0 1373 440 0 1543 440 0 1374 440 0 1374 440 0 1543 440 0 1375 440 0 1375 440 0 1543 440 0 1592 440 0 1375 440 0 1592 440 0 1380 440 0 1380 440 0 1592 440 0 1593 440 0 1380 440 0 1593 440 0 614 440 0 1547 440 0 1548 440 0 1369 440 0 1369 440 0 1548 440 0 612 440 0 1547 440 0 1369 440 0 597 440 0 1547 440 0 597 440 0 598 440 0 1547 440 0 598 440 0 1388 440 0 1388 440 0 598 440 0 1366 440 0 1388 440 0 1366 440 0 1363 440 0 1388 440 0 1363 440 0 614 440 0 1388 440 0 614 440 0 1598 440 0 1598 440 0 614 440 0 1593 440 0 1598 440 0 1593 440 0 1594 440 0 1598 440 0 1594 440 0 1595 440 0 1669 919 0 1553 443 0 1607 443 0 1669 919 0 1345 920 0 1553 443 0 1345 920 0 1669 919 0 1668 921 0 1345 920 0 1668 921 0 1555 922 0 1668 921 0 1347 923 0 1555 922 0 1344 924 0 1347 923 0 1668 921 0 1347 923 0 1344 924 0 1352 925 0 1666 926 0 1352 925 0 1344 924 0 1343 927 0 1352 925 0 1666 926 0 1343 927 0 1558 928 0 1352 925 0 1337 929 0 1558 928 0 1343 927 0 1558 928 0 1337 929 0 1559 930 0 1337 929 0 1663 931 0 1559 930 0 1663 931 0 1353 932 0 1559 930 0 1662 933 0 1353 932 0 1663 931 0 1353 932 0 1662 933 0 1561 934 0 1662 933 0 1661 935 0 1561 934 0 1336 936 0 1561 934 0 1661 935 0 1561 934 0 1336 936 0 1562 937 0 1336 936 0 1659 938 0 1562 937 0 1658 939 0 1562 937 0 1659 938 0 1658 939 0 1356 940 0 1562 937 0 1361 83 0 1356 940 0 1658 939 0 1564 83 0 1356 940 0 1361 83 0 1361 83 0 1327 941 0 1564 83 0 1656 942 0 1327 941 0 1361 83 0 1327 941 0 1656 942 0 1566 943 0 1655 944 0 1566 943 0 1656 942 0 1655 944 0 1328 945 0 1566 943 0 1326 946 0 1328 945 0 1655 944 0 1328 945 0 1326 946 0 1568 947 0 1653 948 0 1568 947 0 1326 946 0 1653 948 0 1569 949 0 1568 947 0 1652 950 0 1569 949 0 1653 948 0 1569 949 0 1652 950 0 1332 951 0 1652 950 0 1651 952 0 1332 951 0 1650 953 0 1332 951 0 1651 952 0 1650 953 0 1571 954 0 1332 951 0 1649 955 0 1571 954 0 1650 953 0 1571 954 0 1649 955 0 1572 956 0 1649 955 0 1648 957 0 1572 956 0 1572 956 0 1648 957 0 1647 958 0 1572 956 0 1647 958 0 1573 959 0 1324 960 0 1573 959 0 1647 958 0 1324 960 0 1333 961 0 1573 959 0 1645 484 0 1333 961 0 1324 960 0 1334 484 0 1333 961 0 1645 484 0 98 73 0 53 73 0 50 73 0 1322 0 0 1587 729 0 1599 729 0 1588 0 0 1587 729 0 1322 0 0 1589 0 0 1588 0 0 1597 0 0 1597 0 0 1588 0 0 1322 0 0 1553 443 0 1317 443 0 1607 443 0 589 443 0 1317 443 0 1553 443 0 1315 83 0 592 83 0 967 83 0 1317 83 0 592 83 0 1315 83 0 1041 791 0 563 962 0 1038 791 0 1038 791 0 563 962 0 1315 440 0 1315 440 0 563 962 0 1314 963 0 1315 440 0 1314 963 0 1610 440 0 99 73 0 53 73 0 98 73 0 99 73 0 54 73 0 53 73 0 102 73 0 54 73 0 99 73 0 102 73 0 55 73 0 54 73 0 1610 440 0 568 964 0 1285 440 0 1294 440 0 1300 965 0 1298 440 0 1294 440 0 1262 966 0 1300 965 0 1262 966 0 1294 440 0 1265 967 0 1624 440 0 1265 967 0 1294 440 0 1265 967 0 1624 440 0 1267 968 0 1623 440 0 1267 968 0 1624 440 0 1267 968 0 1623 440 0 1268 969 0 1293 440 0 1268 969 0 1623 440 0 1268 969 0 1293 440 0 1269 970 0 1269 970 0 1293 440 0 1621 440 0 1620 440 0 1269 970 0 1621 440 0 1269 970 0 1620 440 0 1270 971 0 1270 971 0 1620 440 0 1619 440 0 1618 440 0 1270 971 0 1619 440 0 1270 971 0 1618 440 0 1271 972 0 1617 440 0 1271 972 0 1618 440 0 1271 972 0 1617 440 0 1274 973 0 1292 440 0 1274 973 0 1617 440 0 1274 973 0 1292 440 0 1275 974 0 1615 440 0 1275 974 0 1292 440 0 1275 974 0 1615 440 0 1276 975 0 1291 440 0 1276 975 0 1615 440 0 1276 975 0 1291 440 0 1278 976 0 1278 976 0 1291 440 0 1288 440 0 1612 440 0 1278 976 0 1288 440 0 1281 978 0 1278 976 0 1283 977 0 1278 976 0 1612 440 0 1283 977 0 1612 440 0 1285 440 0 1283 977 0 1300 965 0 1262 966 0 1237 979 0 1237 979 0 1262 966 0 546 980 0 546 980 0 1262 966 0 545 981 0 1262 966 0 1265 967 0 545 981 0 545 981 0 1265 967 0 544 982 0 1265 967 0 1267 968 0 544 982 0 544 982 0 1267 968 0 541 983 0 1267 968 0 1268 969 0 541 983 0 541 983 0 1268 969 0 1301 984 0 1268 969 0 1269 970 0 1301 984 0 1301 984 0 1269 970 0 540 985 0 1269 970 0 1270 971 0 540 985 0 540 985 0 1270 971 0 1305 986 0 1270 971 0 1271 972 0 1305 986 0 1305 986 0 1271 972 0 1306 987 0 1271 972 0 1274 973 0 1306 987 0 1306 987 0 1274 973 0 1307 988 0 1274 973 0 1275 974 0 1307 988 0 1307 988 0 1275 974 0 1308 989 0 1275 974 0 1276 975 0 1308 989 0 1308 989 0 1276 975 0 539 990 0 1276 975 0 1278 976 0 539 990 0 539 990 0 1278 976 0 1310 991 0 1281 978 0 1310 991 0 1278 976 0 1281 978 0 1311 992 0 1310 991 0 432 993 0 1237 979 0 546 980 0 432 993 0 1216 994 0 1237 979 0 1216 994 0 432 993 0 1217 995 0 1261 996 0 1217 995 0 432 993 0 1217 995 0 1261 996 0 1218 997 0 1218 997 0 1261 996 0 1260 998 0 1259 999 0 1218 997 0 1260 998 0 1218 997 0 1259 999 0 1219 1000 0 434 1001 0 1219 1000 0 1259 999 0 1219 1000 0 434 1001 0 1229 1002 0 435 1003 0 1229 1002 0 434 1001 0 1229 1002 0 435 1003 0 1230 1004 0 436 1005 0 1230 1004 0 435 1003 0 1230 1004 0 436 1005 0 1231 1006 0 441 1007 0 1231 1006 0 436 1005 0 1231 1006 0 441 1007 0 1232 1008 0 1258 1009 0 1232 1008 0 441 1007 0 1232 1008 0 1258 1009 0 1233 1010 0 446 1011 0 1233 1010 0 1258 1009 0 1233 1010 0 446 1011 0 1234 1012 0 447 1013 0 1234 1012 0 446 1011 0 1234 1012 0 447 1013 0 1235 1014 0 1235 1014 0 447 1013 0 1257 1015 0 1029 1016 0 1235 1014 0 1257 1015 0 1253 1018 0 1235 1014 0 1255 1017 0 1235 1014 0 1029 1016 0 1255 1017 0 1237 979 0 1216 994 0 1300 965 0 1300 965 0 1216 994 0 1298 440 0 1298 440 0 1216 994 0 1238 440 0 1238 440 0 1216 994 0 1241 440 0 1216 994 0 1217 995 0 1241 440 0 1241 440 0 1217 995 0 1629 440 0 1629 440 0 1217 995 0 1630 440 0 1217 995 0 1218 997 0 1630 440 0 1630 440 0 1218 997 0 1245 440 0 1218 997 0 1219 1000 0 1245 440 0 1245 440 0 1219 1000 0 1632 440 0 1219 1000 0 1229 1002 0 1632 440 0 1632 440 0 1229 1002 0 1246 440 0 1229 1002 0 1230 1004 0 1246 440 0 1246 440 0 1230 1004 0 1634 440 0 1634 440 0 1230 1004 0 1248 440 0 1230 1004 0 1231 1006 0 1248 440 0 1248 440 0 1231 1006 0 1250 440 0 1231 1006 0 1232 1008 0 1250 440 0 1250 440 0 1232 1008 0 1637 440 0 1637 440 0 1232 1008 0 1251 440 0 1232 1008 0 1233 1010 0 1251 440 0 1251 440 0 1233 1010 0 1639 440 0 1233 1010 0 1234 1012 0 1639 440 0 1639 440 0 1234 1012 0 1640 440 0 1234 1012 0 1235 1014 0 1640 440 0 1640 440 0 1235 1014 0 1030 440 0 1235 1014 0 1253 1018 0 1030 440 0 105 73 0 55 73 0 102 73 0 105 73 0 56 73 0 55 73 0 106 73 0 56 73 0 105 73 0 106 73 0 61 73 0 56 73 0 107 73 0 61 73 0 106 73 0 107 73 0 62 73 0 61 73 0 108 73 0 62 73 0 107 73 0 1207 1019 0 1208 440 0 1030 440 0 1748 793 0 1212 84 0 1210 1020 0 1202 1021 0 1748 793 0 1210 1020 0 1209 1022 0 1202 1021 0 1210 1020 0 1201 1023 0 1202 1021 0 1209 1022 0 1208 440 0 1201 1023 0 1209 1022 0 1207 1019 0 1201 1023 0 1208 440 0 1202 1021 0 1203 797 0 1215 1024 0 108 73 0 63 73 0 62 73 0 1748 793 0 1202 1021 0 1215 1024 0 1203 797 0 1202 1021 0 1031 1025 0 1202 1021 0 1206 1026 0 1031 1025 0 1201 1023 0 1206 1026 0 1202 1021 0 1206 1026 0 1201 1023 0 1207 1019 0 161 73 0 961 73 0 1124 1027 0 1118 1028 0 161 73 0 1124 1027 0 1120 1029 0 1118 1028 0 1124 1027 0 161 73 0 1118 1028 0 1127 73 0 1118 1028 0 170 73 0 1127 73 0 1118 1028 0 1128 73 0 170 73 0 1117 1030 0 1128 73 0 1118 1028 0 1128 73 0 1117 1030 0 1129 73 0 1117 1030 0 1130 73 0 1129 73 0 1117 1030 0 1131 73 0 1130 73 0 1116 1031 0 1131 73 0 1117 1030 0 1131 73 0 1116 1031 0 1132 73 0 1116 1031 0 177 73 0 1132 73 0 1115 1032 0 177 73 0 1116 1031 0 177 73 0 1115 1032 0 1133 73 0 1114 1033 0 1133 73 0 1115 1032 0 1133 73 0 1114 1033 0 1135 73 0 1114 1033 0 189 73 0 1135 73 0 1113 1034 0 189 73 0 1114 1033 0 189 73 0 1113 1034 0 191 73 0 1113 1034 0 1136 73 0 191 73 0 1111 1035 0 1136 73 0 1113 1034 0 1136 73 0 1111 1035 0 281 73 0 1111 1035 0 294 73 0 281 73 0 1111 1035 0 296 73 0 294 73 0 1107 1036 0 296 73 0 1111 1035 0 296 73 0 1107 1036 0 335 73 0 1107 1036 0 348 73 0 335 73 0 1106 1037 0 348 73 0 1107 1036 0 348 73 0 1106 1037 0 1137 73 0 1106 1037 0 391 73 0 1137 73 0 1105 1038 0 391 73 0 1106 1037 0 391 73 0 1105 1038 0 1138 73 0 1105 1038 0 1145 73 0 1138 73 0 1104 1039 0 1145 73 0 1105 1038 0 1145 73 0 1104 1039 0 431 73 0 1104 1039 0 510 73 0 431 73 0 1103 1040 0 510 73 0 1104 1039 0 510 73 0 1103 1040 0 521 73 0 1103 1040 0 543 73 0 521 73 0 1103 1040 0 1147 73 0 543 73 0 1101 1041 0 1147 73 0 1103 1040 0 1147 73 0 1101 1041 0 1148 73 0 1101 1041 0 548 73 0 1148 73 0 1096 1042 0 548 73 0 1101 1041 0 548 73 0 1096 1042 0 1149 73 0 1096 1042 0 551 73 0 1149 73 0 1095 1043 0 551 73 0 1096 1042 0 551 73 0 1095 1043 0 562 73 0 1095 1043 0 1150 73 0 562 73 0 1095 1043 0 1151 73 0 1150 73 0 1093 1044 0 1151 73 0 1095 1043 0 1151 73 0 1093 1044 0 588 73 0 1093 1044 0 603 73 0 588 73 0 1090 1045 0 603 73 0 1093 1044 0 603 73 0 1090 1045 0 619 73 0 1675 802 0 619 73 0 1090 1045 0 1677 73 0 619 73 0 1675 802 0 1736 790 0 1087 1046 0 1120 1029 0 1120 1029 0 1087 1046 0 1118 1028 0 1086 1047 0 1118 1028 0 1087 1046 0 1117 1030 0 1118 1028 0 1086 1047 0 1085 1048 0 1117 1030 0 1086 1047 0 1116 1031 0 1117 1030 0 1085 1048 0 1082 1049 0 1116 1031 0 1085 1048 0 1115 1032 0 1116 1031 0 1082 1049 0 1081 1050 0 1115 1032 0 1082 1049 0 1114 1033 0 1115 1032 0 1081 1050 0 1080 1051 0 1114 1033 0 1081 1050 0 1113 1034 0 1114 1033 0 1080 1051 0 1079 1052 0 1113 1034 0 1080 1051 0 1111 1035 0 1113 1034 0 1079 1052 0 1076 1053 0 1111 1035 0 1079 1052 0 1107 1036 0 1111 1035 0 1076 1053 0 1075 1054 0 1107 1036 0 1076 1053 0 1106 1037 0 1107 1036 0 1075 1054 0 1071 1055 0 1106 1037 0 1075 1054 0 1105 1038 0 1106 1037 0 1071 1055 0 1066 1056 0 1105 1038 0 1071 1055 0 1104 1039 0 1105 1038 0 1066 1056 0 1064 1057 0 1104 1039 0 1066 1056 0 1103 1040 0 1104 1039 0 1064 1057 0 1063 1058 0 1103 1040 0 1064 1057 0 1101 1041 0 1103 1040 0 1063 1058 0 1055 1059 0 1101 1041 0 1063 1058 0 1096 1042 0 1101 1041 0 1055 1059 0 1054 1060 0 1096 1042 0 1055 1059 0 1095 1043 0 1096 1042 0 1054 1060 0 1053 1061 0 1095 1043 0 1054 1060 0 1093 1044 0 1095 1043 0 1053 1061 0 1052 1062 0 1093 1044 0 1053 1061 0 1090 1045 0 1093 1044 0 1052 1062 0 1153 1063 0 1090 1045 0 1052 1062 0 1675 802 0 1090 1045 0 1153 1063 0 1736 790 0 1735 788 0 1087 1046 0 1199 786 0 1087 1046 0 1735 788 0 1198 785 0 1087 1046 0 1199 786 0 1086 1047 0 1087 1046 0 1198 785 0 1197 783 0 1086 1047 0 1198 785 0 1185 781 0 1086 1047 0 1197 783 0 1085 1048 0 1086 1047 0 1185 781 0 1184 779 0 1085 1048 0 1185 781 0 1181 778 0 1085 1048 0 1184 779 0 1082 1049 0 1085 1048 0 1181 778 0 1180 776 0 1082 1049 0 1181 778 0 1727 774 0 1082 1049 0 1180 776 0 1081 1050 0 1082 1049 0 1727 774 0 1726 772 0 1081 1050 0 1727 774 0 1725 770 0 1081 1050 0 1726 772 0 1080 1051 0 1081 1050 0 1725 770 0 1724 769 0 1080 1051 0 1725 770 0 1079 1052 0 1080 1051 0 1724 769 0 1723 767 0 1079 1052 0 1724 769 0 1722 765 0 1079 1052 0 1723 767 0 1076 1053 0 1079 1052 0 1722 765 0 1721 764 0 1076 1053 0 1722 765 0 1720 762 0 1076 1053 0 1721 764 0 1075 1054 0 1076 1053 0 1720 762 0 1719 760 0 1075 1054 0 1720 762 0 1718 759 0 1075 1054 0 1719 760 0 1071 1055 0 1075 1054 0 1718 759 0 1717 757 0 1071 1055 0 1718 759 0 1716 755 0 1071 1055 0 1717 757 0 1066 1056 0 1071 1055 0 1716 755 0 1715 753 0 1066 1056 0 1716 755 0 1714 752 0 1066 1056 0 1715 753 0 1064 1057 0 1066 1056 0 1714 752 0 1713 750 0 1064 1057 0 1714 752 0 1179 748 0 1064 1057 0 1713 750 0 1063 1058 0 1064 1057 0 1179 748 0 1177 746 0 1063 1058 0 1179 748 0 1055 1059 0 1063 1058 0 1177 746 0 1173 745 0 1055 1059 0 1177 746 0 1170 743 0 1055 1059 0 1173 745 0 1054 1060 0 1055 1059 0 1170 743 0 1167 741 0 1054 1060 0 1170 743 0 1166 739 0 1054 1060 0 1167 741 0 1053 1061 0 1054 1060 0 1166 739 0 1158 737 0 1053 1061 0 1166 739 0 1157 736 0 1053 1061 0 1158 737 0 1052 1062 0 1053 1061 0 1157 736 0 1704 733 0 1052 1062 0 1157 736 0 1703 153 0 1052 1062 0 1704 733 0 1153 1063 0 1052 1062 0 1703 153 0 1046 1065 0 961 73 0 952 1064 0 1046 1065 0 1124 1027 0 961 73 0 1124 1027 0 1046 1065 0 1043 1066 0 1124 1027 0 1043 1066 0 1120 1029 0 1040 792 0 1120 1029 0 1043 1066 0 1736 790 0 1120 1029 0 1040 792 0 570 1067 0 1046 1065 0 952 1064 0 573 1068 0 1046 1065 0 570 1067 0 1046 1065 0 573 1068 0 1043 1066 0 573 1068 0 581 1069 0 1043 1066 0 581 1069 0 1040 792 0 1043 1066 0 1041 791 0 1040 792 0 581 1069 0 30 73 0 63 73 0 108 73 0 1033 1071 0 1038 1070 0 1037 1070 0 1033 1071 0 1039 1072 0 1038 1070 0 1033 1071 0 110 1073 0 1039 1072 0 1033 1071 0 91 1074 0 110 1073 0 1741 320 0 1039 1072 0 110 1073 0 1019 798 0 1203 1076 0 1015 1075 0 1015 1075 0 1203 1076 0 1025 1077 0 1031 1078 0 1025 1077 0 1203 1076 0 1015 1075 0 1025 1077 0 1014 1079 0 1014 1079 0 1025 1077 0 1029 1016 0 1029 1016 0 1025 1077 0 1255 1080 0 1031 1078 0 1255 1080 0 1025 1077 0 1031 1078 0 1253 1081 0 1255 1080 0 1206 1082 0 1253 1081 0 1031 1078 0 1253 1081 0 1207 1083 0 1030 440 0 1253 1081 0 1206 1082 0 1207 1083 0 1029 1016 0 1013 1084 0 1014 1079 0 1014 1079 0 1013 1084 0 998 1085 0 1011 1086 0 998 1085 0 1013 1084 0 998 1085 0 1011 1086 0 999 1087 0 448 1088 0 999 1087 0 1011 1086 0 999 1087 0 448 1088 0 1001 1089 0 449 1090 0 1001 1089 0 448 1088 0 1001 1089 0 449 1090 0 1005 1091 0 451 1092 0 1005 1091 0 449 1090 0 869 1094 0 1005 1091 0 1007 1093 0 1005 1091 0 451 1092 0 1007 1093 0 1014 1079 0 998 1085 0 1015 1075 0 1015 1075 0 998 1085 0 1019 798 0 1019 798 0 998 1085 0 1694 1095 0 1694 1095 0 998 1085 0 1318 1096 0 1318 1096 0 998 1085 0 1323 1097 0 1323 1097 0 998 1085 0 1020 73 0 998 1085 0 999 1087 0 1020 73 0 1020 73 0 999 1087 0 1022 1098 0 999 1087 0 1001 1089 0 1022 1098 0 1022 1098 0 1001 1089 0 1023 1099 0 1001 1089 0 1005 1091 0 1023 1099 0 1023 1099 0 1005 1091 0 869 1094 0 1023 1099 0 869 1094 0 1024 1100 0 1502 40 0 553 40 0 992 40 0 992 40 0 553 40 0 993 40 0 993 40 0 553 40 0 1497 40 0 1497 40 0 553 40 0 558 40 0 1497 40 0 558 40 0 1496 40 0 1496 40 0 558 40 0 1495 40 0 1495 40 0 558 40 0 631 40 0 1495 40 0 631 40 0 632 40 0 979 40 0 974 40 0 402 40 0 402 40 0 974 40 0 984 40 0 984 40 0 974 40 0 376 40 0 376 40 0 974 40 0 973 40 0 30 73 0 64 73 0 63 73 0 376 40 0 973 40 0 363 40 0 363 40 0 973 40 0 972 40 0 363 40 0 972 40 0 969 40 0 969 40 0 972 40 0 970 40 0 635 40 0 1466 40 0 592 40 0 592 40 0 1466 40 0 967 40 0 967 40 0 1466 40 0 1037 40 0 1037 40 0 1466 40 0 1033 40 0 1033 40 0 1466 40 0 968 40 0 1033 40 0 968 40 0 91 40 0 91 40 0 968 40 0 65 40 0 968 40 0 60 40 0 65 40 0 1472 40 0 964 40 0 1474 40 0 1472 40 0 1474 40 0 1475 40 0 1472 40 0 1475 40 0 6 40 0 6 40 0 1475 40 0 1476 40 0 6 40 0 1476 40 0 1481 40 0 6 40 0 1481 40 0 12 40 0 12 40 0 1481 40 0 965 40 0 965 40 0 1481 40 0 19 40 0 944 1102 0 555 1101 0 952 1064 0 952 1064 0 961 1103 0 944 1102 0 944 1102 0 961 1103 0 960 1104 0 112 73 0 944 1102 0 960 1104 0 944 1102 0 112 73 0 945 1105 0 959 1106 0 945 1105 0 112 73 0 945 1105 0 959 1106 0 947 1107 0 958 1108 0 947 1107 0 959 1106 0 947 1107 0 958 1108 0 948 1109 0 957 1110 0 948 1109 0 958 1108 0 789 1112 0 948 1109 0 788 1111 0 948 1109 0 957 1110 0 788 1111 0 555 1101 0 944 1102 0 554 1113 0 554 1113 0 944 1102 0 1311 992 0 1311 992 0 944 1102 0 953 1114 0 953 1114 0 944 1102 0 954 1115 0 944 1102 0 945 1105 0 954 1115 0 954 1115 0 945 1105 0 956 1116 0 945 1105 0 947 1107 0 956 1116 0 956 1116 0 947 1107 0 537 1117 0 947 1107 0 948 1109 0 537 1117 0 537 1117 0 948 1109 0 789 1112 0 537 1117 0 789 1112 0 790 1118 0 869 1120 0 810 1119 0 1024 73 0 1024 73 0 810 1119 0 870 73 0 870 73 0 810 1119 0 871 73 0 871 73 0 810 1119 0 1335 73 0 810 1119 0 811 1121 0 1335 73 0 1335 73 0 811 1121 0 872 73 0 872 73 0 811 1121 0 1362 73 0 1362 73 0 811 1121 0 1376 73 0 811 1121 0 812 1122 0 1376 73 0 1376 73 0 812 1122 0 1389 73 0 1389 73 0 812 1122 0 875 73 0 812 1122 0 819 1123 0 875 73 0 875 73 0 819 1123 0 876 73 0 876 73 0 819 1123 0 880 73 0 819 1123 0 820 1124 0 880 73 0 880 73 0 820 1124 0 1406 73 0 820 1124 0 822 1125 0 1406 73 0 1406 73 0 822 1125 0 1417 73 0 1417 73 0 822 1125 0 883 73 0 883 73 0 822 1125 0 1448 73 0 822 1125 0 823 1126 0 1448 73 0 1448 73 0 823 1126 0 1462 73 0 1462 73 0 823 1126 0 1491 73 0 1491 73 0 823 1126 0 1493 73 0 823 1126 0 824 1127 0 1493 73 0 1493 73 0 824 1127 0 1498 73 0 824 1127 0 825 1128 0 1498 73 0 1498 73 0 825 1128 0 1501 73 0 1501 73 0 825 1128 0 884 73 0 825 1128 0 826 1129 0 884 73 0 884 73 0 826 1129 0 885 73 0 885 73 0 826 1129 0 887 73 0 826 1129 0 827 1130 0 887 73 0 887 73 0 827 1130 0 888 73 0 888 73 0 827 1130 0 889 73 0 827 1130 0 828 1131 0 889 73 0 889 73 0 828 1131 0 890 73 0 890 73 0 828 1131 0 1503 73 0 1503 73 0 828 1131 0 1509 73 0 828 1131 0 829 1132 0 1509 73 0 1509 73 0 829 1132 0 1512 73 0 1512 73 0 829 1132 0 891 73 0 829 1132 0 830 1133 0 891 73 0 891 73 0 830 1133 0 1513 73 0 1513 73 0 830 1133 0 1542 73 0 830 1133 0 831 1134 0 1542 73 0 1542 73 0 831 1134 0 897 73 0 897 73 0 831 1134 0 899 73 0 1546 73 0 899 73 0 831 1134 0 1007 1136 0 832 1135 0 869 1120 0 869 1120 0 832 1135 0 810 1119 0 832 1135 0 833 1137 0 810 1119 0 810 1119 0 833 1137 0 811 1121 0 833 1137 0 834 1138 0 811 1121 0 811 1121 0 834 1138 0 812 1122 0 834 1138 0 837 1139 0 812 1122 0 812 1122 0 837 1139 0 819 1123 0 837 1139 0 844 1140 0 819 1123 0 819 1123 0 844 1140 0 820 1124 0 844 1140 0 845 1141 0 820 1124 0 820 1124 0 845 1141 0 822 1125 0 845 1141 0 846 1142 0 822 1125 0 822 1125 0 846 1142 0 823 1126 0 846 1142 0 847 1143 0 823 1126 0 823 1126 0 847 1143 0 824 1127 0 847 1143 0 848 1144 0 824 1127 0 824 1127 0 848 1144 0 825 1128 0 848 1144 0 853 1145 0 825 1128 0 825 1128 0 853 1145 0 826 1129 0 853 1145 0 856 1146 0 826 1129 0 826 1129 0 856 1146 0 827 1130 0 856 1146 0 858 1147 0 827 1130 0 827 1130 0 858 1147 0 828 1131 0 858 1147 0 861 1148 0 828 1131 0 828 1131 0 861 1148 0 829 1132 0 861 1148 0 862 1149 0 829 1132 0 829 1132 0 862 1149 0 830 1133 0 862 1149 0 865 1150 0 830 1133 0 830 1133 0 865 1150 0 831 1134 0 900 1151 0 831 1134 0 865 1150 0 1546 73 0 831 1134 0 900 1151 0 451 1153 0 943 1152 0 1007 1136 0 1007 1136 0 943 1152 0 832 1135 0 832 1135 0 943 1152 0 942 1154 0 942 1154 0 940 1155 0 832 1135 0 832 1135 0 940 1155 0 833 1137 0 299 1156 0 833 1137 0 940 1155 0 833 1137 0 299 1156 0 834 1138 0 834 1138 0 299 1156 0 935 1157 0 932 1158 0 834 1138 0 935 1157 0 834 1138 0 932 1158 0 837 1139 0 837 1139 0 932 1158 0 931 1159 0 837 1139 0 931 1159 0 302 1160 0 302 1160 0 303 1161 0 837 1139 0 837 1139 0 303 1161 0 844 1140 0 844 1140 0 303 1161 0 304 1162 0 309 1163 0 844 1140 0 304 1162 0 844 1140 0 309 1163 0 845 1141 0 845 1141 0 309 1163 0 929 1164 0 310 1165 0 845 1141 0 929 1164 0 845 1141 0 310 1165 0 846 1142 0 846 1142 0 310 1165 0 928 1166 0 924 1167 0 846 1142 0 928 1166 0 846 1142 0 924 1167 0 847 1143 0 847 1143 0 924 1167 0 923 1168 0 919 1169 0 847 1143 0 923 1168 0 847 1143 0 919 1169 0 848 1144 0 848 1144 0 919 1169 0 918 1170 0 917 1171 0 848 1144 0 918 1170 0 848 1144 0 917 1171 0 853 1145 0 853 1145 0 917 1171 0 311 1172 0 916 1173 0 853 1145 0 311 1172 0 853 1145 0 916 1173 0 856 1146 0 856 1146 0 916 1173 0 317 1174 0 915 1175 0 856 1146 0 317 1174 0 856 1146 0 915 1175 0 858 1147 0 858 1147 0 915 1175 0 913 1176 0 912 1177 0 858 1147 0 913 1176 0 858 1147 0 912 1177 0 861 1148 0 861 1148 0 912 1177 0 911 1178 0 910 1179 0 861 1148 0 911 1178 0 861 1148 0 910 1179 0 862 1149 0 862 1149 0 910 1179 0 318 1180 0 909 1181 0 862 1149 0 318 1180 0 862 1149 0 909 1181 0 865 1150 0 865 1150 0 909 1181 0 907 1182 0 904 1183 0 865 1150 0 907 1182 0 900 1151 0 865 1150 0 901 1184 0 865 1150 0 904 1183 0 903 1185 0 865 1150 0 903 1185 0 901 1184 0 903 1185 0 902 153 0 901 1184 0 900 1151 0 683 1186 0 1546 73 0 1546 73 0 683 1186 0 1550 73 0 1550 73 0 683 1186 0 1560 73 0 1560 73 0 683 1186 0 737 73 0 683 1186 0 684 1187 0 737 73 0 737 73 0 684 1187 0 738 73 0 738 73 0 684 1187 0 739 73 0 739 73 0 684 1187 0 740 73 0 684 1187 0 686 1188 0 740 73 0 740 73 0 686 1188 0 741 73 0 741 73 0 686 1188 0 754 73 0 686 1188 0 687 1189 0 754 73 0 754 73 0 687 1189 0 1579 73 0 1579 73 0 687 1189 0 758 73 0 687 1189 0 688 1190 0 758 73 0 758 73 0 688 1190 0 1582 73 0 688 1190 0 689 1191 0 1582 73 0 1582 73 0 689 1191 0 1596 73 0 1596 73 0 689 1191 0 760 73 0 760 73 0 689 1191 0 768 73 0 689 1191 0 690 1192 0 768 73 0 768 73 0 690 1192 0 769 73 0 769 73 0 690 1192 0 772 73 0 772 73 0 690 1192 0 773 73 0 690 1192 0 691 1193 0 773 73 0 773 73 0 691 1193 0 775 73 0 691 1193 0 692 1194 0 775 73 0 775 73 0 692 1194 0 1608 1103 0 1608 1103 0 692 1194 0 1609 1103 0 692 1194 0 694 1195 0 1609 1103 0 1609 1103 0 694 1195 0 776 1103 0 776 1103 0 694 1195 0 780 1103 0 694 1195 0 695 1196 0 780 1103 0 780 1103 0 695 1196 0 1665 1103 0 1665 1103 0 695 1196 0 1670 1103 0 695 1196 0 699 1197 0 1670 1103 0 1670 1103 0 699 1197 0 781 1103 0 781 1103 0 699 1197 0 782 1103 0 782 1103 0 699 1197 0 783 1103 0 699 1197 0 700 1198 0 783 1103 0 783 1103 0 700 1198 0 785 1103 0 785 1103 0 700 1198 0 1707 1103 0 700 1198 0 701 1199 0 1707 1103 0 1707 1103 0 701 1199 0 1750 1200 0 1750 1200 0 701 1199 0 1751 1200 0 701 1199 0 702 1201 0 1751 1200 0 1751 1200 0 702 1201 0 1752 1200 0 1752 1200 0 702 1201 0 787 1200 0 788 1202 0 787 1200 0 702 1201 0 788 1202 0 957 1200 0 787 1200 0 901 1184 0 705 1203 0 900 1151 0 900 1151 0 705 1203 0 683 1186 0 705 1203 0 707 1204 0 683 1186 0 683 1186 0 707 1204 0 684 1187 0 707 1204 0 708 1205 0 684 1187 0 684 1187 0 708 1205 0 686 1188 0 708 1205 0 710 1206 0 686 1188 0 686 1188 0 710 1206 0 687 1189 0 710 1206 0 712 1207 0 687 1189 0 687 1189 0 712 1207 0 688 1190 0 712 1207 0 716 1208 0 688 1190 0 688 1190 0 716 1208 0 689 1191 0 716 1208 0 717 1209 0 689 1191 0 689 1191 0 717 1209 0 690 1192 0 717 1209 0 718 1210 0 690 1192 0 690 1192 0 718 1210 0 691 1193 0 718 1210 0 720 1211 0 691 1193 0 691 1193 0 720 1211 0 692 1194 0 720 1211 0 721 1212 0 692 1194 0 692 1194 0 721 1212 0 694 1195 0 721 1212 0 724 1213 0 694 1195 0 694 1195 0 724 1213 0 695 1196 0 724 1213 0 725 1214 0 695 1196 0 695 1196 0 725 1214 0 699 1197 0 725 1214 0 726 1215 0 699 1197 0 699 1197 0 726 1215 0 700 1198 0 726 1215 0 730 1216 0 700 1198 0 700 1198 0 730 1216 0 701 1199 0 730 1216 0 733 1217 0 701 1199 0 701 1199 0 733 1217 0 702 1201 0 789 1218 0 702 1201 0 733 1217 0 788 1202 0 702 1201 0 789 1218 0 902 153 0 808 1219 0 901 1184 0 901 1184 0 808 1219 0 705 1203 0 705 1203 0 808 1219 0 230 1220 0 230 1220 0 806 1221 0 705 1203 0 705 1203 0 806 1221 0 707 1204 0 231 1222 0 707 1204 0 806 1221 0 707 1204 0 231 1222 0 708 1205 0 708 1205 0 231 1222 0 237 1223 0 805 1224 0 708 1205 0 237 1223 0 708 1205 0 805 1224 0 710 1206 0 710 1206 0 805 1224 0 804 1225 0 710 1206 0 804 1225 0 803 1226 0 803 1226 0 238 1227 0 710 1206 0 710 1206 0 238 1227 0 712 1207 0 712 1207 0 238 1227 0 239 1228 0 799 1229 0 712 1207 0 239 1228 0 712 1207 0 799 1229 0 716 1208 0 716 1208 0 799 1229 0 798 1230 0 797 1231 0 716 1208 0 798 1230 0 716 1208 0 797 1231 0 717 1209 0 717 1209 0 797 1231 0 240 1232 0 796 1233 0 717 1209 0 240 1232 0 717 1209 0 796 1233 0 718 1210 0 718 1210 0 796 1233 0 241 1234 0 794 1235 0 718 1210 0 241 1234 0 718 1210 0 794 1235 0 720 1211 0 720 1211 0 794 1235 0 793 1236 0 242 1237 0 720 1211 0 793 1236 0 720 1211 0 242 1237 0 721 1212 0 721 1212 0 242 1237 0 244 1238 0 245 1239 0 721 1212 0 244 1238 0 721 1212 0 245 1239 0 724 1213 0 724 1213 0 245 1239 0 252 1240 0 253 1241 0 724 1213 0 252 1240 0 724 1213 0 253 1241 0 725 1214 0 725 1214 0 253 1241 0 257 1242 0 258 1243 0 725 1214 0 257 1242 0 725 1214 0 258 1243 0 726 1215 0 726 1215 0 258 1243 0 259 1244 0 262 1245 0 726 1215 0 259 1244 0 726 1215 0 262 1245 0 730 1216 0 730 1216 0 262 1245 0 263 1246 0 792 1247 0 730 1216 0 263 1246 0 730 1216 0 792 1247 0 733 1217 0 733 1217 0 792 1247 0 264 1248 0 269 1249 0 733 1217 0 264 1248 0 789 1218 0 733 1217 0 790 1250 0 733 1217 0 269 1249 0 791 1251 0 733 1217 0 791 1251 0 790 1250 0 1642 1252 0 670 440 0 675 440 0 1642 1252 0 676 1253 0 670 440 0 676 1253 0 1642 1252 0 679 1254 0 1642 1252 0 1643 1255 0 679 1254 0 679 1254 0 1643 1255 0 1644 1256 0 679 1254 0 1644 1256 0 680 1257 0 1644 1256 0 1461 1258 0 680 1257 0 1646 1259 0 1461 1258 0 1644 1256 0 1461 1258 0 1646 1259 0 681 1260 0 1654 1261 0 681 1260 0 1646 1259 0 681 1260 0 1654 1261 0 1460 1262 0 682 153 0 1460 1262 0 1654 1261 0 1459 153 0 1460 1262 0 682 153 0 1635 1263 0 1459 153 0 682 153 0 1635 1263 0 667 1264 0 1459 153 0 667 1264 0 1635 1263 0 1458 1265 0 1635 1263 0 1636 1266 0 1458 1265 0 1458 1265 0 1636 1266 0 1638 1267 0 1458 1265 0 1638 1267 0 1451 1268 0 1638 1267 0 1450 1269 0 1451 1268 0 666 1270 0 1450 1269 0 1638 1267 0 1450 1269 0 666 1270 0 1449 1271 0 1641 1272 0 1449 1271 0 666 1270 0 1449 1271 0 1641 1272 0 668 1273 0 675 440 0 668 1273 0 1641 1272 0 670 440 0 668 1273 0 675 440 0 1622 1252 0 1423 440 0 1616 440 0 1622 1252 0 1420 1253 0 1423 440 0 1420 1253 0 1622 1252 0 1419 1254 0 1622 1252 0 1625 1255 0 1419 1254 0 1419 1254 0 1625 1255 0 1626 1256 0 1419 1254 0 1626 1256 0 661 1257 0 1626 1256 0 662 1258 0 661 1257 0 1627 1259 0 662 1258 0 1626 1256 0 662 1258 0 1627 1259 0 1418 1260 0 1628 1261 0 1418 1260 0 1627 1259 0 1418 1260 0 1628 1261 0 1415 1262 0 1631 153 0 1415 1262 0 1628 1261 0 1413 153 0 1415 1262 0 1631 153 0 1611 1263 0 1413 153 0 1631 153 0 1611 1263 0 1412 1264 0 1413 153 0 1412 1264 0 1611 1263 0 1411 1265 0 1611 1263 0 1613 1266 0 1411 1265 0 1411 1265 0 1613 1266 0 641 1267 0 1411 1265 0 641 1267 0 1409 1268 0 641 1267 0 642 1269 0 1409 1268 0 640 1270 0 642 1269 0 641 1267 0 642 1269 0 640 1270 0 643 1271 0 1614 1272 0 643 1271 0 640 1270 0 643 1271 0 1614 1272 0 646 1273 0 1616 440 0 646 1273 0 1614 1272 0 1423 440 0 646 1273 0 1616 440 0 592 381 0 1581 381 0 635 381 0 589 381 0 1581 381 0 592 381 0 630 40 0 190 40 0 180 40 0 1578 40 0 190 40 0 630 40 0 627 40 0 190 40 0 1578 40 0 185 1274 0 1576 454 0 630 1274 0 630 1274 0 1576 454 0 1578 454 0 622 73 0 185 73 0 186 73 0 1574 73 0 185 73 0 622 73 0 1576 73 0 185 73 0 1574 73 0 1574 440 0 190 440 0 627 440 0 622 440 0 190 440 0 1574 440 0 599 73 0 171 1275 0 614 73 0 614 73 0 171 1275 0 1380 1276 0 172 1277 0 1380 1276 0 171 1275 0 1380 1276 0 172 1277 0 1375 1278 0 613 1279 0 1375 1278 0 172 1277 0 1375 1278 0 613 1279 0 1374 1280 0 173 1281 0 1374 1280 0 613 1279 0 1374 1280 0 173 1281 0 1373 1282 0 1373 1282 0 173 1281 0 174 1283 0 1373 1282 0 174 1283 0 1370 1284 0 175 1285 0 1370 1284 0 174 1283 0 1370 1284 0 175 1285 0 612 40 0 612 40 0 175 1285 0 163 40 0 163 40 0 602 1286 0 612 40 0 612 40 0 602 1286 0 1369 1287 0 165 1288 0 1369 1287 0 602 1286 0 1369 1287 0 165 1288 0 597 1289 0 166 1290 0 597 1289 0 165 1288 0 597 1289 0 166 1290 0 598 1291 0 601 1292 0 598 1291 0 166 1290 0 598 1291 0 601 1292 0 1366 1293 0 1366 1293 0 601 1292 0 167 1294 0 1366 1293 0 167 1294 0 1363 1295 0 600 1296 0 1363 1295 0 167 1294 0 1363 1295 0 600 1296 0 614 73 0 614 73 0 600 1296 0 599 73 0 1317 1297 0 589 1297 0 592 1297 0 1037 1070 0 1315 83 0 967 83 0 29 73 0 64 73 0 30 73 0 1038 1070 0 1315 83 0 1037 1070 0 573 1299 0 570 1067 0 556 1298 0 573 1299 0 556 1298 0 560 1300 0 569 1301 0 560 1300 0 556 1298 0 559 1302 0 560 1300 0 569 1301 0 568 964 0 559 1302 0 569 1301 0 1610 440 0 559 1302 0 568 964 0 563 1304 0 1041 791 0 581 1303 0 560 1300 0 563 1304 0 581 1303 0 573 1299 0 560 1300 0 581 1303 0 563 1304 0 560 1300 0 1314 1305 0 559 1302 0 1314 1305 0 560 1300 0 1314 1305 0 559 1302 0 1610 440 0 550 1306 0 554 1113 0 1311 992 0 1281 978 0 550 1306 0 1311 992 0 556 1308 0 550 1306 0 569 1307 0 550 1306 0 1281 978 0 569 1307 0 1283 1309 0 569 1307 0 1281 978 0 569 1307 0 1283 1309 0 568 1310 0 568 1310 0 1283 1309 0 1285 440 0 554 1113 0 550 1306 0 555 1101 0 555 1101 0 550 1306 0 556 1308 0 555 1101 0 556 1308 0 570 1311 0 555 1101 0 570 1311 0 952 1064 0 467 1313 0 537 1312 0 790 1118 0 467 1313 0 790 1118 0 270 1314 0 271 1118 0 467 1313 0 270 1314 0 467 1313 0 271 1118 0 468 1315 0 275 1316 0 468 1315 0 271 1118 0 468 1315 0 275 1316 0 472 1317 0 536 1318 0 472 1317 0 275 1316 0 472 1317 0 536 1318 0 475 1319 0 475 1319 0 536 1318 0 535 1320 0 282 1321 0 475 1319 0 535 1320 0 475 1319 0 282 1321 0 477 1322 0 283 1323 0 477 1322 0 282 1321 0 477 1322 0 283 1323 0 478 1324 0 478 1324 0 283 1323 0 288 1325 0 289 1326 0 478 1324 0 288 1325 0 478 1324 0 289 1326 0 479 1327 0 479 1327 0 289 1326 0 290 1328 0 292 1329 0 479 1327 0 290 1328 0 479 1327 0 292 1329 0 480 1330 0 293 1331 0 480 1330 0 292 1329 0 480 1330 0 293 1331 0 481 1332 0 295 1333 0 481 1332 0 293 1331 0 481 1332 0 295 1333 0 483 1334 0 483 1334 0 295 1333 0 534 1335 0 530 1336 0 483 1334 0 534 1335 0 549 1338 0 483 1334 0 466 1337 0 483 1334 0 530 1336 0 466 1337 0 487 1341 0 954 1340 0 956 1339 0 467 1313 0 487 1341 0 956 1339 0 537 1312 0 467 1313 0 956 1339 0 467 1313 0 468 1315 0 487 1341 0 487 1341 0 468 1315 0 489 1342 0 468 1315 0 472 1317 0 489 1342 0 489 1342 0 472 1317 0 490 1343 0 472 1317 0 475 1319 0 490 1343 0 490 1343 0 475 1319 0 493 1344 0 475 1319 0 477 1322 0 493 1344 0 493 1344 0 477 1322 0 494 1345 0 477 1322 0 478 1324 0 494 1345 0 494 1345 0 478 1324 0 496 1346 0 478 1324 0 479 1327 0 496 1346 0 496 1346 0 479 1327 0 504 1347 0 479 1327 0 480 1330 0 504 1347 0 504 1347 0 480 1330 0 505 1348 0 480 1330 0 481 1332 0 505 1348 0 505 1348 0 481 1332 0 506 1349 0 481 1332 0 483 1334 0 506 1349 0 506 1349 0 483 1334 0 507 1350 0 549 1338 0 507 1350 0 483 1334 0 547 1351 0 507 1350 0 549 1338 0 487 1341 0 508 1352 0 953 1114 0 954 1340 0 487 1341 0 953 1114 0 487 1341 0 489 1342 0 508 1352 0 508 1352 0 489 1342 0 509 1353 0 489 1342 0 490 1343 0 509 1353 0 509 1353 0 490 1343 0 511 1354 0 490 1343 0 493 1344 0 511 1354 0 511 1354 0 493 1344 0 516 1355 0 493 1344 0 494 1345 0 516 1355 0 516 1355 0 494 1345 0 517 1356 0 494 1345 0 496 1346 0 517 1356 0 517 1356 0 496 1346 0 518 1357 0 496 1346 0 504 1347 0 518 1357 0 518 1357 0 504 1347 0 519 1358 0 504 1347 0 505 1348 0 519 1358 0 519 1358 0 505 1348 0 522 1359 0 505 1348 0 506 1349 0 522 1359 0 522 1359 0 506 1349 0 527 1360 0 506 1349 0 507 1350 0 527 1360 0 527 1360 0 507 1350 0 528 1361 0 546 980 0 528 1361 0 547 1351 0 547 1351 0 528 1361 0 507 1350 0 508 1352 0 1310 991 0 1311 992 0 953 1114 0 508 1352 0 1311 992 0 1310 991 0 508 1352 0 539 990 0 508 1352 0 509 1353 0 539 990 0 509 1353 0 511 1354 0 539 990 0 539 990 0 511 1354 0 1308 989 0 511 1354 0 516 1355 0 1308 989 0 1308 989 0 516 1355 0 1307 1362 0 516 1355 0 517 1356 0 1307 1362 0 1307 1362 0 517 1356 0 1306 987 0 517 1356 0 518 1357 0 1306 987 0 1306 987 0 518 1357 0 1305 1363 0 518 1357 0 519 1358 0 1305 1363 0 1305 1363 0 519 1358 0 540 1364 0 540 1364 0 519 1358 0 1301 1365 0 519 1358 0 522 1359 0 1301 1365 0 1301 1365 0 522 1359 0 541 983 0 522 1359 0 527 1360 0 541 983 0 541 983 0 527 1360 0 544 982 0 527 1360 0 528 1361 0 544 982 0 544 982 0 528 1361 0 545 1366 0 546 980 0 545 1366 0 528 1361 0 466 1369 0 459 1368 0 369 1367 0 458 1370 0 369 1367 0 459 1368 0 369 1367 0 458 1370 0 370 1371 0 370 1371 0 458 1370 0 349 1372 0 457 1373 0 370 1371 0 349 1372 0 370 1371 0 457 1373 0 371 1374 0 371 1374 0 457 1373 0 456 1375 0 356 1376 0 371 1374 0 456 1375 0 371 1374 0 356 1376 0 372 1377 0 362 1378 0 372 1377 0 356 1376 0 372 1377 0 362 1378 0 377 1379 0 364 1380 0 377 1379 0 362 1378 0 377 1379 0 364 1380 0 378 1381 0 366 1382 0 378 1381 0 364 1380 0 378 1381 0 366 1382 0 379 1383 0 367 1384 0 379 1383 0 366 1382 0 379 1383 0 367 1384 0 380 1385 0 368 1386 0 380 1385 0 367 1384 0 380 1385 0 368 1386 0 381 1387 0 297 1388 0 381 1387 0 368 1386 0 381 1387 0 297 1388 0 382 1389 0 455 1390 0 382 1389 0 297 1388 0 448 1392 0 382 1389 0 449 1391 0 382 1389 0 455 1390 0 449 1391 0 449 1391 0 455 1390 0 451 1092 0 466 1369 0 369 1367 0 549 1393 0 549 1393 0 369 1367 0 385 1394 0 369 1367 0 370 1371 0 385 1394 0 385 1394 0 370 1371 0 386 1395 0 370 1371 0 371 1374 0 386 1395 0 386 1395 0 371 1374 0 389 1396 0 371 1374 0 372 1377 0 389 1396 0 389 1396 0 372 1377 0 390 1397 0 372 1377 0 377 1379 0 390 1397 0 390 1397 0 377 1379 0 392 1398 0 377 1379 0 378 1381 0 392 1398 0 392 1398 0 378 1381 0 393 1399 0 378 1381 0 379 1383 0 393 1399 0 393 1399 0 379 1383 0 394 1400 0 379 1383 0 380 1385 0 394 1400 0 394 1400 0 380 1385 0 395 1401 0 380 1385 0 381 1387 0 395 1401 0 395 1401 0 381 1387 0 397 1402 0 381 1387 0 382 1389 0 397 1402 0 397 1402 0 382 1389 0 398 1403 0 448 1392 0 398 1403 0 382 1389 0 1011 1404 0 398 1403 0 448 1392 0 385 1394 0 399 1405 0 547 1351 0 549 1393 0 385 1394 0 547 1351 0 385 1394 0 386 1395 0 399 1405 0 399 1405 0 386 1395 0 400 1406 0 386 1395 0 389 1396 0 400 1406 0 400 1406 0 389 1396 0 412 1407 0 389 1396 0 390 1397 0 412 1407 0 412 1407 0 390 1397 0 413 1408 0 390 1397 0 392 1398 0 413 1408 0 413 1408 0 392 1398 0 415 1409 0 392 1398 0 393 1399 0 415 1409 0 415 1409 0 393 1399 0 422 1410 0 393 1399 0 394 1400 0 422 1410 0 422 1410 0 394 1400 0 423 1411 0 394 1400 0 395 1401 0 423 1411 0 423 1411 0 395 1401 0 426 1412 0 395 1401 0 397 1402 0 426 1412 0 426 1412 0 397 1402 0 427 1413 0 397 1402 0 398 1403 0 427 1413 0 427 1413 0 398 1403 0 428 1414 0 1011 1404 0 428 1414 0 398 1403 0 1013 1415 0 428 1414 0 1011 1404 0 547 1351 0 399 1405 0 546 980 0 546 980 0 399 1405 0 432 1416 0 432 1416 0 399 1405 0 1261 1417 0 399 1405 0 400 1406 0 1261 1417 0 1261 1417 0 400 1406 0 1260 1418 0 400 1406 0 412 1407 0 1260 1418 0 1260 1418 0 412 1407 0 1259 1419 0 1259 1419 0 412 1407 0 413 1408 0 1259 1419 0 413 1408 0 434 1420 0 434 1420 0 413 1408 0 415 1409 0 434 1420 0 415 1409 0 435 1421 0 435 1421 0 415 1409 0 436 1422 0 415 1409 0 422 1410 0 436 1422 0 436 1422 0 422 1410 0 441 1423 0 441 1423 0 422 1410 0 1258 1424 0 422 1410 0 423 1411 0 1258 1424 0 1258 1424 0 423 1411 0 446 1425 0 423 1411 0 426 1412 0 446 1425 0 446 1425 0 426 1412 0 447 1426 0 426 1412 0 427 1413 0 447 1426 0 427 1413 0 428 1414 0 447 1426 0 447 1426 0 428 1414 0 1257 1427 0 1013 1415 0 1257 1427 0 428 1414 0 1013 1415 0 1029 1016 0 1257 1427 0 87 440 0 111 1428 0 466 440 0 466 440 0 111 1428 0 459 1429 0 459 1429 0 111 1428 0 458 1430 0 114 1431 0 458 1430 0 111 1428 0 458 1430 0 114 1431 0 349 1432 0 349 1432 0 114 1431 0 457 1433 0 457 1433 0 114 1431 0 115 442 0 457 1433 0 115 442 0 456 1434 0 116 1435 0 456 1434 0 115 442 0 456 1434 0 116 1435 0 356 1436 0 356 1436 0 116 1435 0 362 1437 0 362 1437 0 116 1435 0 340 503 0 362 1437 0 340 503 0 364 1438 0 339 1439 0 364 1438 0 340 503 0 338 491 0 455 1153 0 297 1153 0 338 491 0 451 1153 0 455 1153 0 364 1438 0 339 1439 0 366 1440 0 366 1440 0 339 1439 0 367 1441 0 367 1441 0 339 1439 0 338 491 0 367 1441 0 338 491 0 368 1153 0 297 1153 0 368 1153 0 338 491 0 451 1153 0 338 491 0 943 1152 0 118 1442 0 943 1152 0 338 491 0 118 1442 0 942 1154 0 943 1152 0 942 1154 0 118 1442 0 119 443 0 942 1154 0 119 443 0 940 1155 0 120 1443 0 940 1155 0 119 443 0 120 1443 0 299 1156 0 940 1155 0 299 1156 0 120 1443 0 337 504 0 299 1156 0 337 504 0 935 1157 0 336 1444 0 935 1157 0 337 504 0 935 1157 0 336 1444 0 932 1158 0 932 1158 0 336 1444 0 331 453 0 932 1158 0 331 453 0 931 1159 0 122 1445 0 931 1159 0 331 453 0 931 1159 0 122 1445 0 302 1160 0 302 1160 0 122 1445 0 124 445 0 302 1160 0 124 445 0 303 1161 0 125 1446 0 303 1161 0 124 445 0 125 1446 0 304 1162 0 303 1161 0 304 1162 0 125 1446 0 330 507 0 304 1162 0 330 507 0 309 1163 0 929 1164 0 309 1163 0 330 507 0 328 1447 0 929 1164 0 330 507 0 929 1164 0 328 1447 0 326 454 0 929 1164 0 326 454 0 310 1165 0 310 1165 0 326 454 0 325 1448 0 310 1165 0 325 1448 0 928 1166 0 324 447 0 928 1166 0 325 1448 0 928 1166 0 324 447 0 924 1167 0 924 1167 0 324 447 0 126 1449 0 924 1167 0 126 1449 0 923 1168 0 128 472 0 923 1168 0 126 1449 0 923 1168 0 128 472 0 919 1169 0 919 1169 0 128 472 0 129 1450 0 919 1169 0 129 1450 0 918 1170 0 130 456 0 918 1170 0 129 1450 0 130 456 0 917 1171 0 918 1170 0 917 1171 0 130 456 0 131 1451 0 917 1171 0 131 1451 0 311 1172 0 132 449 0 311 1172 0 131 1451 0 132 449 0 916 1173 0 311 1172 0 916 1173 0 132 449 0 323 1452 0 916 1173 0 323 1452 0 317 1174 0 321 473 0 317 1174 0 323 1452 0 321 473 0 915 1175 0 317 1174 0 915 1175 0 321 473 0 320 1453 0 915 1175 0 320 1453 0 913 1176 0 133 457 0 913 1176 0 320 1453 0 133 457 0 912 1177 0 913 1176 0 912 1177 0 133 457 0 134 1454 0 912 1177 0 134 1454 0 911 1178 0 910 1179 0 911 1178 0 134 1454 0 135 450 0 910 1179 0 134 1454 0 910 1179 0 135 450 0 136 1455 0 910 1179 0 136 1455 0 318 1180 0 909 1181 0 318 1180 0 136 1455 0 137 475 0 909 1181 0 136 1455 0 909 1181 0 137 475 0 138 1456 0 909 1181 0 138 1456 0 907 1182 0 904 1183 0 907 1182 0 138 1456 0 319 1457 0 904 1183 0 138 1456 0 904 1183 0 319 1457 0 903 1185 0 903 1185 0 319 1457 0 109 153 0 903 1185 0 109 153 0 902 153 0 109 153 0 70 1458 0 902 153 0 902 153 0 70 1458 0 808 1219 0 808 1219 0 70 1458 0 230 1220 0 72 1459 0 230 1220 0 70 1458 0 230 1220 0 72 1459 0 806 1221 0 806 1221 0 72 1459 0 229 430 0 806 1221 0 229 430 0 231 1222 0 73 1460 0 231 1222 0 229 430 0 231 1222 0 73 1460 0 237 1223 0 237 1223 0 73 1460 0 74 495 0 237 1223 0 74 495 0 805 1224 0 75 1461 0 805 1224 0 74 495 0 75 1461 0 804 1225 0 805 1224 0 804 1225 0 75 1461 0 228 480 0 804 1225 0 228 480 0 803 1226 0 76 1462 0 803 1226 0 228 480 0 76 1462 0 238 1227 0 803 1226 0 238 1227 0 76 1462 0 78 431 0 238 1227 0 78 431 0 239 1228 0 226 1463 0 239 1228 0 78 431 0 226 1463 0 799 1229 0 239 1228 0 799 1229 0 226 1463 0 225 497 0 799 1229 0 225 497 0 798 1230 0 223 1464 0 798 1230 0 225 497 0 223 1464 0 797 1231 0 798 1230 0 797 1231 0 223 1464 0 221 463 0 797 1231 0 221 463 0 240 1232 0 796 1233 0 240 1232 0 221 463 0 220 1465 0 796 1233 0 221 463 0 796 1233 0 220 1465 0 79 433 0 796 1233 0 79 433 0 241 1234 0 794 1235 0 241 1234 0 79 433 0 80 1466 0 794 1235 0 79 433 0 794 1235 0 80 1466 0 82 499 0 794 1235 0 82 499 0 793 1236 0 242 1237 0 793 1236 0 82 499 0 217 764 0 242 1237 0 82 499 0 242 1237 0 217 764 0 216 0 0 242 1237 0 216 0 0 244 1238 0 244 1238 0 216 0 0 215 1467 0 244 1238 0 215 1467 0 245 1239 0 212 435 0 245 1239 0 215 1467 0 212 435 0 252 1240 0 245 1239 0 252 1240 0 212 435 0 211 1468 0 252 1240 0 211 1468 0 253 1241 0 210 483 0 253 1241 0 211 1468 0 210 483 0 257 1242 0 253 1241 0 257 1242 0 210 483 0 258 1243 0 258 1243 0 210 483 0 205 1469 0 204 465 0 258 1243 0 205 1469 0 204 465 0 259 1244 0 258 1243 0 259 1244 0 204 465 0 262 1245 0 262 1245 0 204 465 0 202 1470 0 201 437 0 262 1245 0 202 1470 0 201 437 0 263 1246 0 262 1245 0 263 1246 0 201 437 0 792 1247 0 792 1247 0 201 437 0 84 1471 0 264 1248 0 792 1247 0 84 1471 0 86 484 0 264 1248 0 84 1471 0 264 1248 0 86 484 0 269 1249 0 269 1249 0 86 484 0 200 1472 0 791 1251 0 269 1249 0 200 1472 0 198 467 0 791 1251 0 200 1472 0 791 1251 0 198 467 0 790 1250 0 270 1250 0 790 1250 0 198 467 0 198 467 0 275 1250 0 271 1250 0 198 467 0 271 1250 0 270 1250 0 198 467 0 197 1473 0 275 1250 0 275 1250 0 197 1473 0 536 1474 0 536 1474 0 197 1473 0 535 1475 0 535 1475 0 197 1473 0 282 1476 0 283 1477 0 282 1476 0 197 1473 0 288 1478 0 283 1477 0 197 1473 0 196 438 0 288 1478 0 197 1473 0 288 1478 0 196 438 0 289 1479 0 289 1479 0 196 438 0 195 1480 0 289 1479 0 195 1480 0 290 1481 0 290 1481 0 195 1480 0 292 1482 0 293 1483 0 292 1482 0 195 1480 0 194 486 0 293 1483 0 195 1480 0 293 1483 0 194 486 0 193 1484 0 293 1483 0 193 1484 0 295 1485 0 534 1486 0 295 1485 0 193 1484 0 192 1487 0 534 1486 0 193 1484 0 534 1486 0 192 1487 0 530 1488 0 530 1488 0 192 1487 0 87 440 0 530 1488 0 87 440 0 466 440 0 622 454 0 186 454 0 190 454 0 190 454 0 186 454 0 180 454 0 185 1274 0 180 454 0 186 454 0 630 1274 0 180 454 0 185 1274 0 613 1491 0 172 1490 0 173 1489 0 173 1489 0 172 1490 0 174 1492 0 174 1492 0 172 1490 0 171 1493 0 174 1492 0 171 1493 0 175 1494 0 175 1494 0 171 1493 0 599 440 0 175 1494 0 599 440 0 163 440 0 599 440 0 600 1495 0 163 440 0 163 440 0 600 1495 0 602 1496 0 602 1496 0 600 1495 0 167 1497 0 602 1496 0 167 1497 0 165 1498 0 165 1498 0 167 1497 0 601 1499 0 165 1498 0 601 1499 0 166 1500 0 64 1501 0 111 1502 0 87 1501 0 3 1503 0 111 1502 0 64 1501 0 111 1502 0 3 1503 0 114 1504 0 3 1503 0 4 1505 0 114 1504 0 4 1505 0 115 1506 0 114 1504 0 5 1507 0 115 1506 0 4 1505 0 115 1506 0 5 1507 0 116 1508 0 9 1509 0 116 1508 0 5 1507 0 9 1509 0 340 1510 0 116 1508 0 340 1510 0 9 1509 0 339 1511 0 9 1509 0 10 1512 0 339 1511 0 10 1512 0 338 1513 0 339 1511 0 11 1514 0 338 1513 0 10 1512 0 338 1513 0 11 1514 0 118 1515 0 11 1514 0 119 1516 0 118 1515 0 160 1517 0 119 1516 0 11 1514 0 119 1516 0 160 1517 0 120 1518 0 159 1519 0 120 1518 0 160 1517 0 159 1519 0 337 1520 0 120 1518 0 337 1520 0 159 1519 0 158 1521 0 337 1520 0 158 1521 0 336 1522 0 158 1521 0 331 1523 0 336 1522 0 157 1524 0 331 1523 0 158 1521 0 331 1523 0 157 1524 0 122 1525 0 13 1526 0 122 1525 0 157 1524 0 13 1526 0 124 1527 0 122 1525 0 124 1527 0 13 1526 0 15 1528 0 124 1527 0 15 1528 0 125 1529 0 15 1528 0 330 1530 0 125 1529 0 17 1531 0 330 1530 0 15 1528 0 330 1530 0 17 1531 0 328 1532 0 18 1533 0 328 1532 0 17 1531 0 18 1533 0 326 1534 0 328 1532 0 18 1533 0 325 1535 0 326 1534 0 21 1536 0 325 1535 0 18 1533 0 325 1535 0 21 1536 0 324 1537 0 21 1536 0 126 1538 0 324 1537 0 22 1539 0 126 1538 0 21 1536 0 126 1538 0 22 1539 0 128 1540 0 22 1539 0 156 1541 0 128 1540 0 156 1541 0 129 1542 0 128 1540 0 129 1542 0 156 1541 0 25 1543 0 129 1542 0 25 1543 0 130 1544 0 25 1543 0 131 1545 0 130 1544 0 155 1546 0 131 1545 0 25 1543 0 131 1545 0 155 1546 0 132 1547 0 26 1548 0 132 1547 0 155 1546 0 26 1548 0 323 1549 0 132 1547 0 323 1549 0 26 1548 0 321 1550 0 26 1548 0 153 1551 0 321 1550 0 153 1551 0 320 1552 0 321 1550 0 152 1553 0 320 1552 0 153 1551 0 320 1552 0 152 1553 0 133 1554 0 152 1553 0 134 1555 0 133 1554 0 151 1556 0 134 1555 0 152 1553 0 134 1555 0 151 1556 0 135 1557 0 151 1556 0 146 1558 0 135 1557 0 146 1558 0 136 1559 0 135 1557 0 136 1559 0 146 1558 0 145 1560 0 136 1559 0 145 1560 0 137 1561 0 145 1560 0 138 1562 0 137 1561 0 139 1563 0 138 1562 0 145 1560 0 138 1562 0 139 1563 0 319 1564 0 139 1563 0 29 1565 0 319 1564 0 30 1566 0 319 1564 0 29 1565 0 109 1566 0 319 1564 0 30 1566 0 30 1566 0 70 1567 0 109 1566 0 108 1568 0 70 1567 0 30 1566 0 70 1567 0 108 1568 0 72 1569 0 108 1568 0 107 1570 0 72 1569 0 107 1570 0 229 1571 0 72 1569 0 106 1572 0 229 1571 0 107 1570 0 229 1571 0 106 1572 0 73 1573 0 105 1574 0 73 1573 0 106 1572 0 105 1574 0 74 1575 0 73 1573 0 74 1575 0 105 1574 0 75 1576 0 105 1574 0 102 1577 0 75 1576 0 102 1577 0 228 1578 0 75 1576 0 99 1579 0 228 1578 0 102 1577 0 228 1578 0 99 1579 0 76 1580 0 99 1579 0 78 1581 0 76 1580 0 98 1582 0 78 1581 0 99 1579 0 78 1581 0 98 1582 0 226 1583 0 90 1584 0 226 1583 0 98 1582 0 90 1584 0 225 1585 0 226 1583 0 225 1585 0 90 1584 0 89 1586 0 225 1585 0 89 1586 0 223 1587 0 89 1586 0 221 1588 0 223 1587 0 31 1589 0 221 1588 0 89 1586 0 221 1588 0 31 1589 0 220 1590 0 32 1591 0 220 1590 0 31 1589 0 32 1591 0 79 1592 0 220 1590 0 79 1592 0 32 1591 0 33 1593 0 79 1592 0 33 1593 0 80 1594 0 33 1593 0 82 1595 0 80 1594 0 34 1596 0 82 1595 0 33 1593 0 82 1595 0 34 1596 0 217 1597 0 36 1598 0 217 1597 0 34 1596 0 36 1598 0 216 1599 0 217 1597 0 36 1598 0 215 1600 0 216 1599 0 37 1601 0 215 1600 0 36 1598 0 215 1600 0 37 1601 0 212 1602 0 37 1601 0 211 1603 0 212 1602 0 38 1604 0 211 1603 0 37 1601 0 211 1603 0 38 1604 0 210 1605 0 38 1604 0 42 1606 0 210 1605 0 42 1606 0 205 1607 0 210 1605 0 205 1607 0 42 1606 0 49 1608 0 205 1607 0 49 1608 0 204 1609 0 49 1608 0 202 1610 0 204 1609 0 88 1611 0 202 1610 0 49 1608 0 202 1610 0 88 1611 0 201 1612 0 50 1613 0 201 1612 0 88 1611 0 50 1613 0 84 1614 0 201 1612 0 84 1614 0 50 1613 0 86 1615 0 50 1613 0 53 1616 0 86 1615 0 53 1616 0 200 1617 0 86 1615 0 54 1618 0 200 1617 0 53 1616 0 200 1617 0 54 1618 0 198 1619 0 54 1618 0 197 1620 0 198 1619 0 55 1621 0 197 1620 0 54 1618 0 197 1620 0 55 1621 0 196 1622 0 55 1621 0 56 1623 0 196 1622 0 56 1623 0 195 1624 0 196 1622 0 195 1624 0 56 1623 0 61 1625 0 195 1624 0 61 1625 0 194 1626 0 61 1625 0 193 1627 0 194 1626 0 62 1628 0 193 1627 0 61 1625 0 193 1627 0 62 1628 0 192 1629 0 62 1628 0 63 1630 0 192 1629 0 64 1501 0 192 1629 0 63 1630 0 87 1501 0 192 1629 0 64 1501 0 21 73 0 18 73 0 17 73 0 21 73 0 17 73 0 15 73 0 21 73 0 15 73 0 22 73 0 22 73 0 15 73 0 13 73 0 22 73 0 13 73 0 156 73 0 156 73 0 13 73 0 157 73 0 156 73 0 157 73 0 25 73 0 25 73 0 157 73 0 158 73 0 25 73 0 158 73 0 155 73 0 155 73 0 158 73 0 159 73 0 155 73 0 159 73 0 26 73 0 26 73 0 159 73 0 160 73 0 26 73 0 160 73 0 153 73 0 153 73 0 160 73 0 11 73 0 153 73 0 11 73 0 152 73 0 152 73 0 11 73 0 10 73 0 152 73 0 10 73 0 151 73 0 151 73 0 10 73 0 9 73 0 151 73 0 9 73 0 146 73 0 146 73 0 9 73 0 5 73 0 146 73 0 5 73 0 145 73 0 145 73 0 5 73 0 4 73 0 145 73 0 4 73 0 139 73 0 139 73 0 4 73 0 3 73 0 139 73 0 3 73 0 29 73 0 29 73 0 3 73 0 64 73 0</p>
				</polylist>
			</mesh>
		</geometry>
		<geometry id="ID24">
			<mesh>
				<source id="ID25">
					<float_array id="ID26" count="24" digits="2490374">0.703418 5.11153 -8.85685 2.04342 5.11153 -8.85685 2.04342 5.11153 -8.75685 0.703418 5.11153 -8.75685 2.04342 6.75153 -8.75685 0.703418 6.75153 -8.75685 0.703418 6.75153 -8.85685 2.04342 6.75153 -8.85685</float_array>
					<technique_common>
						<accessor count="8" source="#ID26" stride="3">
							<param name="X" type="float"/>
							<param name="Y" type="float"/>
							<param name="Z" type="float"/>
						</accessor>
					</technique_common>
				</source>
				<source id="ID27">
					<float_array id="ID28" count="18" digits="2490374">0 -1 -0 0 0 -1 1 0 -0 0 0 1 -1 0 -0 0 1 -0</float_array>
					<technique_common>
						<accessor count="6" source="#ID28" stride="3">
							<param name="X" type="float"/>
							<param name="Y" type="float"/>
							<param name="Z" type="float"/>
						</accessor>
					</technique_common>
				</source>
				<source id="ID29">
					<float_array id="ID30" count="2" digits="2490374">0 1</float_array>
					<technique_common>
						<accessor count="1" source="#ID30" stride="2">
							<param name="S" type="float"/>
							<param name="T" type="float"/>
						</accessor>
					</technique_common>
				</source>
				<vertices id="ID31">
					<input semantic="POSITION" source="#ID25"/>
				</vertices>
				<polylist count="12">
					<input offset="0" semantic="VERTEX" source="#ID31" set="0"/>
					<input offset="1" semantic="NORMAL" source="#ID27" set="0"/>
					<input offset="2" semantic="TEXCOORD" source="#ID29" set="0"/>
					<vcount>3 3 3 3 3 3 3 3 3 3 3 3</vcount>
					<p>0 0 0 2 0 0 3 0 0 1 0 0 2 0 0 0 0 0 7 1 0 1 1 0 6 1 0 6 1 0 1 1 0 0 1 0 7 2 0 2 2 0 1 2 0 4 2 0 2 2 0 7 2 0 5 3 0 3 3 0 4 3 0 4 3 0 3 3 0 2 3 0 3 4 0 6 4 0 0 4 0 5 4 0 6 4 0 3 4 0 4 5 0 6 5 0 5 5 0 7 5 0 6 5 0 4 5 0</p>
				</polylist>
			</mesh>
		</geometry>
		<geometry id="ID33">
			<mesh>
				<source id="ID34">
					<float_array id="ID35" count="1992" digits="2490374">-2.12041 0.871 -8.95685 3.49998 -1.5 -7.28685 -0.871119 -1.65834 -7.35685 -0.754541 -1.62046 -7.35685 -0.721607 -1.56672 -7.35685 5.37729 -1.5 -8.43749 -0.715 -1.525 -7.35685 3.82978 -1.5 -9.12685 -2.30582 0.841634 -8.95685 -0.729714 -1.46371 -7.35685 3.49998 -1.3 -7.25685 -0.945459 -1.42954 -7.35685 -2.69104 0.45641 -8.95685 3.49998 -1.5 -9.12685 -2.67029 -1.58629 -7.35685 -2.47065 -1.41578 -7.35685 3.49998 -1.2 -7.85685 -2.69033 0.458577 -9.15685 -2.64546 -1.42954 -7.35685 -1.54902 0.454069 -9.15685 2.42971 -1.58629 -7.35685 2.47065 -1.63422 -7.35685 -2.72041 0.271 -8.95685 2.59172 -1.65339 -7.35685 2.64546 -1.62046 -7.35685 5.48998 -1.53 -7.28685 2.67839 -1.56672 -7.35685 -2.60582 -0.0816711 -8.95685 2.67029 -1.46371 -7.35685 2.57112 -1.39166 -7.35685 2.50828 -1.39661 -7.35685 2.42161 -1.48328 -7.35685 2.415 -1.525 -7.35685 5.43789 -1.5 -8.37542 5.45998 -1.5 -8.29162 -2.30582 -0.299634 -8.95685 0.729714 -1.58629 -7.35685 0.770649 -1.63422 -7.35685 0.828881 -1.65834 -7.35685 0.891717 -1.65339 -7.35685 0.945459 -1.62046 -7.35685 0.970286 -1.46371 -7.35685 0.929351 -1.41578 -7.35685 0.808283 -1.39661 -7.35685 4.17685 -1.5 -9.05463 0.754541 -1.42954 -7.35685 3.82978 -1.53 -9.15685 0.721607 -1.48328 -7.35685 -0.327825 -0.244845 -9.15685 -1.54978 0.0855898 -8.95685 1.27551 7.15032 -8.95685 -3.49998 -1.2 -7.25685 -3.49998 -1.3 -7.25685 -3.46998 -1.3 -7.25685 -3.46998 -1.53 -7.25685 1.37445 7.38918 -8.95685 1.3229 7.44953 -8.95685 1.24957 7.47991 -8.95685 -5.48998 -1.78 -7.25685 1.17045 7.47368 -8.95685 1.10277 7.43221 -8.95685 1.0613 7.36453 -8.95685 -3.98998 -1.97 -7.25685 -1.52041 0.271 -8.95685 -1.39181 7.25947 -8.95685 5.45998 -2 -7.25685 -1.23935 7.23532 -8.95685 -1.17168 7.27679 -8.95685 5.45998 -1.75 -7.25685 5.45998 -1.54243 -7.25685 5.44755 -1.53 -7.25685 -1.14042 7.47418 -8.95685 -1.19196 7.53453 -8.95685 -1.45357 7.44953 -8.95685 0.255507 -0.373551 -9.15685 3.49998 -1.3 -7.28685 -1.52041 0.271 -9.15685 3.46998 -1.3 -7.25685 0.623781 -0.128095 -9.15685 1.34319 4.39179 -8.95685 1.39298 4.512 -8.95685 3.46998 -1.53 -7.25685 1.17045 4.67368 -8.95685 0.723519 0.0631018 -9.15685 1.0613 4.56453 -8.95685 3.46998 -1.53 -9.15685 1.05298 4.512 -8.95685 -1.55048 0.0834227 -9.15685 -1.64047 -0.0890857 -9.15685 3.49998 5.48 -7.85685 3.49998 5.48 -9.12685 -1.3889 4.25947 -8.95685 -1.23645 4.23532 -8.95685 3.1185 7.06896 -9.12685 2.83154 7.53724 -9.12685 2.47486 7.95486 -9.12685 -1.16877 4.27679 -8.95685 1.58896 8.5985 -9.12685 1.08155 8.80868 -9.12685 0.547517 8.93689 -9.12685 1.33999e-15 8.97998 -9.12685 -1.26238 4.56491 -8.95685 -1.08155 8.80868 -9.12685 -1.58896 8.5985 -9.12685 -2.05724 8.31154 -9.12685 -1.40919 4.51721 -8.95685 -2.83154 7.53724 -9.12685 -3.1185 7.06896 -9.12685 -3.32868 6.56155 -9.12685 -3.45689 6.02752 -9.12685 -1.45066 4.44953 -8.95685 -2.31862 -0.295314 -9.15685 -3.45689 6.02752 -7.85685 -3.32868 6.56155 -7.85685 -3.1185 7.06896 -7.85685 -2.83154 7.53724 -7.85685 -0.0351978 8.26777 -8.95685 0.225 8.49 -8.95685 -0.159099 8.6491 -8.95685 -1.08155 8.80868 -7.85685 -0.213988 8.55953 -8.95685 0.629849 -0.119877 -8.95685 0.547517 8.93689 -7.85685 1.08155 8.80868 -7.85685 1.58896 8.5985 -7.85685 -5.47124 -1.53 -8.37614 2.47486 7.95486 -7.85685 2.83154 7.53724 -7.85685 3.1185 7.06896 -7.85685 -5.41854 -1.53 -8.44482 -5.3927 -1.53 -8.46323 -2.54982 -0.148055 -9.15685 -3.49998 -1.2 -7.85685 -5.37729 -1.5 -8.43749 0.297349 -0.361453 -8.95685 3.45689 6.02752 -7.85685 3.32868 6.56155 -7.85685 0.0918523 -0.394 -8.95685 -0.985 -1.525 -9.03685 -0.763948 -1.62902 -9.03685 2.05724 8.31154 -7.85685 -0.808283 -1.65339 -7.35685 -0.929351 -1.63422 -7.35685 -0.970286 -1.58629 -7.35685 -9.91463e-16 8.97998 -7.85685 -0.547517 8.93689 -7.85685 -0.985 -1.525 -7.35685 -1.58896 8.5985 -7.85685 -2.05724 8.31154 -7.85685 -2.47486 7.95486 -7.85685 -2.6918 0.0879315 -9.15685 -0.766589 -1.41885 -9.03685 -0.821379 -1.39307 -9.03685 -0.881927 -1.39383 -9.03685 -0.978393 -1.48328 -7.35685 -0.299025 -0.266996 -8.95685 -0.891717 -1.39661 -7.35685 -0.828881 -1.39166 -7.35685 -0.770649 -1.41578 -7.35685 -0.494252 5.16803 -7.85685 -2.72041 0.271 -9.15685 2.04342 5.11153 -7.85685 -0.5406 0.0655037 -8.95685 -2.63341 -1.63115 -9.03685 2.04342 6.75153 -7.85685 0.225 8.49 -8.95185 -2.42714 -1.58094 -9.03685 -2.42161 -1.56672 -7.35685 3.49998 -1.2 -7.25685 -2.45454 -1.62046 -7.35685 0.202366 8.58835 -8.95185 5.45998 -1.5 -7.28685 -2.50828 -1.65339 -7.35685 -2.57112 -1.65834 -7.35685 -2.62935 -1.63422 -7.35685 -2.685 -1.525 -7.35685 5.48998 -1.78 -7.28685 5.48998 -1.78 -7.25685 0.511529 0.786845 -9.15685 -2.42858 -1.46599 -9.03685 5.48998 -1.53 -8.29162 -2.63605 -1.42098 -9.03685 0.311537 0.898665 -9.15685 -2.67286 -1.46906 -9.03685 -2.67839 -1.48328 -7.35685 -2.59172 -1.39661 -7.35685 5.41854 -1.97 -8.44482 -2.52888 -1.39166 -7.35685 -2.42971 -1.46371 -7.35685 5.46397 -1.53 -8.39025 0.158633 0.932646 -9.15685 5.3927 -1.53 -8.46323 -2.415 -1.525 -7.35685 -2.415 -1.525 -9.03685 0.139018 8.66692 -8.95185 0.0477016 8.70989 -8.95185 4.18882 -1.53 -9.08214 2.46659 -1.63115 -9.03685 2.52138 -1.65693 -9.03685 2.58193 -1.65617 -9.03685 -0.440076 0.670095 -9.15685 2.52888 -1.65834 -7.35685 -0.14342 8.66337 -8.95185 -3.82978 -1.97 -9.15685 2.67142 -1.46599 -9.03685 2.57862 -1.39307 -9.03685 2.51807 -1.39383 -9.03685 2.46395 -1.42098 -9.03685 2.42714 -1.46906 -9.03685 -3.12092 6.99678 -9.15685 2.45454 -1.42954 -7.35685 -2.79042 7.54262 -9.15685 2.62935 -1.41578 -7.35685 -2.31257 8.06704 -9.15685 2.685 -1.525 -7.35685 -1.61745 8.54997 -9.15685 -1.14632 8.75516 -9.15685 -0.750541 8.86787 -9.15685 -0.573148 0.271 -9.15685 -0.0894988 8.94885 -9.15685 0.766589 -1.63115 -9.03685 0.821379 -1.65693 -9.03685 0.995049 8.80428 -9.15685 1.49425 8.61181 -9.15685 0.985 -1.525 -9.03685 0.985 -1.525 -7.35685 2.37698 8.00799 -9.15685 2.67217 7.69365 -9.15685 3.03602 7.16029 -9.15685 3.29605 6.56482 -9.15685 0.978393 -1.56672 -7.35685 0.715 -1.525 -7.35685 -0.573148 0.271 -8.95685 -0.43 8.49 -9.15685 0.97142 -1.46599 -9.03685 0.933411 -1.41885 -9.03685 0.878621 -1.39307 -9.03685 -0.1334 1.8 -9.15685 -0.446144 0.661877 -8.95685 3.06 3.94 -9.15685 0.818073 -1.39383 -9.03685 -0.1334 3.16 -9.15685 3.06 3.16 -9.15685 -0.0567484 8.91624 -9.15685 0.727136 -1.46906 -9.03685 0.715 -1.525 -9.03685 0.871119 -1.39166 -7.35685 0.142052 8.89586 -9.15685 0.0918523 0.936 -8.95685 1.06845 7.24114 -9.03685 1.22298 7.142 -9.03685 0.703418 5.11153 -9.15685 2.04342 5.11153 -9.15685 0.307745 8.79032 -9.15685 3.28 0.124 -9.15685 1.29384 7.15747 -9.03685 1.3518 7.20107 -9.03685 1.39298 7.312 -8.95685 1.8936 0.124 -9.15685 1.3736 0.124 -9.15685 1.38466 7.25947 -8.95685 1.8736 -0.48 -9.15685 1.34319 7.19179 -8.95685 1.19638 7.14409 -8.95685 1.12305 7.17447 -8.95685 3.28 -0.48 -9.15685 0.482729 0.808996 -8.95685 0.756852 0.271 -9.15685 0.725142 0.473901 -9.15685 0.661245 0.61454 -9.15685 1.07151 7.23482 -8.95685 1.05298 7.312 -8.95685 0.409496 8.6212 -9.15685 -0.0718028 0.915551 -9.15685 -0.284401 0.819323 -9.15685 1.15212 7.46653 -9.03685 -0.539815 0.478898 -9.15685 1.05298 7.312 -9.03685 -0.541438 0.068099 -9.15685 -0.47754 -0.0725396 -9.15685 -0.202366 8.39165 -8.95185 -0.127833 -0.356665 -9.15685 0.0250712 -0.390646 -9.15685 -1.44641 7.32614 -9.03685 0.468106 -0.277323 -9.15685 -1.40281 7.26818 -9.03685 -1.22103 7.24247 -9.03685 0.0532123 8.27138 -8.95185 -1.16306 7.28607 -9.03685 -1.12189 7.397 -8.95685 -1.691 0.690055 -9.15685 -1.9222 0.837314 -9.15685 -2.19959 0.865752 -9.15685 -2.45989 0.765728 -9.15685 -2.60035 0.631086 -9.15685 -1.13021 7.34447 -8.95685 -1.31848 7.22909 -8.95685 -1.44336 7.31982 -8.95685 0.380149 8.28904 -9.15685 -1.18096 7.52582 -9.03685 -2.04123 -0.323752 -9.15685 -1.78093 -0.223728 -9.15685 -1.36275 7.55153 -9.03685 -1.46189 7.397 -9.03685 -0.409496 8.3588 -9.15685 0.43 8.49 -9.15685 -1.46189 7.397 -8.95685 -1.4121 7.51721 -8.95685 -1.34442 7.55868 -8.95685 -1.26529 7.56491 -8.95685 -0.243292 8.84455 -9.15685 -0.380149 8.69097 -9.15685 -2.98 1.8 -9.10685 1.29384 4.35747 -9.03685 -0.307745 8.18968 -9.15685 -0.142052 8.08414 -9.15685 0.0567484 8.06376 -9.15685 0.243292 8.13545 -9.15685 1.38466 4.45947 -8.95685 -1.67 1.8 -9.10685 -1.67 2.094 -9.15685 -2.98 2.094 -9.15685 -2.98 1.8 -9.15685 -1.67 1.8 -9.15685 -1.67 2.094 -9.10685 -1.67 3.454 -9.15685 1.27551 4.35032 -8.95685 1.19638 4.34409 -8.95685 -1.67 3.16 -9.15685 2.78 -0.48 -9.15685 -1.28898 4.107 -9.15685 1.12305 4.37447 -8.95685 1.07151 4.43482 -8.95685 2.78 -0.48 -8.95685 1.37751 4.58286 -9.03685 1.09416 4.62293 -9.03685 -1.28898 4.687 -9.15685 1.10277 4.63221 -8.95685 1.24957 4.67991 -8.95685 -1.57624 4.43679 -9.15685 1.3229 4.64953 -8.95685 -1.43159 4.14449 -9.15685 1.8736 -0.786 -9.15685 1.37445 4.58918 -8.95685 1.39298 4.512 -9.03685 1.44926 4.33062 -9.15685 1.51024 4.47221 -9.15685 1.48275 4.64091 -9.15685 1.36559 4.76451 -9.15685 2.78 -0.786 -9.15685 -1.44351 4.32614 -9.03685 0.996698 4.69338 -9.15685 -1.28898 4.227 -9.03685 0.963205 4.38309 -9.15685 -1.11898 4.397 -8.95685 2.78 -0.786 -8.95685 -1.29189 7.107 -9.15685 -1.1273 4.34447 -8.95685 -1.31557 4.22909 -8.95685 -1.00463 7.35721 -9.15685 -1.03211 7.52591 -9.15685 -1.14928 7.64951 -9.15685 -1.44045 4.31982 -8.95685 -1.67 3.454 -9.10685 -1.13445 4.46786 -9.03685 -1.45898 4.397 -9.03685 -1.45898 4.397 -8.95685 -1.4345 7.14449 -9.15685 -2.98 3.454 -9.10685 -1.34151 4.55868 -8.95685 -1.18905 4.53453 -8.95685 1.44926 7.13062 -9.15685 -1.13751 4.47418 -8.95685 -2.98 3.454 -9.15685 1.36559 7.56451 -9.15685 1.22298 7.602 -9.15685 -2.98 3.16 -9.10685 -2.98 2.094 -9.10685 0.93572 7.35179 -9.15685 0.963205 7.18309 -9.15685 1.08037 7.05949 -9.15685 -1.67 3.16 -9.10685 -2.98 3.16 -9.15685 1.05755 -1.37685 -9.15685 0.93424 -1.28432 -9.15685 0.816347 -1.27223 -9.15685 -0.139018 8.31309 -8.95185 -0.0477016 8.27011 -8.95185 0.14342 8.31663 -8.95185 0.64245 -1.67315 -9.15685 0.76576 -1.76568 -9.15685 0.883653 -1.77777 -9.15685 0.994278 -1.73526 -9.15685 1.07544 -1.64418 -9.15685 1.3736 -0.48 -8.95685 0.204774 8.39677 -8.95185 2.75755 -1.37685 -9.15685 2.63424 -1.28432 -9.15685 0.213988 8.42047 -8.95685 2.40572 -1.31474 -9.15685 2.32456 -1.40582 -9.15685 0.159099 8.3309 -8.95685 2.34245 -1.67315 -9.15685 0.0695288 8.27601 -8.95685 -0.132252 8.30797 -8.95685 -0.200476 8.38785 -8.95685 -0.225 8.49 -8.95685 1.3736 -0.48 -9.15685 -2.295 -1.525 -9.15685 -2.34245 -1.37685 -9.15685 -0.225 8.49 -8.95185 -2.58365 -1.27223 -9.15685 -2.69428 -1.31474 -9.15685 -2.77544 -1.40582 -9.15685 -1.11898 4.397 -9.03685 -2.75755 -1.67315 -9.15685 -0.0532123 8.70862 -8.95185 -2.51635 -1.77777 -9.15685 -2.40572 -1.73526 -9.15685 -2.32456 -1.64418 -9.15685 -1.17805 4.52582 -9.03685 -0.204774 8.58323 -8.95185 -0.0695288 8.70399 -8.95685 0.0351978 8.71223 -8.95685 0.132252 8.67203 -8.95685 0.200476 8.59215 -8.95685 -1.14637 4.64951 -9.15685 -2.69104 0.0855898 -8.95685 -2.47308 -0.21441 -8.95685 -2.12041 -0.329 -8.95685 -0.816347 -1.77777 -9.15685 -1.935 -0.299634 -8.95685 -1.76774 -0.21441 -8.95685 1.3736 0.124 -8.95685 -1.635 -0.0816711 -8.95685 -1.54978 0.45641 -8.95685 -1.635 0.623671 -8.95685 -3.49998 5.48 -7.85685 -3.49998 5.48 -9.12685 -1.76774 0.75641 -8.95685 -1.935 0.841634 -8.95685 -3.49998 -1.3 -7.28685 -1.0292 4.52591 -9.15685 -2.47308 0.75641 -8.95685 -2.60582 0.623671 -8.95685 -1.00172 4.35721 -9.15685 -1.0627 4.21562 -9.15685 -0.446144 -0.119877 -8.95685 -0.113644 -0.361453 -8.95685 0.482729 -0.266996 -8.95685 0.724305 0.0655037 -8.95685 1.8936 0.124 -8.95685 0.756852 0.271 -8.95685 0.724305 0.476496 -8.95685 0.629849 0.661877 -8.95685 0.297349 0.903453 -8.95685 -1.1874 4.12537 -9.15685 -0.113644 0.903453 -8.95685 -0.299025 0.808996 -8.95685 -5.48998 -1.53 -7.28685 -0.5406 0.476496 -8.95685 -5.44755 -1.53 -7.25685 -5.45998 -1.54243 -7.25685 -1.21812 4.24247 -9.03685 -5.48998 -1.78 -7.28685 -5.45998 -1.75 -7.25685 1.8736 -0.48 -8.95685 1.8736 -0.786 -8.95685 3.28 -0.48 -8.95685 3.28 0.124 -8.95685 1.8936 0.404 -9.15685 1.8936 0.404 -8.95685 3.06 3.94 -8.95685 -0.1334 3.16 -8.95685 -1.16016 4.28607 -9.03685 2.78 0.404 -9.15685 -3.82978 -1.53 -9.15685 2.78 0.404 -8.95685 -4.17685 -1.5 -9.05463 -1.28898 4.567 -9.03685 -5.48998 -1.97 -7.25685 -5.48998 -1.97 -8.29162 -1.35984 4.55153 -9.03685 -4.01998 -2 -7.25685 -5.45998 -2 -7.25685 2.78 0.124 -9.15685 -5.44181 -2 -8.36808 2.78 0.124 -8.95685 -1.4178 4.50793 -9.03685 -0.494252 5.16803 -8.75685 -1.39991 4.26818 -9.03685 -0.494252 5.16803 -8.85685 -4.18882 -1.97 -9.08214 -3.82978 -2 -9.12685 5.43861 -2 -8.37421 5.45998 -2 -8.29162 -4.17685 -2 -9.05463 -5.38911 -2 -8.42973 -5.37729 -2 -8.43749 -4.01998 -2 -7.28685 -1.54875 4.26809 -9.15685 -5.3927 -1.97 -8.46323 -5.45998 -2 -8.29162 -1.51526 4.57838 -9.15685 -1.39055 4.66863 -9.15685 -5.48746 -1.97 -8.32325 -5.45559 -1.97 -8.40374 1.33391 4.64082 -9.03685 -5.45998 -1.5 -7.28685 -5.48998 -1.53 -8.29162 4.01998 -2 -7.28685 4.01998 -2 -7.25685 3.98998 -1.97 -7.25685 3.06 3.16 -8.95685 5.48998 -1.97 -8.29162 5.48998 -1.97 -7.25685 1.22298 4.682 -9.03685 -5.43785 -1.5 -8.3755 1.22298 4.802 -9.15685 -3.82978 -1.5 -9.12685 -3.49998 -1.5 -7.28685 -5.45998 -1.5 -8.29162 1.32455 4.24037 -9.15685 -1.05755 -1.67315 -9.15685 -0.93424 -1.76568 -9.15685 -0.705722 -1.73526 -9.15685 -0.624563 -1.64418 -9.15685 1.3518 4.40107 -9.03685 -0.715 -1.525 -9.03685 3.46998 5.48 -9.15685 3.42622 6.02934 -9.15685 -0.727136 -1.58094 -9.03685 -0.818073 -1.65617 -9.03685 -0.878621 -1.65693 -9.03685 -0.933411 -1.63115 -9.03685 2.19079 8.17095 -9.15685 1.96329 8.34116 -9.15685 -0.97142 -1.58401 -9.03685 1.15212 4.66653 -9.03685 0.65021 8.88852 -9.15685 0.181061 8.94526 -9.15685 -0.64245 -1.37685 -9.15685 -0.398926 8.92701 -9.15685 -0.76576 -1.28432 -9.15685 -0.883653 -1.27223 -9.15685 -0.994278 -1.31474 -9.15685 -2.04942 8.28012 -9.15685 -1.07544 -1.40582 -9.15685 -2.6289 7.74488 -9.15685 -1.105 -1.525 -9.15685 -2.95658 7.29643 -9.15685 -0.972864 -1.46906 -9.03685 -3.33231 6.44772 -9.15685 -3.44774 5.87223 -9.15685 -3.46998 5.48 -9.15685 -0.936052 -1.42098 -9.03685 -0.72858 -1.46599 -9.03685 -0.595 -1.525 -9.15685 -2.685 -1.525 -9.03685 -2.63424 -1.76568 -9.15685 -2.47486 7.95486 -9.12685 -2.46395 -1.62902 -9.03685 -2.51807 -1.65617 -9.03685 -2.57862 -1.65693 -9.03685 -0.547517 8.93689 -9.12685 -2.67142 -1.58401 -9.03685 -0.1334 3.94 -9.15685 -2.46576 -1.28432 -9.15685 -2.805 -1.525 -9.15685 2.05724 8.31154 -9.12685 -2.58193 -1.39383 -9.03685 -2.52138 -1.39307 -9.03685 -2.46659 -1.41885 -9.03685 3.32868 6.56155 -9.12685 3.45689 6.02752 -9.12685 -0.1334 3.94 -8.95685 -2.08571 6.66649 -9.15685 -2.08571 6.66649 -8.85685 -2.08425 5.16803 -8.85685 -2.08425 5.16803 -8.75685 -2.08571 6.66649 -8.75685 -2.08571 6.66649 -7.85685 -2.08425 5.16649 -7.85685 -2.08425 5.16649 -9.15685 1.05298 4.512 -9.03685 2.295 -1.525 -9.15685 2.46576 -1.76568 -9.15685 2.58365 -1.77777 -9.15685 2.69428 -1.73526 -9.15685 2.77544 -1.64418 -9.15685 2.67286 -1.58094 -9.03685 1.06845 4.44114 -9.03685 2.63605 -1.62902 -9.03685 2.42858 -1.58401 -9.03685 -0.495705 6.66649 -8.85685 -0.495705 6.66649 -8.75685 2.415 -1.525 -9.03685 3.06 1.8 -9.15685 -0.495706 6.66803 -7.85685 -0.495706 6.66803 -9.15685 3.06 1.8 -8.95685 2.51635 -1.27223 -9.15685 2.63341 -1.41885 -9.03685 2.685 -1.525 -9.03685 2.805 -1.525 -9.15685 1.105 -1.525 -9.15685 -0.494252 5.16803 -9.15685 -0.1334 1.8 -8.95685 0.972864 -1.58094 -9.03685 0.936052 -1.62902 -9.03685 0.881927 -1.65617 -9.03685 0.72858 -1.58401 -9.03685 1.11205 4.38318 -9.03685 1.22298 4.342 -9.03685 0.703418 6.75153 -7.85685 0.703418 5.11153 -7.85685 0.705722 -1.31474 -9.15685 1.22298 4.222 -9.15685 0.624563 -1.40582 -9.15685 0.595 -1.525 -9.15685 0.763948 -1.42098 -9.03685 0.703418 6.75153 -9.15685 1.08037 4.25949 -9.15685 1.1214 7.58363 -9.15685 0.996698 7.49338 -9.15685 1.11205 7.18318 -9.03685 2.04342 6.75153 -9.15685 3.06 2.58 -9.15685 1.09416 7.42293 -9.03685 -0.1334 2.58 -9.15685 1.22298 7.022 -9.15685 5.37729 -2 -8.43749 5.3927 -1.97 -8.46323 1.32455 7.04037 -9.15685 5.47124 -1.97 -8.37614 -0.1334 2.58 -8.95685 1.51024 7.27221 -9.15685 1.48275 7.44091 -9.15685 4.17685 -2 -9.05463 4.18882 -1.97 -9.08214 1.22298 7.482 -9.03685 1.33391 7.44082 -9.03685 1.37751 7.38286 -9.03685 3.82978 -2 -9.12685 3.82978 -1.97 -9.15685 3.06 2.58 -8.95685 1.39298 7.312 -9.03685 0.93572 4.55179 -9.15685 -1.39346 7.66863 -9.15685 -1.51817 7.57838 -9.15685 -1.57914 7.43678 -9.15685 -1.55166 7.26809 -9.15685 -4.18882 -1.53 -9.08214 -1.42071 7.50793 -9.03685 -1.29189 7.567 -9.03685 1.1214 4.78363 -9.15685 -1.29189 7.687 -9.15685 -1.12189 7.397 -9.03685 -1.29189 7.227 -9.03685 -1.19031 7.12537 -9.15685 -3.49998 -1.5 -9.12685 -1.06561 7.21562 -9.15685 -1.13736 7.46786 -9.03685 -3.46998 -1.53 -9.15685</float_array>
					<technique_common>
						<accessor count="664" source="#ID35" stride="3">
							<param name="X" type="float"/>
							<param name="Y" type="float"/>
							<param name="Z" type="float"/>
						</accessor>
					</technique_common>
				</source>
				<source id="ID36">
					<float_array id="ID37" count="630" digits="2490374">0 1 -0 1 0 -0 0 0.707094 0.707094 0.707094 0.707094 -0 0.363156 0.707094 -0.606719 0.615125 0.707094 -0.348656 0.615219 0.707094 -0.3485 0 0 -1 0.282063 0.707094 -0.648344 0 0.707094 -0.707094 0 0 1 0 -1 -0 0.707094 0 0.707094 0.707094 0 -0.707094 0.987688 0.156406 -0 0.951031 0.308969 -0 0.890969 0.453969 -0 0.809 0.587781 -0 0.587781 0.809 -0 0.453969 0.890969 -0 0.308969 0.951031 -0 0.156406 0.987688 -0 -0.156406 0.987688 -0 -0.308969 0.951031 -0 -0.453969 0.890969 -0 -0.587781 0.809 -0 -0.707094 0.707094 -0 -0.809 0.587781 -0 -0.890969 0.453969 -0 -0.951031 0.308969 -0 -0.987688 0.156406 -0 -1 0 -0 0.5 0.5 0.707094 0.906313 0 -0.422563 0.869906 0 -0.493156 0.642781 0 -0.765969 0.513563 0 -0.858031 0.398906 0 -0.916969 -0.707094 0 0.707094 -0.5 0.5 0.707094 -0.707094 -0.707094 -0 0.707094 -0.707094 -0 0 -0.707094 0.707094 0.698344 0.110594 -0.707094 0.698156 0.111938 -0.707094 0.671656 0.221 -0.707094 0.672437 0.2185 -0.707094 0.63 0.321 -0.707094 0.618656 0.342375 -0.707094 0.572031 0.415625 -0.707094 0.5445 0.451094 -0.707094 0.499938 0.5 -0.707094 0.484375 0.515094 -0.707094 0.446375 0.548344 -0.707094 0.415625 0.572031 -0.707094 0.400063 0.583 -0.707094 0.321 0.63 -0.707094 0.304469 0.638188 -0.707094 0.2185 0.672437 -0.707094 0.202719 0.677406 -0.707094 0.110594 0.698344 -0.707094 0.132437 0.694531 -0.707094 0.0368438 0.706125 -0.707094 -0.0182188 0.706813 -0.707094 -0.0812813 0.702375 -0.707094 -0.110594 0.698344 -0.707094 -0.152938 0.690313 -0.707094 -0.2185 0.672437 -0.707094 -0.233562 0.667406 -0.707094 -0.321 0.63 -0.707094 -0.329562 0.625531 -0.707094 -0.415625 0.572031 -0.707094 -0.417625 0.570594 -0.707094 -0.471219 0.527125 -0.707094 -0.499938 0.5 -0.707094 -0.535688 0.461531 -0.707094 -0.568594 0.420281 -0.707094 -0.572031 0.415625 -0.707094 -0.602437 0.370094 -0.707094 -0.63 0.321 -0.707094 -0.635938 0.309063 -0.707094 -0.672437 0.2185 -0.707094 -0.679031 0.197156 -0.707094 -0.698344 0.110594 -0.707094 -0.702563 0.079875 -0.707094 -0.707094 0 -0.707094 0.999969 0.0009375 -0 0.0009375 -0.999969 -0 -0.999969 -0.0009375 -0 -0.0009375 0.999969 -0 0.640813 -0.707094 -0.298813 0.618031 -0.707094 -0.343406 0.454531 -0.707094 -0.541625 0.363156 -0.707094 -0.606719 0.282063 -0.707094 -0.648344 0 -0.707094 -0.707094 -0.398906 0 -0.916969 -0.951031 -0.308969 -0 -0.952313 -0.305063 -0 -0.856219 -0.516594 -0 -0.809 -0.587781 -0 -0.631063 -0.775688 -0 -0.587781 -0.809 -0 -0.330344 -0.943812 -0 -0.308969 -0.951031 -0 -0.100406 -0.994906 -0 0.246094 -0.969187 -0 0.308969 -0.951031 -0 0.56575 -0.824531 -0 0.587781 -0.809 -0 0.799875 -0.600125 -0 0.809 -0.587781 -0 0.949844 -0.312594 -0 0.951031 -0.308969 -0 0.952313 0.305063 -0 0.856219 0.516594 -0 0.631063 0.775688 -0 0.330344 0.943812 -0 0.100406 0.994906 -0 -0.246094 0.969187 -0 -0.56575 0.824531 -0 -0.799875 0.600125 -0 -0.949844 0.312594 -0 -0.715625 -0.698406 -0 0.131969 -0.991219 -0 0.715625 0.698406 -0 -0.131969 0.991219 -0 -0.635938 -0.309063 -0.707094 -0.673375 -0.215687 -0.707094 -0.506063 -0.493844 -0.707094 -0.436844 -0.555969 -0.707094 -0.233562 -0.667406 -0.707094 -0.149875 -0.691031 -0.707094 0.0933125 -0.700906 -0.707094 0.167187 -0.687031 -0.707094 0.450719 -0.544813 -0.707094 0.400063 -0.583 -0.707094 0.625094 -0.330438 -0.707094 0.643531 -0.293 -0.707094 0.635938 0.309063 -0.707094 0.673375 0.215687 -0.707094 0.506063 0.493844 -0.707094 0.436844 0.555969 -0.707094 0.233562 0.667406 -0.707094 0.149875 0.691031 -0.707094 -0.0933125 0.700906 -0.707094 -0.167187 0.687031 -0.707094 -0.450719 0.544813 -0.707094 -0.400063 0.583 -0.707094 -0.625094 0.330438 -0.707094 -0.643531 0.293 -0.707094 -0.294688 0.64275 -0.707094 -0.247656 0.662281 -0.707094 -0.551719 0.44225 -0.707094 -0.535781 0.461344 -0.707094 -0.700406 0.097 -0.707094 -0.633344 -0.314281 -0.707094 -0.64275 -0.294688 -0.707094 -0.461344 -0.535781 -0.707094 -0.347688 -0.615656 -0.707094 0.294688 -0.64275 -0.707094 0.247656 -0.662281 -0.707094 0.551719 -0.44225 -0.707094 0.535781 -0.461344 -0.707094 0.700406 -0.097 -0.707094 0.633344 0.314281 -0.707094 0.64275 0.294688 -0.707094 0.461344 0.535781 -0.707094 0.347688 0.615656 -0.707094 -0.551719 0.442219 -0.707094 -0.5755 -0.410781 -0.707094 0.5755 0.410781 -0.707094 -0.513563 0 -0.858031 -0.828031 0 -0.560562 -0.642781 0 -0.765969 -0.906313 0 -0.422563 -0.987406 0 -0.158094 -0.363156 -0.707094 -0.606719 -0.412313 -0.707094 -0.574406 -0.5855 -0.707094 -0.396406 -0.6315 -0.707094 -0.318031 -0.698156 -0.707094 -0.111813 -0.282063 -0.707094 -0.648344 -0.282063 0.707094 -0.648344 0.899406 0.437094 -0 0.617813 0.78625 -0 0.211969 0.977219 -0 -0.236437 0.971594 -0 -0.637375 0.7705 -0 -0.910062 0.414375 -0 -0.899406 -0.437094 -0 -0.890969 -0.453969 -0 -0.617813 -0.78625 -0 -0.156406 -0.987688 -0 -0.211969 -0.977219 -0 0.236437 -0.971594 -0 0.637375 -0.7705 -0 0.910062 -0.414375 -0 0.757719 -0.652469 -0 0.416813 -0.908938 -0 -0.652469 -0.757719 -0 -0.908938 -0.416813 -0 -0.757719 0.652469 -0 -0.416813 0.908938 -0 0.652469 0.757719 -0 0.908938 0.416813 -0 -0.363156 0.707094 -0.606719 -0.640813 0.707094 -0.298813 -0.615 0.707094 -0.348844 -0.454531 0.707094 -0.541625</float_array>
					<technique_common>
						<accessor count="210" source="#ID37" stride="3">
							<param name="X" type="float"/>
							<param name="Y" type="float"/>
							<param name="Z" type="float"/>
						</accessor>
					</technique_common>
				</source>
				<source id="ID38">
					<float_array id="ID39" count="2" digits="2490374">0 1</float_array>
					<technique_common>
						<accessor count="1" source="#ID39" stride="2">
							<param name="S" type="float"/>
							<param name="T" type="float"/>
						</accessor>
					</technique_common>
				</source>
				<vertices id="ID40">
					<input semantic="POSITION" source="#ID34"/>
				</vertices>
				<polylist count="1336">
					<input offset="0" semantic="VERTEX" source="#ID40" set="0"/>
					<input offset="1" semantic="NORMAL" source="#ID36" set="0"/>
					<input offset="2" semantic="TEXCOORD" source="#ID38" set="0"/>
					<vcount>3 3 3 3 3 3 3 3 3 3 3 3 3 3 3 3 3 3 3 3 3 3 3 3 3 3 3 3 3 3 3 3 3 3 3 3 3 3 3 3 3 3 3 3 3 3 3 3 3 3 3 3 3 3 3 3 3 3 3 3 3 3 3 3 3 3 3 3 3 3 3 3 3 3 3 3 3 3 3 3 3 3 3 3 3 3 3 3 3 3 3 3 3 3 3 3 3 3 3 3 3 3 3 3 3 3 3 3 3 3 3 3 3 3 3 3 3 3 3 3 3 3 3 3 3 3 3 3 3 3 3 3 3 3 3 3 3 3 3 3 3 3 3 3 3 3 3 3 3 3 3 3 3 3 3 3 3 3 3 3 3 3 3 3 3 3 3 3 3 3 3 3 3 3 3 3 3 3 3 3 3 3 3 3 3 3 3 3 3 3 3 3 3 3 3 3 3 3 3 3 3 3 3 3 3 3 3 3 3 3 3 3 3 3 3 3 3 3 3 3 3 3 3 3 3 3 3 3 3 3 3 3 3 3 3 3 3 3 3 3 3 3 3 3 3 3 3 3 3 3 3 3 3 3 3 3 3 3 3 3 3 3 3 3 3 3 3 3 3 3 3 3 3 3 3 3 3 3 3 3 3 3 3 3 3 3 3 3 3 3 3 3 3 3 3 3 3 3 3 3 3 3 3 3 3 3 3 3 3 3 3 3 3 3 3 3 3 3 3 3 3 3 3 3 3 3 3 3 3 3 3 3 3 3 3 3 3 3 3 3 3 3 3 3 3 3 3 3 3 3 3 3 3 3 3 3 3 3 3 3 3 3 3 3 3 3 3 3 3 3 3 3 3 3 3 3 3 3 3 3 3 3 3 3 3 3 3 3 3 3 3 3 3 3 3 3 3 3 3 3 3 3 3 3 3 3 3 3 3 3 3 3 3 3 3 3 3 3 3 3 3 3 3 3 3 3 3 3 3 3 3 3 3 3 3 3 3 3 3 3 3 3 3 3 3 3 3 3 3 3 3 3 3 3 3 3 3 3 3 3 3 3 3 3 3 3 3 3 3 3 3 3 3 3 3 3 3 3 3 3 3 3 3 3 3 3 3 3 3 3 3 3 3 3 3 3 3 3 3 3 3 3 3 3 3 3 3 3 3 3 3 3 3 3 3 3 3 3 3 3 3 3 3 3 3 3 3 3 3 3 3 3 3 3 3 3 3 3 3 3 3 3 3 3 3 3 3 3 3 3 3 3 3 3 3 3 3 3 3 3 3 3 3 3 3 3 3 3 3 3 3 3 3 3 3 3 3 3 3 3 3 3 3 3 3 3 3 3 3 3 3 3 3 3 3 3 3 3 3 3 3 3 3 3 3 3 3 3 3 3 3 3 3 3 3 3 3 3 3 3 3 3 3 3 3 3 3 3 3 3 3 3 3 3 3 3 3 3 3 3 3 3 3 3 3 3 3 3 3 3 3 3 3 3 3 3 3 3 3 3 3 3 3 3 3 3 3 3 3 3 3 3 3 3 3 3 3 3 3 3 3 3 3 3 3 3 3 3 3 3 3 3 3 3 3 3 3 3 3 3 3 3 3 3 3 3 3 3 3 3 3 3 3 3 3 3 3 3 3 3 3 3 3 3 3 3 3 3 3 3 3 3 3 3 3 3 3 3 3 3 3 3 3 3 3 3 3 3 3 3 3 3 3 3 3 3 3 3 3 3 3 3 3 3 3 3 3 3 3 3 3 3 3 3 3 3 3 3 3 3 3 3 3 3 3 3 3 3 3 3 3 3 3 3 3 3 3 3 3 3 3 3 3 3 3 3 3 3 3 3 3 3 3 3 3 3 3 3 3 3 3 3 3 3 3 3 3 3 3 3 3 3 3 3 3 3 3 3 3 3 3 3 3 3 3 3 3 3 3 3 3 3 3 3 3 3 3 3 3 3 3 3 3 3 3 3 3 3 3 3 3 3 3 3 3 3 3 3 3 3 3 3 3 3 3 3 3 3 3 3 3 3 3 3 3 3 3 3 3 3 3 3 3 3 3 3 3 3 3 3 3 3 3 3 3 3 3 3 3 3 3 3 3 3 3 3 3 3 3 3 3 3 3 3 3 3 3 3 3 3 3 3 3 3 3 3 3 3 3 3 3 3 3 3 3 3 3 3 3 3 3 3 3 3 3 3 3 3 3 3 3 3 3 3 3 3 3 3 3 3 3 3 3 3 3 3 3 3 3 3 3 3 3 3 3 3 3 3 3 3 3 3 3 3 3 3 3 3 3 3 3 3 3 3 3 3 3 3 3 3 3 3 3 3 3 3 3 3 3 3 3 3 3 3 3 3 3 3 3 3 3 3 3 3 3 3 3 3 3 3 3 3 3 3 3 3 3 3 3 3 3 3 3 3 3 3 3 3 3 3 3 3 3 3 3 3 3 3 3 3 3 3 3 3 3 3 3 3 3 3 3 3 3 3 3 3 3 3 3 3 3 3 3 3 3 3 3 3 3 3 3 3 3 3 3 3 3 3 3 3 3 3 3 3 3 3 3 3 3 3 3 3 3 3 3 3 3 3 3 3 3 3 3 3 3 3 3 3 3 3 3 3 3 3 3 3 3 3 3 3 3 3 3 3 3 3 3 3 3 3 3 3 3 3 3 3 3 3 3 3 3 3 3 3 3 3 3 3 3 3 3 3 3 3 3 3 3 3 3 3 3 3 3 3 3 3 3 3 3 3 3 3 3 3 3 3 3 3 3 3 3 3 3 3 3 3 3 3 3 3 3 3 3 3 3 3 3 3 3 3 3 3 3 3 3 3 3 3 3 3 3 3 3 3 3 3 3 3 3 3 3 3 3 3 3 3 3 3 3 3 3 3 3 3 3 3 3 3 3 3 3 3 3 3 3 3 3 3 3 3 3 3 3 3 3 3 3 3 3 3 3 3 3 3 3 3 3 3 3 3 3 3 3 3 3 3 3 3 3 3 3 3 3 3 3 3 3 3 3 3 3 3 3 3 3 3</vcount>
					<p>34 0 0 33 0 0 171 0 0 171 0 0 33 0 0 1 0 0 1 0 0 33 0 0 5 0 0 1 0 0 5 0 0 44 0 0 1 0 0 44 0 0 7 0 0 1 0 0 7 0 0 13 0 0 168 1 0 10 1 0 16 1 0 89 1 0 16 1 0 90 1 0 90 1 0 16 1 0 13 1 0 13 1 0 16 1 0 75 1 0 75 1 0 16 1 0 10 1 0 13 1 0 75 1 0 1 1 0 1 2 0 70 2 0 171 2 0 81 2 0 70 2 0 1 2 0 34 3 0 25 3 0 180 3 0 171 3 0 25 3 0 34 3 0 189 5 0 191 4 0 5 4 0 33 6 0 189 5 0 5 4 0 34 3 0 189 5 0 33 6 0 142 7 0 141 7 0 2 7 0 180 3 0 189 5 0 34 3 0 5 4 0 196 8 0 44 8 0 142 7 0 3 7 0 141 7 0 191 4 0 196 8 0 5 4 0 44 8 0 46 9 0 7 9 0 143 7 0 3 7 0 142 7 0 196 8 0 46 9 0 44 8 0 46 9 0 13 9 0 7 9 0 85 9 0 13 9 0 46 9 0 52 10 0 53 10 0 51 10 0 51 10 0 53 10 0 168 10 0 168 10 0 53 10 0 77 10 0 77 10 0 53 10 0 81 10 0 168 10 0 77 10 0 10 10 0 480 10 0 484 10 0 58 10 0 58 10 0 484 10 0 465 10 0 465 10 0 484 10 0 483 10 0 465 10 0 483 10 0 462 10 0 462 10 0 483 10 0 461 10 0 461 10 0 483 10 0 62 10 0 461 10 0 62 10 0 54 10 0 54 10 0 62 10 0 512 10 0 54 10 0 512 10 0 53 10 0 53 10 0 512 10 0 81 10 0 81 10 0 512 10 0 70 10 0 70 10 0 512 10 0 511 10 0 68 10 0 70 10 0 511 10 0 68 10 0 69 10 0 70 10 0 511 10 0 65 10 0 68 10 0 65 10 0 515 10 0 68 10 0 68 10 0 515 10 0 177 10 0 10 11 0 77 11 0 75 11 0 75 12 0 81 12 0 1 12 0 77 12 0 81 12 0 75 12 0 85 13 0 90 13 0 13 13 0 529 13 0 90 13 0 85 13 0 90 1 0 574 14 0 89 1 0 89 1 0 574 14 0 135 14 0 136 15 0 135 14 0 574 14 0 573 15 0 136 15 0 574 14 0 136 15 0 573 15 0 93 16 0 136 15 0 93 16 0 128 16 0 94 17 0 128 16 0 93 16 0 94 17 0 127 17 0 128 16 0 127 17 0 94 17 0 95 3 0 127 17 0 95 3 0 126 3 0 95 3 0 569 18 0 126 3 0 126 3 0 569 18 0 140 18 0 124 19 0 140 18 0 569 18 0 97 19 0 124 19 0 569 18 0 124 19 0 97 19 0 98 20 0 124 19 0 98 20 0 123 20 0 99 21 0 123 20 0 98 20 0 99 21 0 122 21 0 123 20 0 122 21 0 99 21 0 100 0 0 122 21 0 100 0 0 144 0 0 100 0 0 564 22 0 144 0 0 144 0 0 564 22 0 145 22 0 119 23 0 145 22 0 564 22 0 102 23 0 119 23 0 564 22 0 119 23 0 102 23 0 103 24 0 119 23 0 103 24 0 147 24 0 104 25 0 147 24 0 103 24 0 104 25 0 148 25 0 147 24 0 148 25 0 104 25 0 560 26 0 148 25 0 560 26 0 149 26 0 560 26 0 106 27 0 149 26 0 149 26 0 106 27 0 115 27 0 114 28 0 115 27 0 106 27 0 107 28 0 114 28 0 106 27 0 114 28 0 107 28 0 108 29 0 114 28 0 108 29 0 113 29 0 109 30 0 113 29 0 108 29 0 109 30 0 112 30 0 113 29 0 112 30 0 109 30 0 438 31 0 112 30 0 438 31 0 437 31 0 615 10 0 614 10 0 598 10 0 615 10 0 598 10 0 159 10 0 132 10 0 615 10 0 159 10 0 144 10 0 145 10 0 122 10 0 122 10 0 145 10 0 123 10 0 123 10 0 145 10 0 119 10 0 123 10 0 119 10 0 147 10 0 123 10 0 147 10 0 124 10 0 124 10 0 147 10 0 148 10 0 124 10 0 148 10 0 140 10 0 140 10 0 148 10 0 149 10 0 140 10 0 149 10 0 126 10 0 126 10 0 149 10 0 115 10 0 126 10 0 115 10 0 127 10 0 127 10 0 115 10 0 128 10 0 128 10 0 115 10 0 114 10 0 128 10 0 114 10 0 581 10 0 581 10 0 114 10 0 113 10 0 128 10 0 581 10 0 614 10 0 614 10 0 581 10 0 598 10 0 581 10 0 113 10 0 582 10 0 582 10 0 113 10 0 112 10 0 582 10 0 112 10 0 437 10 0 582 10 0 437 10 0 132 10 0 159 10 0 582 10 0 132 10 0 615 10 0 132 10 0 161 10 0 136 10 0 128 10 0 164 10 0 164 10 0 128 10 0 614 10 0 136 10 0 164 10 0 161 10 0 136 10 0 161 10 0 135 10 0 135 10 0 161 10 0 89 10 0 89 10 0 161 10 0 16 10 0 16 10 0 161 10 0 132 10 0 132 0 0 51 0 0 16 0 0 16 0 0 51 0 0 168 0 0 25 32 0 70 32 0 69 32 0 171 32 0 70 32 0 25 32 0 143 7 0 4 7 0 3 7 0 515 1 0 514 1 0 177 1 0 177 1 0 514 1 0 176 1 0 176 1 0 514 1 0 25 1 0 25 1 0 514 1 0 180 1 0 514 1 0 634 33 0 180 1 0 180 1 0 634 33 0 189 34 0 186 35 0 189 34 0 634 33 0 189 34 0 186 35 0 191 36 0 191 36 0 186 35 0 632 36 0 632 36 0 639 37 0 191 36 0 191 36 0 639 37 0 196 37 0 639 37 0 644 7 0 196 37 0 196 37 0 644 7 0 46 7 0 542 7 0 219 7 0 540 7 0 542 7 0 540 7 0 243 7 0 243 7 0 540 7 0 539 7 0 243 7 0 539 7 0 247 7 0 247 7 0 539 7 0 253 7 0 253 7 0 539 7 0 222 7 0 253 7 0 222 7 0 223 7 0 253 7 0 223 7 0 272 7 0 272 7 0 223 7 0 305 7 0 305 7 0 223 7 0 536 7 0 305 7 0 536 7 0 298 7 0 298 7 0 536 7 0 535 7 0 298 7 0 535 7 0 317 7 0 317 7 0 535 7 0 226 7 0 317 7 0 226 7 0 316 7 0 360 7 0 361 7 0 375 7 0 360 7 0 375 7 0 623 7 0 360 7 0 623 7 0 624 7 0 360 7 0 624 7 0 359 7 0 359 7 0 624 7 0 378 7 0 359 7 0 378 7 0 661 7 0 661 7 0 378 7 0 379 7 0 661 7 0 379 7 0 659 7 0 659 7 0 379 7 0 380 7 0 659 7 0 380 7 0 356 7 0 217 7 0 542 7 0 243 7 0 217 7 0 243 7 0 310 7 0 217 7 0 310 7 0 216 7 0 216 7 0 310 7 0 311 7 0 216 7 0 311 7 0 215 7 0 215 7 0 311 7 0 233 7 0 215 7 0 233 7 0 546 7 0 546 7 0 233 7 0 304 7 0 546 7 0 304 7 0 314 7 0 546 7 0 314 7 0 213 7 0 213 7 0 314 7 0 315 7 0 213 7 0 315 7 0 316 7 0 213 7 0 316 7 0 548 7 0 548 7 0 316 7 0 226 7 0 548 7 0 226 7 0 227 7 0 548 7 0 227 7 0 656 7 0 548 7 0 656 7 0 211 7 0 211 7 0 656 7 0 648 7 0 211 7 0 648 7 0 649 7 0 211 7 0 649 7 0 650 7 0 211 7 0 650 7 0 550 7 0 550 7 0 650 7 0 651 7 0 550 7 0 651 7 0 209 7 0 209 7 0 651 7 0 367 7 0 209 7 0 367 7 0 356 7 0 209 7 0 356 7 0 380 7 0 209 7 0 380 7 0 630 7 0 621 7 0 251 7 0 599 7 0 599 7 0 251 7 0 606 7 0 336 7 0 583 7 0 606 7 0 351 7 0 647 7 0 336 7 0 336 7 0 647 7 0 426 7 0 426 7 0 647 7 0 442 7 0 442 7 0 647 7 0 353 7 0 442 7 0 353 7 0 445 7 0 445 7 0 353 7 0 622 7 0 445 7 0 622 7 0 446 7 0 446 7 0 622 7 0 617 7 0 566 7 0 241 7 0 325 7 0 325 7 0 241 7 0 328 7 0 629 7 0 237 7 0 320 7 0 320 7 0 237 7 0 323 7 0 485 7 0 475 7 0 254 7 0 273 7 0 274 7 0 292 7 0 292 7 0 274 7 0 291 7 0 291 7 0 274 7 0 290 7 0 290 7 0 274 7 0 200 7 0 290 7 0 200 7 0 19 7 0 19 7 0 200 7 0 276 7 0 19 7 0 276 7 0 218 7 0 19 7 0 218 7 0 76 7 0 76 7 0 218 7 0 278 7 0 76 7 0 278 7 0 87 7 0 87 7 0 278 7 0 88 7 0 88 7 0 278 7 0 279 7 0 88 7 0 279 7 0 48 7 0 88 7 0 48 7 0 301 7 0 301 7 0 48 7 0 300 7 0 300 7 0 48 7 0 281 7 0 267 7 0 268 7 0 470 7 0 470 7 0 268 7 0 475 7 0 267 7 0 470 7 0 258 7 0 267 7 0 258 7 0 259 7 0 267 7 0 259 7 0 83 7 0 83 7 0 259 7 0 407 7 0 83 7 0 407 7 0 78 7 0 78 7 0 407 7 0 284 7 0 284 7 0 407 7 0 74 7 0 74 7 0 407 7 0 282 7 0 261 7 0 342 7 0 407 7 0 374 7 0 375 7 0 227 7 0 227 7 0 375 7 0 656 7 0 656 7 0 375 7 0 361 7 0 227 7 0 228 7 0 374 7 0 374 7 0 228 7 0 637 7 0 637 7 0 228 7 0 636 7 0 636 7 0 228 7 0 371 7 0 371 7 0 228 7 0 229 7 0 371 7 0 229 7 0 633 7 0 633 7 0 229 7 0 630 7 0 630 7 0 229 7 0 626 7 0 630 7 0 626 7 0 209 7 0 626 7 0 229 7 0 252 7 0 252 7 0 229 7 0 530 7 0 252 7 0 530 7 0 529 7 0 252 7 0 529 7 0 239 7 0 239 7 0 529 7 0 85 7 0 348 7 0 251 7 0 252 7 0 252 7 0 239 7 0 348 7 0 251 7 0 348 7 0 518 7 0 348 7 0 239 7 0 347 7 0 347 7 0 239 7 0 346 7 0 346 7 0 239 7 0 345 7 0 345 7 0 239 7 0 522 7 0 522 7 0 239 7 0 617 7 0 617 7 0 239 7 0 446 7 0 446 7 0 239 7 0 456 7 0 456 7 0 239 7 0 330 7 0 239 7 0 85 7 0 242 7 0 242 7 0 85 7 0 627 7 0 242 7 0 627 7 0 241 7 0 241 7 0 627 7 0 328 7 0 328 7 0 627 7 0 382 7 0 627 7 0 85 7 0 254 7 0 627 7 0 254 7 0 597 7 0 597 7 0 254 7 0 475 7 0 597 7 0 475 7 0 237 7 0 237 7 0 475 7 0 323 7 0 323 7 0 475 7 0 322 7 0 322 7 0 475 7 0 190 7 0 190 7 0 475 7 0 182 7 0 182 7 0 475 7 0 178 7 0 178 7 0 475 7 0 269 7 0 269 7 0 475 7 0 268 7 0 254 7 0 85 7 0 265 7 0 265 7 0 85 7 0 329 7 0 329 7 0 85 7 0 349 7 0 349 7 0 85 7 0 342 7 0 342 7 0 85 7 0 397 7 0 342 7 0 397 7 0 601 7 0 397 7 0 85 7 0 396 7 0 396 7 0 85 7 0 604 7 0 604 7 0 85 7 0 589 7 0 46 7 0 644 7 0 85 7 0 85 7 0 644 7 0 589 7 0 589 7 0 644 7 0 588 7 0 588 7 0 644 7 0 587 7 0 587 7 0 644 7 0 391 7 0 391 7 0 644 7 0 430 7 0 430 7 0 644 7 0 417 7 0 601 7 0 399 7 0 385 7 0 385 7 0 399 7 0 384 7 0 384 7 0 399 7 0 383 7 0 383 7 0 399 7 0 400 7 0 383 7 0 400 7 0 605 7 0 605 7 0 400 7 0 585 7 0 605 7 0 585 7 0 402 7 0 605 7 0 402 7 0 393 7 0 393 7 0 402 7 0 392 7 0 392 7 0 402 7 0 586 7 0 392 7 0 586 7 0 391 7 0 391 7 0 586 7 0 587 7 0 385 7 0 616 7 0 544 7 0 544 7 0 616 7 0 543 7 0 543 7 0 616 7 0 541 7 0 541 7 0 616 7 0 618 7 0 541 7 0 618 7 0 557 7 0 557 7 0 618 7 0 619 7 0 557 7 0 619 7 0 389 7 0 557 7 0 389 7 0 526 7 0 526 7 0 389 7 0 525 7 0 525 7 0 389 7 0 390 7 0 525 7 0 390 7 0 430 7 0 430 7 0 390 7 0 391 7 0 544 7 0 545 7 0 411 7 0 411 7 0 545 7 0 567 7 0 567 7 0 545 7 0 409 7 0 409 7 0 545 7 0 547 7 0 409 7 0 547 7 0 408 7 0 408 7 0 547 7 0 549 7 0 408 7 0 549 7 0 523 7 0 408 7 0 523 7 0 419 7 0 419 7 0 523 7 0 418 7 0 418 7 0 523 7 0 524 7 0 418 7 0 524 7 0 417 7 0 417 7 0 524 7 0 430 7 0 552 7 0 209 7 0 576 7 0 576 7 0 209 7 0 621 7 0 621 7 0 209 7 0 626 7 0 576 7 0 621 7 0 599 7 0 552 7 0 576 7 0 583 7 0 552 7 0 583 7 0 553 7 0 553 7 0 583 7 0 554 7 0 554 7 0 583 7 0 373 7 0 554 7 0 373 7 0 663 7 0 373 7 0 583 7 0 503 7 0 503 7 0 583 7 0 504 7 0 336 7 0 504 7 0 583 7 0 606 7 0 251 7 0 336 7 0 336 7 0 251 7 0 518 7 0 336 7 0 518 7 0 655 7 0 336 7 0 655 7 0 351 7 0 373 7 0 503 7 0 339 7 0 373 7 0 339 7 0 500 7 0 373 7 0 500 7 0 341 7 0 373 7 0 341 7 0 330 7 0 373 7 0 330 7 0 566 7 0 566 7 0 330 7 0 239 7 0 373 7 0 566 7 0 325 7 0 663 7 0 373 7 0 382 7 0 663 7 0 382 7 0 321 7 0 321 7 0 382 7 0 629 7 0 629 7 0 382 7 0 627 7 0 321 7 0 629 7 0 320 7 0 663 7 0 321 7 0 322 7 0 663 7 0 322 7 0 17 7 0 17 7 0 322 7 0 294 7 0 294 7 0 322 7 0 293 7 0 293 7 0 322 7 0 292 7 0 273 7 0 292 7 0 322 7 0 322 7 0 190 7 0 273 7 0 663 7 0 17 7 0 160 7 0 663 7 0 160 7 0 150 7 0 663 7 0 150 7 0 131 7 0 663 7 0 131 7 0 111 7 0 663 7 0 111 7 0 300 7 0 663 7 0 300 7 0 281 7 0 663 7 0 281 7 0 282 7 0 663 7 0 282 7 0 411 7 0 411 7 0 282 7 0 407 7 0 411 7 0 407 7 0 342 7 0 544 7 0 411 7 0 342 7 0 342 7 0 601 7 0 385 7 0 342 7 0 385 7 0 544 7 0 663 7 0 411 7 0 412 7 0 663 7 0 412 7 0 413 7 0 663 7 0 413 7 0 568 7 0 663 7 0 568 7 0 415 7 0 663 7 0 415 7 0 476 7 0 476 7 0 415 7 0 203 7 0 203 7 0 415 7 0 559 7 0 203 7 0 559 7 0 417 7 0 203 7 0 417 7 0 644 7 0 437 31 0 438 31 0 132 31 0 51 31 0 132 31 0 52 31 0 52 31 0 132 31 0 441 31 0 441 31 0 132 31 0 520 31 0 520 31 0 132 31 0 660 31 0 660 31 0 132 31 0 438 31 0 52 11 0 441 11 0 53 11 0 441 38 0 54 38 0 53 38 0 520 38 0 54 38 0 441 38 0 520 2 0 461 2 0 54 2 0 520 2 0 508 2 0 461 2 0 146 7 0 4 7 0 143 7 0 508 39 0 462 39 0 461 39 0 508 39 0 459 39 0 462 39 0 146 7 0 6 7 0 4 7 0 459 38 0 465 38 0 462 38 0 464 38 0 465 38 0 459 38 0 58 26 0 465 26 0 464 26 0 459 31 0 509 31 0 464 31 0 58 31 0 464 31 0 480 31 0 480 31 0 464 31 0 481 31 0 481 31 0 464 31 0 509 31 0 480 40 0 502 40 0 484 40 0 481 40 0 502 40 0 480 40 0 643 11 0 638 11 0 493 11 0 493 11 0 638 11 0 496 11 0 496 11 0 638 11 0 631 11 0 496 11 0 631 11 0 498 11 0 498 11 0 631 11 0 494 11 0 498 11 0 494 11 0 497 11 0 497 11 0 494 11 0 486 11 0 486 11 0 494 11 0 495 11 0 486 11 0 495 11 0 502 11 0 502 11 0 495 11 0 65 11 0 502 11 0 65 11 0 510 11 0 510 11 0 65 11 0 511 11 0 484 11 0 502 11 0 499 11 0 499 11 0 502 11 0 510 11 0 484 11 0 499 11 0 483 11 0 499 41 0 62 41 0 483 41 0 510 42 0 62 42 0 499 42 0 512 42 0 62 42 0 510 42 0 154 7 0 6 7 0 146 7 0 512 40 0 510 40 0 511 40 0 514 41 0 65 41 0 495 41 0 515 41 0 65 41 0 514 41 0 176 3 0 68 3 0 177 3 0 176 12 0 69 12 0 68 12 0 25 12 0 69 12 0 176 12 0 529 13 0 574 43 0 90 13 0 530 44 0 574 43 0 529 13 0 574 43 0 530 44 0 229 45 0 574 43 0 229 45 0 573 46 0 229 45 0 93 47 0 573 46 0 228 48 0 93 47 0 229 45 0 93 47 0 228 48 0 94 49 0 228 48 0 227 50 0 94 49 0 95 51 0 94 49 0 227 50 0 226 52 0 95 51 0 227 50 0 535 53 0 95 51 0 226 52 0 535 53 0 569 54 0 95 51 0 536 55 0 569 54 0 535 53 0 569 54 0 536 55 0 97 56 0 536 55 0 223 57 0 97 56 0 223 57 0 98 58 0 97 56 0 222 59 0 98 58 0 223 57 0 98 58 0 222 59 0 99 60 0 222 59 0 539 61 0 99 60 0 540 62 0 99 60 0 539 61 0 100 9 0 99 60 0 540 62 0 219 63 0 100 9 0 540 62 0 542 64 0 100 9 0 219 63 0 542 64 0 564 65 0 100 9 0 217 66 0 564 65 0 542 64 0 564 65 0 217 66 0 102 67 0 217 66 0 216 68 0 102 67 0 216 68 0 103 69 0 102 67 0 215 70 0 103 69 0 216 68 0 103 69 0 215 70 0 104 71 0 215 70 0 546 72 0 104 71 0 213 73 0 104 71 0 546 72 0 560 74 0 104 71 0 213 73 0 548 75 0 560 74 0 213 73 0 211 76 0 560 74 0 548 75 0 211 76 0 106 77 0 560 74 0 550 78 0 106 77 0 211 76 0 106 77 0 550 78 0 107 79 0 550 78 0 209 80 0 107 79 0 209 80 0 108 81 0 107 79 0 552 82 0 108 81 0 209 80 0 108 81 0 552 82 0 109 83 0 552 82 0 553 84 0 109 83 0 554 85 0 109 83 0 553 84 0 438 85 0 109 83 0 554 85 0 580 86 0 581 86 0 579 86 0 576 86 0 577 86 0 583 86 0 583 86 0 577 86 0 578 86 0 583 86 0 578 86 0 582 86 0 582 86 0 578 86 0 579 86 0 582 86 0 579 86 0 581 86 0 598 87 0 581 87 0 599 87 0 577 87 0 576 87 0 599 87 0 599 87 0 581 87 0 580 87 0 599 87 0 580 87 0 577 87 0 599 88 0 606 88 0 594 88 0 599 88 0 594 88 0 598 88 0 594 88 0 606 88 0 491 88 0 159 88 0 598 88 0 595 88 0 595 88 0 598 88 0 594 88 0 159 88 0 595 88 0 489 88 0 606 89 0 583 89 0 491 89 0 491 89 0 583 89 0 489 89 0 489 89 0 583 89 0 159 89 0 159 89 0 583 89 0 582 89 0 252 0 0 251 0 0 161 0 0 161 0 0 251 0 0 615 0 0 614 1 0 615 1 0 621 1 0 621 1 0 615 1 0 251 1 0 626 11 0 164 11 0 621 11 0 621 11 0 164 11 0 614 11 0 164 31 0 626 31 0 161 31 0 161 31 0 626 31 0 252 31 0 495 41 0 634 90 0 514 41 0 494 91 0 634 90 0 495 41 0 634 90 0 494 91 0 186 92 0 494 91 0 631 93 0 186 92 0 632 93 0 186 92 0 631 93 0 154 7 0 9 7 0 6 7 0 632 93 0 631 93 0 638 94 0 639 94 0 632 93 0 638 94 0 643 95 0 639 94 0 638 94 0 644 95 0 639 94 0 643 95 0 493 95 0 644 95 0 643 95 0 203 95 0 644 95 0 493 95 0 11 7 0 9 7 0 154 7 0 203 7 0 492 96 0 476 7 0 476 7 0 492 96 0 652 96 0 663 9 0 519 9 0 660 9 0 476 9 0 519 9 0 663 9 0 554 85 0 660 85 0 438 85 0 663 85 0 660 85 0 554 85 0 645 31 0 627 31 0 600 31 0 600 31 0 627 31 0 597 31 0 627 11 0 645 11 0 629 11 0 629 11 0 645 11 0 635 11 0 635 1 0 607 1 0 629 1 0 629 1 0 607 1 0 237 1 0 597 0 0 237 0 0 600 0 0 600 0 0 237 0 0 607 0 0 239 11 0 472 11 0 566 11 0 566 11 0 472 11 0 575 11 0 575 1 0 473 1 0 566 1 0 566 1 0 473 1 0 241 1 0 242 0 0 241 0 0 513 0 0 513 0 0 241 0 0 473 0 0 472 31 0 239 31 0 513 31 0 513 31 0 239 31 0 242 31 0 254 11 0 469 11 0 485 11 0 485 11 0 469 11 0 487 11 0 477 31 0 475 31 0 487 31 0 487 31 0 475 31 0 485 31 0 475 11 0 477 11 0 470 11 0 470 11 0 477 11 0 471 11 0 471 1 0 451 1 0 470 1 0 470 1 0 451 1 0 258 1 0 258 11 0 451 11 0 259 11 0 259 11 0 451 11 0 433 11 0 433 1 0 394 1 0 259 1 0 259 1 0 394 1 0 407 1 0 261 0 0 407 0 0 466 0 0 466 0 0 407 0 0 394 0 0 466 1 0 467 1 0 261 1 0 261 1 0 467 1 0 342 1 0 349 0 0 342 0 0 355 0 0 355 0 0 342 0 0 467 0 0 333 31 0 329 31 0 355 31 0 355 31 0 329 31 0 349 31 0 265 0 0 329 0 0 468 0 0 468 0 0 329 0 0 333 0 0 469 31 0 254 31 0 468 31 0 468 31 0 254 31 0 265 31 0 452 31 0 453 97 0 267 31 0 267 31 0 453 97 0 268 98 0 268 98 0 453 97 0 269 99 0 269 99 0 453 97 0 454 100 0 269 99 0 454 100 0 178 101 0 454 100 0 266 102 0 178 101 0 178 101 0 266 102 0 182 103 0 182 103 0 266 102 0 455 104 0 182 103 0 455 104 0 190 105 0 455 104 0 248 11 0 190 105 0 190 105 0 248 11 0 273 106 0 273 106 0 248 11 0 457 107 0 273 106 0 457 107 0 274 108 0 457 107 0 458 109 0 274 108 0 274 108 0 458 109 0 200 110 0 200 110 0 458 109 0 238 111 0 200 110 0 238 111 0 276 112 0 238 111 0 460 113 0 276 112 0 276 112 0 460 113 0 218 1 0 218 1 0 460 113 0 232 1 0 232 1 0 162 15 0 218 1 0 218 1 0 162 15 0 278 114 0 278 114 0 162 15 0 279 115 0 279 115 0 162 15 0 447 17 0 279 115 0 447 17 0 48 116 0 447 17 0 155 18 0 48 116 0 48 116 0 155 18 0 281 117 0 281 117 0 155 18 0 448 20 0 281 117 0 448 20 0 282 118 0 448 20 0 137 0 0 282 118 0 282 118 0 137 0 0 74 119 0 74 119 0 137 0 0 134 23 0 74 119 0 134 23 0 284 120 0 134 23 0 449 25 0 284 120 0 284 120 0 449 25 0 78 121 0 78 121 0 449 25 0 121 27 0 78 121 0 121 27 0 83 122 0 121 27 0 450 29 0 83 122 0 83 122 0 450 29 0 267 31 0 267 31 0 450 29 0 452 31 0 63 31 0 435 97 0 76 31 0 76 31 0 435 97 0 19 98 0 19 98 0 435 97 0 436 100 0 19 98 0 436 100 0 290 123 0 436 100 0 439 102 0 290 123 0 290 123 0 439 102 0 291 103 0 291 103 0 439 102 0 440 104 0 291 103 0 440 104 0 292 124 0 440 104 0 0 11 0 292 124 0 292 124 0 0 11 0 8 107 0 292 124 0 8 107 0 293 108 0 8 107 0 443 109 0 293 108 0 293 108 0 443 109 0 294 110 0 294 110 0 443 109 0 444 111 0 294 110 0 444 111 0 17 112 0 444 111 0 12 113 0 17 112 0 17 112 0 12 113 0 160 1 0 160 1 0 12 113 0 22 1 0 22 1 0 427 15 0 160 1 0 160 1 0 427 15 0 150 114 0 150 114 0 427 15 0 27 17 0 150 114 0 27 17 0 131 125 0 27 17 0 428 18 0 131 125 0 131 125 0 428 18 0 111 117 0 111 117 0 428 18 0 35 20 0 111 117 0 35 20 0 300 126 0 35 20 0 429 0 0 300 126 0 300 126 0 429 0 0 431 23 0 300 126 0 431 23 0 301 120 0 431 23 0 432 25 0 301 120 0 301 120 0 432 25 0 88 121 0 88 121 0 432 25 0 434 27 0 88 121 0 434 27 0 87 122 0 434 27 0 49 29 0 87 122 0 87 122 0 49 29 0 76 31 0 76 31 0 49 29 0 63 31 0 165 85 0 170 127 0 305 85 0 305 85 0 170 127 0 272 128 0 253 129 0 272 128 0 170 127 0 194 130 0 253 129 0 170 127 0 253 129 0 194 130 0 247 131 0 195 132 0 247 131 0 194 130 0 247 131 0 195 132 0 243 133 0 243 133 0 195 132 0 416 134 0 202 135 0 243 133 0 416 134 0 202 135 0 310 136 0 243 133 0 311 137 0 310 136 0 202 135 0 421 138 0 311 137 0 202 135 0 311 137 0 421 138 0 233 13 0 233 13 0 421 138 0 410 13 0 410 13 0 280 139 0 233 13 0 233 13 0 280 139 0 304 140 0 314 141 0 304 140 0 280 139 0 386 142 0 314 141 0 280 139 0 314 141 0 386 142 0 315 143 0 387 144 0 315 143 0 386 142 0 315 143 0 387 144 0 316 145 0 316 145 0 387 144 0 287 146 0 388 147 0 316 145 0 287 146 0 388 147 0 317 148 0 316 145 0 298 149 0 317 148 0 388 147 0 395 150 0 298 149 0 388 147 0 298 149 0 395 150 0 305 85 0 305 85 0 395 150 0 165 85 0 321 11 0 324 11 0 377 11 0 320 11 0 324 11 0 321 11 0 321 1 0 312 1 0 322 1 0 377 1 0 312 1 0 321 1 0 319 0 0 322 0 0 312 0 0 323 0 0 322 0 0 319 0 0 319 31 0 320 31 0 323 31 0 324 31 0 320 31 0 319 31 0 373 11 0 363 11 0 368 11 0 325 11 0 363 11 0 373 11 0 373 1 0 376 1 0 382 1 0 368 1 0 376 1 0 373 1 0 381 0 0 382 0 0 376 0 0 328 0 0 382 0 0 381 0 0 381 31 0 325 31 0 328 31 0 363 31 0 325 31 0 381 31 0 352 9 0 463 151 0 330 9 0 330 9 0 463 151 0 456 152 0 446 153 0 456 152 0 463 151 0 474 154 0 446 153 0 463 151 0 445 155 0 446 153 0 474 154 0 414 85 0 445 155 0 474 154 0 442 156 0 445 155 0 414 85 0 364 157 0 442 156 0 414 85 0 442 156 0 364 157 0 420 158 0 442 156 0 420 158 0 426 159 0 479 95 0 426 159 0 420 158 0 426 159 0 479 95 0 336 95 0 479 95 0 482 160 0 336 95 0 336 95 0 482 160 0 504 161 0 503 162 0 504 161 0 482 160 0 488 163 0 503 162 0 482 160 0 339 164 0 503 162 0 488 163 0 365 13 0 339 164 0 488 163 0 500 165 0 339 164 0 365 13 0 350 166 0 500 165 0 365 13 0 500 165 0 350 166 0 490 167 0 500 165 0 490 167 0 341 168 0 352 9 0 341 168 0 490 167 0 341 168 0 352 9 0 330 9 0 613 9 0 313 151 0 617 9 0 617 9 0 313 151 0 522 152 0 345 153 0 522 152 0 313 151 0 527 154 0 345 153 0 313 151 0 346 155 0 345 153 0 527 154 0 344 85 0 346 155 0 527 154 0 347 156 0 346 155 0 344 85 0 334 157 0 347 156 0 344 85 0 347 156 0 334 157 0 507 158 0 347 156 0 507 158 0 348 159 0 516 95 0 348 159 0 507 158 0 348 159 0 516 95 0 518 95 0 516 95 0 538 160 0 518 95 0 518 95 0 538 160 0 655 161 0 351 162 0 655 161 0 538 160 0 335 163 0 351 162 0 538 160 0 647 164 0 351 162 0 335 163 0 584 13 0 647 164 0 335 163 0 353 165 0 647 164 0 584 13 0 591 166 0 353 165 0 584 13 0 353 165 0 591 166 0 612 167 0 353 165 0 612 167 0 622 168 0 613 9 0 622 168 0 612 167 0 622 168 0 613 9 0 617 9 0 658 9 0 286 151 0 356 9 0 356 9 0 286 151 0 659 152 0 661 153 0 659 152 0 286 151 0 288 154 0 661 153 0 286 151 0 359 155 0 661 153 0 288 154 0 657 85 0 359 155 0 288 154 0 360 156 0 359 155 0 657 85 0 662 157 0 360 156 0 657 85 0 360 156 0 662 157 0 299 158 0 360 156 0 299 158 0 361 159 0 654 95 0 361 159 0 299 158 0 361 159 0 654 95 0 656 95 0 654 95 0 302 160 0 656 95 0 656 95 0 302 160 0 648 161 0 649 162 0 648 161 0 302 160 0 653 163 0 649 162 0 302 160 0 650 164 0 649 162 0 653 163 0 303 13 0 650 164 0 653 163 0 651 165 0 650 164 0 303 13 0 283 166 0 651 165 0 303 13 0 651 165 0 283 166 0 285 167 0 651 165 0 285 167 0 367 168 0 658 9 0 367 168 0 285 167 0 367 168 0 658 9 0 356 9 0 250 9 0 255 151 0 630 9 0 630 9 0 255 151 0 633 152 0 371 169 0 633 152 0 255 151 0 256 154 0 371 169 0 255 151 0 636 155 0 371 169 0 256 154 0 646 85 0 636 155 0 256 154 0 637 156 0 636 155 0 646 85 0 642 157 0 637 156 0 646 85 0 637 156 0 642 157 0 641 158 0 637 156 0 641 158 0 374 159 0 640 95 0 374 159 0 641 158 0 374 159 0 640 95 0 375 95 0 640 95 0 275 160 0 375 95 0 11 7 0 158 7 0 9 7 0 375 95 0 275 160 0 623 161 0 624 162 0 623 161 0 275 160 0 628 163 0 624 162 0 275 160 0 378 164 0 624 162 0 628 163 0 277 13 0 378 164 0 628 163 0 379 165 0 378 164 0 277 13 0 249 166 0 379 165 0 277 13 0 379 165 0 249 166 0 625 167 0 379 165 0 625 167 0 380 168 0 250 9 0 380 168 0 625 167 0 380 168 0 250 9 0 630 9 0 224 85 0 234 127 0 605 85 0 605 85 0 234 127 0 383 170 0 235 130 0 383 170 0 234 127 0 383 170 0 235 130 0 384 131 0 236 132 0 384 131 0 235 130 0 384 131 0 236 132 0 385 133 0 385 133 0 236 132 0 240 134 0 620 135 0 385 133 0 240 134 0 620 135 0 616 136 0 385 133 0 618 137 0 616 136 0 620 135 0 244 138 0 618 137 0 620 135 0 618 137 0 244 138 0 619 13 0 619 13 0 244 138 0 245 13 0 156 7 0 158 7 0 11 7 0 245 13 0 611 139 0 619 13 0 619 13 0 611 139 0 389 171 0 220 142 0 389 171 0 611 139 0 389 171 0 220 142 0 390 143 0 221 144 0 390 143 0 220 142 0 390 143 0 221 144 0 391 145 0 391 145 0 221 144 0 610 146 0 609 147 0 391 145 0 610 146 0 609 147 0 392 148 0 391 145 0 393 149 0 392 148 0 609 147 0 608 150 0 393 149 0 609 147 0 393 149 0 608 150 0 605 85 0 605 85 0 608 150 0 224 85 0 603 85 0 204 127 0 604 85 0 604 85 0 204 127 0 396 170 0 602 130 0 396 170 0 204 127 0 396 170 0 602 130 0 397 131 0 205 132 0 397 131 0 602 130 0 397 131 0 205 132 0 601 133 0 601 133 0 205 132 0 206 134 0 207 135 0 601 133 0 206 134 0 207 135 0 399 136 0 601 133 0 400 137 0 399 136 0 207 135 0 208 138 0 400 137 0 207 135 0 400 137 0 208 138 0 585 13 0 585 13 0 208 138 0 596 13 0 157 7 0 158 7 0 156 7 0 596 13 0 593 139 0 585 13 0 585 13 0 593 139 0 402 171 0 197 142 0 402 171 0 593 139 0 402 171 0 197 142 0 586 143 0 198 144 0 586 143 0 197 142 0 586 143 0 198 144 0 587 145 0 587 145 0 198 144 0 199 146 0 592 147 0 587 145 0 199 146 0 592 147 0 588 148 0 587 145 0 589 149 0 588 148 0 592 147 0 590 150 0 589 149 0 592 147 0 589 149 0 590 150 0 604 85 0 604 85 0 590 150 0 603 85 0 193 85 0 179 127 0 408 85 0 408 85 0 179 127 0 409 170 0 572 130 0 409 170 0 179 127 0 409 170 0 572 130 0 567 131 0 571 132 0 567 131 0 572 130 0 567 131 0 571 132 0 411 133 0 411 133 0 571 132 0 570 134 0 181 135 0 411 133 0 570 134 0 181 135 0 412 136 0 411 133 0 413 137 0 412 136 0 181 135 0 183 138 0 413 137 0 181 135 0 413 137 0 183 138 0 568 13 0 568 13 0 183 138 0 558 13 0 174 7 0 172 7 0 173 7 0 558 13 0 565 139 0 568 13 0 568 13 0 565 139 0 415 171 0 163 142 0 415 171 0 565 139 0 415 171 0 163 142 0 559 143 0 563 144 0 559 143 0 163 142 0 559 143 0 563 144 0 417 145 0 417 145 0 563 144 0 562 146 0 561 147 0 417 145 0 562 146 0 561 147 0 418 148 0 417 145 0 419 149 0 418 148 0 561 147 0 166 150 0 419 149 0 561 147 0 419 149 0 166 150 0 408 85 0 408 85 0 166 150 0 193 85 0 528 85 0 556 127 0 557 85 0 557 85 0 556 127 0 541 170 0 151 130 0 541 170 0 556 127 0 541 170 0 151 130 0 543 131 0 152 132 0 543 131 0 151 130 0 543 131 0 152 132 0 544 133 0 544 133 0 152 132 0 153 134 0 555 135 0 544 133 0 153 134 0 555 135 0 545 136 0 544 133 0 547 137 0 545 136 0 555 135 0 551 138 0 547 137 0 555 135 0 547 137 0 551 138 0 549 13 0 549 13 0 551 138 0 138 13 0 174 7 0 169 7 0 172 7 0 138 13 0 537 139 0 549 13 0 549 13 0 537 139 0 523 171 0 534 142 0 523 171 0 537 139 0 523 171 0 534 142 0 524 143 0 533 144 0 524 143 0 534 142 0 524 143 0 533 144 0 430 145 0 430 145 0 533 144 0 532 146 0 139 147 0 430 145 0 532 146 0 139 147 0 525 148 0 430 145 0 526 149 0 525 148 0 139 147 0 531 150 0 526 149 0 139 147 0 526 149 0 531 150 0 557 85 0 557 85 0 531 150 0 528 85 0 660 0 0 519 0 0 520 0 0 520 0 0 519 0 0 508 0 0 508 0 0 519 0 0 478 0 0 508 0 0 478 0 0 133 0 0 508 0 0 133 0 0 517 0 0 508 0 0 517 0 0 521 0 0 508 26 0 509 26 0 459 26 0 521 26 0 509 26 0 508 26 0 501 172 0 506 173 0 130 172 0 130 172 0 506 173 0 129 174 0 129 174 0 506 173 0 125 175 0 505 176 0 125 175 0 506 173 0 125 175 0 505 176 0 509 31 0 509 31 0 505 176 0 481 31 0 497 178 0 501 177 0 498 177 0 497 178 0 506 179 0 501 177 0 486 180 0 506 179 0 497 178 0 506 179 0 486 180 0 505 181 0 502 40 0 505 181 0 486 180 0 14 7 0 169 7 0 174 7 0 481 40 0 505 181 0 502 40 0 498 177 0 492 182 0 496 182 0 14 7 0 167 7 0 169 7 0 501 177 0 492 182 0 498 177 0 175 7 0 167 7 0 14 7 0 203 95 0 493 95 0 496 182 0 492 182 0 203 95 0 496 182 0 594 7 0 491 7 0 577 7 0 577 7 0 491 7 0 578 7 0 578 11 0 489 11 0 579 11 0 491 11 0 489 11 0 578 11 0 580 10 0 579 10 0 595 10 0 595 10 0 579 10 0 489 10 0 595 0 0 577 0 0 580 0 0 594 0 0 577 0 0 595 0 0 492 96 0 501 172 0 652 96 0 652 96 0 501 172 0 130 172 0 519 9 0 652 183 0 478 183 0 476 9 0 652 183 0 519 9 0 645 7 0 600 7 0 635 7 0 635 7 0 600 7 0 607 7 0 472 7 0 513 7 0 575 7 0 575 7 0 513 7 0 473 7 0 477 7 0 487 7 0 471 7 0 471 7 0 487 7 0 451 7 0 469 7 0 468 7 0 487 7 0 487 7 0 468 7 0 451 7 0 451 7 0 468 7 0 433 7 0 466 7 0 394 7 0 433 7 0 433 7 0 468 7 0 333 7 0 433 7 0 333 7 0 466 7 0 333 7 0 355 7 0 466 7 0 466 7 0 355 7 0 467 7 0 457 7 0 248 7 0 455 7 0 457 7 0 455 7 0 266 7 0 457 7 0 266 7 0 458 7 0 458 7 0 266 7 0 238 7 0 238 7 0 266 7 0 454 7 0 238 7 0 454 7 0 453 7 0 238 7 0 453 7 0 460 7 0 460 7 0 453 7 0 452 7 0 460 7 0 452 7 0 232 7 0 232 7 0 452 7 0 450 7 0 232 7 0 450 7 0 162 7 0 162 7 0 450 7 0 121 7 0 162 7 0 121 7 0 447 7 0 447 7 0 121 7 0 449 7 0 447 7 0 449 7 0 155 7 0 155 7 0 449 7 0 448 7 0 448 7 0 449 7 0 134 7 0 448 7 0 134 7 0 137 7 0 8 7 0 0 7 0 440 7 0 8 7 0 440 7 0 439 7 0 8 7 0 439 7 0 443 7 0 443 7 0 439 7 0 436 7 0 443 7 0 436 7 0 444 7 0 444 7 0 436 7 0 435 7 0 444 7 0 435 7 0 12 7 0 12 7 0 435 7 0 63 7 0 12 7 0 63 7 0 22 7 0 22 7 0 63 7 0 49 7 0 22 7 0 49 7 0 427 7 0 427 7 0 49 7 0 434 7 0 427 7 0 434 7 0 27 7 0 27 7 0 434 7 0 432 7 0 27 7 0 432 7 0 428 7 0 428 7 0 432 7 0 35 7 0 35 7 0 432 7 0 431 7 0 35 7 0 431 7 0 429 7 0 117 1 0 170 184 0 165 1 0 425 16 0 170 184 0 117 1 0 170 184 0 425 16 0 194 185 0 425 16 0 424 18 0 194 185 0 194 185 0 424 18 0 423 21 0 194 185 0 423 21 0 195 186 0 423 21 0 416 187 0 195 186 0 422 23 0 416 187 0 423 21 0 416 187 0 422 23 0 202 188 0 118 26 0 202 188 0 422 23 0 202 188 0 118 26 0 421 189 0 118 26 0 120 29 0 421 189 0 406 31 0 421 189 0 120 29 0 410 31 0 421 189 0 406 31 0 406 31 0 280 190 0 410 31 0 405 191 0 280 190 0 406 31 0 280 190 0 405 191 0 386 192 0 405 191 0 404 102 0 386 192 0 386 192 0 404 102 0 116 193 0 386 192 0 116 193 0 387 194 0 116 193 0 287 195 0 387 194 0 403 107 0 287 195 0 116 193 0 287 195 0 403 107 0 388 196 0 401 41 0 388 196 0 403 107 0 388 196 0 401 41 0 395 197 0 401 41 0 398 113 0 395 197 0 117 1 0 395 197 0 398 113 0 165 1 0 395 197 0 117 1 0 324 7 0 319 7 0 377 7 0 377 7 0 319 7 0 312 7 0 363 7 0 381 7 0 368 7 0 368 7 0 381 7 0 376 7 0 365 1 0 110 113 0 366 1 0 488 198 0 110 113 0 365 1 0 110 113 0 488 198 0 105 41 0 482 199 0 105 41 0 488 198 0 369 107 0 105 41 0 482 199 0 479 11 0 369 107 0 482 199 0 479 11 0 101 193 0 369 107 0 101 193 0 479 11 0 370 102 0 479 11 0 420 200 0 370 102 0 370 102 0 420 200 0 364 201 0 370 102 0 364 201 0 372 191 0 414 31 0 372 191 0 364 201 0 354 31 0 372 191 0 414 31 0 414 31 0 357 29 0 354 31 0 474 202 0 357 29 0 414 31 0 357 29 0 474 202 0 96 26 0 463 203 0 96 26 0 474 202 0 92 23 0 96 26 0 463 203 0 352 0 0 92 23 0 463 203 0 352 0 0 358 21 0 92 23 0 358 21 0 352 0 0 91 18 0 352 0 0 490 204 0 91 18 0 91 18 0 490 204 0 350 205 0 91 18 0 350 205 0 362 16 0 365 1 0 362 16 0 350 205 0 366 1 0 362 16 0 365 1 0 584 1 0 84 113 0 86 1 0 335 198 0 84 113 0 584 1 0 84 113 0 335 198 0 337 41 0 538 199 0 337 41 0 335 198 0 82 107 0 337 41 0 538 199 0 516 11 0 82 107 0 538 199 0 516 11 0 338 193 0 82 107 0 338 193 0 516 11 0 340 102 0 516 11 0 507 200 0 340 102 0 340 102 0 507 200 0 334 201 0 340 102 0 334 201 0 343 191 0 344 31 0 343 191 0 334 201 0 80 31 0 343 191 0 344 31 0 344 31 0 318 29 0 80 31 0 527 202 0 318 29 0 344 31 0 318 29 0 527 202 0 79 26 0 313 203 0 79 26 0 527 202 0 326 23 0 79 26 0 313 203 0 613 0 0 326 23 0 313 203 0 613 0 0 327 21 0 326 23 0 327 21 0 613 0 0 331 18 0 613 0 0 612 204 0 331 18 0 331 18 0 612 204 0 591 205 0 331 18 0 591 205 0 332 16 0 584 1 0 332 16 0 591 205 0 86 1 0 332 16 0 584 1 0 303 1 0 73 113 0 306 1 0 653 198 0 73 113 0 303 1 0 73 113 0 653 198 0 307 41 0 302 199 0 307 41 0 653 198 0 308 107 0 307 41 0 302 199 0 654 11 0 308 107 0 302 199 0 654 11 0 309 193 0 308 107 0 309 193 0 654 11 0 72 102 0 654 11 0 299 200 0 72 102 0 72 102 0 299 200 0 662 201 0 72 102 0 662 201 0 71 191 0 657 31 0 71 191 0 662 201 0 289 31 0 71 191 0 657 31 0 657 31 0 295 29 0 289 31 0 288 202 0 295 29 0 657 31 0 295 29 0 288 202 0 67 26 0 286 203 0 67 26 0 288 202 0 66 23 0 67 26 0 286 203 0 658 0 0 66 23 0 286 203 0 658 0 0 296 21 0 66 23 0 296 21 0 658 0 0 64 18 0 658 0 0 285 204 0 64 18 0 64 18 0 285 204 0 283 205 0 64 18 0 283 205 0 297 16 0 303 1 0 297 16 0 283 205 0 306 1 0 297 16 0 303 1 0 277 1 0 61 113 0 271 1 0 628 198 0 61 113 0 277 1 0 61 113 0 628 198 0 60 41 0 275 199 0 60 41 0 628 198 0 59 107 0 60 41 0 275 199 0 640 11 0 59 107 0 275 199 0 640 11 0 57 193 0 59 107 0 57 193 0 640 11 0 56 102 0 640 11 0 641 200 0 56 102 0 56 102 0 641 200 0 642 201 0 56 102 0 642 201 0 55 191 0 646 31 0 55 191 0 642 201 0 257 31 0 55 191 0 646 31 0 646 31 0 260 29 0 257 31 0 256 202 0 260 29 0 646 31 0 260 29 0 256 202 0 262 26 0 255 203 0 262 26 0 256 202 0 50 23 0 262 26 0 255 203 0 250 0 0 50 23 0 255 203 0 250 0 0 263 21 0 50 23 0 263 21 0 250 0 0 264 18 0 250 0 0 625 204 0 264 18 0 264 18 0 625 204 0 249 205 0 264 18 0 249 205 0 270 16 0 277 1 0 270 16 0 249 205 0 271 1 0 270 16 0 277 1 0 225 31 0 41 191 0 224 31 0 224 31 0 41 191 0 234 190 0 42 102 0 234 190 0 41 191 0 42 102 0 235 192 0 234 190 0 236 194 0 235 192 0 42 102 0 246 193 0 236 194 0 42 102 0 236 194 0 246 193 0 240 195 0 240 195 0 246 193 0 43 107 0 240 195 0 43 107 0 620 196 0 43 107 0 45 41 0 620 196 0 244 197 0 620 196 0 45 41 0 47 113 0 244 197 0 45 41 0 244 197 0 47 113 0 245 1 0 245 1 0 47 113 0 231 1 0 231 1 0 36 16 0 245 1 0 245 1 0 36 16 0 611 184 0 37 18 0 611 184 0 36 16 0 37 18 0 220 185 0 611 184 0 221 186 0 220 185 0 37 18 0 38 21 0 221 186 0 37 18 0 221 186 0 38 21 0 610 187 0 610 187 0 38 21 0 39 23 0 610 187 0 39 23 0 609 188 0 39 23 0 40 26 0 609 188 0 608 189 0 609 188 0 40 26 0 230 29 0 608 189 0 40 26 0 608 189 0 230 29 0 224 31 0 224 31 0 230 29 0 225 31 0 214 31 0 28 191 0 603 31 0 603 31 0 28 191 0 204 190 0 212 102 0 204 190 0 28 191 0 212 102 0 602 192 0 204 190 0 205 194 0 602 192 0 212 102 0 29 193 0 205 194 0 212 102 0 205 194 0 29 193 0 206 195 0 206 195 0 29 193 0 30 107 0 206 195 0 30 107 0 207 196 0 30 107 0 210 41 0 207 196 0 208 197 0 207 196 0 210 41 0 31 113 0 208 197 0 210 41 0 208 197 0 31 113 0 596 1 0 596 1 0 31 113 0 32 1 0 32 1 0 20 16 0 596 1 0 596 1 0 20 16 0 593 184 0 21 18 0 593 184 0 20 16 0 21 18 0 197 185 0 593 184 0 198 186 0 197 185 0 21 18 0 201 21 0 198 186 0 21 18 0 198 186 0 201 21 0 199 187 0 199 187 0 201 21 0 23 23 0 199 187 0 23 23 0 592 188 0 23 23 0 24 26 0 592 188 0 590 189 0 592 188 0 24 26 0 26 29 0 590 189 0 24 26 0 590 189 0 26 29 0 603 31 0 603 31 0 26 29 0 214 31 0 192 31 0 188 191 0 193 31 0 193 31 0 188 191 0 179 190 0 15 102 0 179 190 0 188 191 0 15 102 0 572 192 0 179 190 0 571 194 0 572 192 0 15 102 0 187 193 0 571 194 0 15 102 0 571 194 0 187 193 0 570 195 0 570 195 0 187 193 0 185 107 0 570 195 0 185 107 0 181 196 0 185 107 0 18 41 0 181 196 0 183 197 0 181 196 0 18 41 0 184 113 0 183 197 0 18 41 0 183 197 0 184 113 0 558 1 0 558 1 0 184 113 0 175 1 0 175 1 0 14 16 0 558 1 0 558 1 0 14 16 0 565 184 0 174 18 0 565 184 0 14 16 0 174 18 0 163 185 0 565 184 0 563 186 0 163 185 0 174 18 0 173 21 0 563 186 0 174 18 0 563 186 0 173 21 0 562 187 0 562 187 0 173 21 0 172 23 0 562 187 0 172 23 0 561 188 0 172 23 0 169 26 0 561 188 0 166 189 0 561 188 0 169 26 0 167 29 0 166 189 0 169 26 0 166 189 0 167 29 0 193 31 0 193 31 0 167 29 0 192 31 0 6 31 0 9 191 0 528 31 0 528 31 0 9 191 0 556 190 0 158 102 0 556 190 0 9 191 0 158 102 0 151 192 0 556 190 0 152 194 0 151 192 0 158 102 0 157 193 0 152 194 0 158 102 0 152 194 0 157 193 0 153 195 0 153 195 0 157 193 0 156 107 0 153 195 0 156 107 0 555 196 0 156 107 0 11 41 0 555 196 0 551 197 0 555 196 0 11 41 0 154 113 0 551 197 0 11 41 0 551 197 0 154 113 0 138 1 0 138 1 0 154 113 0 146 1 0 146 1 0 143 16 0 138 1 0 138 1 0 143 16 0 537 184 0 142 18 0 537 184 0 143 16 0 142 18 0 534 185 0 537 184 0 533 186 0 534 185 0 142 18 0 2 21 0 533 186 0 142 18 0 533 186 0 2 21 0 532 187 0 532 187 0 2 21 0 141 23 0 532 187 0 141 23 0 139 188 0 141 23 0 3 26 0 139 188 0 531 189 0 139 188 0 3 26 0 4 29 0 531 189 0 3 26 0 531 189 0 4 29 0 528 31 0 528 31 0 4 29 0 6 31 0 478 183 0 130 206 0 133 206 0 652 183 0 130 206 0 478 183 0 521 26 0 125 207 0 509 26 0 517 208 0 125 207 0 521 26 0 125 207 0 517 208 0 129 209 0 133 206 0 129 209 0 517 208 0 130 206 0 129 209 0 133 206 0 423 7 0 424 7 0 422 7 0 422 7 0 424 7 0 118 7 0 118 7 0 424 7 0 425 7 0 118 7 0 425 7 0 120 7 0 120 7 0 425 7 0 117 7 0 120 7 0 117 7 0 406 7 0 406 7 0 117 7 0 398 7 0 406 7 0 398 7 0 405 7 0 405 7 0 398 7 0 401 7 0 405 7 0 401 7 0 404 7 0 404 7 0 401 7 0 403 7 0 404 7 0 403 7 0 116 7 0 101 7 0 370 7 0 369 7 0 369 7 0 370 7 0 105 7 0 105 7 0 370 7 0 372 7 0 105 7 0 372 7 0 110 7 0 110 7 0 372 7 0 354 7 0 110 7 0 354 7 0 366 7 0 366 7 0 354 7 0 357 7 0 366 7 0 357 7 0 362 7 0 362 7 0 357 7 0 96 7 0 362 7 0 96 7 0 91 7 0 91 7 0 96 7 0 92 7 0 91 7 0 92 7 0 358 7 0 338 7 0 340 7 0 82 7 0 82 7 0 340 7 0 337 7 0 337 7 0 340 7 0 343 7 0 337 7 0 343 7 0 84 7 0 84 7 0 343 7 0 80 7 0 84 7 0 80 7 0 86 7 0 86 7 0 80 7 0 318 7 0 86 7 0 318 7 0 332 7 0 332 7 0 318 7 0 79 7 0 332 7 0 79 7 0 331 7 0 331 7 0 79 7 0 326 7 0 331 7 0 326 7 0 327 7 0 309 7 0 72 7 0 308 7 0 308 7 0 72 7 0 307 7 0 307 7 0 72 7 0 71 7 0 307 7 0 71 7 0 73 7 0 73 7 0 71 7 0 289 7 0 73 7 0 289 7 0 306 7 0 306 7 0 289 7 0 295 7 0 306 7 0 295 7 0 297 7 0 297 7 0 295 7 0 67 7 0 297 7 0 67 7 0 64 7 0 64 7 0 67 7 0 66 7 0 64 7 0 66 7 0 296 7 0 57 7 0 56 7 0 59 7 0 59 7 0 56 7 0 60 7 0 60 7 0 56 7 0 55 7 0 60 7 0 55 7 0 61 7 0 61 7 0 55 7 0 257 7 0 61 7 0 257 7 0 271 7 0 271 7 0 257 7 0 260 7 0 271 7 0 260 7 0 270 7 0 270 7 0 260 7 0 262 7 0 270 7 0 262 7 0 264 7 0 264 7 0 262 7 0 50 7 0 264 7 0 50 7 0 263 7 0 246 7 0 42 7 0 43 7 0 43 7 0 42 7 0 45 7 0 45 7 0 42 7 0 41 7 0 45 7 0 41 7 0 47 7 0 47 7 0 41 7 0 225 7 0 47 7 0 225 7 0 231 7 0 231 7 0 225 7 0 230 7 0 231 7 0 230 7 0 36 7 0 36 7 0 230 7 0 40 7 0 36 7 0 40 7 0 37 7 0 37 7 0 40 7 0 39 7 0 37 7 0 39 7 0 38 7 0 29 7 0 212 7 0 30 7 0 30 7 0 212 7 0 210 7 0 210 7 0 212 7 0 28 7 0 210 7 0 28 7 0 31 7 0 31 7 0 28 7 0 214 7 0 31 7 0 214 7 0 32 7 0 32 7 0 214 7 0 26 7 0 32 7 0 26 7 0 20 7 0 20 7 0 26 7 0 24 7 0 20 7 0 24 7 0 21 7 0 21 7 0 24 7 0 23 7 0 21 7 0 23 7 0 201 7 0 187 7 0 15 7 0 185 7 0 185 7 0 15 7 0 18 7 0 18 7 0 15 7 0 188 7 0 18 7 0 188 7 0 184 7 0 184 7 0 188 7 0 192 7 0 184 7 0 192 7 0 175 7 0 175 7 0 192 7 0 167 7 0</p>
				</polylist>
			</mesh>
		</geometry>
	</library_geometries>
	<library_visual_scenes>
		<visual_scene id="ID1">
			<node id="ID2" name="底座.STEP">
				<translate sid="translate">0 0 -0</translate>
				<rotate sid="rotateY">0 1 0 -0</rotate>
				<rotate sid="rotateX">1 0 0 0</rotate>
				<rotate sid="rotateZ">0 0 1 -0</rotate>
				<scale sid="scale">1 1 1</scale>
				<node id="ID3" name="____ù.STEP">
					<translate sid="translate">0 0 -0</translate>
					<rotate sid="rotateY">0 1 0 -0</rotate>
					<rotate sid="rotateX">1 0 0 0</rotate>
					<rotate sid="rotateZ">0 0 1 -0</rotate>
					<scale sid="scale">1 1 1</scale>
					<node id="ID4" name="B3-25_____PCB________-WF_____.STEP">
						<translate sid="translate">10.58 0 -0.453</translate>
						<rotate sid="rotateY">0 1 0 -0</rotate>
						<rotate sid="rotateX">1 0 0 0</rotate>
						<rotate sid="rotateZ">0 0 1 -0</rotate>
						<scale sid="scale">1 1 1</scale>
						<instance_geometry url="#ID5"/>
					</node>
					<node id="ID13" name="B3-14_________-WF_____.STEP">
						<translate sid="translate">0 0 -0</translate>
						<rotate sid="rotateY">0 1 0 -0</rotate>
						<rotate sid="rotateX">1 0 0 0</rotate>
						<rotate sid="rotateZ">0 0 1 -0</rotate>
						<scale sid="scale">1 1 1</scale>
						<instance_geometry url="#ID14"/>
					</node>
					<node id="ID22" name="B3-23_________-WF_____.STEP">
						<translate sid="translate">9.68 0 -0.546146</translate>
						<rotate sid="rotateY">0 1 0 0</rotate>
						<rotate sid="rotateX">1 0 0 0</rotate>
						<rotate sid="rotateZ">0 0 1 -270</rotate>
						<scale sid="scale">1 1 1</scale>
						<node id="ID23" name="NONE_3_">
							<translate sid="translate">0 0 -0</translate>
							<rotate sid="rotateY">0 1 0 -0</rotate>
							<rotate sid="rotateX">1 0 0 0</rotate>
							<rotate sid="rotateZ">0 0 1 -0</rotate>
							<scale sid="scale">1 1 1</scale>
							<instance_geometry url="#ID24"/>
						</node>
						<node id="ID32" name="NONE_4_">
							<translate sid="translate">0 0 -0</translate>
							<rotate sid="rotateY">0 1 0 -0</rotate>
							<rotate sid="rotateX">1 0 0 0</rotate>
							<rotate sid="rotateZ">0 0 1 -0</rotate>
							<scale sid="scale">1 1 1</scale>
							<instance_geometry url="#ID33"/>
						</node>
					</node>
				</node>
			</node>
		</visual_scene>
	</library_visual_scenes>
	<scene>
		<instance_visual_scene url="#ID1"/>
	</scene>
</COLLADA>
