<?xml version="1.0" encoding="UTF-8"?>
<COLLADA xmlns="http://www.collada.org/2008/03/COLLADASchema" version="1.5.0">
	<asset>
		<contributor>
			<authoring_tool>Cinema 4D 2023.201 COLLADA Exporter</authoring_tool>
		</contributor>
		<created>2025-07-28T10:16:35Z</created>
		<modified>2025-07-28T10:16:35Z</modified>
		<unit meter="0.01" name="centimeter"/>
		<up_axis>Y_UP</up_axis>
	</asset>
	<library_geometries>
		<geometry id="ID4">
			<mesh>
				<source id="ID5">
					<float_array id="ID6" count="1311" digits="2490374">-4.4 33.8803 -3.99679 4.14762 34.2338 -4.06351 4.26651 39.6326 -2.42227 -4.26651 33.9104 -3.83486 -4.23703 33.9795 -3.8178 -4.24308 34.0541 -3.7994 4.23703 39.5635 -2.43932 4.24308 39.489 -2.45773 4.34901 39.3861 -2.48312 4.53349 39.4443 -2.46875 4.51667 39.6517 -2.41755 4.4 34.3533 -3.97227 -4.23703 34.0656 -3.95106 -4.24308 33.991 -3.96947 -4.28333 33.9273 -3.98521 4.26651 34.0987 -3.78837 4.4 34.3318 -3.88535 4.23703 34.0296 -3.80543 -4.47491 34.1473 -3.77638 -4.53349 34.0987 -3.78837 -4.56297 34.0296 -3.80543 4.24308 33.9551 -3.82384 -4.51667 33.8913 -3.83958 4.34901 33.8522 -3.84923 4.53349 33.9104 -3.83486 4.51667 34.1179 -3.78365 -4.47491 33.8978 -3.99248 -4.53349 33.9464 -3.98049 4.4 34.1648 -3.77207 -4.55692 34.09 -3.94503 -4.51667 34.1538 -3.92928 -4.45099 34.1929 -3.91964 4.2474 33.8243 -4.15934 0.0332317 39.2905 -2.77606 -4.4 34.1648 -3.77207 -4.34901 34.1569 -3.77401 -4.28333 34.1179 -3.78365 -4.47491 39.6812 -2.41028 -4.53349 39.6326 -2.42227 -4.56297 39.5635 -2.43932 -4.32509 33.8619 -3.84685 -4.4 33.8444 -3.85116 -4.45099 33.8522 -3.84923 -4.55692 39.489 -2.45773 -4.55692 33.9551 -3.82384 -4.51667 39.4252 -2.47347 -4.32509 39.3957 -2.48075 -4.26651 39.4443 -2.46875 4.4 33.7493 -4.02915 -4.4 33.7493 -4.02915 -4.24308 39.588 -2.43329 -4.28333 39.6517 -2.41755 -4.63989 34.2154 -3.91407 -4.44334 34.3287 -3.8861 -4.4 39.6987 -2.40597 -4.20339 34.2605 -3.90294 -4.10284 34.0805 -3.94738 -4.16011 33.8656 -4.00042 -4.35666 33.7523 -4.02839 -0.00049209 38.4354 -3.07728 4.29187 39.6834 -2.51273 -4.34901 33.8882 -3.99486 4.26806 39.4662 -2.56634 4.28333 39.4252 -2.47347 4.32509 39.6812 -2.41028 -4.26651 34.1347 -3.934 -4.32509 34.1833 -3.92201 -4.4 34.2007 -3.9177 4.87856 39.462 -2.29629 4.53194 39.6586 -2.51885 4.42384 39.7209 -2.50347 -4.56297 34.0155 -3.96343 4.4 39.7226 -2.50305 4.4 39.6987 -2.40597 4.11468 33.9505 -3.97946 4.45099 39.6908 -2.4079 4.55692 39.588 -2.43329 4.56297 39.5134 -2.4517 -4.69716 34.0006 -3.96711 -4.59661 33.8205 -4.01155 4.47491 39.3957 -2.48075 -4.4 33.7763 -4.1387 4.4 39.3783 -2.48506 4.4 39.4022 -2.58214 -4.68909 33.9715 -4.0121 4.25466 39.5903 -2.3297 4.29885 39.6411 -2.31718 4.4 39.6747 -2.30888 4.53851 39.6016 -2.32693 4.10369 34.0861 -3.946 4.56452 39.5267 -2.3454 4.55055 39.4489 -2.36461 4.46632 39.3678 -2.38463 4.39864 39.3543 -2.38797 4.3275 39.3706 -2.38395 4.60167 39.7715 -2.13418 -4.4 34.3318 -3.88535 -4.4 34.3533 -3.97227 4.23656 34.0625 -3.95182 -4.15788 34.2477 -4.0573 4.4 33.8803 -3.99679 4.28333 33.8913 -3.83958 4.32509 34.1473 -3.77638 -4.30588 33.7958 -4.15451 4.30752 39.9149 -2.06001 3.98206 39.9653 -2.05834 4.42384 34.1991 -3.91812 4.4 34.2007 -3.9177 4.45099 34.1569 -3.77401 4.55692 34.0541 -3.7994 4.56297 33.9795 -3.8178 -4.98 34.4161 -3.80969 -4.98002 35.766 -3.48573 -4.98 37.0546 -3.28196 -4.98 37.9002 -3.16513 4.47491 33.8619 -3.84685 4.33839e-10 37.9002 -3.60629 -0.000446724 35.7958 -4.13955 4.65167 33.8938 -4.04414 4.4 33.8444 -3.85116 -4.4 39.7226 -2.50305 -4.19328 33.8664 -4.15908 -4.11457 33.9906 -4.14034 -4.10422 34.1282 -4.1031 -4.50813 39.6834 -2.51273 -4.25518 34.3251 -4.01361 -4.4 39.4022 -2.58214 -4.5696 34.2933 -3.94871 -4.64604 34.216 -3.95199 -4.69526 34.0993 -3.97341 -4.4 39.3783 -2.48506 -4.6424 33.8814 -4.05007 -4.50008 33.7874 -4.11201 4.69996 34.0433 -3.98848 -4.15435 36.4163 -3.54049 -4.0504 34.9371 -3.89311 -2.08652 36.4639 -3.84878 -2.03448 34.9779 -4.22161 -4.45099 39.3861 -2.48312 4.65649 34.1999 -3.95402 -4.29187 39.4414 -2.57246 -4.23656 39.5405 -2.54802 -4.34901 39.6908 -2.4079 -3.67942e-05 33.5297 -4.30792 -4.23703 39.5134 -2.4517 4.44782 39.3661 -2.40626 4.37616 39.4039 -2.58173 -2.01032 33.5973 -4.58193 4.34925 39.3698 -2.41728 4.23656 39.5844 -2.53717 -4.85679 33.966 -3.9711 -4.6122 33.702 -4.11015 -4.26425 33.5493 -4.23571 -4 33.5274 -4.29846 4.56344 39.5405 -2.54802 4.50813 39.4414 -2.57246 4.26204 39.4327 -2.39523 -4.91106 33.9788 -3.54475 4.5362 39.3029 -2.60666 -4.98 34.322 -3.4285 4.23547 39.5266 -2.34545 4.61213 39.7684 -2.49175 -4.56038 39.4769 -2.35771 -4.51971 39.6247 -2.32121 -4.4509 39.6669 -2.31081 -4.4 39.6747 -2.30888 -4.27763 39.6219 -2.3219 -4.24481 39.4601 -2.36186 -4.28136 39.4032 -2.37591 -4.415 39.355 -2.38781 4.61213 34.2465 -3.9064 4.68532 34.1305 -3.93503 -4.26651 34.0748 -3.69129 -4.28333 33.8673 -3.74249 -4.60812 39.8652 -2.53482 -4.34901 33.8283 -3.75214 -4.03143 40.0654 -2.46523 -3.61124 40.0067 -2.56084 -3.38981 39.9313 -2.64041 -2.52806 39.6676 -2.89165 -4.4 33.8204 -3.75408 -1.5131 38.9403 -3.27837 -0.973164 38.7362 -3.3678 -0.37286 38.6189 -3.41775 -2.8625e-07 38.5993 -3.42612 -4.53349 33.8865 -3.73778 -2.49739 37.9002 -3.48011 -4.56297 33.9556 -3.72072 4.69631 33.995 -3.96849 -4.55692 34.0301 -3.70231 -4.45099 34.133 -3.67692 -4.4 34.1408 -3.67499 -4.69828 39.6264 -2.66761 -4.68129 39.5025 -2.73503 4.26623 39.6011 -2.29586 -4.51438 39.3478 -2.83028 4.53349 34.0748 -3.69129 -4.23901 39.3781 -2.85223 -4.14686 39.4656 -2.82274 -4.10132 39.5883 -2.76612 4.45099 33.8283 -3.75214 4.26651 33.8865 -3.73778 4.23703 33.9556 -3.72072 2.48387 39.5249 -2.53812 -2.33939 39.36 -3.06087 -4.669 39.3618 -2.80347 -2.34962 38.5759 -3.3299 -4.68918 38.5784 -3.06825 4.98 37.9002 -3.16513 4.98 36.1559 -3.4145 4.24308 34.0301 -3.70231 4.4 34.1408 -3.67499 4.4 33.7763 -4.1387 4.56592 33.6712 -4.1304 4.29699 33.557 -4.22618 4.47883 39.6552 -2.31368 2.07793 33.5957 -4.57545 -1.77806e-10 33.6208 -4.67684 4.4 39.658 -2.2413 4.47577 39.6396 -2.24344 4.53006 39.598 -2.26299 2.49718 38.7251 -2.87712 4.56493 39.5017 -2.3166 4.541 33.8025 -4.09783 4.4 33.8204 -3.75408 4.33822 39.6491 -2.25536 4.27058 39.4151 -2.37295 4.55393 34.3039 -3.94952 4.52237 39.407 -2.37495 4.24493 34.3199 -4.01739 4.98 34.4161 -3.80969 4.10003 34.0844 -4.11653 4.14419 33.9273 -4.15219 4.37616 33.882 -3.99638 4.98 34.322 -3.4285 2.08602 36.4653 -3.84851 2.0341 34.9806 -4.22095 4.1544 36.4176 -3.54022 4.05066 34.9398 -3.89235 4 33.5274 -4.29846 4.26806 33.9443 -3.98099 4.29187 34.1615 -3.92738 4.81465 33.9022 -4.00066 4.95457 34.2042 -3.8764 4.53194 34.1367 -3.9335 4.56344 34.0186 -3.96267 4.50813 33.9195 -3.98712 4.62235 33.6157 -3.72599 4.34484 33.4771 -3.83344 4.0407 33.4332 -3.9137 4 33.4344 -3.92197 4.98002 35.6562 -3.10925 4.98 37.0056 -2.89862 4.5362 33.781 -4.02131 4.64271 33.8693 -3.99951 4.49271 34.3175 -3.88886 4.88201 33.9171 -3.57045 4.2638 34.3001 -3.89318 4.15729 34.2117 -3.91498 4.18787 33.8346 -4.00809 4.30729 33.7635 -4.02563 2.49113 37.8182 -3.10798 4.98 37.8413 -2.78533 -4.42384 39.4039 -2.58173 -4.53194 39.4662 -2.56634 2.285 33.4988 -4.18283 4.98 39.0585 -2.4735 -4.56344 39.5844 -2.53717 -4.37616 39.7209 -2.50347 4.56348 33.9834 -3.63298 -4.26806 39.6586 -2.51885 4.53117 33.8676 -3.67462 4.47329 33.825 -3.70115 4.98 39.1511 -2.84869 -4.15729 39.3912 -2.58486 4.23652 33.9584 -3.71804 4.24047 34.0203 -3.69928 -4.30729 39.8394 -2.47421 4.32656 34.1173 -3.65152 4.4 33.8126 -3.72231 3.11746 36.4512 -3.3207 3.04419 35.0411 -3.66303 0.986674 36.4724 -3.54756 0.963506 35.0777 -3.89839 -4.5362 39.8219 -2.47853 -4.97912 34.282 -3.43991 -4.64271 39.7336 -2.50033 -4.75075 33.7303 -3.65966 -4.41034 33.4999 -3.81147 -4 33.4344 -3.92197 -2.20144 33.501 -4.19184 -4.69631 39.608 -2.53135 0.000339773 35.7025 -3.77117 5.73089e-10 37.8085 -3.23751 -2.49114 37.8182 -3.10797 -4.98 37.8413 -2.78533 -4.98 37.3156 -2.85896 -4.98 35.8222 -3.07775 4.55948 33.9215 -3.65195 -4.68532 39.4724 -2.56481 -4.49271 39.2854 -2.61098 -4.25329 34.0517 -3.68734 -4.23556 33.993 -3.70826 4.5079 34.0852 -3.61728 4.544 39.3601 -2.8209 -4.32516 33.8339 -3.73369 4.63009 39.4229 -2.78057 -4.48563 33.8309 -3.69645 -4.5466 33.8902 -3.66424 -4.56444 33.9487 -3.64282 -4.55699 34.0112 -3.62653 -4.5254 34.0673 -3.61814 -4.47493 34.1084 -3.61867 -4.12 39.711 -2.69514 -1.97543 36.4652 -3.46778 -1.92952 35.0649 -3.81712 -3.94568 36.4402 -3.18209 -3.8504 35.0242 -3.51299 4.64067 39.7605 -2.59746 4.49271 39.8394 -2.47421 4.68532 39.6524 -2.52038 -2.78546 39.6547 -2.42993 -3.61124 39.9063 -2.1541 -3.88364 39.962 -2.07345 -4.15556 39.9504 -2.04931 -4.47439 39.8478 -2.09278 4.69631 39.5169 -2.55384 -4.91933 39.3747 -2.33779 -4.98 39.0585 -2.4735 4.64271 39.3912 -2.58486 4.4 39.2712 -2.6145 -4.20331 39.8151 -2.62086 4.4 39.8748 -2.55621 -4.36805 39.8742 -2.5608 4.25645 39.8464 -2.59374 -4.25596 39.4421 -2.39091 -4.31862 39.3829 -2.41443 -4.3795 39.3628 -2.41693 -4.44445 39.3653 -2.40711 -4.52237 39.407 -2.37495 -4.55993 39.4695 -2.33572 -4.56178 39.5352 -2.2973 4.17121 39.787 -2.64265 -4.49137 39.631 -2.24698 4.1003 39.6264 -2.74565 -4.31887 39.6414 -2.26298 -4.26225 39.596 -2.29959 -4.4 39.8748 -2.55621 -2.50086 38.4316 -2.96096 -2.49052 39.2674 -2.67168 -4.98 39.1511 -2.84869 4.15804 39.4503 -2.82874 4.24807 39.3726 -2.85353 -4.73215 39.6606 -2.19459 4.4 39.3301 -2.85302 4.30729 39.2854 -2.61098 4.18787 39.3565 -2.59344 4.11468 39.4724 -2.56481 4.10369 39.608 -2.53135 4.15729 39.7336 -2.50033 -4.35359 40 -2.47374 4.2638 39.8219 -2.47853 -4.88253 39.5493 -2.68366 -4.4 39.8537 -2.4707 4.4 39.8537 -2.4707 4.47491 34.1234 -3.6793 -1.10528 39.4482 -3.13397 -1.88589 39.5494 -3.00084 4.142 40.054 -2.46011 4.67717 39.8099 -2.56154 3.61124 39.9063 -2.1541 2.52806 39.6676 -2.89166 -1.92477 39.4632 -2.61726 -0.968796 39.3339 -2.73649 -4.18787 39.7684 -2.49175 3.76142 40.0472 -2.51245 2.51944 39.6786 -2.86477 -4.11468 39.6524 -2.52038 1.28334 38.841 -3.32241 1.96943 39.2007 -3.15546 -4.10369 39.5169 -2.55384 -1.06491 39.4214 -3.17704 1.26431 39.4418 -3.14906 4.56297 34.0057 -3.70835 2.18508 39.5882 -2.97069 0.538744 39.4092 -3.19048 -4.2638 39.3029 -2.60666 3.61124 40.0029 -2.54542 -2.06184 39.265 -3.12291 3.21642 39.7777 -2.29988 -2.14243 39.5794 -2.98026 2.46032 39.574 -2.51091 6.71685e-15 39.3721 -3.24697 -4.4 39.2712 -2.6145 1.26234 39.3644 -2.70871 1.73446e-08 39.2905 -2.77614 2.13108e-07 39.3972 -3.20836 4.46038 39.9544 -2.49293 1.70238 39.5203 -3.0369 4.90106 39.5115 -2.70048 -4.4 39.3301 -2.85302 -4.33306 39.6609 -2.31228 2.49739 37.9002 -3.48011 -4.4 39.658 -2.2413 4.55692 33.9311 -3.72675 0.667631 38.663 -3.39902 -4.55941 39.5558 -2.33822 -4.53806 39.5878 -2.26833 -4.56021 39.8292 -2.56498 -4.34254 39.3643 -2.38549 -4.23547 39.5266 -2.34545 -4.4 34.1298 -3.63056 -4.51667 34.0939 -3.68657 -4.47491 33.8379 -3.74977 -4.4 33.8126 -3.72231 -4.65212 39.7453 -2.60513 -4.24308 33.9311 -3.72675 -4.23703 34.0057 -3.70835 4.69986 39.5889 -2.68778 -4.32509 34.1234 -3.6793 4.55103 39.8345 -2.5628 4.51667 33.8673 -3.74249 2.34962 38.5759 -3.3299 4.68918 38.5784 -3.06825 2.33939 39.3598 -3.06095 4.66901 39.3616 -2.80355 -4.31505 34.1118 -3.65578 -4.24301 33.9308 -3.72453 -4.27465 33.8748 -3.73349 4.4 34.1298 -3.63056 4.34901 34.133 -3.67692 -4.61213 39.3565 -2.59344 4.28333 34.0939 -3.68657 4.32509 33.8379 -3.74977 4.29259 33.8566 -3.73464 4.26875 34.0744 -3.67724 -4.62042 39.413 -2.7865</float_array>
					<technique_common>
						<accessor count="437" source="#ID6" stride="3">
							<param name="X" type="float"/>
							<param name="Y" type="float"/>
							<param name="Z" type="float"/>
						</accessor>
					</technique_common>
				</source>
				<source id="ID7">
					<float_array id="ID8" count="1431" digits="2490374">0 -0.970812 -0.239656 -0.308969 -0.923281 -0.227938 -0.453969 -0.865 -0.213531 -0.707094 -0.686437 -0.169437 -0.809 -0.570625 -0.140813 -0.951031 -0.3 -0.074 -0.987688 -0.151875 -0.0374688 -0.987688 0.151875 0.0374688 -0.951031 0.3 0.074 -0.809 0.570625 0.140813 -0.707094 0.686437 0.169437 -0.453969 0.865 0.213531 -0.308969 0.923281 0.227938 0 0.970812 0.239656 0.308969 0.923281 0.227938 0.453969 0.865 0.213531 0.707094 0.686437 0.169437 0.809 0.570625 0.140813 0.951031 0.3 0.074 0.987688 0.151875 0.0374688 0.987688 -0.151875 -0.0374688 0.951031 -0.3 -0.074 0.809 -0.570625 -0.140813 0.707094 -0.686437 -0.169437 0.453969 -0.865 -0.213531 0.308969 -0.923281 -0.227938 0 0.239656 -0.970812 0.333594 0.915219 0.225938 0.808 0.572 0.141188 0.655344 0.733281 0.180969 0.963625 0.259438 0.0640313 0.990531 0.133188 0.032875 0.984156 -0.171906 -0.0424375 0.799594 -0.582969 -0.143906 0.820094 -0.555438 -0.137125 0.144438 -0.960625 -0.237094 0.565313 -0.800781 -0.197688 -0.482688 -0.850219 -0.209875 -0.655344 -0.733281 -0.180969 -0.807063 -0.573219 -0.141469 -0.990531 -0.133188 -0.032875 -0.985875 -0.162281 -0.0400313 -0.951406 0.298813 0.0737187 -0.689031 0.703531 0.173656 -0.799594 0.582969 0.143906 -0.313688 0.921844 0.227563 -0.144438 0.960625 0.237094 -0.000375 0.236875 -0.971469 -0.11275 0.245375 -0.962844 -0.0970938 0.251063 -0.963063 -0.00109375 0.244 -0.969719 -0.107688 0.229844 -0.967219 -0.00128125 0.241156 -0.970469 -0.205625 0.24575 -0.94725 -0.204625 0.268969 -0.941094 -0.185281 0.180625 -0.965906 -0.092125 0.216281 -0.971906 -0.221875 0.274281 -0.935656 -0.241406 0.2725 -0.931313 -0.227437 0.274563 -0.934219 -0.216625 0.274063 -0.936938 -0.229844 0.273813 -0.933906 -0.232656 0.272719 -0.9335 -0.247594 0.260062 -0.93325 -0.233406 0.2705 -0.933937 -0.231344 0.267938 -0.935219 -0.227938 0.266 -0.936594 -0.220188 0.264469 -0.938906 -0.203938 0.271031 -0.940656 -0.207875 0.273156 -0.939219 -0.193813 0.271625 -0.942656 -0.206781 0.272719 -0.939562 -0.211906 0.273625 -0.938156 -0.208125 0.266813 -0.940969 -0.213219 0.265188 -0.940313 -0.229094 0.186875 -0.955281 -0.181594 0.128344 -0.974906 -0.149312 0.156625 -0.97625 -0.418656 -0.881625 -0.217625 -0.269625 -0.934875 -0.230781 -0.624656 -0.758125 -0.187094 -0.766031 -0.624 -0.154 -0.87425 -0.471219 -0.116281 -0.929594 -0.357688 -0.0882813 -1 0 -0 -0.999094 -0.0412188 -0.010125 -0.149312 0.156687 -0.97625 -0.1305 0.24525 -0.960594 -0.128281 0.355563 -0.925781 -0.092125 0.216406 -0.971906 -0.0793438 0.261656 -0.961875 -0.121406 0.407063 -0.90525 -0.121813 0.457938 -0.880531 -0.11925 0.403188 -0.907281 -0.117688 0.398531 -0.909563 -0.1145 0.410469 -0.904594 -0.0742813 0.403406 -0.911969 -0.0674375 0.380313 -0.922375 -0.0528125 0.315031 -0.947563 -0.0359063 0.285469 -0.957656 -0.0144687 0.272719 -0.961969 -0.00128125 0.270938 -0.962563 -0.118 0.479469 -0.869563 -0.115125 0.514625 -0.849594 -0.11975 0.444469 -0.887688 -0.120063 0.420281 -0.899375 -0.111813 0.551719 -0.826469 -0.112 0.540313 -0.833938 -0.10475 0.593406 -0.798031 -0.108625 0.554375 -0.825063 -0.108156 0.554156 -0.825281 -0.107 0.53525 -0.837844 -0.0981563 0.613281 -0.783656 -0.107719 0.503156 -0.857406 -0.109438 0.467219 -0.877281 -0.111906 0.433375 -0.894188 -0.0927188 0.594813 -0.798406 -0.090375 0.570969 -0.815938 -0.07625 0.4875 -0.86975 0.224125 0.274281 -0.935094 0.224781 0.2745 -0.934875 0.239063 0.273375 -0.931656 0.216625 0.274063 -0.936938 0.230406 0.273688 -0.933781 0.233469 0.271562 -0.933656 0.246688 0.267062 -0.931531 0.231844 0.268313 -0.935 0.227187 0.265719 -0.936844 0.247594 0.260062 -0.93325 0.220188 0.264469 -0.938906 0.193813 0.271625 -0.942656 0.209688 0.273313 -0.93875 0.204875 0.271906 -0.940219 0.100313 0.251875 -0.962531 0.204094 0.269688 -0.941063 0.205656 0.245656 -0.94725 0.209125 0.27325 -0.938906 0.207563 0.267062 -0.941031 0.21275 0.265281 -0.940344 0.217125 0.163719 -0.96225 0.18525 0.180531 -0.965906 0.149312 0.156625 -0.97625 0.11275 0.245375 -0.962844 0.00040625 0.236875 -0.971469 0.107625 0.229844 -0.967219 0.092125 0.216281 -0.971906 0.00109375 0.244 -0.969719 0.00128125 0.241156 -0.970469 1 0 -0 0.899969 -0.423156 -0.104438 0.974031 -0.219688 -0.0542188 0.635 -0.749906 -0.185094 0.83125 -0.539594 -0.133219 0.577469 -0.792594 -0.195656 0.351875 -0.908719 -0.224281 0.303 -0.925188 -0.228375 0.0414688 -0.97 -0.239438 -0.000375 -0.236875 0.971469 -0.0578437 -0.242219 0.968437 -0.112375 -0.25475 0.960406 -0.00109375 -0.244 0.969719 -0.0553438 -0.2425 0.968531 -0.00128125 -0.241156 0.970469 -0.164375 -0.243469 0.955813 -0.197781 -0.272125 0.941688 -0.149875 -0.206 0.967 -0.093 -0.215781 0.972 -0.225719 -0.27325 0.935063 -0.247875 -0.271094 0.930031 -0.232906 -0.274563 0.932906 -0.221844 -0.27325 0.935969 -0.229 -0.272719 0.934438 -0.230687 -0.271906 0.934219 -0.252219 -0.259031 0.932281 -0.231125 -0.270813 0.934438 -0.228781 -0.268656 0.935625 -0.223656 -0.267656 0.937156 -0.2 -0.272344 0.941156 -0.216844 -0.273906 0.936938 -0.216625 -0.2725 0.937406 -0.2145 -0.270875 0.938344 -0.215156 -0.269781 0.938563 -0.216875 -0.268813 0.938438 -0.219969 -0.267938 0.937937 -0.232906 -0.186406 0.954406 -0.182969 -0.125344 0.975031 -0.15025 -0.155 0.976406 0.226406 -0.273156 0.934875 0.240406 -0.273906 0.931188 0.249406 -0.269688 0.930031 0.221844 -0.27325 0.935969 0.229875 -0.272406 0.93425 0.231063 -0.271406 0.93425 0.230906 -0.270219 0.934656 0.252313 -0.2605 0.931844 0.229563 -0.269094 0.935313 0.227187 -0.268156 0.936156 0.223656 -0.267656 0.937156 0.197781 -0.272125 0.941688 0.220594 -0.274188 0.935969 0.215844 -0.272219 0.937688 0.214625 -0.271313 0.938219 0.199969 -0.239906 0.949938 0.108313 -0.253781 0.961125 0.218125 -0.272812 0.936938 0.21475 -0.270281 0.938469 0.216 -0.26925 0.938469 0.219375 -0.268063 0.938031 0.252219 -0.259031 0.932281 0.228188 -0.176375 0.957438 0.178188 -0.181812 0.967 0.169875 -0.125844 0.977344 0.15025 -0.155 0.976406 0.110188 -0.243781 0.963531 0.00040625 -0.236875 0.971469 0.103094 -0.230125 0.967656 0.093 -0.215781 0.972 0.0010625 -0.244 0.969719 0.00128125 -0.241156 0.970469 0.111406 -0.542813 0.832375 0.122906 -0.457938 0.880406 0.113875 -0.553719 0.824844 0.109375 -0.552188 0.826469 0.113187 -0.52775 0.841781 0.114813 -0.509562 0.852656 0.116156 -0.4875 0.865313 0.116844 -0.467156 0.876406 0.116344 -0.453813 0.883438 0.128438 -0.366688 0.921406 0.115438 -0.452844 0.884063 0.0966875 -0.654063 0.750188 0.0922187 -0.657938 0.747375 0.0896562 -0.63875 0.764125 0.104625 -0.619031 0.778313 0.0800625 -0.548688 0.832125 0.108625 -0.546188 0.830531 0.108938 -0.530031 0.840906 0.110094 -0.505844 0.855531 0.0783437 -0.420656 0.903813 0.112125 -0.47775 0.871281 0.114094 -0.459031 0.881031 0.0847187 -0.255313 0.963094 0.15025 -0.155062 0.976344 0.093 -0.215844 0.971969 0.0617188 -0.480344 0.874875 0.0340625 -0.438625 0.898 0.00121875 -0.425594 0.904906 0.00128125 -0.264969 0.96425 -0.938031 0.33625 0.0829687 -0.9005 0.422062 0.104188 -0.6205 0.761281 0.187906 -0.747063 0.645312 0.159281 -0.484031 0.8495 0.209688 -0.360781 0.905438 0.223469 -0.0320625 0.970344 0.2395 -0.158688 0.958531 0.236625 0.118719 0.963969 0.237937 0.396688 0.891156 0.219969 0.121375 0.963625 0.237844 0.106375 0.965344 0.238281 0.207156 0.94975 0.234406 0.211375 0.948875 0.234187 0.372312 0.901031 0.222406 0.305969 0.92425 0.228156 0.081375 0.889281 -0.450031 0.197531 0.912188 -0.358969 0.13175 0.901781 -0.411563 0.0532813 0.880938 -0.470094 0.0124063 0.853094 -0.5215 0.0111875 0.854594 -0.519094 0 0.838875 -0.54425 -0.119844 0.404875 -0.906438 -0.0767813 0.488156 -0.869313 -0.067 0.379969 -0.9225 -0.0530313 0.315188 -0.9475 -0.0355 0.285406 -0.957687 -0.10275 0.236406 -0.966156 -0.0140938 0.272719 -0.961969 0 0.182531 -0.983156 0 0.270938 -0.962563 0.122625 0.447469 -0.885813 0.121469 0.407 -0.90525 0.128281 0.355563 -0.925781 0.118688 0.468688 -0.875313 0.114063 0.5345 -0.837406 0.114625 0.519188 -0.846875 0.120063 0.422938 -0.898125 0.1075 0.579375 -0.807906 0.111719 0.541969 -0.832875 0.108625 0.554375 -0.825063 0.100188 0.609875 -0.786094 0.107125 0.545219 -0.831375 0.107094 0.526469 -0.843375 0.108844 0.478125 -0.871437 0.0942812 0.6075 -0.788625 0.114719 0.409125 -0.905187 0.0742813 0.403344 -0.912 0.0793438 0.261656 -0.961875 0.11225 0.429281 -0.896125 0.07625 0.4875 -0.86975 0.1305 0.24525 -0.960594 0.149312 0.156687 -0.97625 0.119562 0.406344 -0.905813 0.117688 0.398531 -0.909563 0.0253125 0.277156 -0.960469 0.00128125 0.270938 -0.962563 0.045875 0.299531 -0.952969 0.06525 0.365719 -0.928375 0.092125 0.216406 -0.971906 0.381219 0.897469 0.221563 0.734688 0.658594 0.162563 0.937594 0.337438 0.0832812 0.994219 -0.104 -0.025625 0.840375 -0.526125 -0.129875 0.533969 -0.820813 -0.202625 -0.106469 -0.965281 -0.238281 -0.655594 -0.733063 -0.180906 -0.933281 -0.3485 -0.0860313 -0.995438 0.0920938 0.0226875 -0.843625 0.52125 0.128656 -0.536531 0.819219 0.202219 -0.513094 -0.833281 -0.205656 -0.855031 -0.503344 -0.12425 -0.999844 0.015625 0.00384375 -0.838844 0.528406 0.130406 -0.469938 0.856938 0.211531 0.508531 0.835938 0.206344 0.85275 0.507031 0.125156 0.999875 -0.0143125 -0.0035 0.84125 -0.52475 -0.1295 0.516875 -0.831062 -0.205156 -0.15025 -0.155062 0.976344 -0.0823125 -0.296531 0.951406 -0.128438 -0.366688 0.921406 -0.116438 -0.454031 0.883313 -0.120656 -0.485812 0.865656 -0.116844 -0.467156 0.876406 -0.115562 -0.498188 0.85925 -0.112844 -0.531313 0.839594 -0.0753125 -0.501938 0.861531 -0.114813 -0.454969 0.883 -0.112344 -0.47475 0.872906 -0.110094 -0.505844 0.855531 -0.108844 -0.592656 0.798031 -0.111 -0.545812 0.830469 -0.109375 -0.552188 0.826469 -0.074 -0.519219 0.851344 -0.086125 -0.5935 0.800188 -0.108844 -0.531875 0.83975 -0.10875 -0.548937 0.828687 -0.100031 -0.642 0.760094 -0.0896562 -0.63875 0.764125 -0.093625 -0.659063 0.746188 -0.093 -0.215844 0.971969 -0.00128125 -0.264969 0.96425 -0.00121875 -0.425594 0.904906 -0.0432188 -0.448125 0.892875 -0.0015625 -0.425594 0.904844 -0.653875 -0.734469 -0.181313 -0.990844 -0.131 -0.0323125 -0.966438 0.249344 0.0615 -0.794875 0.589063 0.145375 -0.444094 0.869812 0.214687 0.650937 0.736938 0.181906 0.990656 0.132125 0.0325625 0.966688 -0.248313 -0.06125 0.795344 -0.588406 -0.145219 0.444969 -0.869375 -0.214625 -0.51475 -0.832313 -0.205437 -0.889094 -0.444281 -0.109656 -0.996594 -0.07975 -0.0196563 -0.951375 0.298906 0.0737813 -0.759625 0.631375 0.155813 -0.4535 0.865219 0.213594 0.518969 0.829844 0.204812 0.888469 0.445406 0.109906 0.9965 0.0810938 0.0199687 0.951375 -0.298875 -0.0737813 0.759938 -0.631031 -0.155781 0.454094 -0.864906 -0.213469 0.997156 0.0730625 0.0180313 0.872938 -0.4735 -0.116875 0.940531 -0.329688 -0.081375 0.718969 -0.674688 -0.166531 0.493156 -0.8445 -0.208469 0.124187 -0.963313 -0.237781 0.348188 -0.910031 -0.224656 -0.0908438 -0.966781 -0.238656 -0.269406 -0.934906 -0.230781 -0.741625 -0.651219 -0.16075 0.741625 0.651219 0.16075 0.969094 0.239281 0.0590313 0.972 0.228062 0.05625 0.966125 -0.250469 -0.0618125 0.980469 -0.190688 -0.0470625 0.836719 -0.531563 -0.131187 0.725469 -0.668156 -0.164906 0.308469 -0.923469 -0.227969 0.553781 -0.808375 -0.199531 -0.405688 -0.887344 -0.219 -0.491688 -0.845375 -0.208656 -0.834813 -0.534469 -0.131938 -0.997156 -0.0730625 -0.0180313 -0.396688 0.891156 0.219969 -0.276719 0.932906 0.23025 -0.353281 0.908188 0.224156 -0.270219 0.934687 0.230687 -0.138625 0.961469 0.237312 -0.187 0.953687 0.235406 -0.0591563 0.969156 0.239219 -0.00359375 0.970812 0.239656 -0.00178125 0.842687 -0.538312 -0.0184688 0.858813 -0.511906 -0.0388438 0.874219 -0.483875 -0.129688 0.902313 -0.411063 -0.0862188 0.89075 -0.446156 -0.133781 0.90125 -0.412 0.02525 0.277156 -0.960469 0.116656 0.259094 -0.95875 0.0455313 0.299406 -0.953 0.0648438 0.365438 -0.928563 0.116875 0.413719 -0.902844 0.0767813 0.488156 -0.869313 -0.127062 0.902781 -0.410781 -0.128312 0.902469 -0.411063 -0.18625 0.913188 -0.362406 -0.195469 0.914156 -0.354969 -0.01825 0.970688 0.239625 -0.243406 0.941594 0.232438 0.144875 0.960594 0.237094 0.313781 0.921781 0.227531 0.469719 0.857063 0.211531 0.613906 0.766281 0.189125 0.690969 0.701781 0.17325 0.896469 0.430094 0.106156 0.919438 0.381719 0.0942188 0.506281 0.837219 0.206625 0.806375 0.574094 0.141687 0.999 -0.043375 -0.0106875 0.762563 -0.628031 -0.155 0.478406 -0.852531 -0.210438 -0.503344 -0.838844 -0.207031 -0.802188 -0.579625 -0.143063 -0.999531 0.0294062 0.00721875 -0.766937 0.622938 0.153781 -0.479969 0.851656 0.21025 0.741625 -0.651219 -0.16075 0.289813 -0.929156 -0.229375 0.401906 -0.888969 -0.219406 -0.00821875 -0.970781 -0.239656 -0.307594 -0.923781 -0.228 -0.835906 -0.532844 -0.131531 -0.439375 -0.872063 -0.21525 -0.784344 -0.602188 -0.148625 -0.997156 0.0730625 0.0180313 0.997156 -0.0730625 -0.0180313 0.810438 -0.568656 -0.140375 0.880844 -0.459563 -0.113438 0.613031 -0.767 -0.189344 0.374375 -0.900187 -0.222219 -0.459188 -0.862406 -0.212844 -0.47775 -0.852844 -0.2105 -0.788281 -0.597344 -0.147437 -0.839406 -0.527625 -0.13025 -0.997063 -0.0740938 -0.01825 -0.999563 0.0280313 0.00690625 -0.912406 0.397344 0.0980625 -0.741625 0.651219 0.16075 0 -0.239656 0.970812 -0.144438 -0.960625 -0.237094 -0.799594 -0.582969 -0.143906 -0.990531 0.133188 0.032875 -0.655344 0.733281 0.180969 0.144438 0.960625 0.237094 0.799594 0.582969 0.143906 0.990531 -0.133188 -0.032875 0.655344 -0.733281 -0.180969</float_array>
					<technique_common>
						<accessor count="477" source="#ID8" stride="3">
							<param name="X" type="float"/>
							<param name="Y" type="float"/>
							<param name="Z" type="float"/>
						</accessor>
					</technique_common>
				</source>
				<source id="ID9">
					<float_array id="ID10" count="2" digits="2490374">0 1</float_array>
					<technique_common>
						<accessor count="1" source="#ID10" stride="2">
							<param name="S" type="float"/>
							<param name="T" type="float"/>
						</accessor>
					</technique_common>
				</source>
				<vertices id="ID11">
					<input semantic="POSITION" source="#ID5"/>
				</vertices>
				<polylist count="870">
					<input offset="0" semantic="VERTEX" source="#ID11" set="0"/>
					<input offset="1" semantic="NORMAL" source="#ID7" set="0"/>
					<input offset="2" semantic="TEXCOORD" source="#ID9" set="0"/>
					<vcount>3 3 3 3 3 3 3 3 3 3 3 3 3 3 3 3 3 3 3 3 3 3 3 3 3 3 3 3 3 3 3 3 3 3 3 3 3 3 3 3 3 3 3 3 3 3 3 3 3 3 3 3 3 3 3 3 3 3 3 3 3 3 3 3 3 3 3 3 3 3 3 3 3 3 3 3 3 3 3 3 3 3 3 3 3 3 3 3 3 3 3 3 3 3 3 3 3 3 3 3 3 3 3 3 3 3 3 3 3 3 3 3 3 3 3 3 3 3 3 3 3 3 3 3 3 3 3 3 3 3 3 3 3 3 3 3 3 3 3 3 3 3 3 3 3 3 3 3 3 3 3 3 3 3 3 3 3 3 3 3 3 3 3 3 3 3 3 3 3 3 3 3 3 3 3 3 3 3 3 3 3 3 3 3 3 3 3 3 3 3 3 3 3 3 3 3 3 3 3 3 3 3 3 3 3 3 3 3 3 3 3 3 3 3 3 3 3 3 3 3 3 3 3 3 3 3 3 3 3 3 3 3 3 3 3 3 3 3 3 3 3 3 3 3 3 3 3 3 3 3 3 3 3 3 3 3 3 3 3 3 3 3 3 3 3 3 3 3 3 3 3 3 3 3 3 3 3 3 3 3 3 3 3 3 3 3 3 3 3 3 3 3 3 3 3 3 3 3 3 3 3 3 3 3 3 3 3 3 3 3 3 3 3 3 3 3 3 3 3 3 3 3 3 3 3 3 3 3 3 3 3 3 3 3 3 3 3 3 3 3 3 3 3 3 3 3 3 3 3 3 3 3 3 3 3 3 3 3 3 3 3 3 3 3 3 3 3 3 3 3 3 3 3 3 3 3 3 3 3 3 3 3 3 3 3 3 3 3 3 3 3 3 3 3 3 3 3 3 3 3 3 3 3 3 3 3 3 3 3 3 3 3 3 3 3 3 3 3 3 3 3 3 3 3 3 3 3 3 3 3 3 3 3 3 3 3 3 3 3 3 3 3 3 3 3 3 3 3 3 3 3 3 3 3 3 3 3 3 3 3 3 3 3 3 3 3 3 3 3 3 3 3 3 3 3 3 3 3 3 3 3 3 3 3 3 3 3 3 3 3 3 3 3 3 3 3 3 3 3 3 3 3 3 3 3 3 3 3 3 3 3 3 3 3 3 3 3 3 3 3 3 3 3 3 3 3 3 3 3 3 3 3 3 3 3 3 3 3 3 3 3 3 3 3 3 3 3 3 3 3 3 3 3 3 3 3 3 3 3 3 3 3 3 3 3 3 3 3 3 3 3 3 3 3 3 3 3 3 3 3 3 3 3 3 3 3 3 3 3 3 3 3 3 3 3 3 3 3 3 3 3 3 3 3 3 3 3 3 3 3 3 3 3 3 3 3 3 3 3 3 3 3 3 3 3 3 3 3 3 3 3 3 3 3 3 3 3 3 3 3 3 3 3 3 3 3 3 3 3 3 3 3 3 3 3 3 3 3 3 3 3 3 3 3 3 3 3 3 3 3 3 3 3 3 3 3 3 3 3 3 3 3 3 3 3 3 3 3 3 3 3 3 3 3 3 3 3 3 3 3 3 3 3 3 3 3 3 3 3 3 3 3 3 3 3 3 3 3 3 3 3 3 3 3 3 3 3 3 3 3 3 3 3 3 3 3 3 3 3 3 3 3 3 3 3 3 3 3 3 3 3 3 3 3 3 3 3 3 3 3 3 3 3 3 3 3 3 3 3 3 3 3 3 3 3 3 3 3 3 3 3 3 3 3 3 3 3 3 3 3 3 3 3 3 3 3 3 3 3 3 3 3 3 3 3 3 3 3 3 3 3 3 3 3 3 3 3 3 3 3 3 3 3 3 3 3 3 3 3 3 3 3 3 3 3 3 3 3 3 3 3 3 3 3 3 3 3 3 3 3 3 3 3 3 3 3 3 3 3 3 3 3 3 3 3 3 3 3 3 3</vcount>
					<p>67 0 0 35 1 0 34 0 0 66 2 0 35 1 0 67 0 0 35 1 0 66 2 0 36 3 0 65 4 0 36 3 0 66 2 0 5 5 0 36 3 0 65 4 0 12 6 0 5 5 0 65 4 0 12 6 0 4 7 0 5 5 0 13 8 0 4 7 0 12 6 0 4 7 0 13 8 0 3 9 0 14 10 0 3 9 0 13 8 0 3 9 0 14 10 0 40 11 0 61 12 0 40 11 0 14 10 0 0 13 0 40 11 0 61 12 0 41 13 0 40 11 0 0 13 0 0 13 0 42 14 0 41 13 0 26 15 0 42 14 0 0 13 0 42 14 0 26 15 0 22 16 0 27 17 0 22 16 0 26 15 0 44 18 0 22 16 0 27 17 0 71 19 0 44 18 0 27 17 0 71 19 0 20 20 0 44 18 0 29 21 0 20 20 0 71 19 0 20 20 0 29 21 0 19 22 0 30 23 0 19 22 0 29 21 0 19 22 0 30 23 0 18 24 0 31 25 0 18 24 0 30 23 0 67 0 0 18 24 0 31 25 0 34 0 0 18 24 0 67 0 0 18 26 0 34 26 0 35 26 0 18 26 0 35 26 0 36 26 0 18 26 0 36 26 0 19 26 0 19 26 0 36 26 0 5 26 0 19 26 0 5 26 0 20 26 0 20 26 0 5 26 0 4 26 0 20 26 0 4 26 0 44 26 0 44 26 0 4 26 0 3 26 0 44 26 0 3 26 0 22 26 0 22 26 0 3 26 0 40 26 0 22 26 0 40 26 0 42 26 0 42 26 0 40 26 0 41 26 0 49 26 0 79 26 0 58 26 0 58 26 0 79 26 0 57 26 0 57 26 0 79 26 0 0 26 0 0 26 0 79 26 0 26 26 0 26 26 0 79 26 0 78 26 0 26 26 0 78 26 0 27 26 0 27 26 0 78 26 0 71 26 0 71 26 0 78 26 0 52 26 0 71 26 0 52 26 0 29 26 0 29 26 0 52 26 0 30 26 0 30 26 0 52 26 0 31 26 0 31 26 0 52 26 0 67 26 0 56 26 0 57 26 0 14 26 0 14 26 0 57 26 0 61 26 0 61 26 0 57 26 0 0 26 0 56 26 0 14 26 0 13 26 0 56 26 0 13 26 0 12 26 0 56 26 0 12 26 0 65 26 0 56 26 0 65 26 0 55 26 0 55 26 0 65 26 0 66 26 0 55 26 0 66 26 0 67 26 0 55 26 0 67 26 0 52 26 0 55 26 0 52 26 0 53 26 0 55 26 0 53 26 0 96 26 0 132 27 0 49 13 0 81 13 0 131 28 0 49 13 0 132 27 0 49 13 0 131 28 0 79 29 0 84 30 0 79 29 0 131 28 0 79 29 0 84 30 0 78 31 0 129 32 0 78 31 0 84 30 0 78 31 0 129 32 0 52 33 0 129 32 0 128 34 0 52 33 0 52 33 0 128 34 0 53 35 0 128 34 0 127 36 0 53 35 0 97 0 0 53 35 0 127 36 0 96 0 0 53 35 0 97 0 0 125 37 0 96 0 0 97 0 0 96 0 0 125 37 0 55 38 0 99 39 0 55 38 0 125 37 0 55 38 0 99 39 0 56 40 0 99 39 0 123 41 0 56 40 0 122 42 0 56 40 0 123 41 0 121 43 0 56 40 0 122 42 0 56 40 0 121 43 0 57 44 0 103 45 0 57 44 0 121 43 0 57 44 0 103 45 0 58 46 0 81 13 0 58 46 0 103 45 0 49 13 0 58 46 0 81 13 0 147 49 0 137 48 0 217 47 0 217 47 0 137 48 0 117 50 0 137 48 0 136 51 0 117 50 0 117 50 0 136 51 0 116 52 0 123 54 0 135 53 0 147 49 0 147 49 0 135 53 0 137 48 0 135 53 0 134 55 0 137 48 0 137 48 0 134 55 0 136 51 0 186 56 0 136 51 0 134 55 0 116 52 0 136 51 0 186 56 0 151 59 0 150 58 0 132 57 0 151 59 0 132 57 0 81 60 0 132 57 0 150 58 0 131 61 0 131 61 0 150 58 0 84 62 0 84 62 0 150 58 0 111 63 0 84 62 0 111 63 0 129 64 0 129 64 0 111 63 0 128 65 0 128 65 0 111 63 0 127 66 0 127 66 0 111 63 0 97 67 0 153 70 0 152 69 0 122 68 0 153 70 0 122 68 0 147 49 0 122 68 0 123 54 0 147 49 0 122 68 0 152 69 0 121 71 0 121 71 0 152 69 0 103 72 0 81 60 0 103 72 0 152 69 0 152 69 0 151 59 0 81 60 0 135 53 0 123 54 0 99 73 0 135 53 0 99 73 0 125 74 0 135 53 0 125 74 0 97 67 0 135 53 0 97 67 0 111 63 0 112 75 0 135 53 0 111 63 0 135 53 0 112 75 0 134 55 0 113 76 0 134 55 0 112 75 0 186 56 0 134 55 0 113 76 0 186 56 0 113 76 0 114 77 0 250 0 0 265 0 0 239 0 0 239 0 0 265 0 0 216 0 0 216 0 0 265 0 0 143 0 0 216 0 0 143 0 0 217 0 0 217 0 0 143 0 0 147 0 0 147 0 0 143 0 0 290 0 0 147 0 0 290 0 0 153 0 0 153 0 0 290 0 0 289 0 0 289 0 0 288 78 0 153 0 0 153 0 0 288 78 0 152 79 0 152 79 0 288 78 0 151 80 0 287 81 0 151 80 0 288 78 0 151 80 0 287 81 0 150 82 0 157 83 0 150 82 0 287 81 0 150 82 0 157 83 0 111 84 0 111 84 0 157 83 0 285 85 0 111 84 0 285 85 0 159 84 0 350 84 0 114 84 0 328 84 0 328 84 0 114 84 0 295 84 0 295 84 0 114 84 0 113 84 0 295 84 0 113 84 0 296 84 0 296 84 0 113 84 0 297 84 0 297 84 0 113 84 0 112 84 0 297 84 0 112 84 0 159 84 0 159 84 0 112 84 0 111 84 0 350 88 0 207 87 0 114 86 0 114 86 0 207 87 0 186 89 0 207 87 0 206 90 0 186 89 0 186 89 0 206 90 0 116 52 0 205 91 0 207 87 0 350 88 0 362 92 0 205 91 0 350 88 0 195 93 0 207 87 0 205 91 0 207 87 0 195 93 0 206 90 0 206 90 0 195 93 0 400 94 0 197 95 0 206 90 0 400 94 0 197 95 0 204 96 0 206 90 0 388 97 0 206 90 0 204 96 0 206 90 0 388 97 0 181 98 0 206 90 0 181 98 0 182 99 0 206 90 0 182 99 0 183 100 0 116 52 0 206 90 0 184 101 0 206 90 0 183 100 0 184 101 0 415 103 0 192 102 0 362 92 0 193 104 0 205 91 0 362 92 0 362 92 0 192 102 0 193 104 0 436 105 0 205 91 0 193 104 0 195 93 0 205 91 0 436 105 0 174 106 0 415 103 0 362 92 0 415 103 0 174 106 0 408 107 0 408 107 0 174 106 0 360 108 0 408 107 0 360 108 0 347 109 0 347 109 0 360 108 0 333 110 0 333 110 0 360 108 0 331 111 0 331 111 0 360 108 0 176 112 0 331 111 0 176 112 0 313 113 0 204 96 0 199 114 0 313 113 0 204 96 0 197 95 0 198 115 0 204 96 0 198 115 0 199 114 0 313 113 0 176 112 0 204 96 0 204 96 0 176 112 0 177 116 0 204 96 0 177 116 0 178 117 0 204 96 0 178 117 0 179 118 0 388 97 0 204 96 0 179 118 0 242 121 0 213 120 0 223 119 0 223 119 0 213 120 0 212 122 0 242 121 0 223 119 0 118 123 0 242 121 0 118 123 0 133 124 0 242 121 0 133 124 0 243 125 0 243 125 0 133 124 0 139 126 0 243 125 0 139 126 0 227 127 0 243 125 0 227 127 0 230 128 0 230 128 0 227 127 0 11 129 0 232 132 0 214 131 0 239 130 0 216 133 0 232 132 0 239 130 0 216 133 0 231 134 0 232 132 0 216 133 0 238 135 0 231 134 0 214 131 0 232 132 0 32 136 0 214 131 0 32 136 0 213 120 0 213 120 0 32 136 0 212 122 0 231 134 0 238 135 0 1 137 0 1 137 0 238 135 0 229 138 0 229 138 0 238 135 0 11 129 0 11 129 0 238 135 0 230 128 0 230 128 0 238 135 0 209 139 0 238 135 0 237 140 0 209 139 0 209 139 0 237 140 0 208 141 0 236 142 0 238 135 0 216 133 0 217 143 0 236 142 0 216 133 0 236 142 0 235 144 0 238 135 0 238 135 0 235 144 0 237 140 0 402 145 0 237 140 0 235 144 0 208 141 0 237 140 0 402 145 0 117 146 0 236 142 0 217 143 0 236 142 0 117 146 0 235 144 0 116 147 0 235 144 0 117 146 0 402 145 0 235 144 0 116 147 0 234 148 0 256 149 0 230 148 0 230 148 0 256 149 0 243 150 0 247 151 0 243 150 0 256 149 0 243 150 0 247 151 0 242 152 0 242 152 0 247 151 0 213 153 0 248 154 0 213 153 0 247 151 0 213 153 0 248 154 0 214 155 0 214 155 0 248 154 0 249 156 0 214 155 0 249 156 0 239 0 0 239 0 0 249 156 0 250 0 0 265 159 0 283 158 0 143 157 0 143 157 0 283 158 0 292 160 0 283 158 0 282 161 0 292 160 0 292 160 0 282 161 0 293 162 0 250 164 0 281 163 0 265 159 0 265 159 0 281 163 0 283 158 0 281 163 0 280 165 0 283 158 0 283 158 0 280 165 0 282 161 0 261 166 0 282 161 0 280 165 0 293 162 0 282 161 0 261 166 0 247 169 0 256 168 0 272 167 0 247 169 0 272 167 0 279 170 0 272 167 0 256 168 0 271 171 0 271 171 0 256 168 0 298 172 0 298 172 0 256 168 0 234 173 0 298 172 0 234 173 0 269 174 0 269 174 0 234 173 0 303 175 0 303 175 0 234 173 0 429 176 0 281 163 0 250 164 0 249 177 0 249 177 0 248 178 0 281 163 0 281 163 0 248 178 0 434 179 0 434 179 0 248 178 0 247 169 0 434 179 0 247 169 0 279 170 0 281 163 0 434 179 0 275 180 0 281 163 0 275 180 0 276 181 0 281 163 0 276 181 0 435 182 0 281 163 0 435 182 0 278 183 0 281 163 0 278 183 0 429 176 0 281 163 0 429 176 0 234 173 0 251 184 0 281 163 0 234 173 0 281 163 0 251 184 0 280 165 0 252 185 0 280 165 0 251 184 0 261 166 0 280 165 0 262 186 0 280 165 0 252 185 0 262 186 0 157 189 0 287 188 0 307 187 0 307 187 0 287 188 0 414 190 0 157 189 0 307 187 0 308 191 0 157 189 0 308 191 0 309 192 0 157 189 0 309 192 0 310 193 0 157 189 0 310 193 0 285 194 0 285 194 0 310 193 0 311 195 0 285 194 0 311 195 0 312 196 0 285 194 0 312 196 0 411 197 0 428 200 0 288 199 0 289 198 0 427 201 0 428 200 0 289 198 0 290 203 0 317 202 0 427 201 0 290 203 0 427 201 0 289 198 0 288 199 0 428 200 0 305 204 0 288 199 0 305 204 0 414 190 0 288 199 0 414 190 0 287 188 0 427 201 0 317 202 0 302 205 0 302 205 0 317 202 0 301 206 0 301 206 0 317 202 0 426 207 0 426 207 0 317 202 0 411 197 0 411 197 0 317 202 0 285 194 0 285 194 0 317 202 0 159 208 0 159 208 0 317 202 0 297 209 0 317 202 0 316 210 0 297 209 0 297 209 0 316 210 0 296 211 0 295 212 0 296 211 0 316 210 0 315 213 0 317 202 0 290 203 0 143 214 0 315 213 0 290 203 0 315 213 0 314 215 0 317 202 0 317 202 0 314 215 0 316 210 0 294 216 0 316 210 0 314 215 0 295 212 0 316 210 0 294 216 0 292 217 0 315 213 0 143 214 0 315 213 0 292 217 0 314 215 0 293 218 0 314 215 0 292 217 0 294 216 0 314 215 0 293 218 0 353 221 0 327 220 0 343 219 0 353 221 0 343 219 0 403 222 0 343 219 0 327 220 0 407 223 0 407 223 0 327 220 0 341 224 0 341 224 0 327 220 0 340 225 0 340 225 0 327 220 0 339 226 0 339 226 0 327 220 0 338 227 0 328 228 0 338 227 0 327 220 0 328 228 0 337 229 0 338 227 0 322 232 0 323 231 0 324 230 0 322 232 0 324 230 0 325 233 0 322 232 0 325 233 0 321 234 0 403 222 0 321 234 0 325 233 0 325 233 0 353 221 0 403 222 0 321 234 0 403 222 0 345 235 0 321 234 0 345 235 0 346 236 0 321 234 0 346 236 0 410 237 0 321 234 0 410 237 0 349 238 0 349 238 0 410 237 0 335 239 0 349 238 0 335 239 0 336 240 0 349 238 0 336 240 0 337 229 0 328 228 0 349 238 0 337 229 0 349 238 0 328 228 0 348 241 0 295 242 0 348 241 0 328 228 0 294 243 0 348 241 0 295 242 0 321 234 0 349 238 0 372 244 0 372 244 0 349 238 0 373 245 0 373 245 0 349 238 0 395 246 0 395 246 0 349 238 0 59 247 0 349 238 0 348 241 0 59 247 0 59 247 0 348 241 0 293 218 0 348 241 0 294 243 0 293 218 0 328 84 0 327 248 0 350 84 0 350 84 0 327 248 0 362 249 0 174 250 0 362 249 0 327 248 0 353 251 0 174 250 0 327 248 0 174 250 0 353 251 0 325 252 0 174 250 0 325 252 0 360 253 0 176 254 0 360 253 0 325 252 0 324 255 0 176 254 0 325 252 0 176 254 0 324 255 0 323 256 0 176 254 0 323 256 0 177 257 0 177 257 0 323 256 0 322 257 0 396 13 0 366 258 0 395 13 0 395 13 0 366 258 0 373 259 0 367 260 0 373 259 0 366 258 0 373 259 0 367 260 0 372 261 0 372 261 0 367 260 0 178 262 0 372 261 0 178 262 0 321 263 0 321 263 0 178 262 0 322 257 0 322 257 0 178 262 0 177 257 0 179 266 0 178 265 0 390 264 0 367 267 0 390 264 0 178 265 0 390 264 0 367 267 0 381 268 0 367 267 0 366 269 0 381 268 0 396 270 0 381 268 0 366 269 0 392 270 0 381 268 0 396 270 0 388 273 0 179 272 0 390 271 0 181 274 0 388 273 0 390 271 0 182 275 0 181 274 0 390 271 0 381 276 0 182 275 0 390 271 0 183 277 0 182 275 0 381 276 0 392 278 0 183 277 0 381 276 0 183 277 0 392 278 0 184 279 0 273 282 0 425 281 0 399 280 0 399 280 0 425 281 0 418 283 0 369 284 0 399 280 0 418 283 0 318 285 0 369 284 0 418 283 0 418 283 0 425 281 0 306 286 0 369 284 0 318 285 0 397 287 0 397 287 0 318 285 0 420 288 0 397 287 0 420 288 0 332 289 0 397 287 0 332 289 0 368 290 0 368 290 0 332 289 0 334 291 0 368 290 0 334 291 0 342 292 0 368 290 0 342 292 0 344 293 0 368 290 0 344 293 0 375 294 0 422 297 0 424 296 0 352 295 0 352 295 0 424 296 0 351 298 0 351 298 0 424 296 0 344 293 0 344 293 0 424 296 0 375 294 0 375 294 0 424 296 0 371 299 0 208 301 0 423 300 0 273 282 0 273 282 0 423 300 0 425 281 0 423 300 0 422 297 0 425 281 0 425 281 0 422 297 0 304 302 0 306 286 0 425 281 0 304 302 0 304 302 0 422 297 0 354 303 0 354 303 0 422 297 0 352 295 0 184 305 0 405 304 0 116 147 0 422 297 0 405 304 0 378 306 0 379 307 0 424 296 0 422 297 0 422 297 0 378 306 0 379 307 0 371 299 0 424 296 0 379 307 0 402 308 0 423 300 0 208 301 0 423 300 0 402 308 0 422 297 0 116 147 0 422 297 0 402 308 0 405 304 0 422 297 0 116 147 0 400 13 0 300 14 0 393 13 0 195 309 0 300 14 0 400 13 0 436 310 0 300 14 0 195 309 0 300 14 0 436 310 0 431 16 0 193 311 0 431 16 0 436 310 0 192 312 0 431 16 0 193 311 0 192 312 0 299 18 0 431 16 0 192 312 0 291 20 0 299 18 0 415 313 0 291 20 0 192 312 0 291 20 0 415 313 0 286 22 0 408 314 0 286 22 0 415 313 0 286 22 0 408 314 0 284 24 0 347 0 0 284 24 0 408 314 0 363 0 0 284 24 0 347 0 0 333 315 0 363 0 0 347 0 0 333 315 0 277 1 0 363 0 0 277 1 0 333 315 0 374 3 0 333 315 0 331 316 0 374 3 0 313 317 0 374 3 0 331 316 0 377 5 0 374 3 0 313 317 0 199 318 0 377 5 0 313 317 0 199 318 0 380 7 0 377 5 0 380 7 0 199 318 0 274 9 0 199 318 0 198 319 0 274 9 0 274 9 0 198 319 0 386 11 0 198 319 0 197 320 0 386 11 0 400 13 0 386 11 0 197 320 0 393 13 0 386 11 0 400 13 0 273 148 0 266 148 0 262 148 0 273 148 0 262 148 0 252 148 0 273 148 0 252 148 0 208 148 0 208 148 0 252 148 0 251 148 0 208 148 0 251 148 0 234 148 0 208 148 0 234 148 0 209 148 0 209 148 0 234 148 0 230 148 0 11 0 0 255 1 0 16 0 0 227 321 0 255 1 0 11 0 0 139 322 0 255 1 0 227 321 0 255 1 0 139 322 0 170 3 0 171 5 0 170 3 0 139 322 0 133 323 0 171 5 0 139 322 0 133 323 0 188 7 0 171 5 0 188 7 0 133 323 0 254 9 0 133 323 0 118 324 0 254 9 0 254 9 0 118 324 0 253 11 0 118 324 0 223 325 0 253 11 0 212 13 0 253 11 0 223 325 0 48 13 0 253 11 0 212 13 0 212 13 0 260 14 0 48 13 0 32 326 0 260 14 0 212 13 0 260 14 0 32 326 0 259 16 0 232 327 0 259 16 0 32 326 0 74 18 0 259 16 0 232 327 0 231 328 0 74 18 0 232 327 0 231 328 0 89 20 0 74 18 0 1 329 0 89 20 0 231 328 0 89 20 0 1 329 0 258 22 0 229 330 0 258 22 0 1 329 0 258 22 0 229 330 0 257 24 0 11 0 0 257 24 0 229 330 0 16 0 0 257 24 0 11 0 0 8 26 0 80 26 0 82 26 0 266 333 0 221 332 0 262 331 0 266 333 0 68 335 0 145 334 0 145 334 0 68 335 0 228 336 0 228 336 0 68 335 0 222 337 0 220 338 0 222 337 0 68 335 0 221 332 0 266 333 0 203 339 0 203 339 0 266 333 0 148 340 0 148 340 0 266 333 0 145 334 0 203 339 0 148 340 0 156 341 0 160 342 0 203 339 0 156 341 0 95 343 0 220 338 0 68 335 0 220 338 0 95 343 0 219 344 0 219 344 0 95 343 0 218 345 0 391 346 0 203 339 0 160 342 0 391 346 0 160 342 0 389 347 0 160 342 0 194 348 0 389 347 0 389 347 0 194 348 0 225 349 0 389 347 0 225 349 0 218 345 0 389 347 0 218 345 0 95 343 0 389 347 0 95 343 0 104 350 0 389 347 0 104 350 0 370 351 0 370 351 0 104 350 0 105 352 0 59 354 0 293 162 0 261 353 0 262 331 0 221 332 0 261 353 0 261 353 0 221 332 0 59 354 0 59 354 0 221 332 0 395 355 0 221 332 0 203 339 0 394 356 0 221 332 0 394 356 0 33 357 0 221 332 0 33 357 0 395 355 0 394 356 0 203 339 0 391 346 0 365 2 0 429 0 0 211 0 0 196 4 0 429 0 0 365 2 0 429 0 0 196 4 0 303 358 0 383 6 0 303 358 0 196 4 0 303 358 0 383 6 0 269 359 0 383 6 0 298 360 0 269 359 0 404 8 0 298 360 0 383 6 0 298 360 0 404 8 0 271 361 0 421 10 0 271 361 0 404 8 0 271 361 0 421 10 0 272 362 0 200 12 0 272 362 0 421 10 0 224 13 0 272 362 0 200 12 0 279 13 0 272 362 0 224 13 0 433 15 0 279 13 0 224 13 0 279 13 0 433 15 0 434 363 0 201 17 0 434 363 0 433 15 0 434 363 0 201 17 0 275 364 0 201 17 0 202 19 0 275 364 0 202 19 0 276 365 0 275 364 0 210 21 0 276 365 0 202 19 0 276 365 0 210 21 0 435 366 0 432 23 0 435 366 0 210 21 0 430 25 0 435 366 0 432 23 0 435 366 0 430 25 0 278 367 0 211 0 0 278 367 0 430 25 0 429 0 0 278 367 0 211 0 0 63 26 0 80 26 0 8 26 0 419 2 0 411 0 0 191 0 0 419 2 0 426 368 0 411 0 0 426 368 0 419 2 0 301 369 0 419 2 0 172 4 0 301 369 0 301 369 0 172 4 0 302 370 0 172 4 0 417 6 0 302 370 0 417 6 0 427 371 0 302 370 0 416 8 0 427 371 0 417 6 0 427 371 0 416 8 0 428 372 0 173 10 0 428 372 0 416 8 0 175 12 0 428 372 0 173 10 0 428 372 0 175 12 0 305 373 0 180 13 0 305 373 0 175 12 0 414 13 0 305 373 0 180 13 0 413 15 0 414 13 0 180 13 0 413 15 0 307 374 0 414 13 0 185 17 0 307 374 0 413 15 0 307 374 0 185 17 0 308 375 0 187 19 0 308 375 0 185 17 0 308 375 0 187 19 0 309 376 0 187 19 0 310 377 0 309 376 0 189 21 0 310 377 0 187 19 0 310 377 0 189 21 0 311 378 0 412 23 0 311 378 0 189 21 0 311 378 0 412 23 0 312 379 0 190 25 0 312 379 0 412 23 0 191 0 0 312 379 0 190 25 0 411 0 0 312 379 0 191 0 0 63 26 0 9 26 0 80 26 0 167 382 0 335 381 0 410 380 0 168 383 0 335 381 0 167 382 0 335 381 0 168 383 0 336 384 0 336 384 0 168 383 0 337 385 0 168 383 0 409 386 0 337 385 0 169 387 0 337 385 0 409 386 0 337 385 0 169 387 0 338 388 0 339 389 0 338 388 0 169 387 0 7 26 0 9 26 0 63 26 0 162 392 0 340 391 0 339 390 0 406 393 0 340 391 0 162 392 0 340 391 0 406 393 0 341 394 0 406 393 0 407 395 0 341 394 0 163 396 0 407 395 0 406 393 0 164 397 0 407 395 0 163 396 0 407 395 0 164 397 0 343 398 0 165 0 0 343 398 0 164 397 0 403 0 0 343 398 0 165 0 0 401 399 0 403 0 0 165 0 0 401 399 0 345 400 0 403 0 0 345 400 0 401 399 0 346 401 0 401 399 0 166 389 0 346 401 0 166 389 0 410 402 0 346 401 0 387 403 0 376 404 0 370 403 0 370 403 0 376 404 0 389 405 0 389 405 0 376 404 0 391 406 0 394 407 0 391 406 0 376 404 0 398 408 0 394 407 0 376 404 0 394 407 0 398 408 0 385 409 0 394 407 0 385 409 0 33 410 0 33 410 0 385 409 0 396 13 0 33 410 0 396 13 0 395 13 0 385 411 0 392 270 0 396 270 0 392 270 0 385 411 0 382 412 0 385 411 0 398 413 0 382 412 0 376 414 0 382 412 0 398 413 0 382 412 0 376 414 0 384 415 0 376 414 0 371 416 0 384 415 0 405 417 0 184 279 0 392 278 0 382 418 0 405 417 0 392 278 0 382 418 0 378 419 0 405 417 0 378 419 0 382 418 0 379 420 0 384 421 0 379 420 0 382 418 0 379 420 0 384 421 0 371 422 0 387 425 0 371 424 0 376 423 0 7 26 0 77 26 0 9 26 0 375 426 0 371 424 0 387 425 0 370 403 0 105 427 0 387 403 0 387 403 0 105 427 0 375 428 0 375 428 0 105 427 0 368 429 0 104 430 0 368 429 0 105 427 0 104 430 0 397 431 0 368 429 0 397 431 0 104 430 0 95 432 0 397 431 0 95 432 0 369 433 0 68 434 0 369 433 0 95 432 0 369 433 0 68 434 0 399 435 0 399 435 0 68 434 0 266 148 0 399 435 0 266 148 0 273 148 0 354 13 0 355 14 0 330 13 0 352 436 0 355 14 0 354 13 0 351 437 0 355 14 0 352 436 0 355 14 0 351 437 0 356 16 0 344 438 0 356 16 0 351 437 0 344 438 0 357 18 0 356 16 0 344 438 0 358 20 0 357 18 0 342 439 0 358 20 0 344 438 0 358 20 0 342 439 0 359 22 0 334 440 0 359 22 0 342 439 0 359 22 0 334 440 0 361 24 0 332 0 0 361 24 0 334 440 0 364 0 0 361 24 0 332 0 0 332 0 0 319 1 0 364 0 0 420 441 0 319 1 0 332 0 0 319 1 0 420 441 0 161 3 0 318 442 0 161 3 0 420 441 0 320 5 0 161 3 0 318 442 0 418 443 0 320 5 0 318 442 0 418 443 0 326 7 0 320 5 0 326 7 0 418 443 0 329 9 0 306 444 0 329 9 0 418 443 0 329 9 0 306 444 0 158 11 0 306 444 0 304 445 0 158 11 0 354 13 0 158 11 0 304 445 0 330 13 0 158 11 0 354 13 0 386 26 0 393 26 0 300 26 0 386 26 0 300 26 0 431 26 0 386 26 0 431 26 0 274 26 0 274 26 0 431 26 0 126 26 0 126 26 0 431 26 0 263 26 0 263 26 0 431 26 0 299 26 0 263 26 0 299 26 0 264 26 0 264 26 0 299 26 0 267 26 0 267 26 0 299 26 0 291 26 0 267 26 0 291 26 0 124 26 0 124 26 0 291 26 0 286 26 0 124 26 0 286 26 0 120 26 0 380 26 0 274 26 0 140 26 0 140 26 0 274 26 0 126 26 0 380 26 0 140 26 0 141 26 0 380 26 0 141 26 0 377 26 0 377 26 0 141 26 0 270 26 0 377 26 0 270 26 0 374 26 0 374 26 0 270 26 0 268 26 0 374 26 0 268 26 0 120 26 0 374 26 0 120 26 0 286 26 0 374 26 0 286 26 0 284 26 0 374 26 0 284 26 0 277 26 0 277 26 0 284 26 0 363 26 0 253 26 0 48 26 0 260 26 0 253 26 0 260 26 0 259 26 0 253 26 0 259 26 0 254 26 0 254 26 0 259 26 0 100 26 0 100 26 0 259 26 0 233 26 0 233 26 0 259 26 0 74 26 0 233 26 0 74 26 0 240 26 0 240 26 0 74 26 0 98 26 0 98 26 0 74 26 0 89 26 0 98 26 0 89 26 0 241 26 0 241 26 0 89 26 0 258 26 0 241 26 0 258 26 0 107 26 0 188 26 0 254 26 0 246 26 0 246 26 0 254 26 0 100 26 0 188 26 0 246 26 0 245 26 0 188 26 0 245 26 0 171 26 0 171 26 0 245 26 0 244 26 0 171 26 0 244 26 0 170 26 0 170 26 0 244 26 0 106 26 0 170 26 0 106 26 0 107 26 0 170 26 0 107 26 0 258 26 0 170 26 0 258 26 0 257 26 0 170 26 0 257 26 0 255 26 0 255 26 0 257 26 0 16 26 0 92 448 0 145 447 0 228 446 0 93 449 0 145 447 0 92 448 0 145 447 0 93 449 0 148 450 0 148 450 0 93 449 0 156 451 0 93 449 0 94 452 0 156 451 0 94 452 0 226 453 0 156 451 0 156 451 0 226 453 0 160 454 0 6 26 0 77 26 0 7 26 0 85 457 0 194 456 0 160 455 0 86 458 0 194 456 0 85 457 0 194 456 0 86 458 0 225 459 0 86 458 0 218 0 0 225 459 0 86 458 0 87 0 0 218 0 0 87 0 0 219 460 0 218 0 0 215 461 0 219 460 0 87 0 0 219 460 0 215 461 0 220 462 0 88 463 0 220 462 0 215 461 0 90 464 0 220 462 0 88 463 0 220 462 0 90 464 0 222 465 0 91 466 0 222 465 0 90 464 0 228 467 0 222 465 0 91 466 0 365 468 0 211 468 0 430 468 0 365 468 0 430 468 0 432 468 0 365 468 0 432 468 0 196 468 0 196 468 0 432 468 0 210 468 0 196 468 0 210 468 0 383 468 0 383 468 0 210 468 0 202 468 0 383 468 0 202 468 0 404 468 0 404 468 0 202 468 0 201 468 0 404 468 0 201 468 0 421 468 0 421 468 0 201 468 0 433 468 0 421 468 0 433 468 0 200 468 0 200 468 0 433 468 0 224 468 0 419 468 0 191 468 0 190 468 0 419 468 0 190 468 0 412 468 0 419 468 0 412 468 0 172 468 0 172 468 0 412 468 0 189 468 0 172 468 0 189 468 0 417 468 0 417 468 0 189 468 0 187 468 0 417 468 0 187 468 0 416 468 0 416 468 0 187 468 0 185 468 0 416 468 0 185 468 0 173 468 0 173 468 0 185 468 0 413 468 0 173 468 0 413 468 0 175 468 0 175 468 0 413 468 0 180 468 0 401 468 0 165 468 0 164 468 0 401 468 0 164 468 0 163 468 0 401 468 0 163 468 0 166 468 0 166 468 0 163 468 0 406 468 0 166 468 0 406 468 0 410 468 0 410 468 0 406 468 0 162 468 0 410 468 0 162 468 0 167 468 0 167 468 0 162 468 0 339 468 0 6 26 0 76 26 0 77 26 0 167 468 0 339 468 0 168 468 0 168 468 0 339 468 0 169 468 0 168 468 0 169 468 0 409 468 0 158 26 0 330 26 0 355 26 0 158 26 0 355 26 0 356 26 0 158 26 0 356 26 0 329 26 0 329 26 0 356 26 0 83 26 0 83 26 0 356 26 0 146 26 0 146 26 0 356 26 0 357 26 0 146 26 0 357 26 0 62 26 0 62 26 0 357 26 0 149 26 0 149 26 0 357 26 0 358 26 0 149 26 0 358 26 0 60 26 0 60 26 0 358 26 0 359 26 0 60 26 0 359 26 0 72 26 0 326 26 0 329 26 0 155 26 0 155 26 0 329 26 0 83 26 0 326 26 0 155 26 0 154 26 0 326 26 0 154 26 0 320 26 0 320 26 0 154 26 0 69 26 0 320 26 0 69 26 0 161 26 0 161 26 0 69 26 0 70 26 0 161 26 0 70 26 0 72 26 0 161 26 0 72 26 0 359 26 0 161 26 0 359 26 0 361 26 0 161 26 0 361 26 0 319 26 0 319 26 0 361 26 0 364 26 0 268 469 0 54 0 0 120 0 0 268 469 0 142 1 0 54 0 0 142 1 0 268 469 0 270 470 0 142 1 0 270 470 0 51 3 0 50 5 0 51 3 0 270 470 0 141 471 0 50 5 0 270 470 0 141 471 0 144 7 0 50 5 0 144 7 0 141 471 0 47 9 0 141 471 0 140 472 0 47 9 0 47 9 0 140 472 0 46 11 0 126 13 0 46 11 0 140 472 0 130 13 0 46 11 0 126 13 0 263 473 0 130 13 0 126 13 0 263 473 0 138 14 0 130 13 0 138 14 0 263 473 0 264 474 0 138 14 0 264 474 0 45 16 0 43 18 0 45 16 0 264 474 0 267 475 0 43 18 0 264 474 0 267 475 0 39 20 0 43 18 0 39 20 0 267 475 0 38 22 0 267 475 0 124 476 0 38 22 0 38 22 0 124 476 0 37 24 0 120 0 0 37 24 0 124 476 0 54 0 0 37 24 0 120 0 0 2 26 0 76 26 0 6 26 0 106 469 0 28 0 0 107 0 0 106 469 0 108 1 0 28 0 0 108 1 0 106 469 0 244 470 0 108 1 0 244 470 0 25 3 0 109 5 0 25 3 0 244 470 0 245 471 0 109 5 0 244 470 0 245 471 0 110 7 0 109 5 0 110 7 0 245 471 0 24 9 0 245 471 0 246 472 0 24 9 0 24 9 0 246 472 0 115 11 0 100 13 0 115 11 0 246 472 0 119 13 0 115 11 0 100 13 0 233 473 0 119 13 0 100 13 0 233 473 0 23 14 0 119 13 0 23 14 0 233 473 0 240 474 0 23 14 0 240 474 0 101 16 0 21 18 0 101 16 0 240 474 0 98 475 0 21 18 0 240 474 0 98 475 0 17 20 0 21 18 0 17 20 0 98 475 0 15 22 0 98 475 0 241 476 0 15 22 0 15 22 0 241 476 0 102 24 0 107 0 0 102 24 0 241 476 0 28 0 0 102 24 0 107 0 0 87 468 0 86 468 0 215 468 0 215 468 0 86 468 0 88 468 0 88 468 0 86 468 0 85 468 0 88 468 0 85 468 0 90 468 0 90 468 0 85 468 0 160 468 0 90 468 0 160 468 0 91 468 0 2 26 0 10 26 0 76 26 0 91 468 0 160 468 0 226 468 0 91 468 0 226 468 0 228 468 0 228 468 0 226 468 0 94 468 0 228 468 0 94 468 0 92 468 0 92 468 0 94 468 0 93 468 0 70 469 0 73 0 0 72 0 0 70 469 0 75 1 0 73 0 0 75 1 0 70 469 0 69 470 0 75 1 0 69 470 0 10 3 0 76 5 0 10 3 0 69 470 0 154 471 0 76 5 0 69 470 0 154 471 0 77 7 0 76 5 0 77 7 0 154 471 0 9 9 0 154 471 0 155 472 0 9 9 0 9 9 0 155 472 0 80 11 0 83 13 0 80 11 0 155 472 0 82 13 0 80 11 0 83 13 0 146 473 0 82 13 0 83 13 0 146 473 0 8 14 0 82 13 0 8 14 0 146 473 0 62 474 0 8 14 0 62 474 0 63 16 0 7 18 0 63 16 0 62 474 0 149 475 0 7 18 0 62 474 0 149 475 0 6 20 0 7 18 0 6 20 0 149 475 0 2 22 0 149 475 0 60 476 0 2 22 0 2 22 0 60 476 0 64 24 0 72 0 0 64 24 0 60 476 0 73 0 0 64 24 0 72 0 0 64 26 0 10 26 0 2 26 0 37 26 0 54 26 0 142 26 0 37 26 0 142 26 0 51 26 0 37 26 0 51 26 0 38 26 0 38 26 0 51 26 0 50 26 0 38 26 0 50 26 0 39 26 0 39 26 0 50 26 0 144 26 0 39 26 0 144 26 0 43 26 0 43 26 0 144 26 0 47 26 0 43 26 0 47 26 0 45 26 0 45 26 0 47 26 0 46 26 0 45 26 0 46 26 0 138 26 0 138 26 0 46 26 0 130 26 0 102 26 0 28 26 0 108 26 0 102 26 0 108 26 0 25 26 0 102 26 0 25 26 0 15 26 0 15 26 0 25 26 0 109 26 0 15 26 0 109 26 0 17 26 0 17 26 0 109 26 0 110 26 0 17 26 0 110 26 0 21 26 0 21 26 0 110 26 0 24 26 0 21 26 0 24 26 0 101 26 0 101 26 0 24 26 0 115 26 0 101 26 0 115 26 0 23 26 0 23 26 0 115 26 0 119 26 0 64 26 0 73 26 0 75 26 0 64 26 0 75 26 0 10 26 0</p>
				</polylist>
			</mesh>
		</geometry>
		<geometry id="ID14">
			<mesh>
				<source id="ID15">
					<float_array id="ID16" count="510" digits="2490374">8.92358 16.2001 -1.1604 -9 14.4 -2.4869e-15 -8.95659 14.4 0.882146 -8.82695 14.4 1.75579 -8.61241 14.4 2.61255 -8.31493 14.4 3.44416 -7.93724 14.4 4.24254 -7.48313 14.4 5.00007 -6.95704 14.4 5.70951 -6.36397 14.4 6.36398 -5.70949 14.4 6.95702 -4.99997 14.4 7.48298 -4.24235 14.4 7.93688 -3.44393 14.4 8.31443 -2.61241 14.4 8.61202 -1.75574 14.4 8.82678 -0.882137 14.4 8.95657 3.82321e-06 14.4 9 0.882144 14.4 8.95656 1.75575 14.4 8.82678 2.61242 14.4 8.61202 3.44394 14.4 8.31443 4.24235 14.4 7.93688 4.99997 14.4 7.48298 5.70949 14.4 6.95702 6.36398 14.4 6.36397 6.95705 14.4 5.7095 7.48313 14.4 5.00006 7.93724 14.4 4.24254 8.31493 14.4 3.44416 8.61241 14.4 2.61255 8.82695 14.4 1.75579 8.95659 14.4 0.882146 9 14.4 -2.94847e-15 9 18 -2.31452e-07 8.95504 18 0.860452 8.82053 18 1.71151 8.59766 18 2.54381 8.28849 18 3.34802 7.89642 18 4.11518 7.42737 18 4.83794 6.88794 18 5.50991 6.28479 18 6.12533 5.62469 18 6.67915 4.91452 18 7.16706 4.16127 18 7.58545 3.37207 18 7.93133 2.55411 18 8.20234 1.71463 18 8.3968 3.49848e-06 18 8.5526 -1.71463 18 8.39674 -2.55412 18 8.20228 -3.37208 18 7.93128 -4.16129 18 7.58543 -4.91453 18 7.16706 -5.6247 18 6.67914 -6.28478 18 6.12532 -6.88793 18 5.5099 -7.42737 18 4.83794 -7.89642 18 4.11518 -8.2885 18 3.34802 -8.59767 18 2.54381 -8.82053 18 1.71151 -8.95504 18 0.860453 7.14754 16.2031 -5.41872 8.92355 16.2001 1.16051 8.69553 16.2003 2.3016 8.31936 16.2008 3.40402 7.80029 16.2017 4.44906 7.1475 16.2031 5.41876 6.37216 16.2051 6.29633 5.48687 16.2075 7.06639 4.50714 16.2101 7.71544 3.4499 16.2125 8.23226 2.33328 16.2145 8.60777 1.17666 16.2159 8.8357 3.71292e-06 16.2164 8.91214 -1.17666 16.2159 8.83568 -2.33328 16.2145 8.60775 -3.44991 16.2125 8.23223 -4.50711 16.2101 7.71543 -5.48688 16.2075 7.06637 -6.37219 16.2051 6.29629 -7.14754 16.2031 5.41872 -7.80034 16.2017 4.44899 -8.3194 16.2008 3.40393 -8.6956 16.2003 2.30149 -8.92358 16.2001 1.1604 8.6956 16.2003 -2.3015 -9 18 2.31452e-07 -8.95504 18 -0.860452 -8.82053 18 -1.71151 -8.59766 18 -2.54381 -8.28849 18 -3.34802 -7.89642 18 -4.11518 -7.42737 18 -4.83794 -6.88794 18 -5.50991 -6.28479 18 -6.12533 -5.62469 18 -6.67915 -4.91452 18 -7.16706 -4.16127 18 -7.58545 -3.37207 18 -7.93133 -2.55411 18 -8.20234 -1.71463 18 -8.3968 -3.49848e-06 18 -8.5526 1.71463 18 -8.39674 2.55412 18 -8.20228 3.37208 18 -7.93128 4.16129 18 -7.58543 4.91453 18 -7.16706 5.6247 18 -6.67914 6.28478 18 -6.12532 6.88793 18 -5.5099 7.42737 18 -4.83794 7.89642 18 -4.11518 8.2885 18 -3.34802 8.59767 18 -2.54381 8.82053 18 -1.71151 8.95504 18 -0.860453 8.3194 16.2008 -3.40393 7.80034 16.2017 -4.44899 8.95659 14.4 -0.882146 8.82695 14.4 -1.75579 8.61241 14.4 -2.61255 8.31493 14.4 -3.44416 7.93724 14.4 -4.24254 7.48313 14.4 -5.00007 6.95704 14.4 -5.70951 6.36397 14.4 -6.36398 5.70949 14.4 -6.95702 4.99997 14.4 -7.48298 4.24235 14.4 -7.93688 3.44393 14.4 -8.31443 2.61241 14.4 -8.61202 1.75574 14.4 -8.82678 0.882137 14.4 -8.95657 -3.82321e-06 14.4 -9 -0.882144 14.4 -8.95656 -1.75575 14.4 -8.82678 -2.61242 14.4 -8.61202 -3.44394 14.4 -8.31443 -4.24235 14.4 -7.93688 -4.99997 14.4 -7.48298 -5.70949 14.4 -6.95702 -6.36398 14.4 -6.36397 -6.95705 14.4 -5.7095 -7.48313 14.4 -5.00006 -7.93724 14.4 -4.24254 -8.31493 14.4 -3.44416 -8.61241 14.4 -2.61255 -8.82695 14.4 -1.75579 -8.95659 14.4 -0.882146 6.37219 16.2051 -6.29629 -8.92355 16.2001 -1.16051 -8.69553 16.2003 -2.3016 -8.31936 16.2008 -3.40402 -7.80029 16.2017 -4.44906 -7.1475 16.2031 -5.41876 -6.37216 16.2051 -6.29633 -5.48687 16.2075 -7.06639 -4.50714 16.2101 -7.71544 -3.4499 16.2125 -8.23226 -2.33328 16.2145 -8.60777 -1.17666 16.2159 -8.8357 -3.71292e-06 16.2164 -8.91214 1.17666 16.2159 -8.83568 2.33328 16.2145 -8.60775 3.44991 16.2125 -8.23223 4.50711 16.2101 -7.71543 5.48688 16.2075 -7.06637</float_array>
					<technique_common>
						<accessor count="170" source="#ID16" stride="3">
							<param name="X" type="float"/>
							<param name="Y" type="float"/>
							<param name="Z" type="float"/>
						</accessor>
					</technique_common>
				</source>
				<source id="ID17">
					<float_array id="ID18" count="504" digits="2490374">-0.991313 0.00178125 0.131094 -0.995125 0 0.0980625 -1 0 -0 -0.980781 0 0.195063 -0.965594 0.007375 0.259844 -0.956937 0 0.290125 -0.922906 0.0168125 0.384594 -0.923844 0 0.382625 -0.881813 0 0.471438 -0.864 0.0300313 0.502563 -0.831469 0 0.555531 -0.790375 0.0455313 0.610875 -0.773063 0 0.634281 -0.703094 0.0620313 0.708313 -0.707094 0 0.707094 -0.634219 0 0.773094 -0.603719 0.0783125 0.793281 -0.555344 0 0.831594 -0.494719 0.09325 0.864 -0.471219 0 0.881938 -0.37775 0.106063 0.919781 -0.382625 0 0.923844 -0.290406 0 0.956875 -0.254906 0.116156 0.959938 -0.195281 0 0.980687 -0.128469 0.122594 0.984062 -0.0981563 0 0.995125 0 0.124812 0.992156 0 0 1 0.0981563 0 0.995125 0.128469 0.122594 0.984062 0.195281 0 0.980687 0.254906 0.116125 0.959938 0.290406 0 0.956875 0.37775 0.106063 0.919781 0.382625 0 0.923844 0.471219 0 0.881938 0.494719 0.0932188 0.864 0.555344 0 0.831594 0.60375 0.0783125 0.793281 0.634219 0 0.773094 0.703094 0.0620313 0.708313 0.707094 0 0.707094 0.773063 0 0.634281 0.790344 0.0455625 0.610875 0.831469 0 0.555531 0.864 0.0300313 0.502563 0.881813 0 0.471438 0.922906 0.0168125 0.384594 0.923844 0 0.382625 0.956937 0 0.290125 0.965594 0.00740625 0.259844 0.980781 0 0.195063 0.991313 0.00178125 0.131125 0.995125 0 0.0980625 1 0 -0 -0.994531 0.00209375 0.104219 -0.978156 0.0084375 0.207563 -0.950844 0.0193438 0.308969 -0.912531 0.0347813 0.407438 -0.86425 0.0545625 0.5 -0.807688 0.077375 0.584437 -0.743813 0.101719 0.6605 -0.673625 0.12625 0.728156 -0.598188 0.149875 0.787188 -0.518469 0.171844 0.837563 -0.435531 0.191625 0.879469 -0.35025 0.208656 0.913063 -0.263438 0.222375 0.938656 -0.175781 0.2325 0.956563 0 0.241156 0.970469 0.17575 0.2325 0.956563 0.263438 0.222375 0.938656 0.350313 0.208656 0.913063 0.435594 0.191625 0.879438 0.518531 0.171844 0.837563 0.598188 0.149875 0.787188 0.673625 0.12625 0.728156 0.743813 0.101656 0.6605 0.807719 0.0773125 0.584406 0.86425 0.0545625 0.5 0.912531 0.0347813 0.407438 0.950844 0.01925 0.308969 0.978156 0.008375 0.207594 0.994531 0.00203125 0.104219 0.991313 0.00178125 -0.131094 0.995125 0 -0.0980625 0.980781 0 -0.195063 0.965594 0.007375 -0.259844 0.956937 0 -0.290125 0.922906 0.0168125 -0.384594 0.923844 0 -0.382625 0.881813 0 -0.471438 0.864 0.0300313 -0.502563 0.831469 0 -0.555531 0.790375 0.0455313 -0.610875 0.773063 0 -0.634281 0.703094 0.0620313 -0.708313 0.707094 0 -0.707094 0.634219 0 -0.773094 0.603719 0.0783125 -0.793281 0.555344 0 -0.831594 0.494719 0.09325 -0.864 0.471219 0 -0.881938 0.37775 0.106063 -0.919781 0.382625 0 -0.923844 0.290406 0 -0.956875 0.254906 0.116156 -0.959938 0.195281 0 -0.980687 0.128469 0.122594 -0.984062 0.0981563 0 -0.995125 0 0.124812 -0.992156 0 0 -1 -0.0981563 0 -0.995125 -0.128469 0.122594 -0.984062 -0.195281 0 -0.980687 -0.254906 0.116125 -0.959938 -0.290406 0 -0.956875 -0.37775 0.106063 -0.919781 -0.382625 0 -0.923844 -0.471219 0 -0.881938 -0.494719 0.0932188 -0.864 -0.555344 0 -0.831594 -0.60375 0.0783125 -0.793281 -0.634219 0 -0.773094 -0.703094 0.0620313 -0.708313 -0.707094 0 -0.707094 -0.773063 0 -0.634281 -0.790344 0.0455625 -0.610875 -0.831469 0 -0.555531 -0.864 0.0300313 -0.502563 -0.881813 0 -0.471438 -0.922906 0.0168125 -0.384594 -0.923844 0 -0.382625 -0.956937 0 -0.290125 -0.965594 0.00740625 -0.259844 -0.980781 0 -0.195063 -0.991313 0.00178125 -0.131156 -0.995125 0 -0.0980625 0.994531 0.00209375 -0.104219 0.978156 0.0084375 -0.207563 0.950844 0.0193438 -0.308969 0.912531 0.0347813 -0.407438 0.86425 0.0545625 -0.5 0.807688 0.077375 -0.584437 0.743813 0.101719 -0.6605 0.673625 0.12625 -0.728156 0.598188 0.149875 -0.787188 0.518469 0.171844 -0.837563 0.435531 0.191625 -0.879469 0.35025 0.208656 -0.913063 0.263438 0.222375 -0.938656 0.175781 0.2325 -0.956563 0 0.241156 -0.970469 -0.17575 0.2325 -0.956563 -0.263438 0.222375 -0.938656 -0.350313 0.208656 -0.913063 -0.435594 0.191625 -0.879438 -0.518531 0.171844 -0.837563 -0.598188 0.149875 -0.787188 -0.673625 0.12625 -0.728156 -0.743813 0.101656 -0.6605 -0.807719 0.0773125 -0.584406 -0.86425 0.0545625 -0.5 -0.912531 0.0347813 -0.407438 -0.950844 0.01925 -0.308969 -0.978156 0.008375 -0.207594 -0.994531 0.00203125 -0.104219</float_array>
					<technique_common>
						<accessor count="168" source="#ID18" stride="3">
							<param name="X" type="float"/>
							<param name="Y" type="float"/>
							<param name="Z" type="float"/>
						</accessor>
					</technique_common>
				</source>
				<source id="ID19">
					<float_array id="ID20" count="2" digits="2490374">0 1</float_array>
					<technique_common>
						<accessor count="1" source="#ID20" stride="2">
							<param name="S" type="float"/>
							<param name="T" type="float"/>
						</accessor>
					</technique_common>
				</source>
				<vertices id="ID21">
					<input semantic="POSITION" source="#ID15"/>
				</vertices>
				<polylist count="216">
					<input offset="0" semantic="VERTEX" source="#ID21" set="0"/>
					<input offset="1" semantic="NORMAL" source="#ID17" set="0"/>
					<input offset="2" semantic="TEXCOORD" source="#ID19" set="0"/>
					<vcount>3 3 3 3 3 3 3 3 3 3 3 3 3 3 3 3 3 3 3 3 3 3 3 3 3 3 3 3 3 3 3 3 3 3 3 3 3 3 3 3 3 3 3 3 3 3 3 3 3 3 3 3 3 3 3 3 3 3 3 3 3 3 3 3 3 3 3 3 3 3 3 3 3 3 3 3 3 3 3 3 3 3 3 3 3 3 3 3 3 3 3 3 3 3 3 3 3 3 3 3 3 3 3 3 3 3 3 3 3 3 3 3 3 3 3 3 3 3 3 3 3 3 3 3 3 3 3 3 3 3 3 3 3 3 3 3 3 3 3 3 3 3 3 3 3 3 3 3 3 3 3 3 3 3 3 3 3 3 3 3 3 3 3 3 3 3 3 3 3 3 3 3 3 3 3 3 3 3 3 3 3 3 3 3 3 3 3 3 3 3 3 3 3 3 3 3 3 3 3 3 3 3 3 3 3 3 3 3 3 3 3 3 3 3 3 3</vcount>
					<p>1 2 0 2 1 0 87 0 0 3 3 0 87 0 0 2 1 0 87 0 0 3 3 0 86 4 0 4 5 0 86 4 0 3 3 0 86 4 0 4 5 0 85 6 0 85 6 0 4 5 0 5 7 0 5 7 0 6 8 0 85 6 0 85 6 0 6 8 0 84 9 0 7 10 0 84 9 0 6 8 0 84 9 0 7 10 0 83 11 0 8 12 0 83 11 0 7 10 0 83 11 0 8 12 0 82 13 0 82 13 0 8 12 0 9 14 0 9 14 0 10 15 0 82 13 0 82 13 0 10 15 0 81 16 0 11 17 0 81 16 0 10 15 0 81 16 0 11 17 0 80 18 0 12 19 0 80 18 0 11 17 0 80 18 0 12 19 0 79 20 0 79 20 0 12 19 0 13 21 0 13 21 0 14 22 0 79 20 0 79 20 0 14 22 0 78 23 0 15 24 0 78 23 0 14 22 0 78 23 0 15 24 0 77 25 0 16 26 0 77 25 0 15 24 0 77 25 0 16 26 0 76 27 0 76 27 0 16 26 0 17 28 0 17 28 0 18 29 0 76 27 0 76 27 0 18 29 0 75 30 0 19 31 0 75 30 0 18 29 0 75 30 0 19 31 0 74 32 0 20 33 0 74 32 0 19 31 0 74 32 0 20 33 0 73 34 0 73 34 0 20 33 0 21 35 0 21 35 0 22 36 0 73 34 0 73 34 0 22 36 0 72 37 0 23 38 0 72 37 0 22 36 0 72 37 0 23 38 0 71 39 0 24 40 0 71 39 0 23 38 0 71 39 0 24 40 0 70 41 0 70 41 0 24 40 0 25 42 0 25 42 0 26 43 0 70 41 0 70 41 0 26 43 0 69 44 0 27 45 0 69 44 0 26 43 0 69 44 0 27 45 0 68 46 0 28 47 0 68 46 0 27 45 0 68 46 0 28 47 0 67 48 0 67 48 0 28 47 0 29 49 0 29 49 0 30 50 0 67 48 0 67 48 0 30 50 0 66 51 0 31 52 0 66 51 0 30 50 0 66 51 0 31 52 0 65 53 0 32 54 0 65 53 0 31 52 0 34 55 0 65 53 0 33 55 0 65 53 0 32 54 0 33 55 0 1 2 0 87 0 0 89 2 0 89 2 0 87 0 0 63 56 0 63 56 0 87 0 0 62 57 0 87 0 0 86 4 0 62 57 0 62 57 0 86 4 0 61 58 0 86 4 0 85 6 0 61 58 0 61 58 0 85 6 0 60 59 0 85 6 0 84 9 0 60 59 0 60 59 0 84 9 0 59 60 0 59 60 0 84 9 0 58 61 0 84 9 0 83 11 0 58 61 0 58 61 0 83 11 0 57 62 0 83 11 0 82 13 0 57 62 0 57 62 0 82 13 0 56 63 0 82 13 0 81 16 0 56 63 0 56 63 0 81 16 0 55 64 0 55 64 0 81 16 0 54 65 0 81 16 0 80 18 0 54 65 0 54 65 0 80 18 0 53 66 0 80 18 0 79 20 0 53 66 0 53 66 0 79 20 0 52 67 0 79 20 0 78 23 0 52 67 0 52 67 0 78 23 0 51 68 0 51 68 0 78 23 0 50 69 0 78 23 0 77 25 0 50 69 0 50 69 0 77 25 0 49 70 0 77 25 0 76 27 0 49 70 0 76 27 0 75 30 0 49 70 0 49 70 0 75 30 0 48 71 0 75 30 0 74 32 0 48 71 0 48 71 0 74 32 0 47 72 0 74 32 0 73 34 0 47 72 0 47 72 0 73 34 0 46 73 0 73 34 0 72 37 0 46 73 0 46 73 0 72 37 0 45 74 0 45 74 0 72 37 0 44 75 0 72 37 0 71 39 0 44 75 0 44 75 0 71 39 0 43 76 0 71 39 0 70 41 0 43 76 0 43 76 0 70 41 0 42 77 0 70 41 0 69 44 0 42 77 0 42 77 0 69 44 0 41 78 0 41 78 0 69 44 0 40 79 0 69 44 0 68 46 0 40 79 0 40 79 0 68 46 0 39 80 0 68 46 0 67 48 0 39 80 0 39 80 0 67 48 0 38 81 0 67 48 0 66 51 0 38 81 0 38 81 0 66 51 0 37 82 0 37 82 0 66 51 0 36 83 0 66 51 0 65 53 0 36 83 0 36 83 0 65 53 0 35 84 0 34 55 0 35 84 0 65 53 0 33 55 0 121 86 0 0 85 0 122 87 0 0 85 0 121 86 0 0 85 0 122 87 0 88 88 0 123 89 0 88 88 0 122 87 0 88 88 0 123 89 0 119 90 0 119 90 0 123 89 0 124 91 0 124 91 0 125 92 0 119 90 0 119 90 0 125 92 0 120 93 0 126 94 0 120 93 0 125 92 0 120 93 0 126 94 0 64 95 0 127 96 0 64 95 0 126 94 0 64 95 0 127 96 0 152 97 0 152 97 0 127 96 0 128 98 0 128 98 0 129 99 0 152 97 0 152 97 0 129 99 0 169 100 0 130 101 0 169 100 0 129 99 0 169 100 0 130 101 0 168 102 0 131 103 0 168 102 0 130 101 0 168 102 0 131 103 0 167 104 0 167 104 0 131 103 0 132 105 0 132 105 0 133 106 0 167 104 0 167 104 0 133 106 0 166 107 0 134 108 0 166 107 0 133 106 0 166 107 0 134 108 0 165 109 0 135 110 0 165 109 0 134 108 0 165 109 0 135 110 0 164 111 0 164 111 0 135 110 0 136 112 0 136 112 0 137 113 0 164 111 0 164 111 0 137 113 0 163 114 0 138 115 0 163 114 0 137 113 0 163 114 0 138 115 0 162 116 0 139 117 0 162 116 0 138 115 0 162 116 0 139 117 0 161 118 0 161 118 0 139 117 0 140 119 0 140 119 0 141 120 0 161 118 0 161 118 0 141 120 0 160 121 0 142 122 0 160 121 0 141 120 0 160 121 0 142 122 0 159 123 0 143 124 0 159 123 0 142 122 0 159 123 0 143 124 0 158 125 0 158 125 0 143 124 0 144 126 0 144 126 0 145 127 0 158 125 0 158 125 0 145 127 0 157 128 0 146 129 0 157 128 0 145 127 0 157 128 0 146 129 0 156 130 0 147 131 0 156 130 0 146 129 0 156 130 0 147 131 0 155 132 0 155 132 0 147 131 0 148 133 0 148 133 0 149 134 0 155 132 0 155 132 0 149 134 0 154 135 0 150 136 0 154 135 0 149 134 0 154 135 0 150 136 0 153 137 0 151 138 0 153 137 0 150 136 0 89 2 0 153 137 0 1 2 0 153 137 0 151 138 0 1 2 0 33 55 0 0 85 0 34 55 0 34 55 0 0 85 0 118 139 0 118 139 0 0 85 0 117 140 0 0 85 0 88 88 0 117 140 0 117 140 0 88 88 0 116 141 0 88 88 0 119 90 0 116 141 0 116 141 0 119 90 0 115 142 0 119 90 0 120 93 0 115 142 0 115 142 0 120 93 0 114 143 0 114 143 0 120 93 0 113 144 0 120 93 0 64 95 0 113 144 0 113 144 0 64 95 0 112 145 0 64 95 0 152 97 0 112 145 0 112 145 0 152 97 0 111 146 0 152 97 0 169 100 0 111 146 0 111 146 0 169 100 0 110 147 0 110 147 0 169 100 0 109 148 0 169 100 0 168 102 0 109 148 0 109 148 0 168 102 0 108 149 0 168 102 0 167 104 0 108 149 0 108 149 0 167 104 0 107 150 0 167 104 0 166 107 0 107 150 0 107 150 0 166 107 0 106 151 0 106 151 0 166 107 0 105 152 0 166 107 0 165 109 0 105 152 0 105 152 0 165 109 0 104 153 0 165 109 0 164 111 0 104 153 0 164 111 0 163 114 0 104 153 0 104 153 0 163 114 0 103 154 0 163 114 0 162 116 0 103 154 0 103 154 0 162 116 0 102 155 0 162 116 0 161 118 0 102 155 0 102 155 0 161 118 0 101 156 0 161 118 0 160 121 0 101 156 0 101 156 0 160 121 0 100 157 0 100 157 0 160 121 0 99 158 0 160 121 0 159 123 0 99 158 0 99 158 0 159 123 0 98 159 0 159 123 0 158 125 0 98 159 0 98 159 0 158 125 0 97 160 0 158 125 0 157 128 0 97 160 0 97 160 0 157 128 0 96 161 0 96 161 0 157 128 0 95 162 0 157 128 0 156 130 0 95 162 0 95 162 0 156 130 0 94 163 0 156 130 0 155 132 0 94 163 0 94 163 0 155 132 0 93 164 0 155 132 0 154 135 0 93 164 0 93 164 0 154 135 0 92 165 0 92 165 0 154 135 0 91 166 0 154 135 0 153 137 0 91 166 0 91 166 0 153 137 0 90 167 0 89 2 0 90 167 0 153 137 0</p>
				</polylist>
			</mesh>
		</geometry>
		<geometry id="ID23">
			<mesh>
				<source id="ID24">
					<float_array id="ID25" count="1797" digits="2490374">1.50163 14.4 8.87361 -7.77724 13.9363 -4.33425 -8.12741 14.0991 -3.62757 -8.44325 13.9054 -2.80618 -8.19462 22.0887 -2.98644 -8.48271 13.8163 -2.68319 -8.49561 13.7591 -2.64156 -7.76484 21.9183 -3.73889 -7.718 21.8183 -3.81892 -8.5 13.7 -2.62728 -8.49563 13.6411 -2.64148 -8.44434 13.4965 -2.80286 -7.99929 21.3129 -3.41546 -8.2446 13.3271 -3.34991 -7.99812 13.3132 -3.90697 -8.46686 21.5406 -2.39354 -7.88091 13.3653 -4.14064 2.96108 14.4 8.4984 -8.5 21.7 -2.29293 -8.5 21.7 -2.58444 -7.7261 13.5579 -4.42683 -8.44724 21.8986 -2.69786 -8.30845 22.0414 -2.98755 5.525 14.4 7.10436 -7.96468 22.0764 -3.59422 -7.79981 21.9644 -3.85278 -7.73033 21.8528 -3.96246 8.49561 13.7591 -2.64155 -7.7 21.7 -3.85819 8.44409 13.904 -2.8036 8.2446 14.0729 -3.34986 -7.90289 22.048 -3.51198 -8.00427 22.0884 -3.33917 8.1279 14.099 -3.62638 -8.37665 21.9886 -2.5962 -8.47225 21.8464 -2.36156 -8.49207 21.7792 -2.31086 6.60389 14.4 6.11463 -7.7 21.7 -4.02059 7.99797 14.0868 -3.90722 7.88075 14.0346 -4.14093 -7.94151 21.3327 -3.70029 -8.08516 21.3003 -3.46414 7.77796 13.9373 -4.33309 7.72609 13.8421 -4.42713 -8.46079 21.5273 -2.68996 -8.49892 21.6706 -2.58892 7.701 13.7283 -4.47239 7.7 13.7 -4.47415 -8.49005 21.6117 -2.32573 7.77721 13.4638 -4.33446 -8.34952 21.3874 -2.69965 -8.21215 21.316 -3.00876 7.87945 13.3663 -4.14344 -7.78682 21.4512 -3.75205 -7.72473 21.5616 -3.83559 7.99633 13.3137 -3.91061 8.21328 14.4 3.67997 8.12684 13.3009 -3.62878 8.2434 13.3266 -3.35282 8.35824 13.3945 -3.05231 -1.93438 18.0001 -8.35399 -2.8968 18.0001 -8.0994 8.44334 13.4948 -2.80589 -5.43966 18 -6.81618 -6.52824 18 -5.89132 -7.45294 18 -4.80257 -7.78633 18 -4.30009 8.49561 13.6409 -2.64154 -8.54707 18 -2.69465 -8.80635 18 -1.77796 -3.80526 14.4 8.15541 -7.701 13.6717 -4.47203 -7.77803 13.4626 -4.33281 -8.95992 31.2885 -0.616054 -8.1279 13.301 -3.62644 -8.57397 31.2885 -1.93757 -8.29821 31.2885 -2.42773 -8.00721 31.2885 -2.81681 -7.67365 31.2885 -3.16712 -7.10121 31.2885 -3.62344 -6.4741 31.2884 -3.99568 -5.70281 31.2885 -4.34186 -8.35906 13.3952 -3.05011 -3.22023 31.2885 -5.0002 -1.60507 31.2885 -5.19264 -5.07741 14.4 7.43068 -8.48287 13.5842 -2.68269 -8.24328 13.3265 -3.61226 -7.88739 13.3612 -4.33465 -8.40524 21.4415 -2.82381 -8.24779 21.3283 -3.16163 -7.7514 13.5036 -4.57338 -7.71325 13.5978 -4.63744 -7.77761 21.4632 -3.93582 -7.72204 21.5691 -4.00376 -6.21526 14.4 6.50928 -8.35793 14.0057 -3.05321 -8.24322 14.0735 -3.35337 -7.99729 14.0866 -3.90872 -8.1404 22.098 -3.29976 -7.88003 14.0341 -4.14234 -7.72065 13.8269 -4.43665 -8.48498 21.8086 -2.61441 -6.72412 14.4 5.98213 -7.7 13.7 -4.47379 -7.71313 13.8018 -4.63763 -7.74806 13.8901 -4.57903 -7.8531 14.0149 -4.39645 -7.88008 29.3659 -3.10173 -8.01963 14.0918 -4.0848 -8.44341 13.9051 -3.1159 8.48537 14.4 2.99971 -7.74101 29.8764 -3.21389 -7.83913 30.0032 -3.09941 8.5 13.7 -2.62729 8.48274 13.5838 -2.68308 -8.43407 29.9199 -2.27251 -8.49332 29.7728 -2.16755 -7.97135 14.4 4.17811 -8.91561 24.6443 -1.01737 -8.65329 24.6443 -2.02876 -8.62492 27.9664 -1.95904 -8.90839 27.9664 -0.9896 -8.68166 21.3221 -2.09847 -8.92283 21.3221 -1.04515 -8.3325 24.6443 -2.76196 -8.28013 27.9664 -2.64666 -8.38487 21.3221 -2.87725 -7.91112 24.6443 -3.445 -7.831 27.9664 -3.26898 -7.32851 24.6443 -4.14273 -7.21898 27.9664 -3.88027 -7.43805 21.3221 -4.40518 -6.65708 24.6443 -4.75606 -6.52722 27.9664 -4.39545 -6.78695 21.3221 -5.11668 -5.67578 24.6443 -5.43625 -5.53794 27.9664 -4.94509 -5.81362 21.3221 -5.92742 -4.60496 24.6443 -5.98424 -4.4791 27.9664 -5.37495 -4.73083 21.3221 -6.59354 -3.08822 24.6443 -6.51047 -2.99985 27.9664 -5.77964 -3.1766 21.3221 -7.24129 -1.53267 24.6443 -6.80914 -1.49136 27.9664 -6.00632 -1.57398 21.3221 -7.61195 7.72066 13.5731 -4.43692 8.96155 18 -0.796092 7.7 13.7 -4.6594 8.41043 18 -3.06019 8.44331 13.4947 -3.11617 6.91359 18 -5.48091 8.4951 13.6375 -2.97207 4.71312 18 -7.28848 8.89785 14.4 1.35139 8.35889 14.0049 -3.05051 2.0605 18.0001 -8.32674 8.48278 13.8161 -2.68296 8.47057 13.8506 -3.04128 -3.55255e-16 31.2885 -5.24968 1.70783 31.2885 -5.18423 8.38009 13.9856 -3.28239 8.02357 14.0926 -4.07706 7.88704 14.0386 -4.33528 5.37583 31.2885 -4.46245 5.99528 31.2885 -4.22182 6.47402 31.2884 -3.99552 7.06997 31.2885 -3.64454 7.71323 13.8021 -4.63746 8.20621 31.2885 -2.5617 -8.73897 14.4 2.15138 -3.44415 13.1 -8.31492 8.94356 31.2885 -0.730012 -5.84503 13.1 -6.84365 8.99163 14.4 0.38759 -8.17329 13.1 -3.76794 -8.55951 13.1 -2.78115 -8.93762 13.1 -1.05784 -9 13.1 1.65327e-15 -8.97226 13.1 0.706132 -8.55951 13.1 2.78115 8.4568 21.5191 -2.69993 8.48803 21.6029 -2.61978 -8.31492 13.1 3.44415 -7.85246 13.1 4.39759 8.46859 21.8554 -2.6507 8.40902 21.9539 -2.78085 8.29592 22.0487 -3.01205 8.08539 22.0997 -3.39491 -6.10921 13.1 6.6089 -5.29007 13.1 7.28115 8.43822 18 2.99003 -3.76794 13.1 8.17329 -1.05784 13.1 8.93762 2.78115 13.1 8.55951 7.98528 29.3168 -2.97924 3.44415 13.1 8.31492 6.6089 13.1 6.10921 7.67376 13.1 4.70249 8.49949 29.6799 -2.15988 8.93762 13.1 1.05784 8.47864 29.829 -2.1936 8.43388 29.9204 -2.27297 9 13.1 1.44731e-15 8.97226 13.1 -0.706132 8.31492 13.1 -3.44415 7.76169 29.9134 -3.18947 7.85246 13.1 -4.39759 8.16116 18 3.61959 1.13165 24.6442 -6.85131 2.28377 24.6442 -6.69228 2.21958 27.9664 -5.91779 1.10212 27.9664 -6.03796 2.34795 21.3221 -7.46677 1.16118 21.3221 -7.66466 3.23918 24.6442 -6.46936 3.14646 27.9664 -5.74831 3.33191 21.3221 -7.1904 4.17757 24.6442 -6.15926 4.06052 27.9664 -5.51039 4.29462 21.3221 -6.80812 5.12328 24.6442 -5.74028 4.98952 27.9664 -5.18484 5.25703 21.3221 -6.29572 6.01425 24.6442 -5.22434 5.87667 27.9664 -4.776 6.15183 21.3221 -5.67269 6.95901 24.6442 -4.49913 6.83657 27.9664 -4.18206 7.08145 21.3221 -4.81619 7.77037 24.6442 -3.63348 7.68217 27.9664 -3.4367 7.85857 21.3221 -3.83026 8.4008 24.6442 -2.62726 8.35336 27.9664 -2.52162 8.44823 21.3221 -2.73289 8.8091 24.6442 -1.52002 8.7931 27.9664 -1.47373 8.82509 21.3221 -1.5663 8.95328 24.6442 -0.758776 8.65973e-16 18 -8.5526 1.24511 18 -8.471 6.84365 13.1 -5.84503 3.40909 18.0001 -7.91748 3.82401 18.0001 -7.7445 3.76794 13.1 -8.17329 5.88584 18 -6.47296 -8.96202 18 0.79122 7.76528 18 -4.33424 7.78223 29.457 -3.06305 8.82712 18 -1.68109 7.93523 29.3355 -2.88563 9 18 1.68583e-09 8.10174 29.3 -2.65812 9 14.4 9.66867e-15 8.3466 29.3851 -2.24491 8.49964 29.6831 -1.91178 8.21251 30.0839 -2.44032 7.74086 29.8761 -3.07705 7.18831 14.4 -5.41539 -8.81101 18 1.75669 7.71913 21.5778 -3.84258 7.77302 21.4696 -3.77153 8.23658 21.324 -2.95664 2.43253 14.4 -8.66458 8.32707 21.3707 -2.7534 0.995477 14.4 -8.94465 8.49914 21.6737 -2.29692 -1.50161 14.4 -8.87361 8.44648 21.8999 -2.42711 8.28114 22.0566 -2.809 -4.92868 14.4 -7.5301 -8.51923 18 2.77364 -7.7213 29.8288 -3.10227 -7.50776 14.4 -4.963 -8.21322 14.4 -3.68009 -8.48532 14.4 -2.99985 -7.77646 29.9352 -3.03251 -8.28307 30.0557 -2.32457 -8.47413 29.8415 -1.96275 -8.5 29.7 -1.91015 -8.48705 29.5991 -1.94411 -8.95745 18 -0.837357 -7.98481 29.3169 -2.82181 -7.80736 29.4273 -3.03608 -8.08086 18 -3.77872 -7.74 29.5256 -3.10582 -7.70236 29.6566 -3.13736 -9 14.4 -0.00035978 -9 18 -1.51614e-15 -4.21848 18.0001 -7.55725 6.34107 18 6.07281 -8.02482 13.3071 -4.07459 -1.04232 18 -8.49554 4.32664 18.0001 7.50182 -8.92355 16.2001 -1.16049 -8.69554 16.2003 -2.30156 -8.31935 16.2008 -3.40404 -7.80027 16.2017 -4.44909 -7.14751 16.2031 -5.41875 -6.37217 16.2051 -6.29633 -5.48688 16.2075 -7.06638 -4.50714 16.2101 -7.71544 -3.44989 16.2125 -8.23226 -2.33327 16.2145 -8.60778 -1.17669 16.2159 -8.83569 -2.6806e-05 16.2164 -8.91214 1.1767 16.2159 -8.83568 2.33327 16.2145 -8.60775 3.44991 16.2125 -8.23223 4.50712 16.2101 -7.71543 5.48684 16.2075 -7.0664 6.37221 16.2051 -6.29627 7.14756 16.2031 -5.4187 7.80033 16.2017 -4.449 8.31942 16.2008 -3.40389 8.69561 16.2003 -2.30145 8.9236 16.2001 -1.16029 -8.38015 13.4144 -3.28223 -8.47062 13.5495 -3.04114 -4.12525 18 7.60362 -2.65405 18 8.17401 -8.4918 13.6194 -2.98149 -8.5 13.7 -2.95804 -8.49502 13.763 -2.9723 -8.35131 14.0112 -3.35495 -1.74232 31.2885 5.18145 -8.23567 14.0763 -3.62956 -7.7 13.7 -4.6594 -4.81718 31.2885 4.6407 -6.49543 18 5.92388 -6.08605 31.2885 4.18194 -2.10101 13.1 8.75133 -7.43956 31.2885 3.3714 -2.78115 13.1 8.55951 -8.35846 31.2885 2.3333 -4.70249 13.1 7.67376 -6.84365 13.1 5.84503 -9 31.2885 -8.94634e-07 -7.28115 13.1 5.29007 -8.82707 13.1 1.75581 -8.75133 13.1 -2.10101 -7.67376 13.1 -4.70249 -8.08716 18 3.76656 -7.38102 18 4.90152 -7.28115 13.1 -5.29007 -5.60004 18 6.69791 -1.13165 24.6442 6.85131 -2.28377 24.6442 6.69228 -2.21958 27.9663 5.91779 -1.10212 27.9663 6.03796 -2.34795 21.3221 7.46677 -1.16118 21.3221 7.66466 -3.23918 24.6442 6.46936 -3.14646 27.9663 5.74831 -3.33191 21.3221 7.1904 -4.17757 24.6442 6.15926 -4.06052 27.9663 5.51039 -4.29462 21.3221 6.80812 -5.12328 24.6442 5.74028 -4.98952 27.9663 5.18484 -5.25704 21.3221 6.29572 -6.01425 24.6442 5.22434 -5.87667 27.9663 4.776 -6.15183 21.3221 5.67269 -6.95901 24.6442 4.49913 -6.83657 27.9663 4.18206 -7.08145 21.3221 4.81619 -7.77037 24.6442 3.63348 -7.68217 27.9663 3.4367 -7.85857 21.3221 3.83026 -8.4008 24.6442 2.62726 -8.35336 27.9663 2.52162 -8.44823 21.3221 2.73289 -8.8091 24.6442 1.52002 -8.7931 27.9663 1.47373 -8.82509 21.3221 1.5663 -8.95328 24.6442 0.758775 -6.6089 13.1 -6.10921 -5.29007 13.1 -7.28115 -4.39759 13.1 -7.85246 -2.78115 13.1 -8.55951 -1.75581 13.1 -8.82707 -0.706132 13.1 -8.97226 -8.83745 31.2885 -1.226 -2.96104 14.4 -8.49842 -4.2998 14.4 -7.90591 -8.87997 31.2885 1.05785 -8.67464 31.2885 1.70855 -5.52494 14.4 -7.1044 -7.94111 31.2885 2.89297 -6.60382 14.4 -6.1147 -6.87636 31.2885 3.7689 -8.70113 14.4 -2.29971 -5.46138 31.2885 4.43217 -8.89782 14.4 -1.35158 -3.9373 31.2885 4.86287 -2.84492 31.2885 5.05856 -8.99162 14.4 -0.387809 -8.93444 14.4 1.08351 1.74235 31.2885 5.18186 -8.41647 14.4 3.18796 2.98493 31.2885 5.0379 3.98838 31.2885 4.85161 4.73921 31.2885 4.66299 -7.18837 14.4 5.41531 6.8763 31.2885 3.76899 -2.43256 14.4 8.66457 -1.71973 14.4 8.83388 8.51572 31.2885 2.05516 -0.99549 14.4 8.94465 9 31.2885 -1.14323e-06 1.10218e-15 13.1 9 8.77038 31.2885 -1.44792 8.53053 31.2885 -2.02627 1.9443 18.0001 8.35192 7.57121 31.2885 -3.26007 8.35184 13.3892 -3.35363 8.23631 13.3239 -3.62811 8.01984 13.3081 -4.08439 7.8535 13.3849 -4.39574 4.73806 31.2885 -4.66343 3.42421 31.2885 -4.96484 2.56802 31.2885 -5.09592 7.74806 13.5099 -4.57903 7.71314 13.5982 -4.63761 7.75133 13.8962 -4.57351 8.24308 14.0735 -3.61271 -4.89708 31.2885 -4.61706 8.49179 13.7807 -2.98153 7.85728 30.0179 -2.93283 -7.7 29.7 -3.27032 -7.70586 29.6319 -3.26997 -7.77073 29.4729 -3.21502 8.5 13.7 -2.95804 -8.15257 29.3035 -2.75821 -8.3833 29.4176 -2.38903 -8.46327 29.5325 -2.23719 -8.5 29.7 -2.15778 8.04774 30.0966 -2.68396 8.93444 14.4 -1.08362 -8.4548 29.5153 -2.01949 -8.32681 29.3705 -2.28259 -8.16582 29.3055 -2.56026 8.73895 14.4 -2.15148 8.41643 14.4 -3.18807 7.9713 14.4 -4.17821 6.72405 14.4 -5.98221 -7.7 29.7 -3.13637 -1.16527 18 8.48118 6.2152 14.4 -6.50934 5.07735 14.4 -7.43072 3.80521 14.4 -8.15543 1.71971 14.4 -8.83388 -8.34428 30.0167 -2.42334 -8.10326 30.1 -2.7745 7.54952e-16 14.4 -9 -8.57721e-16 13.1 -9 1.05784 13.1 -8.93762 2.10101 13.1 -8.75133 2.78115 13.1 -8.55951 4.70249 13.1 -7.67376 -7.92645 30.0604 -2.84549 -8.10679 30.0999 -2.6005 5.29007 13.1 -7.28115 -8.42658 29.931 -2.0603 6.10921 13.1 -6.6089 -8.49953 29.7194 -1.91042 8.36013 30.0039 -2.18819 -3.57497e-32 31.2885 5.24968 0 18 8.5526 1.10794 18 8.4881 7.28115 13.1 -5.29007 2.96485 18.0001 8.07717 8.55951 13.1 -2.78115 5.60004 18 6.69792 8.82707 13.1 -1.75581 7.00814 18 5.37172 7.82868 18 4.23027 8.75133 13.1 2.10101 8.55951 13.1 2.78115 8.80785 18 1.77113 8.98424 18 0.50967 8.17329 13.1 3.76794 7.28115 13.1 5.29007 8.87994 31.2885 1.05791 5.84503 13.1 6.84365 8.01118 31.2885 2.81222 7.37079 31.2885 3.42642 5.29007 13.1 7.28115 5.85184 31.2885 4.28226 4.39759 13.1 7.85246 1.75581 13.1 8.82707 0.706132 13.1 8.97226 2.40448 31.2885 5.11618 7.10543e-16 14.4 9 8.4689 29.8546 -1.97385 8.91561 24.6443 1.01737 8.65329 24.6443 2.02876 8.62492 27.9664 1.95904 8.90839 27.9664 0.989599 8.68166 21.3221 2.09847 8.92283 21.3221 1.04515 8.3325 24.6443 2.76196 8.28013 27.9664 2.64666 8.38487 21.3221 2.87725 7.91112 24.6443 3.445 7.831 27.9664 3.26898 7.99123 21.3221 3.62101 7.32851 24.6443 4.14273 7.21898 27.9664 3.88027 7.43805 21.3221 4.40518 6.65708 24.6443 4.75607 6.52722 27.9664 4.39545 6.78695 21.3221 5.11668 5.67579 24.6443 5.43626 5.53795 27.9664 4.94509 5.81362 21.3221 5.92742 4.60496 24.6443 5.98425 4.4791 27.9664 5.37495 4.73083 21.3221 6.59354 3.08822 24.6443 6.51047 2.99985 27.9664 5.77965 3.1766 21.3221 7.2413 1.53267 24.6443 6.80914 1.49136 27.9664 6.00633 1.57398 21.3221 7.61195 4.29985 14.4 7.90589 4.92874 14.4 7.53007 7.50783 14.4 4.9629 8.37376 21.4084 -2.8956 8.18272 21.3087 -3.28762 7.95628 21.3268 -3.67733 7.79378 21.4427 -3.9145 7.72875 21.5511 -3.99636 7.7 21.7 -4.02062 8.70117 14.4 2.29956 9 14.4 0.000179867 -8.92358 16.2001 1.16036 7.94822 21.3299 -3.50238 8.08096 21.3005 -3.26816 -8.69561 16.2003 2.30147 -8.31942 16.2008 3.4039 8.4164 21.4553 -2.53134 8.46522 21.5369 -2.3983 -7.80032 16.2017 4.44902 8.5 21.7 -2.29303 8.49083 29.7851 -1.92775 7.7 21.7 -3.85848 -7.14754 16.2031 5.41872 7.74611 21.8865 -3.93701 7.8407 22.0046 -3.78948 -6.37218 16.2051 6.2963 -5.48685 16.2075 7.06639 -4.50712 16.2101 7.71542 -3.44991 16.2125 8.23223 8.49147 21.7821 -2.60035 8.5 21.7 -2.5845 -2.33326 16.2145 8.60775 8.48442 21.8105 -2.33047 -1.17669 16.2159 8.83568 -6.66575e-06 16.2164 8.91214 8.13972 22.098 -3.09275 8.0031 22.0881 -3.34118 7.88465 22.0371 -3.54236 7.74959 21.8929 -3.7643 8.5 29.7 -1.91024 1.17666 16.2159 8.8357 2.33325 16.2145 8.60778 8.45708 29.5197 -2.2497 8.37644 29.4109 -2.40143 8.1987 29.3124 -2.69099 3.44988 16.2125 8.23227 7.83478 29.4006 -3.15064 7.74125 29.523 -3.24228 4.50713 16.2101 7.71544 5.48684 16.2075 7.06642 7.7238 29.5641 -3.12112 6.37217 16.2051 6.29632 7.14752 16.2031 5.41873 7.80029 16.2017 4.44907 8.25816 29.3326 -2.40707 8.31937 16.2008 3.40401 8.44466 29.497 -2.04231 8.48182 29.5808 -1.95687 8.69554 16.2003 2.30157 8.92355 16.2001 1.16052 8.5 29.7 -2.15794 7.7 29.7 -3.13656 7.7 29.7 -3.27037 7.7017 29.7368 -3.26561 -1.81432 18 8.37815 7.87744 30.0324 -3.0547 8.10336 30.1 -2.77432 8.31958 30.0343 -2.46272 -4.8567 18 7.20286</float_array>
					<technique_common>
						<accessor count="599" source="#ID25" stride="3">
							<param name="X" type="float"/>
							<param name="Y" type="float"/>
							<param name="Z" type="float"/>
						</accessor>
					</technique_common>
				</source>
				<source id="ID26">
					<float_array id="ID27" count="2625" digits="2490374">-0.869219 0.0919062 -0.485656 -0.91425 0.0656875 -0.399625 -0.895375 0.0811875 -0.437813 -0.847969 0.0846563 -0.523188 -0.931594 0.04125 -0.361094 -0.846875 0.0735625 -0.526563 -0.935094 0.0310625 -0.352969 -0.845937 0.0562188 -0.53025 -0.936594 0.0190625 -0.349813 -0.935313 0.00915625 -0.353656 -0.845156 0.0393125 -0.532969 -0.932156 0.001625 -0.361969 -0.844906 0.0239688 -0.534344 -0.917531 -0.0109063 -0.397344 -0.857406 0.00184375 -0.514562 -0.891688 -0.0150313 -0.452344 -0.868219 -0.00721875 -0.496094 1 0 -0 0.962438 -0.271406 -0 0.980156 -0.197969 -0 0.930625 -0.365875 -0 0.868062 -0.496344 -0 0.691719 -0.722094 -0 0.521125 -0.853469 -0 0.2365 -0.971563 -0 0.101 -0.994875 -0 -0.239281 -0.970906 -0 -0.492781 -0.870094 -0 -0.33825 -0.941031 -0 -0.750437 -0.660875 -0 -0.837906 -0.545687 -0 -0.924125 -0.381938 -0 -0.955156 -0.296 -0 -1 0 -0 -0.944875 0.327344 -0 -0.938219 0.345969 -0 -0.782969 0.622031 -0 -0.805969 0.591875 -0 -0.396188 0.918094 -0 -0.251781 0.96775 -0 -0.0370938 0.99925 -0 0.280375 0.959844 -0 0.369437 0.929219 -0 0.623719 0.781563 -0 0.763094 0.64625 -0 0.901969 0.431781 -0 0.917156 0.398469 -0 0.997281 0.0734688 -0 0.97525 0.220969 -0 -0.118188 0.234594 -0.964844 -0.106063 0.238 -0.965406 0 0.241156 -0.970469 -0.1425 0.234156 -0.961688 -0.198531 0.230312 -0.952594 -0.0920938 0.234969 -0.967625 -0.296813 0.212688 -0.930938 -0.299469 0.217125 -0.929031 -0.441938 0.190375 -0.876531 -0.250375 0.214344 -0.944094 -0.199125 0.215594 -0.955938 -0.0719375 0.23375 -0.969594 -0.456844 0.177156 -0.871656 -0.577344 0.156031 -0.801406 -0.393094 0.18025 -0.901594 -0.320344 0.182563 -0.929469 -0.16125 0.2105 -0.964188 -0.576375 0.142844 -0.804563 -0.701813 0.116687 -0.702688 -0.506094 0.146594 -0.849844 -0.423531 0.149656 -0.893406 -0.281625 0.167969 -0.944656 -0.691969 0.104531 -0.71425 -0.810719 0.0761875 -0.580375 -0.624344 0.108344 -0.773531 -0.542625 0.111531 -0.832469 -0.359094 0.140656 -0.922625 -0.775781 0.0750313 -0.6265 -0.850906 0.0600625 -0.521781 -0.718188 0.0782813 -0.691406 -0.647625 0.0811875 -0.757594 -0.457219 0.110594 -0.882375 -0.5615 0.083875 -0.823156 -0.821031 0.0585313 -0.567813 -0.866531 0.0434688 -0.497094 -0.8455 0.0505625 -0.531438 -0.812187 0.0611875 -0.580094 -0.807813 0.0622188 -0.586062 -0.811719 0.0503437 -0.581781 -0.810625 0.060625 -0.582344 -0.819562 0.0571875 -0.57 -0.842969 0.0490313 -0.535688 -0.869344 0.0403438 -0.492438 -0.761375 0.0525625 -0.646156 -0.71375 0.0575625 -0.697937 -0.711563 0.0578125 -0.700188 -0.729906 0.054625 -0.681313 -0.682312 0.0580625 -0.728688 -0.717969 0.0558125 -0.693781 -0.738156 0.0511875 -0.672625 -0.886906 0.0453125 -0.459625 -0.890188 0.0354063 -0.454188 -0.944531 0.0217813 -0.327563 -0.910563 0.028625 -0.41225 -0.885406 0.0300313 -0.46375 -0.895469 0.0320937 -0.443875 -0.9175 0.0254063 -0.396844 -0.854719 0.0314375 -0.518031 -0.755094 0.0495938 -0.653719 -0.816281 0.036875 -0.576375 -0.762469 0.0428438 -0.645594 -0.797719 0.0389063 -0.601687 -0.835281 0.0296563 -0.548906 -0.954219 0.014375 -0.298594 -0.976406 0.00909375 -0.215656 -0.913063 0.027625 -0.406781 -0.921 0.024875 -0.388656 -0.926188 0.023 -0.376281 -0.926219 0.0229375 -0.376125 -0.941625 0.0150938 -0.336125 -0.923594 0.0235937 -0.382594 -0.926437 0.01575 -0.375969 -0.85525 0.0279063 -0.517344 -0.902781 0.0175 -0.429625 -0.876594 0.023875 -0.480563 -0.890813 0.02125 -0.45375 -0.892656 0.0209688 -0.450125 -0.867938 0.0263125 -0.495875 -0.885281 0.0226875 -0.464438 -0.989125 0.003375 -0.147 -0.994812 0.00190625 -0.10125 -0.986219 0.0035 -0.165281 -0.98275 0.003625 -0.184594 -0.9645 0.006375 -0.263813 -0.9915 0.0015 -0.130063 0.992375 0.00190625 -0.122844 0.987938 0.002125 -0.154563 0.968375 0.00809375 -0.249219 0.960344 0.0085 -0.278625 0.995313 0.00175 -0.0962813 0.975062 0.00775 -0.221531 0.978938 0.00809375 -0.203812 0.919906 0.0255625 -0.391156 0.927625 0.028625 -0.372281 0.924781 0.0235313 -0.379719 0.920438 0.0250625 -0.39 0.926188 0.0229375 -0.376188 0.897438 0.0267812 -0.440188 0.924594 0.0232813 -0.380094 0.920875 0.0244063 -0.388969 0.911406 0.0272187 -0.410562 0.870094 0.0280625 -0.492 0.949188 0.00915625 -0.3145 0.892656 0.021 -0.450188 0.892656 0.0209688 -0.450125 0.892344 0.019375 -0.450781 0.883875 0.0229688 -0.467063 0.866313 0.0265938 -0.498688 0.887156 0.0219375 -0.460813 0.876469 0.023875 -0.480844 0.849281 0.0290313 -0.527125 0.9085 0.0291563 -0.41675 0.88075 0.0385938 -0.471938 0.847719 0.0497813 -0.528063 0.848312 0.0610938 -0.525813 0.83375 0.054625 -0.549344 0.787969 0.0571875 -0.612938 0.893469 0.0327188 -0.447781 0.861 0.0430625 -0.506688 0.825188 0.0551875 -0.562125 0.8125 0.059875 -0.57975 0.73175 0.0595937 -0.678906 0.826719 0.0347813 -0.561437 0.778844 0.0446563 -0.625531 0.744781 0.0516875 -0.665219 0.722844 0.056 -0.688688 0.711469 0.0578125 -0.700281 0.812156 0.0338125 -0.582438 0.797813 0.0389063 -0.601562 0.746531 0.049375 -0.663469 0.658719 0.0627813 -0.749656 0.722 0.0547813 -0.689656 0.711281 0.0577188 -0.700469 0.729031 0.0915625 -0.678281 0.74675 0.100625 -0.657344 0.823469 0.05775 -0.564344 0.81325 0.0609063 -0.578625 0.807781 0.0622188 -0.586125 0.664781 0.0951875 -0.740875 0.586594 0.0982812 -0.803813 0.55575 0.0852187 -0.826906 0.615438 0.130344 -0.77725 0.627937 0.141 -0.765312 0.544875 0.13425 -0.827656 0.461031 0.137375 -0.876625 0.456594 0.110625 -0.882719 0.393375 0.129719 -0.910156 0.513969 0.161531 -0.842406 0.49625 0.177625 -0.849781 0.446312 0.165 -0.879469 0.368 0.167719 -0.914563 0.3255 0.152281 -0.933156 0.410688 0.188688 -0.892 0.398969 0.199406 -0.894938 0.351156 0.191375 -0.916531 0.283844 0.193406 -0.939125 0.268687 0.172844 -0.947563 0.312219 0.209813 -0.926531 0.35425 0.207969 -0.911656 0.263719 0.211562 -0.941063 0.210063 0.212938 -0.954188 0.174094 0.206344 -0.962844 0.215781 0.225594 -0.949969 0.211688 0.228938 -0.950094 0.180281 0.226562 -0.957125 0.141844 0.227344 -0.963406 0.122437 0.221875 -0.967313 0.104313 0.237375 -0.965781 0.126969 0.236625 -0.963219 0.0862188 0.237625 -0.967469 0.0669375 0.237813 -0.968938 0.0771875 0.232781 -0.969406 0.991313 0.00178125 -0.131031 0.992688 0 -0.120469 0.971 0 -0.238937 0.965594 0.007375 -0.259844 0.935125 0 -0.354156 0.922906 0.0168125 -0.384594 0.885625 0 -0.464344 0.864 0.0300313 -0.502563 0.798719 0 -0.601625 0.790375 0.0455313 -0.610875 0.747156 0 -0.664594 0.703094 0.0620313 -0.708313 0.6905 0 -0.723281 0.603719 0.0783125 -0.793281 0.563969 0 -0.82575 0.494719 0.09325 -0.864 0.422719 0 -0.906219 0.37775 0.106063 -0.919781 0.270438 0 -0.962687 0.254906 0.116156 -0.959938 0.19125 0 -0.981531 0.128469 0.122594 -0.984062 0.110813 0 -0.993813 0 0.124812 -0.992156 0 0 -1 -0.128469 0.122594 -0.984062 -0.167063 0 -0.985906 -0.254906 0.116125 -0.959938 -0.329094 0 -0.94425 -0.37775 0.106063 -0.919781 -0.477625 0 -0.878531 -0.494719 0.0932188 -0.864 -0.547406 0 -0.836781 -0.60375 0.0783125 -0.793281 -0.613688 0 -0.789469 -0.703094 0.0620313 -0.708313 -0.733813 0 -0.679344 -0.790344 0.0455625 -0.610875 -0.834188 0 -0.551406 -0.864 0.0300313 -0.502563 -0.912531 0 -0.408938 -0.922906 0.0168125 -0.384594 -0.942813 0 -0.333219 -0.965594 0.00740625 -0.259844 -0.966781 0 -0.255406 -0.991313 0.00178125 -0.131125 -0.988594 0 -0.150219 -0.999031 0 -0.0431563 -0.999969 0 -3.125e-05 0.995313 0.00178125 -0.0964063 0.978938 0.00815625 -0.203875 0.927719 0.028625 -0.372156 0.848281 0.0610938 -0.525906 0.746844 0.100625 -0.657313 0.627844 0.140969 -0.765406 0.496125 0.177437 -0.849844 0.398906 0.199406 -0.895031 0.35425 0.207969 -0.911687 0.21175 0.228813 -0.950156 0.12725 0.236563 -0.963188 -0.106344 0.237875 -0.965406 -0.198594 0.230219 -0.952594 -0.299625 0.217094 -0.929 -0.441781 0.190281 -0.876625 -0.57725 0.155906 -0.8015 -0.701813 0.116656 -0.702688 -0.81075 0.0761563 -0.580375 -0.850875 0.0600313 -0.521875 -0.886813 0.0453125 -0.459781 -0.944562 0.0218125 -0.327406 -0.994781 0.00196875 -0.101438 -0.992375 0.00190625 0.122844 -0.974031 0.0046875 0.226313 -0.968375 0.00809375 0.249219 -0.960344 0.0085 0.278625 -0.995406 0.00175 0.0956875 -0.975062 0.00775 0.221531 -0.976969 0.008875 0.213062 -0.919906 0.0255625 0.391156 -0.941094 0.0231562 0.337219 -0.887688 0.045 0.458156 -0.897438 0.0267812 0.440188 -0.870094 0.0280625 0.492 -0.926938 0.0131563 0.374938 -0.850125 0.0269375 0.525844 -0.83375 0.054625 0.549344 -0.802094 0.0795625 0.591781 -0.787969 0.0571875 0.612938 -0.73175 0.0595937 0.678906 -0.746406 0.045875 0.663844 -0.729031 0.0915625 0.678281 -0.698031 0.118 0.706219 -0.664781 0.0951875 0.740875 -0.586594 0.0982812 0.803813 -0.629781 0.06875 0.773625 -0.520906 0.0936562 0.848406 -0.615438 0.130344 0.77725 -0.5955 0.15075 0.789031 -0.544875 0.13425 0.827656 -0.461031 0.137375 0.876625 -0.404563 0.126188 0.905719 -0.513969 0.161531 0.842406 -0.512219 0.173625 0.841094 -0.446312 0.165 0.879469 -0.368 0.167719 0.914563 -0.333969 0.149281 0.930656 -0.410688 0.188688 0.892 -0.431781 0.192594 0.881156 -0.351156 0.191375 0.916531 -0.283844 0.193406 0.939125 -0.275313 0.170406 0.946063 -0.312219 0.209813 0.926531 -0.27375 0.220969 0.936 -0.263719 0.211562 0.941063 -0.210063 0.212938 0.954188 -0.208062 0.194688 0.958531 -0.215781 0.225594 0.949969 -0.186031 0.231656 0.954813 -0.180281 0.226562 0.957125 -0.141844 0.227344 0.963406 -0.138469 0.217375 0.966156 -0.104313 0.237375 0.965781 -0.118719 0.237219 0.964156 -0.0862188 0.237625 0.967469 -0.0669375 0.237813 0.968938 -0.0789375 0.232469 0.969375 0 0.241156 0.970469 0 1 -0 -0.985344 0.170281 -0 -0.994094 0.108406 -0 -0.899969 0.435844 -0 -0.823125 0.567781 -0 -0.549781 0.835281 -0 -0.731531 0.681719 -0 -0.287969 0.957594 -0 0.131375 0.991313 -0 0.1645 0.986313 -0 0.708219 0.705938 -0 0.567031 0.823656 -0 0.908094 0.418656 -0 0.886937 0.461781 -0 0.967625 0.252313 -0 0.983281 -0.181875 -0 0.998781 -0.0485625 -0 0.935313 -0.353719 -0 0.83525 -0.549812 -0 0.816406 -0.577375 -0 0.61075 -0.791781 -0 0.457656 -0.889094 -0 0.0169375 -0.999844 -0 0.00809375 -0.999906 -0 -0.433844 -0.900937 -0 -0.652125 -0.758031 -0 -0.808812 -0.587969 -0 -0.946719 -0.321938 -0 -0.897438 -0.441063 -0 0.118188 0.234594 0.964844 0.112781 0.237594 0.96475 0.1425 0.234156 0.961688 0.199594 0.230219 0.952438 0.0920938 0.234969 0.967625 0.296813 0.212688 0.930938 0.306719 0.216031 0.926938 0.45375 0.187688 0.871094 0.250375 0.214344 0.944094 0.199125 0.215594 0.955938 0.0789375 0.232438 0.969375 0.114063 0.224281 0.967781 0.456844 0.177156 0.871656 0.595469 0.150813 0.789031 0.393094 0.18025 0.901594 0.320344 0.182563 0.929469 0.147156 0.214906 0.965469 0.211875 0.193438 0.957906 0.576375 0.142844 0.804563 0.680094 0.124094 0.722438 0.506094 0.146594 0.849844 0.423531 0.149656 0.893406 0.268313 0.172813 0.947688 0.691969 0.104531 0.71425 0.757937 0.0965 0.645063 0.624344 0.108344 0.773531 0.542625 0.111531 0.832469 0.375688 0.135125 0.916781 0.775781 0.0750313 0.6265 0.856031 0.0579688 0.513563 0.718188 0.0782813 0.691406 0.647625 0.0811875 0.757594 0.520813 0.0936562 0.8485 0.85275 0.0480938 0.519969 0.896781 0.04125 0.440406 0.811719 0.0503437 0.581781 0.761375 0.0525625 0.646156 0.615406 0.0718438 0.784906 0.910563 0.028625 0.41225 0.931094 0.0272187 0.363656 0.885406 0.0300313 0.46375 0.854719 0.0314375 0.518031 0.763406 0.0426875 0.644437 0.954219 0.014375 0.298594 0.976562 0.00903125 0.214844 0.941625 0.0150938 0.336125 0.926437 0.01575 0.375969 0.888656 0.02 0.458 0.989125 0.003375 0.147 0.998062 0.00071875 0.0616563 0.986219 0.0035 0.165281 0.98275 0.003625 0.184594 0.974031 0.0046875 0.226219 -0.970031 0.242812 -0 -0.997813 0.0655937 -0 -0.913 0.407813 -0 -0.891937 0.452031 -0 -0.791 0.61175 -0 -0.684375 0.729062 -0 -0.567656 0.823219 -0 -0.341406 0.939875 -0 0.0475313 0.998812 -0 -0.206813 0.978312 -0 0.379438 0.925188 -0 0.359313 0.933156 -0 0.765531 0.643313 -0 0.817438 0.575969 -0 0.928062 0.372281 -0 0.952125 0.305531 -0 0.884656 -0.466125 -0 0.876031 -0.482188 -0 0.648281 -0.761375 -0 0.538375 -0.842656 -0 0.0365313 -0.999313 -0 0.242219 -0.970156 -0 -0.0992813 -0.995 -0 -0.489906 -0.871719 -0 -0.452844 -0.891563 -0 -0.772469 -0.634969 -0 -0.866188 -0.499656 -0 -0.921438 -0.388438 -0 -0.961031 -0.276344 -0 -0.978688 -0.20525 -0 -0.998688 0.0501563 -0 -0.999094 0.0422187 -0 -0.954531 0.298 -0 -0.892656 0.450625 -0 -0.861625 0.507469 -0 -0.616437 0.787313 -0 -0.691063 0.72275 -0 -0.395375 0.9185 -0 -0.0043125 0.999969 -0 -0.246688 0.969063 -0 0.286781 0.957969 -0 0.411875 0.911219 -0 0.663063 0.7485 -0 0.794375 0.607313 -0 0.940437 0.339781 -0 0.896812 0.442313 -0 0.99575 -0.092 -0 0.897844 -0.44025 -0 0.845781 -0.5335 -0 0.556406 -0.830844 -0 0.60675 -0.794813 -0 -0.008375 -0.999906 -0 0.130656 -0.991406 -0 -0.28125 -0.959625 -0 -0.548906 -0.835813 -0 -0.650281 -0.759625 -0 -0.834625 -0.550687 -0 -0.922219 -0.386531 -0 -0.946594 -0.322406 -0 -0.977063 -0.212781 -0 -0.991313 0.00178125 0.131031 -0.992688 0 0.120469 -0.971 0 0.238937 -0.965594 0.007375 0.259844 -0.935188 0 0.354094 -0.922906 0.0168125 0.384594 -0.885625 0 0.464281 -0.864 0.0300313 0.502563 -0.798719 0 0.601625 -0.790375 0.0455313 0.610875 -0.747156 0 0.664594 -0.703094 0.0620313 0.708313 -0.690531 0 0.723281 -0.603719 0.0783125 0.793281 -0.563969 0 0.82575 -0.494719 0.09325 0.864 -0.422719 0 0.906219 -0.37775 0.106063 0.919781 -0.270438 0 0.962687 -0.254906 0.116156 0.959938 -0.19125 0 0.981531 -0.128469 0.122594 0.984062 -0.110813 0 0.993813 0 0.124812 0.992156 0 0 1 0.128469 0.122594 0.984062 0.167063 0 0.985906 0.254906 0.116125 0.959938 0.329094 0 0.94425 0.37775 0.106063 0.919781 0.477625 0 0.878531 0.494719 0.0932188 0.864 0.547406 0 0.836781 0.60375 0.0783125 0.793281 0.613688 0 0.789469 0.703094 0.0620313 0.708313 0.733813 0 0.679313 0.790344 0.0455625 0.610875 0.834188 0 0.551406 0.864 0.0300313 0.502563 0.912531 0 0.408938 0.922906 0.0168125 0.384594 0.942813 0 0.333156 0.965594 0.00740625 0.259844 0.966781 0 0.255406 0.991313 0.00178125 0.131156 0.988625 0 0.150188 0.999031 0 0.0430937 -0.999969 0 3.125e-05 -0.995344 0.00175 0.0958125 -0.976969 0.0089375 0.213031 -0.941156 0.0231875 0.337063 -0.887594 0.045 0.458313 -0.802156 0.0795313 0.59175 -0.698 0.118 0.70625 -0.595375 0.150688 0.789125 -0.512031 0.173469 0.841219 -0.431625 0.192469 0.88125 -0.273969 0.220875 0.935969 -0.186094 0.2315 0.954844 -0.119031 0.237094 0.964156 0.113063 0.237469 0.964719 0.199625 0.230094 0.952438 0.306844 0.216 0.926875 0.453656 0.187625 0.871188 0.595375 0.150688 0.789156 0.680125 0.124094 0.722438 0.757937 0.0964375 0.645063 0.856 0.0579688 0.513625 0.896719 0.04125 0.440531 0.931156 0.0272187 0.363531 0.998031 0.00071875 0.0617188 0.0784063 0 0.996875 0.166844 0 0.985969 0.195063 0 0.980781 0.308969 0 0.951031 0.328969 0 0.944313 0.382625 0 0.923844 0.47775 0 0.878469 0.488594 0 0.8725 0.547625 0 0.836688 0.587781 0 0.809 0.613844 0 0.789375 0.649406 0 0.760375 0.733719 0 0.679344 0.734281 0 0.678781 0.809 0 0.587781 0.852625 0 0.522438 0.908094 0 0.418656 0.912531 0 0.408844 0.951031 0 0.308969 0.942813 0 0.33325 0.966781 0 0.255469 0.972313 0 0.233406 0.988625 0 0.150125 0.993031 0 0.1175 0.999031 0 0.0430625 0.996875 0 -0.0784063 0.992719 0 -0.120344 0.980781 0 -0.195063 0.971 0 -0.239031 0.951031 0 -0.308969 0.943875 0 -0.330219 0.938125 0 -0.346219 0.944438 0 -0.328656 0.923844 0 -0.382625 0.927938 0 -0.372594 0.915125 0 -0.403094 0.8725 0 -0.488594 0.891031 0 -0.453813 0.872594 0 -0.488375 0.809 0 -0.587781 0.935125 0 -0.354219 0.943531 0 -0.33125 0.941156 0 -0.337875 0.931094 0 -0.364688 0.885656 0 -0.464188 0.915875 0 -0.401406 0.891469 0 -0.453 0.876281 0 -0.481656 0.798688 0 -0.601656 0.860875 0 -0.50875 0.856969 0 -0.515281 0.855531 0 -0.517656 0.861219 0 -0.508125 0.856969 0 -0.51525 0.760375 0 -0.649406 0.747063 0 -0.664688 0.678781 0 -0.734281 0.690531 0 -0.723219 0.587781 0 -0.809 0.564125 0 -0.825625 0.522438 0 -0.852625 0.422781 0 -0.906156 0.418656 0 -0.908094 0.308969 0 -0.951031 0.270281 0 -0.96275 0.233406 0 -0.972313 0.191031 0 -0.981531 0.1175 0 -0.993031 0.110594 0 -0.993813 -0.0784063 0 -0.996875 -0.166844 0 -0.985969 -0.195063 0 -0.980781 -0.308969 0 -0.951031 -0.328969 0 -0.944313 -0.382625 0 -0.923844 -0.47775 0 -0.878469 -0.488594 0 -0.8725 -0.547625 0 -0.836688 -0.587781 0 -0.809 -0.613844 0 -0.789375 -0.649406 0 -0.760375 -0.733719 0 -0.679375 -0.734281 0 -0.678781 -0.809 0 -0.587781 -0.852625 0 -0.522438 -0.856969 0 -0.51525 -0.861219 0 -0.508125 -0.855531 0 -0.517656 -0.876375 0 -0.481594 -0.856969 0 -0.515281 -0.860875 0 -0.508781 -0.872563 0 -0.488438 -0.908094 0 -0.418656 -0.891594 0 -0.452719 -0.915906 0 -0.401344 -0.951031 0 -0.308969 -0.931094 0 -0.364688 -0.941156 0 -0.337875 -0.943531 0 -0.33125 -0.944438 0 -0.328656 -0.912531 0 -0.408844 -0.891031 0 -0.453813 -0.915031 0 -0.40325 -0.942813 0 -0.333313 -0.927906 0 -0.37275 -0.938125 0 -0.346188 -0.943875 0 -0.330219 -0.966781 0 -0.255469 -0.972313 0 -0.233406 -0.988625 0 -0.150125 -0.993031 0 -0.1175 -0.999031 0 -0.0430625 -0.996875 0 0.0784063 -0.992719 0 0.120344 -0.980781 0 0.195063 -0.971 0 0.239031 -0.951031 0 0.308969 -0.935125 0 0.354156 -0.923844 0 0.382625 -0.885656 0 0.464188 -0.8725 0 0.488594 -0.809 0 0.587781 -0.798688 0 0.601656 -0.760375 0 0.649406 -0.747125 0 0.664625 -0.678781 0 0.734281 -0.690531 0 0.723219 -0.587781 0 0.809 -0.564125 0 0.825625 -0.522438 0 0.852625 -0.422781 0 0.906156 -0.418656 0 0.908094 -0.308969 0 0.951031 -0.270281 0 0.96275 -0.233406 0 0.972313 -0.191031 0 0.981531 -0.1175 0 0.993031 -0.110594 0 0.993813 -0.883438 0 -0.468469 -0.883375 -0.0131563 -0.468344 -0.883438 0.00290625 -0.468469 -0.804219 0.109781 -0.584063 -0.867031 0.0857188 -0.49075 -0.835344 0.103594 -0.539813 -0.778938 0.0972188 -0.619438 -0.894844 0.054875 -0.442906 -0.775781 0.08275 -0.6255 -0.902219 0.0378125 -0.4295 -0.774594 0.0602813 -0.629531 -0.905187 0.0176562 -0.424531 -0.774188 0.0521563 -0.63075 -0.905062 0.013875 -0.424906 -0.898969 -0.008 -0.437875 -0.772875 0.0267188 -0.633875 -0.887906 -0.0215625 -0.459469 -0.773656 0.00446875 -0.633469 -0.856344 -0.0364688 -0.514969 -0.792844 -0.0242813 -0.608844 -0.822031 -0.0371875 -0.568219 0.936437 0.0225 -0.349969 0.936594 0.0190313 -0.349875 0.934 0.00553125 -0.357125 0.931219 0.0417188 -0.361969 0.928031 -0.00359375 -0.372438 0.923906 0.0541563 -0.378688 0.903656 -0.0145938 -0.427938 0.911094 0.0687812 -0.406344 0.898656 0.0791562 -0.431313 0.884531 -0.0137188 -0.466188 0.878781 0.0890938 -0.468688 0.868125 -0.00715625 -0.49625 0.863625 0.092 -0.495531 0.855687 0.00403125 -0.517375 0.84775 0.0827188 -0.523844 0.844906 0.0279375 -0.534094 0.846156 0.056 -0.529906 0.846969 0.0713437 -0.526781 0.905187 0.0209688 -0.424344 0.90525 0.0176562 -0.424344 0.902969 0.001625 -0.429563 0.901031 0.0415625 -0.431625 0.89775 -0.010125 -0.440313 0.892563 0.058625 -0.447031 0.872906 -0.0309375 -0.486844 0.871094 0.0823437 -0.484094 0.841906 -0.0387813 -0.538094 0.852969 0.0955 -0.513125 0.823687 0.106812 -0.556813 0.811719 -0.034375 -0.582906 0.796844 0.108031 -0.594375 0.78375 -0.0135312 -0.620844 0.777 0.093 -0.6225 0.772656 0.016875 -0.634562 0.775594 0.0764688 -0.6265 0.774406 0.0520625 -0.630531 0 -1 -0 0.966875 -0.255188 -0 0.9975 -0.0705938 -0 0.93475 -0.355188 -0 0.8715 -0.490281 -0 0.805094 -0.593094 -0 0.532344 -0.846438 -0 0.548063 -0.836344 -0 0.191031 -0.981531 -0 0.255031 -0.966875 -0 -0.0696875 -0.997563 -0 -0.357688 -0.933781 -0 -0.361469 -0.932375 -0 -0.700156 -0.713969 -0 -0.647219 -0.76225 -0 -0.926406 -0.3765 -0 -0.860219 -0.509875 -0 -0.956906 -0.290188 -0 -0.979406 -0.201656 -0 -0.989 -0.147719 -0 -0.987688 0.156312 -0 -0.989031 0.147625 -0 -0.956813 0.2905 -0 -0.85825 0.513188 -0 -0.858312 0.513031 -0 -0.645594 0.763656 -0 -0.629531 0.776906 -0 -0.3585 0.933469 -0 -0.34075 0.940094 -0 -0.0670938 0.997719 -0 0.200406 0.979688 -0 0.259156 0.965813 -0 0.551344 0.834219 -0 0.616188 0.787531 -0 0.806938 0.590563 -0 0.87975 0.475313 -0 0.948313 0.31725 -0 0.967094 0.254375 -0 0.987469 -0.157625 -0 0.989 -0.147813 -0 0.956719 -0.290844 -0 0.8585 -0.512781 -0 0.858063 -0.513438 -0 0.644813 -0.764313 -0 0.62825 -0.777969 -0 0.358 -0.933688 -0 0.339125 -0.940719 -0 0.0684687 -0.997594 -0 -0.200875 -0.979594 -0 -0.256719 -0.966469 -0 -0.549906 -0.835156 -0 -0.617063 -0.786844 -0 -0.806875 -0.590625 -0 -0.87975 -0.475313 -0 -0.948344 -0.317094 -0 -0.967094 -0.254375 -0 -0.966781 0.255406 -0 -0.9975 0.0705938 -0 -0.93475 0.355281 -0 -0.871281 0.490656 -0 -0.804875 0.593375 -0 -0.531531 0.847 -0 -0.547719 0.836656 -0 -0.187906 0.982156 -0 -0.254656 0.967 -0 0.0696875 0.997563 -0 0.358156 0.933594 -0 0.361469 0.932375 -0 0.700281 0.713781 -0 0.647625 0.761906 -0 0.926531 0.376125 -0 0.860844 0.508844 -0 0.957125 0.289469 -0 0.979469 0.201469 -0 0.989031 0.147344 -0 0.901281 0.0379063 -0.431406 0.913406 0.038375 -0.405156 0.925031 0.0355 -0.378062 0.891281 0.0331875 -0.452094 0.937063 0.0289687 -0.347813 0.883687 0.0239062 -0.467313 0.946375 0.01975 -0.32225 0.883594 0.013 -0.467969 0.950844 0.0113438 -0.309281 0.883656 0 -0.468031 0.952344 0.00578125 -0.304781 0.952875 0 -0.30325 0.883656 -0.00290625 -0.468031 0.952344 -0.00578125 -0.304781 0.883594 -0.0145938 -0.467906 0.950906 -0.0112813 -0.309219 0.9465 -0.019625 -0.322031 0.88375 -0.024 -0.467313 0.937156 -0.0289063 -0.347594 0.891406 -0.0332813 -0.451875 0.925188 -0.0355938 -0.37775 0.901469 -0.0379688 -0.431125 0.9135 -0.0382188 -0.404938 -0.952344 0.00578125 -0.304781 -0.952344 -0.0058125 -0.304781 -0.952875 0 -0.30325 -0.950906 0.0112813 -0.309219 -0.950844 -0.0113438 -0.309281 -0.9465 0.019625 -0.321969 -0.946375 -0.0198125 -0.322313 -0.937156 0.0289687 -0.347531 -0.937063 -0.0290625 -0.347906 -0.925188 0.0355625 -0.37775 -0.925 -0.0356563 -0.378125 -0.9135 0.0382813 -0.404875 -0.9135 -0.0378125 -0.405031 -0.901469 0.0379688 -0.431094 -0.901375 -0.0378125 -0.43125 -0.891375 0.0334375 -0.451969 -0.89125 -0.0336563 -0.452125 -0.883563 0.02425 -0.467656 -0.883531 -0.024125 -0.467719 -0.883375 0.01475 -0.468344</float_array>
					<technique_common>
						<accessor count="875" source="#ID27" stride="3">
							<param name="X" type="float"/>
							<param name="Y" type="float"/>
							<param name="Z" type="float"/>
						</accessor>
					</technique_common>
				</source>
				<source id="ID28">
					<float_array id="ID29" count="2" digits="2490374">0 1</float_array>
					<technique_common>
						<accessor count="1" source="#ID29" stride="2">
							<param name="S" type="float"/>
							<param name="T" type="float"/>
						</accessor>
					</technique_common>
				</source>
				<vertices id="ID30">
					<input semantic="POSITION" source="#ID24"/>
				</vertices>
				<polylist count="1194">
					<input offset="0" semantic="VERTEX" source="#ID30" set="0"/>
					<input offset="1" semantic="NORMAL" source="#ID26" set="0"/>
					<input offset="2" semantic="TEXCOORD" source="#ID28" set="0"/>
					<vcount>3 3 3 3 3 3 3 3 3 3 3 3 3 3 3 3 3 3 3 3 3 3 3 3 3 3 3 3 3 3 3 3 3 3 3 3 3 3 3 3 3 3 3 3 3 3 3 3 3 3 3 3 3 3 3 3 3 3 3 3 3 3 3 3 3 3 3 3 3 3 3 3 3 3 3 3 3 3 3 3 3 3 3 3 3 3 3 3 3 3 3 3 3 3 3 3 3 3 3 3 3 3 3 3 3 3 3 3 3 3 3 3 3 3 3 3 3 3 3 3 3 3 3 3 3 3 3 3 3 3 3 3 3 3 3 3 3 3 3 3 3 3 3 3 3 3 3 3 3 3 3 3 3 3 3 3 3 3 3 3 3 3 3 3 3 3 3 3 3 3 3 3 3 3 3 3 3 3 3 3 3 3 3 3 3 3 3 3 3 3 3 3 3 3 3 3 3 3 3 3 3 3 3 3 3 3 3 3 3 3 3 3 3 3 3 3 3 3 3 3 3 3 3 3 3 3 3 3 3 3 3 3 3 3 3 3 3 3 3 3 3 3 3 3 3 3 3 3 3 3 3 3 3 3 3 3 3 3 3 3 3 3 3 3 3 3 3 3 3 3 3 3 3 3 3 3 3 3 3 3 3 3 3 3 3 3 3 3 3 3 3 3 3 3 3 3 3 3 3 3 3 3 3 3 3 3 3 3 3 3 3 3 3 3 3 3 3 3 3 3 3 3 3 3 3 3 3 3 3 3 3 3 3 3 3 3 3 3 3 3 3 3 3 3 3 3 3 3 3 3 3 3 3 3 3 3 3 3 3 3 3 3 3 3 3 3 3 3 3 3 3 3 3 3 3 3 3 3 3 3 3 3 3 3 3 3 3 3 3 3 3 3 3 3 3 3 3 3 3 3 3 3 3 3 3 3 3 3 3 3 3 3 3 3 3 3 3 3 3 3 3 3 3 3 3 3 3 3 3 3 3 3 3 3 3 3 3 3 3 3 3 3 3 3 3 3 3 3 3 3 3 3 3 3 3 3 3 3 3 3 3 3 3 3 3 3 3 3 3 3 3 3 3 3 3 3 3 3 3 3 3 3 3 3 3 3 3 3 3 3 3 3 3 3 3 3 3 3 3 3 3 3 3 3 3 3 3 3 3 3 3 3 3 3 3 3 3 3 3 3 3 3 3 3 3 3 3 3 3 3 3 3 3 3 3 3 3 3 3 3 3 3 3 3 3 3 3 3 3 3 3 3 3 3 3 3 3 3 3 3 3 3 3 3 3 3 3 3 3 3 3 3 3 3 3 3 3 3 3 3 3 3 3 3 3 3 3 3 3 3 3 3 3 3 3 3 3 3 3 3 3 3 3 3 3 3 3 3 3 3 3 3 3 3 3 3 3 3 3 3 3 3 3 3 3 3 3 3 3 3 3 3 3 3 3 3 3 3 3 3 3 3 3 3 3 3 3 3 3 3 3 3 3 3 3 3 3 3 3 3 3 3 3 3 3 3 3 3 3 3 3 3 3 3 3 3 3 3 3 3 3 3 3 3 3 3 3 3 3 3 3 3 3 3 3 3 3 3 3 3 3 3 3 3 3 3 3 3 3 3 3 3 3 3 3 3 3 3 3 3 3 3 3 3 3 3 3 3 3 3 3 3 3 3 3 3 3 3 3 3 3 3 3 3 3 3 3 3 3 3 3 3 3 3 3 3 3 3 3 3 3 3 3 3 3 3 3 3 3 3 3 3 3 3 3 3 3 3 3 3 3 3 3 3 3 3 3 3 3 3 3 3 3 3 3 3 3 3 3 3 3 3 3 3 3 3 3 3 3 3 3 3 3 3 3 3 3 3 3 3 3 3 3 3 3 3 3 3 3 3 3 3 3 3 3 3 3 3 3 3 3 3 3 3 3 3 3 3 3 3 3 3 3 3 3 3 3 3 3 3 3 3 3 3 3 3 3 3 3 3 3 3 3 3 3 3 3 3 3 3 3 3 3 3 3 3 3 3 3 3 3 3 3 3 3 3 3 3 3 3 3 3 3 3 3 3 3 3 3 3 3 3 3 3 3 3 3 3 3 3 3 3 3 3 3 3 3 3 3 3 3 3 3 3 3 3 3 3 3 3 3 3 3 3 3 3 3 3 3 3 3 3 3 3 3 3 3 3 3 3 3 3 3 3 3 3 3 3 3 3 3 3 3 3 3 3 3 3 3 3 3 3 3 3 3 3 3 3 3 3 3 3 3 3 3 3 3 3 3 3 3 3 3 3 3 3 3 3 3 3 3 3 3 3 3 3 3 3 3 3 3 3 3 3 3 3 3 3 3 3 3 3 3 3 3 3 3 3 3 3 3 3 3 3 3 3 3 3 3 3 3 3 3 3 3 3 3 3 3 3 3 3 3 3 3 3 3 3 3 3 3 3 3 3 3 3 3 3 3 3 3 3 3 3 3 3 3 3 3 3 3 3 3 3 3 3 3 3 3 3 3 3 3 3 3 3 3 3 3 3 3 3 3 3 3 3 3 3 3 3 3 3 3 3 3 3 3 3 3 3 3 3 3 3 3 3 3 3 3 3 3 3 3 3 3 3 3 3 3 3 3 3 3 3 3 3 3 3 3 3 3 3 3 3 3 3 3 3 3 3 3 3 3 3 3 3 3 3 3 3 3 3 3 3 3 3 3 3 3 3 3 3 3 3</vcount>
					<p>52 2 0 51 1 0 12 0 0 12 0 0 51 1 0 54 3 0 54 3 0 51 1 0 15 4 0 54 3 0 15 4 0 55 5 0 55 5 0 15 4 0 49 6 0 55 5 0 49 6 0 28 7 0 28 7 0 49 6 0 18 8 0 28 7 0 18 8 0 36 9 0 28 7 0 36 9 0 8 10 0 8 10 0 36 9 0 35 11 0 8 10 0 35 11 0 7 12 0 7 12 0 35 11 0 34 13 0 7 12 0 34 13 0 31 14 0 31 14 0 34 13 0 4 15 0 31 14 0 4 15 0 32 16 0 19 17 0 103 18 0 18 17 0 18 17 0 103 18 0 36 19 0 36 19 0 103 18 0 35 20 0 35 20 0 103 18 0 21 21 0 35 20 0 21 21 0 34 22 0 22 23 0 34 22 0 21 21 0 34 22 0 22 23 0 4 24 0 100 25 0 4 24 0 22 23 0 4 24 0 100 25 0 32 26 0 31 27 0 32 26 0 100 25 0 24 28 0 31 27 0 100 25 0 31 27 0 24 28 0 25 29 0 31 27 0 25 29 0 7 30 0 26 31 0 7 30 0 25 29 0 7 30 0 26 31 0 8 32 0 8 32 0 26 31 0 38 33 0 8 32 0 38 33 0 28 33 0 38 33 0 95 34 0 28 33 0 28 33 0 95 34 0 55 35 0 54 36 0 55 35 0 95 34 0 94 37 0 54 36 0 95 34 0 54 36 0 94 37 0 41 38 0 12 39 0 54 36 0 41 38 0 42 40 0 12 39 0 41 38 0 12 39 0 42 40 0 52 41 0 91 42 0 52 41 0 42 40 0 52 41 0 91 42 0 51 43 0 51 43 0 91 42 0 90 44 0 45 45 0 51 43 0 90 44 0 51 43 0 45 45 0 15 46 0 15 46 0 45 45 0 46 47 0 15 46 0 46 47 0 49 48 0 49 48 0 46 47 0 18 17 0 18 17 0 46 47 0 19 17 0 243 51 0 296 50 0 146 49 0 148 52 0 146 49 0 296 50 0 61 53 0 148 52 0 296 50 0 243 51 0 146 49 0 162 51 0 162 51 0 146 49 0 147 54 0 148 52 0 61 53 0 145 55 0 145 55 0 61 53 0 62 56 0 293 57 0 145 55 0 62 56 0 148 52 0 145 55 0 146 49 0 146 49 0 145 55 0 143 58 0 146 49 0 143 58 0 147 54 0 147 54 0 143 58 0 144 59 0 162 51 0 147 54 0 85 60 0 147 54 0 144 59 0 85 60 0 145 55 0 293 57 0 142 61 0 64 62 0 142 61 0 293 57 0 145 55 0 142 61 0 143 58 0 143 58 0 142 61 0 140 63 0 143 58 0 140 63 0 144 59 0 144 59 0 140 63 0 141 64 0 85 60 0 144 59 0 84 65 0 144 59 0 141 64 0 84 65 0 142 61 0 64 62 0 139 66 0 65 67 0 139 66 0 64 62 0 142 61 0 139 66 0 140 63 0 140 63 0 139 66 0 137 68 0 140 63 0 137 68 0 141 64 0 141 64 0 137 68 0 138 69 0 84 65 0 141 64 0 431 70 0 141 64 0 138 69 0 431 70 0 139 66 0 65 67 0 136 71 0 66 72 0 136 71 0 65 67 0 139 66 0 136 71 0 137 68 0 137 68 0 136 71 0 134 73 0 137 68 0 134 73 0 138 69 0 138 69 0 134 73 0 135 74 0 431 70 0 138 69 0 82 75 0 138 69 0 135 74 0 82 75 0 136 71 0 66 72 0 133 76 0 67 77 0 133 76 0 66 72 0 136 71 0 133 76 0 134 73 0 134 73 0 133 76 0 131 78 0 134 73 0 131 78 0 135 74 0 135 74 0 131 78 0 132 79 0 82 75 0 135 74 0 81 80 0 135 74 0 132 79 0 81 80 0 81 80 0 132 79 0 80 81 0 94 82 0 133 76 0 67 77 0 41 84 0 67 77 0 42 83 0 67 77 0 41 84 0 94 82 0 133 76 0 94 82 0 95 85 0 133 76 0 95 85 0 38 86 0 133 76 0 38 86 0 131 78 0 129 87 0 131 78 0 38 86 0 129 87 0 38 86 0 26 88 0 129 87 0 26 88 0 25 89 0 129 87 0 25 89 0 24 90 0 100 91 0 129 87 0 24 90 0 131 78 0 129 87 0 132 79 0 132 79 0 129 87 0 130 92 0 80 81 0 132 79 0 435 93 0 80 81 0 435 93 0 434 94 0 132 79 0 130 92 0 435 93 0 435 93 0 130 92 0 436 95 0 80 81 0 434 94 0 79 96 0 79 96 0 434 94 0 113 97 0 114 98 0 79 96 0 113 97 0 288 99 0 42 83 0 67 77 0 91 100 0 42 83 0 288 99 0 69 101 0 91 100 0 288 99 0 69 101 0 128 102 0 91 100 0 129 87 0 100 91 0 126 103 0 126 103 0 100 91 0 22 104 0 21 105 0 126 103 0 22 104 0 129 87 0 126 103 0 130 92 0 130 92 0 126 103 0 127 106 0 436 95 0 130 92 0 109 107 0 130 92 0 127 106 0 109 107 0 109 107 0 127 106 0 438 108 0 79 96 0 114 98 0 78 109 0 78 109 0 114 98 0 458 110 0 78 109 0 458 110 0 77 111 0 128 102 0 69 101 0 124 112 0 70 113 0 124 112 0 69 101 0 91 100 0 128 102 0 90 114 0 128 102 0 124 112 0 90 114 0 90 114 0 124 112 0 45 115 0 45 115 0 124 112 0 46 116 0 46 116 0 124 112 0 19 117 0 126 103 0 21 105 0 121 118 0 121 118 0 21 105 0 103 119 0 121 118 0 103 119 0 19 117 0 121 118 0 19 117 0 124 112 0 126 103 0 121 118 0 127 106 0 127 106 0 121 118 0 122 120 0 457 121 0 77 111 0 458 110 0 77 111 0 457 121 0 76 122 0 76 122 0 457 121 0 117 123 0 76 122 0 117 123 0 118 124 0 76 122 0 118 124 0 441 125 0 438 108 0 127 106 0 439 126 0 127 106 0 122 120 0 439 126 0 439 126 0 122 120 0 440 127 0 440 127 0 122 120 0 441 125 0 441 125 0 122 120 0 76 122 0 124 112 0 70 113 0 125 128 0 285 129 0 125 128 0 70 113 0 124 112 0 125 128 0 121 118 0 121 118 0 125 128 0 120 130 0 121 118 0 120 130 0 122 120 0 122 120 0 120 130 0 123 131 0 76 122 0 122 120 0 387 132 0 122 120 0 123 131 0 387 132 0 125 128 0 285 129 0 120 130 0 341 33 0 120 130 0 292 33 0 120 130 0 285 129 0 292 33 0 341 33 0 123 131 0 120 130 0 387 132 0 123 131 0 74 133 0 341 33 0 74 133 0 123 131 0 255 17 0 242 134 0 414 17 0 414 17 0 242 134 0 175 135 0 242 134 0 239 136 0 175 135 0 175 135 0 239 136 0 240 137 0 255 17 0 150 138 0 242 134 0 241 139 0 242 134 0 150 138 0 241 139 0 239 136 0 242 134 0 253 140 0 241 139 0 150 138 0 241 139 0 253 140 0 238 141 0 152 142 0 238 141 0 253 140 0 184 144 0 185 143 0 241 139 0 560 145 0 239 136 0 241 139 0 241 139 0 185 143 0 560 145 0 241 139 0 238 141 0 184 144 0 236 146 0 239 136 0 560 145 0 236 146 0 560 145 0 559 147 0 236 146 0 559 147 0 188 148 0 189 149 0 236 146 0 188 148 0 239 136 0 236 146 0 240 137 0 240 137 0 236 146 0 237 150 0 175 135 0 240 137 0 416 151 0 240 137 0 237 150 0 416 151 0 416 151 0 237 150 0 202 152 0 416 151 0 202 152 0 590 153 0 416 151 0 590 153 0 417 154 0 202 152 0 237 150 0 572 155 0 572 155 0 237 150 0 573 156 0 417 154 0 590 153 0 204 157 0 417 154 0 204 157 0 205 158 0 597 159 0 417 154 0 205 158 0 533 160 0 238 141 0 152 142 0 533 160 0 152 142 0 534 161 0 535 162 0 534 161 0 152 142 0 251 163 0 535 162 0 152 142 0 184 144 0 238 141 0 533 160 0 251 163 0 235 164 0 535 162 0 236 146 0 189 149 0 233 165 0 233 165 0 189 149 0 190 166 0 233 165 0 190 166 0 191 167 0 233 165 0 191 167 0 554 168 0 553 169 0 233 165 0 554 168 0 236 146 0 233 165 0 237 150 0 237 150 0 233 165 0 234 170 0 573 156 0 237 150 0 574 171 0 237 150 0 234 170 0 574 171 0 574 171 0 234 170 0 198 172 0 198 172 0 234 170 0 576 173 0 576 173 0 234 170 0 577 174 0 577 174 0 234 170 0 592 175 0 417 154 0 597 159 0 172 176 0 172 176 0 597 159 0 596 177 0 172 176 0 596 177 0 595 178 0 172 176 0 595 178 0 419 179 0 595 178 0 209 180 0 419 179 0 209 180 0 593 181 0 419 179 0 593 181 0 592 175 0 419 179 0 235 164 0 251 163 0 232 182 0 154 183 0 232 182 0 251 163 0 535 162 0 235 164 0 536 184 0 235 164 0 232 182 0 536 184 0 536 184 0 232 182 0 537 185 0 537 185 0 232 182 0 538 186 0 233 165 0 553 169 0 230 187 0 230 187 0 553 169 0 538 186 0 230 187 0 538 186 0 232 182 0 233 165 0 230 187 0 234 170 0 234 170 0 230 187 0 231 188 0 592 175 0 234 170 0 419 179 0 234 170 0 231 188 0 419 179 0 419 179 0 231 188 0 170 189 0 232 182 0 154 183 0 229 190 0 249 191 0 229 190 0 154 183 0 232 182 0 229 190 0 230 187 0 230 187 0 229 190 0 227 192 0 230 187 0 227 192 0 231 188 0 231 188 0 227 192 0 228 193 0 170 189 0 231 188 0 169 194 0 231 188 0 228 193 0 169 194 0 169 194 0 228 193 0 168 195 0 229 190 0 249 191 0 226 196 0 156 197 0 226 196 0 249 191 0 229 190 0 226 196 0 227 192 0 227 192 0 226 196 0 224 198 0 227 192 0 224 198 0 228 193 0 228 193 0 224 198 0 225 199 0 168 195 0 228 193 0 167 200 0 228 193 0 225 199 0 167 200 0 226 196 0 156 197 0 223 201 0 247 202 0 223 201 0 156 197 0 226 196 0 223 201 0 224 198 0 224 198 0 223 201 0 221 203 0 224 198 0 221 203 0 225 199 0 225 199 0 221 203 0 222 204 0 167 200 0 225 199 0 424 205 0 225 199 0 222 204 0 424 205 0 223 201 0 247 202 0 220 206 0 246 207 0 220 206 0 247 202 0 223 201 0 220 206 0 221 203 0 221 203 0 220 206 0 218 208 0 221 203 0 218 208 0 222 204 0 222 204 0 218 208 0 219 209 0 424 205 0 222 204 0 425 210 0 222 204 0 219 209 0 425 210 0 220 206 0 246 207 0 216 211 0 159 212 0 216 211 0 246 207 0 220 206 0 216 211 0 218 208 0 218 208 0 216 211 0 213 213 0 218 208 0 213 213 0 219 209 0 219 209 0 213 213 0 214 214 0 425 210 0 219 209 0 426 215 0 219 209 0 214 214 0 426 215 0 216 211 0 159 212 0 217 216 0 217 216 0 159 212 0 244 217 0 243 51 0 217 216 0 244 217 0 216 211 0 217 216 0 213 213 0 213 213 0 217 216 0 212 218 0 213 213 0 212 218 0 214 214 0 214 214 0 212 218 0 215 219 0 426 215 0 214 214 0 163 220 0 214 214 0 215 219 0 163 220 0 217 216 0 243 51 0 212 218 0 162 51 0 212 218 0 243 51 0 162 51 0 215 219 0 212 218 0 163 220 0 215 219 0 162 51 0 540 17 0 257 17 0 320 221 0 320 221 0 257 17 0 443 222 0 447 223 0 320 221 0 443 222 0 320 221 0 447 223 0 319 224 0 448 225 0 319 224 0 447 223 0 319 224 0 448 225 0 318 226 0 449 227 0 318 226 0 448 225 0 318 226 0 449 227 0 317 228 0 262 229 0 317 228 0 449 227 0 317 228 0 262 229 0 316 230 0 450 231 0 316 230 0 262 229 0 316 230 0 450 231 0 315 232 0 453 233 0 315 232 0 450 231 0 315 232 0 453 233 0 314 234 0 454 235 0 314 234 0 453 233 0 314 234 0 454 235 0 313 236 0 455 237 0 313 236 0 454 235 0 313 236 0 455 237 0 312 238 0 267 239 0 312 238 0 455 237 0 312 238 0 267 239 0 311 240 0 456 241 0 311 240 0 267 239 0 311 240 0 456 241 0 310 242 0 269 243 0 310 242 0 456 241 0 310 242 0 269 243 0 309 244 0 309 244 0 269 243 0 459 245 0 308 246 0 309 244 0 459 245 0 271 247 0 308 246 0 459 245 0 308 246 0 271 247 0 307 248 0 388 249 0 307 248 0 271 247 0 307 248 0 388 249 0 306 250 0 389 251 0 306 250 0 388 249 0 306 250 0 389 251 0 305 252 0 274 253 0 305 252 0 389 251 0 305 252 0 274 253 0 304 254 0 392 255 0 304 254 0 274 253 0 304 254 0 392 255 0 303 256 0 394 257 0 303 256 0 392 255 0 303 256 0 394 257 0 302 258 0 277 259 0 302 258 0 394 257 0 302 258 0 277 259 0 301 260 0 278 261 0 301 260 0 277 259 0 301 260 0 278 261 0 300 262 0 279 263 0 300 262 0 278 261 0 300 262 0 279 263 0 299 264 0 396 265 0 299 264 0 279 263 0 299 264 0 396 265 0 298 266 0 298 266 0 396 265 0 398 267 0 401 268 0 298 266 0 398 267 0 292 33 0 298 266 0 291 269 0 298 266 0 401 268 0 291 269 0 540 17 0 320 221 0 255 17 0 255 17 0 320 221 0 150 270 0 150 270 0 320 221 0 253 271 0 320 221 0 319 224 0 253 271 0 253 271 0 319 224 0 152 272 0 319 224 0 318 226 0 152 272 0 152 272 0 318 226 0 251 273 0 318 226 0 317 228 0 251 273 0 251 273 0 317 228 0 154 274 0 317 228 0 316 230 0 154 274 0 316 230 0 315 232 0 154 274 0 154 274 0 315 232 0 249 275 0 315 232 0 314 234 0 249 275 0 249 275 0 314 234 0 156 276 0 314 234 0 313 236 0 156 276 0 156 276 0 313 236 0 247 277 0 313 236 0 312 238 0 247 277 0 247 277 0 312 238 0 246 278 0 246 278 0 312 238 0 159 279 0 312 238 0 311 240 0 159 279 0 311 240 0 310 242 0 159 279 0 159 279 0 310 242 0 244 280 0 244 280 0 310 242 0 243 51 0 310 242 0 309 244 0 243 51 0 309 244 0 308 246 0 243 51 0 243 51 0 308 246 0 296 281 0 296 281 0 308 246 0 61 282 0 308 246 0 307 248 0 61 282 0 61 282 0 307 248 0 62 283 0 307 248 0 306 250 0 62 283 0 62 283 0 306 250 0 293 284 0 306 250 0 305 252 0 293 284 0 293 284 0 305 252 0 64 285 0 305 252 0 304 254 0 64 285 0 304 254 0 303 256 0 64 285 0 64 285 0 303 256 0 65 286 0 303 256 0 302 258 0 65 286 0 65 286 0 302 258 0 66 287 0 302 258 0 301 260 0 66 287 0 66 287 0 301 260 0 67 288 0 301 260 0 300 262 0 67 288 0 67 288 0 300 262 0 288 289 0 288 289 0 300 262 0 69 290 0 300 262 0 299 264 0 69 290 0 69 290 0 299 264 0 70 113 0 299 264 0 298 266 0 70 113 0 70 113 0 298 266 0 285 291 0 292 33 0 285 291 0 298 266 0 292 33 0 380 292 0 341 33 0 341 33 0 380 292 0 390 293 0 380 292 0 377 294 0 390 293 0 390 293 0 377 294 0 378 295 0 292 33 0 250 296 0 380 292 0 379 297 0 380 292 0 250 296 0 379 297 0 377 294 0 380 292 0 263 298 0 379 297 0 250 296 0 379 297 0 263 298 0 376 299 0 376 299 0 263 298 0 275 300 0 346 301 0 376 299 0 275 300 0 379 297 0 376 299 0 377 294 0 377 294 0 376 299 0 374 302 0 377 294 0 374 302 0 378 295 0 378 295 0 374 302 0 375 303 0 390 293 0 378 295 0 391 304 0 378 295 0 375 303 0 391 304 0 391 304 0 375 303 0 338 305 0 376 299 0 346 301 0 373 306 0 347 307 0 373 306 0 346 301 0 376 299 0 373 306 0 374 302 0 374 302 0 373 306 0 371 308 0 374 302 0 371 308 0 375 303 0 375 303 0 371 308 0 372 309 0 338 305 0 375 303 0 393 310 0 375 303 0 372 309 0 393 310 0 373 306 0 347 307 0 370 311 0 333 312 0 370 311 0 347 307 0 373 306 0 370 311 0 371 308 0 371 308 0 370 311 0 368 313 0 371 308 0 368 313 0 372 309 0 372 309 0 368 313 0 369 314 0 393 310 0 372 309 0 336 315 0 372 309 0 369 314 0 336 315 0 336 315 0 369 314 0 395 316 0 370 311 0 333 312 0 367 317 0 349 318 0 367 317 0 333 312 0 370 311 0 367 317 0 368 313 0 368 313 0 367 317 0 365 319 0 368 313 0 365 319 0 369 314 0 369 314 0 365 319 0 366 320 0 395 316 0 369 314 0 334 321 0 369 314 0 366 320 0 334 321 0 367 317 0 349 318 0 364 322 0 598 323 0 364 322 0 349 318 0 367 317 0 364 322 0 365 319 0 365 319 0 364 322 0 362 324 0 365 319 0 362 324 0 366 320 0 366 320 0 362 324 0 363 325 0 334 321 0 366 320 0 397 326 0 366 320 0 363 325 0 397 326 0 364 322 0 598 323 0 361 327 0 323 328 0 361 327 0 598 323 0 364 322 0 361 327 0 362 324 0 362 324 0 361 327 0 359 329 0 362 324 0 359 329 0 363 325 0 363 325 0 359 329 0 360 330 0 397 326 0 363 325 0 332 331 0 363 325 0 360 330 0 332 331 0 361 327 0 323 328 0 358 332 0 324 333 0 358 332 0 323 328 0 361 327 0 358 332 0 359 329 0 359 329 0 358 332 0 356 334 0 359 329 0 356 334 0 360 330 0 360 330 0 356 334 0 357 335 0 332 331 0 360 330 0 399 336 0 360 330 0 357 335 0 399 336 0 358 332 0 324 333 0 354 337 0 594 338 0 354 337 0 324 333 0 358 332 0 354 337 0 356 334 0 356 334 0 354 337 0 351 339 0 356 334 0 351 339 0 357 335 0 357 335 0 351 339 0 352 340 0 399 336 0 357 335 0 400 341 0 357 335 0 352 340 0 400 341 0 354 337 0 594 338 0 355 342 0 452 343 0 355 342 0 594 338 0 354 337 0 355 342 0 351 339 0 351 339 0 355 342 0 350 344 0 351 339 0 350 344 0 352 340 0 352 340 0 350 344 0 353 345 0 400 341 0 352 340 0 329 346 0 352 340 0 353 345 0 329 346 0 473 347 0 350 344 0 355 342 0 472 347 0 350 344 0 473 347 0 355 342 0 452 343 0 473 347 0 472 347 0 353 345 0 350 344 0 329 346 0 353 345 0 472 347 0 163 348 0 162 348 0 85 348 0 163 348 0 85 348 0 84 348 0 163 348 0 84 348 0 426 348 0 426 348 0 84 348 0 425 348 0 425 348 0 84 348 0 431 348 0 425 348 0 431 348 0 424 348 0 424 348 0 431 348 0 167 348 0 167 348 0 431 348 0 82 348 0 167 348 0 82 348 0 168 348 0 168 348 0 82 348 0 81 348 0 168 348 0 81 348 0 169 348 0 169 348 0 81 348 0 80 348 0 169 348 0 80 348 0 170 348 0 170 348 0 80 348 0 419 348 0 419 348 0 80 348 0 79 348 0 419 348 0 79 348 0 172 348 0 172 348 0 79 348 0 78 348 0 172 348 0 78 348 0 77 348 0 172 348 0 77 348 0 417 348 0 417 348 0 77 348 0 76 348 0 417 348 0 76 348 0 416 348 0 416 348 0 76 348 0 387 348 0 416 348 0 387 348 0 175 348 0 175 348 0 387 348 0 74 348 0 175 348 0 74 348 0 414 348 0 414 348 0 74 348 0 341 348 0 414 348 0 341 348 0 390 348 0 414 348 0 390 348 0 488 348 0 488 348 0 390 348 0 391 348 0 488 348 0 391 348 0 412 348 0 412 348 0 391 348 0 338 348 0 412 348 0 338 348 0 490 348 0 490 348 0 338 348 0 393 348 0 490 348 0 393 348 0 491 348 0 491 348 0 393 348 0 336 348 0 491 348 0 336 348 0 395 348 0 491 348 0 395 348 0 409 348 0 409 348 0 395 348 0 334 348 0 409 348 0 334 348 0 493 348 0 493 348 0 334 348 0 397 348 0 493 348 0 397 348 0 407 348 0 407 348 0 397 348 0 332 348 0 407 348 0 332 348 0 399 348 0 407 348 0 399 348 0 406 348 0 406 348 0 399 348 0 405 348 0 405 348 0 399 348 0 400 348 0 405 348 0 400 348 0 497 348 0 497 348 0 400 348 0 329 348 0 497 348 0 329 348 0 403 348 0 403 348 0 329 348 0 472 348 0 434 33 0 435 349 0 451 33 0 451 33 0 435 349 0 290 350 0 290 350 0 435 349 0 289 351 0 289 351 0 435 349 0 436 352 0 109 353 0 289 351 0 436 352 0 109 353 0 287 354 0 289 351 0 286 355 0 287 354 0 109 353 0 438 356 0 286 355 0 109 353 0 286 355 0 438 356 0 446 357 0 439 358 0 446 357 0 438 356 0 446 357 0 439 358 0 445 359 0 440 360 0 445 359 0 439 358 0 445 359 0 440 360 0 444 361 0 444 361 0 440 360 0 284 362 0 284 362 0 440 360 0 441 17 0 284 362 0 441 17 0 283 17 0 441 17 0 118 363 0 283 17 0 283 17 0 118 363 0 470 364 0 470 364 0 118 363 0 282 365 0 282 365 0 118 363 0 117 366 0 282 365 0 117 366 0 468 367 0 457 368 0 468 367 0 117 366 0 457 368 0 281 369 0 468 367 0 466 370 0 281 369 0 457 368 0 458 371 0 466 370 0 457 368 0 466 370 0 458 371 0 465 372 0 114 373 0 465 372 0 458 371 0 465 372 0 114 373 0 280 374 0 276 375 0 280 374 0 114 373 0 113 376 0 276 375 0 114 373 0 276 375 0 113 376 0 434 33 0 276 375 0 434 33 0 451 33 0 473 347 0 474 378 0 527 377 0 529 379 0 527 377 0 474 378 0 418 380 0 529 379 0 474 378 0 473 347 0 527 377 0 472 347 0 472 347 0 527 377 0 528 381 0 529 379 0 418 380 0 526 382 0 526 382 0 418 380 0 476 383 0 297 384 0 526 382 0 476 383 0 529 379 0 526 382 0 527 377 0 527 377 0 526 382 0 524 385 0 527 377 0 524 385 0 528 381 0 528 381 0 524 385 0 525 386 0 472 347 0 528 381 0 403 387 0 528 381 0 525 386 0 403 387 0 403 387 0 525 386 0 497 388 0 526 382 0 297 384 0 523 389 0 478 390 0 523 389 0 297 384 0 526 382 0 523 389 0 524 385 0 524 385 0 523 389 0 521 391 0 524 385 0 521 391 0 525 386 0 525 386 0 521 391 0 522 392 0 497 388 0 525 386 0 405 393 0 525 386 0 522 392 0 405 393 0 405 393 0 522 392 0 406 394 0 523 389 0 478 390 0 520 395 0 294 396 0 520 395 0 478 390 0 523 389 0 520 395 0 521 391 0 521 391 0 520 395 0 518 397 0 521 391 0 518 397 0 522 392 0 522 392 0 518 397 0 519 398 0 406 394 0 522 392 0 407 399 0 522 392 0 519 398 0 407 399 0 520 395 0 294 396 0 517 400 0 480 401 0 517 400 0 294 396 0 520 395 0 517 400 0 518 397 0 518 397 0 517 400 0 515 402 0 518 397 0 515 402 0 519 398 0 519 398 0 515 402 0 516 403 0 407 399 0 519 398 0 493 404 0 519 398 0 516 403 0 493 404 0 517 400 0 480 401 0 514 405 0 481 406 0 514 405 0 480 401 0 517 400 0 514 405 0 515 402 0 515 402 0 514 405 0 512 407 0 515 402 0 512 407 0 516 403 0 516 403 0 512 407 0 513 408 0 493 404 0 516 403 0 409 409 0 516 403 0 513 408 0 409 409 0 514 405 0 481 406 0 511 410 0 211 411 0 511 410 0 481 406 0 514 405 0 511 410 0 512 407 0 512 407 0 511 410 0 509 412 0 512 407 0 509 412 0 513 408 0 513 408 0 509 412 0 510 413 0 409 409 0 513 408 0 491 414 0 513 408 0 510 413 0 491 414 0 511 410 0 211 411 0 508 415 0 194 416 0 508 415 0 211 411 0 511 410 0 508 415 0 509 412 0 509 412 0 508 415 0 506 417 0 509 412 0 506 417 0 510 413 0 510 413 0 506 417 0 507 418 0 491 414 0 510 413 0 490 419 0 510 413 0 507 418 0 490 419 0 508 415 0 194 416 0 504 420 0 484 421 0 504 420 0 194 416 0 508 415 0 504 420 0 506 417 0 506 417 0 504 420 0 501 422 0 506 417 0 501 422 0 507 418 0 507 418 0 501 422 0 502 423 0 490 419 0 507 418 0 412 424 0 507 418 0 502 423 0 412 424 0 504 420 0 484 421 0 505 425 0 485 426 0 505 425 0 484 421 0 504 420 0 505 425 0 501 422 0 501 422 0 505 425 0 500 427 0 501 422 0 500 427 0 502 423 0 502 423 0 500 427 0 503 428 0 412 424 0 502 423 0 488 429 0 502 423 0 503 428 0 488 429 0 505 425 0 485 426 0 500 427 0 414 17 0 500 427 0 255 17 0 500 427 0 485 426 0 255 17 0 414 17 0 503 428 0 500 427 0 488 429 0 503 428 0 414 17 0 560 33 0 185 430 0 549 33 0 549 33 0 185 430 0 270 431 0 270 431 0 185 430 0 547 432 0 547 432 0 185 430 0 184 433 0 547 432 0 184 433 0 546 434 0 533 435 0 546 434 0 184 433 0 546 434 0 533 435 0 268 436 0 266 437 0 268 436 0 533 435 0 543 438 0 266 437 0 533 435 0 534 439 0 543 438 0 533 435 0 542 440 0 543 438 0 534 439 0 535 441 0 542 440 0 534 439 0 542 440 0 535 441 0 536 442 0 542 440 0 536 442 0 265 443 0 537 444 0 265 443 0 536 442 0 265 443 0 537 444 0 264 445 0 264 445 0 537 444 0 538 17 0 264 445 0 538 17 0 551 17 0 538 17 0 553 446 0 551 17 0 551 17 0 553 446 0 568 447 0 554 448 0 568 447 0 553 446 0 568 447 0 554 448 0 567 449 0 191 450 0 567 449 0 554 448 0 567 449 0 191 450 0 566 451 0 566 451 0 191 450 0 565 452 0 190 453 0 565 452 0 191 450 0 565 452 0 190 453 0 273 454 0 273 454 0 190 453 0 189 455 0 273 454 0 189 455 0 272 456 0 188 457 0 272 456 0 189 455 0 272 456 0 188 457 0 562 458 0 562 458 0 188 457 0 559 459 0 562 458 0 559 459 0 549 33 0 549 33 0 559 459 0 560 33 0 590 33 0 202 460 0 569 33 0 569 33 0 202 460 0 259 461 0 259 461 0 202 460 0 587 462 0 587 462 0 202 460 0 572 463 0 587 462 0 572 463 0 586 464 0 258 465 0 586 464 0 572 463 0 573 466 0 258 465 0 572 463 0 584 467 0 258 465 0 573 466 0 256 468 0 584 467 0 573 466 0 574 469 0 256 468 0 573 466 0 256 468 0 574 469 0 198 470 0 256 468 0 198 470 0 254 471 0 576 472 0 254 471 0 198 470 0 254 471 0 576 472 0 252 473 0 580 474 0 252 473 0 576 472 0 577 475 0 580 474 0 576 472 0 580 474 0 577 475 0 592 17 0 580 474 0 592 17 0 591 17 0 592 17 0 593 476 0 591 17 0 591 17 0 593 476 0 261 477 0 261 477 0 593 476 0 209 478 0 595 479 0 261 477 0 209 478 0 595 479 0 433 480 0 261 477 0 596 481 0 433 480 0 595 479 0 433 480 0 596 481 0 442 482 0 442 482 0 596 481 0 260 483 0 597 484 0 260 483 0 596 481 0 260 483 0 597 484 0 471 485 0 205 486 0 471 485 0 597 484 0 471 485 0 205 486 0 499 487 0 499 487 0 205 486 0 204 488 0 499 487 0 204 488 0 550 489 0 550 489 0 204 488 0 590 33 0 550 489 0 590 33 0 569 33 0 291 33 0 402 491 0 541 490 0 173 492 0 541 490 0 402 491 0 541 490 0 173 492 0 544 493 0 404 494 0 544 493 0 173 492 0 544 493 0 404 494 0 545 495 0 119 496 0 545 495 0 404 494 0 545 495 0 119 496 0 548 497 0 408 498 0 548 497 0 119 496 0 548 497 0 408 498 0 552 499 0 104 500 0 552 499 0 408 498 0 552 499 0 104 500 0 555 501 0 96 502 0 555 501 0 104 500 0 555 501 0 96 502 0 556 503 0 86 504 0 556 503 0 96 502 0 556 503 0 86 504 0 557 505 0 71 506 0 557 505 0 86 504 0 557 505 0 71 506 0 558 507 0 410 508 0 558 507 0 71 506 0 558 507 0 410 508 0 561 509 0 411 510 0 561 509 0 410 508 0 561 509 0 411 510 0 563 511 0 413 512 0 563 511 0 411 510 0 563 511 0 413 512 0 564 513 0 564 513 0 413 512 0 498 514 0 570 515 0 564 513 0 498 514 0 0 516 0 570 515 0 498 514 0 570 515 0 0 516 0 571 517 0 17 518 0 571 517 0 0 516 0 571 517 0 17 518 0 575 519 0 530 520 0 575 519 0 17 518 0 575 519 0 530 520 0 578 521 0 531 522 0 578 521 0 530 520 0 578 521 0 531 522 0 579 523 0 23 524 0 579 523 0 531 522 0 579 523 0 23 524 0 581 525 0 37 526 0 581 525 0 23 524 0 581 525 0 37 526 0 582 527 0 532 528 0 582 527 0 37 526 0 582 527 0 532 528 0 583 529 0 57 530 0 583 529 0 532 528 0 583 529 0 57 530 0 585 531 0 112 532 0 585 531 0 57 530 0 585 531 0 112 532 0 588 533 0 539 534 0 588 533 0 112 532 0 588 533 0 539 534 0 589 535 0 589 535 0 539 534 0 157 536 0 177 537 0 589 535 0 157 536 0 255 17 0 589 535 0 540 17 0 589 535 0 177 537 0 540 17 0 291 33 0 541 490 0 292 538 0 292 538 0 541 490 0 250 539 0 250 539 0 541 490 0 263 540 0 541 490 0 544 493 0 263 540 0 263 540 0 544 493 0 275 541 0 544 493 0 545 495 0 275 541 0 275 541 0 545 495 0 346 542 0 545 495 0 548 497 0 346 542 0 346 542 0 548 497 0 347 543 0 548 497 0 552 499 0 347 543 0 347 543 0 552 499 0 333 544 0 552 499 0 555 501 0 333 544 0 333 544 0 555 501 0 349 545 0 555 501 0 556 503 0 349 545 0 349 545 0 556 503 0 598 546 0 556 503 0 557 505 0 598 546 0 598 546 0 557 505 0 323 547 0 557 505 0 558 507 0 323 547 0 323 547 0 558 507 0 324 548 0 558 507 0 561 509 0 324 548 0 324 548 0 561 509 0 594 549 0 561 509 0 563 511 0 594 549 0 594 549 0 563 511 0 452 550 0 452 550 0 563 511 0 473 347 0 563 511 0 564 513 0 473 347 0 564 513 0 570 515 0 473 347 0 473 347 0 570 515 0 474 551 0 474 551 0 570 515 0 418 552 0 570 515 0 571 517 0 418 552 0 418 552 0 571 517 0 476 553 0 571 517 0 575 519 0 476 553 0 476 553 0 575 519 0 297 554 0 575 519 0 578 521 0 297 554 0 297 554 0 578 521 0 478 555 0 578 521 0 579 523 0 478 555 0 579 523 0 581 525 0 478 555 0 478 555 0 581 525 0 294 556 0 581 525 0 582 527 0 294 556 0 294 556 0 582 527 0 480 557 0 480 557 0 582 527 0 481 558 0 582 527 0 583 529 0 481 558 0 583 529 0 585 531 0 481 558 0 481 558 0 585 531 0 211 559 0 211 559 0 585 531 0 194 560 0 585 531 0 588 533 0 194 560 0 194 560 0 588 533 0 484 421 0 588 533 0 589 535 0 484 421 0 484 421 0 589 535 0 485 561 0 255 17 0 485 561 0 589 535 0 415 514 0 496 562 0 498 514 0 498 514 0 496 562 0 0 563 0 0 563 0 496 562 0 495 564 0 197 565 0 0 563 0 495 564 0 197 565 0 17 566 0 0 563 0 17 566 0 197 565 0 199 567 0 530 568 0 17 566 0 199 567 0 494 569 0 530 568 0 199 567 0 530 568 0 494 569 0 531 570 0 531 570 0 494 569 0 492 571 0 531 570 0 492 571 0 23 572 0 492 571 0 489 573 0 23 572 0 23 572 0 489 573 0 37 574 0 37 574 0 489 573 0 200 575 0 487 576 0 37 574 0 200 575 0 487 576 0 532 528 0 37 574 0 532 528 0 487 576 0 201 577 0 486 578 0 532 528 0 201 577 0 486 578 0 57 579 0 532 528 0 57 579 0 486 578 0 483 580 0 57 579 0 483 580 0 112 581 0 112 581 0 483 580 0 539 582 0 483 580 0 482 583 0 539 582 0 539 582 0 482 583 0 157 584 0 157 584 0 482 583 0 203 585 0 206 17 0 157 584 0 203 585 0 206 17 0 177 586 0 157 584 0 177 586 0 206 17 0 540 17 0 540 17 0 206 17 0 257 17 0 257 17 0 206 17 0 207 587 0 257 17 0 207 587 0 443 588 0 479 589 0 443 588 0 207 587 0 443 588 0 479 589 0 447 590 0 447 590 0 479 589 0 477 591 0 153 593 0 155 592 0 477 591 0 447 590 0 477 591 0 437 594 0 477 591 0 155 592 0 437 594 0 477 591 0 208 595 0 153 593 0 153 593 0 208 595 0 420 596 0 420 596 0 208 595 0 421 597 0 421 597 0 208 595 0 210 598 0 421 597 0 210 598 0 422 599 0 422 599 0 210 598 0 423 600 0 475 601 0 423 600 0 210 598 0 447 590 0 432 603 0 448 602 0 447 590 0 437 594 0 432 603 0 448 602 0 432 603 0 161 604 0 448 602 0 161 604 0 164 605 0 448 602 0 164 605 0 449 606 0 449 606 0 164 605 0 430 607 0 449 606 0 430 607 0 165 608 0 449 606 0 165 608 0 166 609 0 449 606 0 166 609 0 262 610 0 423 600 0 475 601 0 427 611 0 427 611 0 475 601 0 428 612 0 428 612 0 475 601 0 151 613 0 429 614 0 262 610 0 166 609 0 262 610 0 429 614 0 171 615 0 262 610 0 171 615 0 151 613 0 262 610 0 151 613 0 475 601 0 262 610 0 475 601 0 245 616 0 262 610 0 245 616 0 450 617 0 469 618 0 450 617 0 245 616 0 469 618 0 453 619 0 450 617 0 453 619 0 469 618 0 467 620 0 453 619 0 467 620 0 454 621 0 467 620 0 464 622 0 454 621 0 454 621 0 464 622 0 455 623 0 455 623 0 464 622 0 248 624 0 463 625 0 455 623 0 248 624 0 463 625 0 267 626 0 455 623 0 267 626 0 463 625 0 462 627 0 267 626 0 462 627 0 456 628 0 461 629 0 456 628 0 462 627 0 456 628 0 461 629 0 269 630 0 269 630 0 461 629 0 460 245 0 269 630 0 460 245 0 459 245 0 460 245 0 386 631 0 459 245 0 459 245 0 386 631 0 271 632 0 271 632 0 386 631 0 385 633 0 384 634 0 271 632 0 385 633 0 384 634 0 388 635 0 271 632 0 388 635 0 384 634 0 174 636 0 389 637 0 388 635 0 174 636 0 383 638 0 389 637 0 174 636 0 389 637 0 383 638 0 274 639 0 274 639 0 383 638 0 382 640 0 274 639 0 382 640 0 392 641 0 382 640 0 176 642 0 392 641 0 392 641 0 176 642 0 394 643 0 394 643 0 176 642 0 381 644 0 348 645 0 394 643 0 381 644 0 92 648 0 93 647 0 345 646 0 345 646 0 93 647 0 331 649 0 89 650 0 92 648 0 345 646 0 348 645 0 277 259 0 394 643 0 277 259 0 348 645 0 345 646 0 277 259 0 345 646 0 331 649 0 277 259 0 331 649 0 106 651 0 277 259 0 106 651 0 107 652 0 108 653 0 277 259 0 107 652 0 178 654 0 89 650 0 345 646 0 89 650 0 178 654 0 295 655 0 295 655 0 178 654 0 88 656 0 88 656 0 178 654 0 179 657 0 88 656 0 179 657 0 321 658 0 321 658 0 179 657 0 322 659 0 322 659 0 179 657 0 325 660 0 325 660 0 179 657 0 326 661 0 277 259 0 108 653 0 278 662 0 278 662 0 108 653 0 110 663 0 278 662 0 110 663 0 330 664 0 278 662 0 330 664 0 279 665 0 279 665 0 330 664 0 328 666 0 279 665 0 328 666 0 111 667 0 279 665 0 111 667 0 327 668 0 279 665 0 327 668 0 396 669 0 327 668 0 326 661 0 396 669 0 326 661 0 179 657 0 396 669 0 179 657 0 344 670 0 396 669 0 396 669 0 344 670 0 398 671 0 398 671 0 344 670 0 180 672 0 181 33 0 398 671 0 180 672 0 181 33 0 401 673 0 398 671 0 401 673 0 181 33 0 291 269 0 291 269 0 181 33 0 182 674 0 291 269 0 182 674 0 402 675 0 343 676 0 402 675 0 182 674 0 402 675 0 343 676 0 173 677 0 173 677 0 343 676 0 183 678 0 173 677 0 183 678 0 404 679 0 183 678 0 186 680 0 404 679 0 404 679 0 186 680 0 119 681 0 119 681 0 186 680 0 187 682 0 342 683 0 119 681 0 187 682 0 342 683 0 408 684 0 119 681 0 408 684 0 342 683 0 340 685 0 408 684 0 340 685 0 104 686 0 192 687 0 104 686 0 340 685 0 192 687 0 96 688 0 104 686 0 96 688 0 192 687 0 193 689 0 96 688 0 193 689 0 86 690 0 193 689 0 339 691 0 86 690 0 86 690 0 339 691 0 71 692 0 71 692 0 339 691 0 195 693 0 337 694 0 71 692 0 195 693 0 337 694 0 410 695 0 71 692 0 410 695 0 337 694 0 335 696 0 410 695 0 335 696 0 411 697 0 196 698 0 411 697 0 335 696 0 411 697 0 196 698 0 413 699 0 413 699 0 196 698 0 415 514 0 413 699 0 415 514 0 498 514 0 72 702 0 102 701 0 105 700 0 446 705 0 445 704 0 286 703 0 286 703 0 445 704 0 287 706 0 287 706 0 445 704 0 444 707 0 287 706 0 444 707 0 289 708 0 289 708 0 444 707 0 284 709 0 289 708 0 284 709 0 290 710 0 290 710 0 284 709 0 283 711 0 290 710 0 283 711 0 451 712 0 451 712 0 283 711 0 470 713 0 451 712 0 470 713 0 282 714 0 451 712 0 282 714 0 276 715 0 276 715 0 282 714 0 468 716 0 276 715 0 468 716 0 280 717 0 280 717 0 468 716 0 281 718 0 280 717 0 281 718 0 465 719 0 465 719 0 281 718 0 466 720 0 562 723 0 549 722 0 270 721 0 562 723 0 270 721 0 547 724 0 562 723 0 547 724 0 272 725 0 272 725 0 547 724 0 546 726 0 272 725 0 546 726 0 273 727 0 273 727 0 546 726 0 268 728 0 273 727 0 268 728 0 266 729 0 273 727 0 266 729 0 565 730 0 565 730 0 266 729 0 543 731 0 565 730 0 543 731 0 566 732 0 566 732 0 543 731 0 542 733 0 566 732 0 542 733 0 567 734 0 567 734 0 542 733 0 265 735 0 567 734 0 265 735 0 568 736 0 568 736 0 265 735 0 551 737 0 551 737 0 265 735 0 264 738 0 550 741 0 569 740 0 259 739 0 550 741 0 259 739 0 587 742 0 550 741 0 587 742 0 499 743 0 499 743 0 587 742 0 586 744 0 499 743 0 586 744 0 471 745 0 471 745 0 586 744 0 258 746 0 471 745 0 258 746 0 260 747 0 260 747 0 258 746 0 584 748 0 260 747 0 584 748 0 256 749 0 260 747 0 256 749 0 442 750 0 442 750 0 256 749 0 254 751 0 442 750 0 254 751 0 433 752 0 433 752 0 254 751 0 252 753 0 433 752 0 252 753 0 261 754 0 261 754 0 252 753 0 580 755 0 261 754 0 580 755 0 591 756 0 206 757 0 203 757 0 207 757 0 207 757 0 203 757 0 479 757 0 479 757 0 203 757 0 482 757 0 479 757 0 482 757 0 477 757 0 477 757 0 482 757 0 483 757 0 477 757 0 483 757 0 486 757 0 477 757 0 486 757 0 208 757 0 208 757 0 486 757 0 210 757 0 210 757 0 486 757 0 201 757 0 210 757 0 201 757 0 475 757 0 475 757 0 201 757 0 487 757 0 475 757 0 487 757 0 245 757 0 245 757 0 487 757 0 200 757 0 245 757 0 200 757 0 469 757 0 469 757 0 200 757 0 489 757 0 469 757 0 489 757 0 467 757 0 467 757 0 489 757 0 492 757 0 467 757 0 492 757 0 494 757 0 467 757 0 494 757 0 464 757 0 464 757 0 494 757 0 248 757 0 248 757 0 494 757 0 199 757 0 248 757 0 199 757 0 463 757 0 463 757 0 199 757 0 197 757 0 463 757 0 197 757 0 495 757 0 463 757 0 495 757 0 462 757 0 462 757 0 495 757 0 461 757 0 461 757 0 495 757 0 496 757 0 461 757 0 496 757 0 460 757 0 460 757 0 496 757 0 415 757 0 460 757 0 415 757 0 196 757 0 460 757 0 196 757 0 386 757 0 386 757 0 196 757 0 385 757 0 385 757 0 196 757 0 335 757 0 385 757 0 335 757 0 384 757 0 384 757 0 335 757 0 337 757 0 384 757 0 337 757 0 195 757 0 384 757 0 195 757 0 174 757 0 174 757 0 195 757 0 383 757 0 383 757 0 195 757 0 339 757 0 383 757 0 339 757 0 382 757 0 382 757 0 339 757 0 193 757 0 382 757 0 193 757 0 192 757 0 382 757 0 192 757 0 176 757 0 176 757 0 192 757 0 381 757 0 381 757 0 192 757 0 340 757 0 381 757 0 340 757 0 348 757 0 348 757 0 340 757 0 342 757 0 348 757 0 342 757 0 345 757 0 345 757 0 342 757 0 187 757 0 345 757 0 187 757 0 178 757 0 178 757 0 187 757 0 186 757 0 178 757 0 186 757 0 179 757 0 179 757 0 186 757 0 183 757 0 179 757 0 183 757 0 343 757 0 179 757 0 343 757 0 344 757 0 344 757 0 343 757 0 180 757 0 180 757 0 343 757 0 182 757 0 180 757 0 182 757 0 181 757 0 151 17 0 171 758 0 48 17 0 48 17 0 171 758 0 47 759 0 47 759 0 171 758 0 44 760 0 44 760 0 171 758 0 429 761 0 43 762 0 44 760 0 429 761 0 166 763 0 43 762 0 429 761 0 43 762 0 166 763 0 40 764 0 165 765 0 40 764 0 166 763 0 40 764 0 165 765 0 39 766 0 39 766 0 165 765 0 33 767 0 430 768 0 33 767 0 165 765 0 33 767 0 430 768 0 30 769 0 30 769 0 430 768 0 164 770 0 30 769 0 164 770 0 158 771 0 161 772 0 158 771 0 164 770 0 158 771 0 161 772 0 29 773 0 29 773 0 161 772 0 160 774 0 160 774 0 161 772 0 432 775 0 160 774 0 432 775 0 27 776 0 27 776 0 432 775 0 437 33 0 27 776 0 437 33 0 115 33 0 437 33 0 155 777 0 115 33 0 115 33 0 155 777 0 68 778 0 68 778 0 155 777 0 116 779 0 116 779 0 155 777 0 153 780 0 116 779 0 153 780 0 63 781 0 63 781 0 153 780 0 60 782 0 420 783 0 60 782 0 153 780 0 60 782 0 420 783 0 59 784 0 59 784 0 420 783 0 421 785 0 59 784 0 421 785 0 58 786 0 422 787 0 58 786 0 421 785 0 58 786 0 422 787 0 56 788 0 53 789 0 56 788 0 422 787 0 423 790 0 53 789 0 422 787 0 53 789 0 423 790 0 50 791 0 427 792 0 50 791 0 423 790 0 427 792 0 149 793 0 50 791 0 149 793 0 427 792 0 428 794 0 149 793 0 428 794 0 48 17 0 48 17 0 428 794 0 151 17 0 326 17 0 327 795 0 9 17 0 9 17 0 327 795 0 6 796 0 6 796 0 327 795 0 5 797 0 5 797 0 327 795 0 111 798 0 5 797 0 111 798 0 3 799 0 97 800 0 3 799 0 111 798 0 328 801 0 97 800 0 111 798 0 97 800 0 328 801 0 98 802 0 98 802 0 328 801 0 330 803 0 98 802 0 330 803 0 2 804 0 110 805 0 2 804 0 330 803 0 2 804 0 110 805 0 99 806 0 101 807 0 99 806 0 110 805 0 108 808 0 101 807 0 110 805 0 101 807 0 108 808 0 1 809 0 107 810 0 1 809 0 108 808 0 107 810 0 102 811 0 1 809 0 102 811 0 107 810 0 106 812 0 102 811 0 106 812 0 105 33 0 105 33 0 106 812 0 331 33 0 331 33 0 93 813 0 105 33 0 105 33 0 93 813 0 72 814 0 72 814 0 93 813 0 20 815 0 20 815 0 93 813 0 92 816 0 73 817 0 20 815 0 92 816 0 89 818 0 73 817 0 92 816 0 73 817 0 89 818 0 16 819 0 295 820 0 16 819 0 89 818 0 16 819 0 295 820 0 14 821 0 14 821 0 295 820 0 75 822 0 88 823 0 75 822 0 295 820 0 75 822 0 88 823 0 13 824 0 13 824 0 88 823 0 321 825 0 13 824 0 321 825 0 83 826 0 322 827 0 83 826 0 321 825 0 83 826 0 322 827 0 11 828 0 11 828 0 322 827 0 87 829 0 87 829 0 322 827 0 325 830 0 87 829 0 325 830 0 10 831 0 10 831 0 325 830 0 326 17 0 10 831 0 326 17 0 9 17 0 59 834 0 58 833 0 56 832 0 59 834 0 56 832 0 53 835 0 59 834 0 53 835 0 60 836 0 60 836 0 53 835 0 50 837 0 60 836 0 50 837 0 63 838 0 63 838 0 50 837 0 149 839 0 63 838 0 149 839 0 116 840 0 116 840 0 149 839 0 48 841 0 116 840 0 48 841 0 68 842 0 68 842 0 48 841 0 115 843 0 115 843 0 48 841 0 47 844 0 115 843 0 47 844 0 27 845 0 27 845 0 47 844 0 44 846 0 27 845 0 44 846 0 160 847 0 160 847 0 44 846 0 29 848 0 29 848 0 44 846 0 43 849 0 29 848 0 43 849 0 158 850 0 158 850 0 43 849 0 40 851 0 158 850 0 40 851 0 30 852 0 30 852 0 40 851 0 39 853 0 30 852 0 39 853 0 33 854 0 9 857 0 6 856 0 10 855 0 10 855 0 6 856 0 87 858 0 87 858 0 6 856 0 5 859 0 87 858 0 5 859 0 11 860 0 11 860 0 5 859 0 3 861 0 11 860 0 3 861 0 83 862 0 83 862 0 3 861 0 97 863 0 83 862 0 97 863 0 13 864 0 13 864 0 97 863 0 98 865 0 13 864 0 98 865 0 75 866 0 75 866 0 98 865 0 2 867 0 75 866 0 2 867 0 14 868 0 14 868 0 2 867 0 99 869 0 14 868 0 99 869 0 16 870 0 16 870 0 99 869 0 101 871 0 16 870 0 101 871 0 73 872 0 73 872 0 101 871 0 1 873 0 73 872 0 1 873 0 20 874 0 20 874 0 1 873 0 102 701 0 20 874 0 102 701 0 72 702 0</p>
				</polylist>
			</mesh>
		</geometry>
		<geometry id="ID32">
			<mesh>
				<source id="ID33">
					<float_array id="ID34" count="4323" digits="2490374">4.00862 33.4726 -4.31245 2.0117 33.5416 -4.59633 11.4065 34.4431 2.15254 -0.0120243 33.5641 -4.69064 -15.2063 41.3002 2.31149 2.52 33.554 -4.48987 -15.1653 41.3002 2.33377 12.1069 34.4004 1.74375 -15.1388 41.3002 2.37224 -15.1327 41.3002 2.41853 9.92018 37.5219 -2.27562 9.15308 37.2344 -2.41795 -15.2114 41.3002 2.5059 7.89232 36.4091 -2.66995 -15.3717 34.5002 2.53997 7.06995 35.3752 -2.96327 6.81446 34.8353 -3.13565 6.57115 33.9843 -3.41934 6.46309 33.0964 -3.68825 6.44532 32.3022 -3.86379 6.47257 31.333 -3.99135 5.40355 31.3342 -4.44536 -15.1436 34.5002 2.45441 2.39882 31.3365 -5.10566 2.98355e-09 31.337 -5.23761 6.196e-05 32.3933 -4.97654 -15.1323 34.5002 2.41227 -15.2033 34.5002 2.31235 -15.2322 34.5002 2.30808 4.25305 33.4886 -4.25579 12.3683 34.634 0.513899 -15.4133 41.3002 2.34434 -15.3717 41.3002 2.53997 -15.3717 41.3686 2.53997 5.04818 35.9653 -3.43213 -15.2346 41.2859 3.18504 5.04539 37.5497 -3.20579 5.05033 37.9002 -3.15433 -15.1033 41.0789 3.80285 -14.8397 40.1298 5.0427 8.67414 37.9002 -2.52498 9.70906 37.9002 -2.32508 -14.7485 39.4643 5.47174 -14.6913 38.7163 5.74092 11.0271 35.325 3.9372 6.21704 37.2878 -3.02209 7.22914 37.2716 -2.82244 8.23426 37.2615 -2.61497 8.98476 37.2599 -2.45582 6.20219 36.6802 -3.07024 7.20534 36.6523 -2.83966 6.09957 35.5061 -3.23951 7.07176 35.4757 -2.95064 5.93322 34.4017 -3.53467 1.70727 33.3272 -4.67941 3.41544 33.3289 -4.46459 4.61497 33.3391 -4.21559 5.78004 33.3558 -3.87789 1.68403 32.2855 -4.94418 3.37533 32.2978 -4.74448 4.56251 32.3162 -4.50079 5.71084 32.3409 -4.1557 1.96688e-10 33.5641 -4.69065 -14.6711 37.9002 5.83613 -14.6843 37.2386 5.77386 -1.77796 31.3367 -5.16747 -3.39713 31.336 -4.95939 -4.95129 31.3347 -4.59269 -14.7235 36.6013 5.58935 -6.44584 32.2656 -3.87004 -14.8028 35.9014 5.2164 -15.2027 34.5527 3.33514 -7.02635 35.296 -2.98783 -15.8544 35.2351 0.268814 -8.27127 36.7195 -2.58514 -16.0981 37.1779 -0.877467 -9.50001 37.3795 -2.35423 -10.014 37.5494 -2.25777 -10.5446 37.6787 -2.15467 -16.0942 38.706 -0.859028 -15.9541 40.0779 -0.200178 -10.6858 37.9002 -2.12945 -10.2081 37.9002 -2.22594 -15.7051 41.0272 0.971269 -15.5629 41.2718 1.64023 -7.63508 37.9002 -2.71737 -6.64655 37.9002 -2.89205 15.2114 41.3002 2.5059 15.1693 41.3002 2.4858 15.1408 41.3002 2.44875 15.1456 41.3002 2.35808 15.3717 41.3002 2.53997 -4.96326 34.021 -3.92708 -4.7224 33.707 -4.08147 10.9502 35.7226 4.29893 -4.00862 33.4726 -4.31245 1.98129 42.2993 -1.79648 2.52633 42.2993 -1.04401 10.8882 36.1616 4.59 -8.98476 37.2599 -2.45582 -8.23426 37.2615 -2.61497 -7.22914 37.2717 -2.82244 -6.21704 37.2879 -3.02209 -7.20534 36.6524 -2.83966 -6.20219 36.6802 -3.07024 -7.07176 35.4757 -2.95064 -6.09957 35.5061 -3.23951 -5.93322 34.4017 -3.53467 -5.78004 33.3558 -3.87789 -4.61497 33.3391 -4.21559 -3.41544 33.3289 -4.46458 -1.70727 33.3272 -4.67941 -5.71084 32.3409 -4.1557 -4.56251 32.3162 -4.50079 -3.37533 32.2978 -4.74447 -1.68403 32.2855 -4.94418 -0.00504085 33.5907 -4.63827 2.81277 42.2993 -0.0183854 -2.01767 33.5414 -4.59577 2.55962 42.2993 1.05453 -0.467494 42.2993 2.59374 -1.9039 33.5698 -4.55381 -0.915803 42.2993 2.47655 -2.71127 42.2993 0.709555 -2.81568 42.2993 0.0714533 -2.7697 42.2993 -0.349956 2.51498 33.1006 -4.27642 -1.35569 42.2993 -2.27366 3.22603 33.1554 -4.05739 3.67502 33.2402 -3.89272 -1.18342e-08 42.2993 -2.63403 10.8404 36.6494 4.81626 15.2322 34.5002 2.30808 10.8069 37.1928 4.97159 15.1353 34.5002 2.38321 5.04932 34.4131 -3.79201 4.99863 34.1084 -3.89224 4.85356 33.8427 -4.00811 4.58984 33.613 -4.14172 15.134 34.5002 2.42682 15.184 34.5002 2.49571 15.3717 34.5002 2.53997 10.7929 37.7536 5.03931 4.80579 33.8446 -3.96522 4.94038 34.0781 -3.85973 12.475 34.8811 0.0121473 15.4133 41.3686 2.34434 10.8377 34.3825 1.474 10.2095 34.2786 1.34049 9.77464 34.0906 1.24807 15.5716 41.2614 1.59962 9.07024 33.1694 1.09826 8.97416 32.8129 1.0779 15.7211 40.9892 0.896262 8.87975 31.3298 1.05781 15.8544 40.5653 0.268814 8.97989 31.3297 -0.437349 15.9651 40.0105 -0.25192 8.69478 31.3301 -1.65664 8.42386 31.3303 -2.22196 16.0477 39.3522 -0.640372 16.0981 38.6225 -0.877467 16.1138 37.8574 -0.951566 16.0942 37.0944 -0.859028 15.7051 34.7732 0.971269 15.5629 34.5286 1.64023 15.2346 34.5145 3.18504 15.1033 34.7215 3.80285 14.9601 35.1228 4.47645 7.40458 35.8796 -2.81456 14.6711 37.9002 5.83613 8.47588 36.8617 -2.54421 14.6843 38.5618 5.77386 14.9132 40.4935 4.69707 11.0296 37.7652 -2.05752 11.3792 37.9002 5.1671 -15.3424 41.3986 2.53373 12.1449 36.1098 -1.3225 12.0816 35.6753 -1.02355 12.0026 35.2816 -0.652285 11.9112 34.9505 -0.223415 11.8086 34.6875 0.261111 11.7104 34.5224 0.722993 11.6007 34.422 1.23914 12.5719 35.2081 -0.443746 11.5211 34.4387 1.08433 8.96046 32.5811 0.985274 8.96886 31.4677 0.554009 11.4459 34.5271 0.603592 10.6722 34.3496 0.886785 9.93554 34.1492 1.14443 11.176 34.7825 -0.337797 10.6457 34.4547 -0.222769 10.1421 34.1104 -0.126222 9.83368 33.8482 -0.086862 9.57584 33.5547 -0.0824272 9.30374 33.0903 -0.137132 9.11811 32.5725 -0.251606 8.96665 31.5579 -0.572367 11.4572 35.7121 -1.2706 10.7671 35.1238 -1.18303 10.3503 34.7259 -1.1465 9.95447 34.3151 -1.12446 9.69848 34.0204 -1.12131 9.46323 33.713 -1.13249 9.18027 33.2554 -1.17968 8.96192 32.7578 -1.27154 8.73833 31.7877 -1.54244 12.1274 37.1605 -1.74921 11.6444 36.6667 -1.71944 10.9972 36.052 -1.6615 10.3765 35.4209 -1.62189 10.0007 34.9977 -1.61371 9.64756 34.5604 -1.62119 9.42016 34.2481 -1.6378 9.21003 33.9252 -1.66635 8.95241 33.4519 -1.73106 8.74393 32.9482 -1.82974 8.49615 31.993 -2.08392 11.4219 37.6521 -1.97038 11.0114 37.1135 -1.99075 10.435 36.455 -1.98178 9.86978 35.7896 -1.98052 9.53036 35.3439 -1.99748 9.21786 34.8816 -2.03306 9.02026 34.5509 -2.07027 8.83929 34.21 -2.11897 8.61634 33.7152 -2.20764 8.42871 33.1987 -2.32074 8.17426 32.2476 -2.57031 9.6647 36.9962 -2.28046 9.15354 36.2974 -2.31657 8.84645 35.8318 -2.35587 8.57008 35.3471 -2.41642 8.40029 34.9992 -2.47286 8.24862 34.6402 -2.54182 8.06585 34.1206 -2.65827 7.91169 33.5834 -2.79449 7.68173 32.6172 -3.061 7.4551 31.6489 -3.3298 8.04151 36.3943 -2.6306 7.78046 35.9002 -2.70175 7.62187 35.5454 -2.76592 7.4832 35.1783 -2.84387 7.32288 34.6449 -2.97583 7.1967 34.0904 -3.1314 7.02125 33.0906 -3.43558 6.81345 32.1107 -3.71741 6.69547 31.6845 -3.82744 11.6102 35.0216 -0.443161 11.7739 35.4721 -0.925541 10.5365 34.5666 -0.711217 10.9972 34.9373 -0.778131 10.0988 34.1815 -0.6603 9.82024 33.9009 -0.641517 9.57106 33.602 -0.64307 9.28268 33.1477 -0.686516 -15.2443 41.353 2.99498 -15.1019 41.1666 3.66505 -14.9702 40.8458 4.28455 4.85934 31.2885 -4.58915 4.03262 31.2885 -4.80211 -14.8777 40.5073 4.71971 1.60814 31.2885 -5.15143 -14.7319 39.6412 5.40563 -14.6823 39.1356 5.63888 -14.6501 38.5984 5.79041 4.4314 31.3351 -4.73722 -14.9601 40.6776 4.47645 11.3944 37.189 5.09565 12.7802 36.5727 -1.42373 4.99999 35.9271 -3.395 12.816 37.1153 -1.59233 -15.1822 41.3002 2.49468 -15.1483 41.3002 2.46255 5.04686 36.7564 -3.30885 -15.253 41.3986 2.31027 -15.253 41.3002 2.31027 -15.3839 41.3986 2.3381 12.8299 37.5052 -1.65766 -2.77993 41.4993 0.4569 -2.77948 41.4993 -0.298855 -2.53942 41.4993 -1.01779 -2.14541 41.4993 -1.61785 11.63 35.257 3.98748 5.04952 39.1534 -2.83814 4.94535 39.5815 -2.65798 -0.647023 41.4993 -2.55574 4.38173 40.0647 -2.42066 4.03722 40.1349 -2.40853 3.58911 40.0722 -2.51331 -0.70031 42.2993 -2.54212 2.60507 40.0528 -2.6306 2.77812 40.3749 -2.3305 -1.77476 42.2993 -1.98465 7.60768 40.3749 -1.64788 12.0345 40.3749 -0.801624 12.1523 39.6323 -1.35563 12.2246 38.7737 -1.69595 -2.13632 42.2993 -1.62857 10.6857 37.9002 -2.12945 10.208 37.9002 -2.22595 -2.43282 42.2993 -1.21425 -2.65221 42.2993 -0.758002 7.63496 37.9002 -2.7174 6.64641 37.9002 -2.89208 -2.42021 42.2993 1.28824 11.7254 34.92 3.53861 5.97085 38.5802 -2.88172 5.95086 39.2346 -2.67459 5.91854 39.8406 -2.36127 9.48443 38.5846 -2.28579 9.45273 39.2383 -2.08735 9.40087 39.8416 -1.77165 -2.1067 42.2993 1.68742 -1.73081 42.2993 2.03082 -1.71191 31.2885 -5.14346 15.837 35.2441 0.206745 -15.4133 41.3686 2.34434 -15.8406 40.6193 0.333784 -16.0401 39.4295 -0.604397 -16.1138 37.943 -0.951566 -16.0477 36.4482 -0.640372 -15.9651 35.7899 -0.25192 -15.7211 34.8112 0.896262 -15.5716 34.539 1.59962 -11.6534 37.8438 -1.92924 -15.6244 34.6338 1.20678 -15.7561 34.9546 0.587282 -15.8486 35.2931 0.152118 -8.85012 37.0838 -2.47353 -16.044 36.6648 -0.767047 -7.56327 36.0723 -2.76094 -16.0762 37.202 -0.918582 -6.63079 34.2551 -3.32934 -6.46889 33.1835 -3.66464 -16.0495 39.063 -0.79295 -6.47257 31.333 -3.99135 -7.30333 31.3318 -3.47461 -15.9866 39.7052 -0.496993 -15.837 40.5563 0.206745 -8.40913 31.3304 -2.2473 -15.743 40.8853 0.648836 -15.6393 41.1381 1.13652 -8.9953 31.3297 -0.213255 -8.98078 31.3296 0.428464 -15.5286 41.3083 1.65736 -8.91085 32.3699 1.06449 -8.9813 32.847 1.0794 -15.4137 41.3915 2.19806 -15.3839 34.4018 2.3381 -9.82254 34.1184 1.25836 -10.473 34.3393 1.39649 -15.4133 34.4318 2.34434 -11.52 34.4004 1.619 -15.4133 34.5002 2.34434 12.0068 34.4336 2.21459 -15.253 34.4018 2.31027 -15.253 34.5002 2.31027 -15.2322 34.4018 2.30808 15.743 34.9151 0.648836 -15.2114 34.4018 2.5059 -15.1664 34.4015 2.48339 15.6393 34.6623 1.13652 -11.5211 34.4387 1.08433 -9.93554 34.1492 1.14443 -10.6722 34.3496 0.886787 -11.4459 34.5271 0.603594 -8.96886 31.4677 0.554011 -8.96046 32.5811 0.985276 -8.96665 31.5579 -0.572361 -9.11811 32.5725 -0.2516 -9.30374 33.0903 -0.137126 -9.57584 33.5547 -0.0824205 -9.83368 33.8482 -0.0868554 -10.1421 34.1104 -0.126215 -10.6457 34.4547 -0.222764 -11.176 34.7825 -0.337792 -8.73833 31.7876 -1.54243 -8.96192 32.7578 -1.27153 -9.18027 33.2554 -1.17968 -9.46323 33.713 -1.13248 -9.69849 34.0204 -1.1213 -9.95448 34.3151 -1.12445 -10.3503 34.7259 -1.14649 -10.7671 35.1238 -1.18302 -11.4572 35.7121 -1.27059 -8.49615 31.993 -2.08392 -8.74393 32.9482 -1.82974 -8.95241 33.4519 -1.73106 -9.21002 33.9252 -1.66635 -9.42015 34.2481 -1.6378 -9.64756 34.5604 -1.62119 -10.0007 34.9977 -1.61371 -10.3765 35.4209 -1.62189 -10.9972 36.052 -1.6615 -11.6444 36.6667 -1.71944 -12.1274 37.1605 -1.74922 -8.17426 32.2476 -2.57031 -8.4287 33.1987 -2.32074 -8.61633 33.7152 -2.20765 -8.83928 34.21 -2.11897 -9.02025 34.5509 -2.07027 -9.21786 34.8816 -2.03306 -9.53036 35.3439 -1.99749 -9.86978 35.7896 -1.98053 -10.435 36.455 -1.98179 -11.0114 37.1135 -1.99075 -11.4219 37.6521 -1.97038 -7.4551 31.6489 -3.32981 -7.68173 32.6172 -3.061 -7.91168 33.5834 -2.7945 -8.06584 34.1207 -2.65827 -8.24861 34.6402 -2.54182 -8.40028 34.9992 -2.47286 -8.57007 35.3471 -2.41643 -8.84644 35.8318 -2.35587 -9.15354 36.2974 -2.31657 -9.66469 36.9962 -2.28046 -6.69547 31.6845 -3.82744 -6.81344 32.1107 -3.71741 -7.02124 33.0906 -3.43558 -7.19669 34.0904 -3.13141 -7.32287 34.6449 -2.97584 -7.4832 35.1783 -2.84387 -7.62187 35.5454 -2.76593 -7.78045 35.9002 -2.70175 -8.0415 36.3943 -2.6306 -11.6102 35.0216 -0.443156 -9.57106 33.602 -0.643068 -9.28268 33.1477 -0.686514 -9.82024 33.9009 -0.641516 -10.0988 34.1815 -0.660299 -10.5365 34.5666 -0.711216 -10.9972 34.9373 -0.77813 -11.7739 35.4721 -0.92554 -2.77812 40.3749 -2.3305 -15.1379 34.4008 2.44126 -2.36489 39.7167 -2.87755 -3.58911 40.0722 -2.51331 -15.1478 34.4006 2.35441 -15.1653 34.5002 2.33377 -15.14 34.5002 2.36933 -4.84667 39.7342 -2.58518 -4.997 39.4617 -2.7118 -15.1717 34.5002 2.48773 -15.2114 34.5002 2.5059 8.66154 31.2885 1.65876 -15.3717 34.4318 2.53997 -8.67423 37.9002 -2.52496 -9.70912 37.9002 -2.32507 15.5286 34.4921 1.65736 -14.6768 36.7374 5.66478 -14.7397 36.0952 5.36882 -12.2218 38.8244 -1.68277 -12.1469 39.6766 -1.33052 -12.0345 40.3749 -0.801623 -15.0489 34.8493 4.05875 -4.84275 40.3749 -2.08152 15.4137 34.4089 2.19806 -5.91854 39.8406 -2.36126 -5.95086 39.2346 -2.67459 -5.97085 38.5802 -2.88172 -9.40087 39.8416 -1.77165 -9.45273 39.2383 -2.08735 -9.48443 38.5846 -2.28579 -5.04538 37.5493 -3.20584 -5.05052 37.9002 -3.1543 -5.04952 39.1534 -2.83814 -14.9132 35.3069 4.69707 15.253 34.4018 2.31027 -5.02282 37.9086 -3.13201 -5.03847 37.6135 -3.19049 6.84961 31.2885 3.74526 -5.04931 34.413 -3.79202 -5.04823 35.9192 -3.44047 -5.04689 36.7318 -3.31219 -10.8877 39.6323 4.5937 -11.5924 40.3749 4.16443 15.4133 41.3002 2.34434 -4.99996 38.2007 -3.06305 -5.00003 36.0493 -3.37331 -5 34.6506 -3.68268 -5.00001 34.4015 -3.75055 15.1963 34.4014 2.31473 15.253 41.3002 2.31027 15.253 41.3986 2.31027 -4.39333 33.5242 -4.21395 5.04571 31.2885 4.53257 15.2217 41.3002 2.30863 15.1777 41.3002 2.32421 15.1323 41.3002 2.40285 15.2114 41.3986 2.5059 15.1688 41.3989 2.48546 -4.56211 33.6337 -4.091 -4.37202 33.5472 -4.16301 15.1345 41.3998 2.42935 15.2098 41.3988 2.31062 3.89752 31.2885 4.83166 15.3717 41.3686 2.53997 15.1357 34.4007 2.43442 14.6422 38.3729 5.82787 14.8893 40.5563 4.66509 14.9833 40.8853 4.22299 -0.00497695 33.1206 -4.46789 15.0869 41.1381 3.73531 15.2027 41.2477 3.33514 1.74159 31.3367 5.16994 15.0489 40.9511 4.05875 14.8028 39.899 5.2164 4.53404 39.5392 -2.09863 14.7235 39.1991 5.58935 14.6355 37.9002 5.85924 3.11792 31.3361 5.0066 0.527425 41.4993 -2.58224 2.27082 41.4993 -1.45897 2.28471 41.4993 1.4775 1.03466 41.4993 2.43157 2.64126e-07 42.2993 2.63403 4.99068 34.7439 -3.14189 0.865649 42.2993 2.49372 1.64424 42.2993 2.09514 4.54442 33.5339 -3.589 2.00025 42.2993 1.7967 3.90454 33.2891 -3.81695 2.30898 42.2993 1.44574 2.73887 42.2993 0.623127 2.91783 33.1209 -4.16353 2.6888 42.2993 -0.654117 1.26105 33.1026 -4.4568 2.30825 42.2993 -1.40694 -1.36173 33.1107 -4.42162 -2.12014 33.1063 -4.33143 -2.70305 33.1187 -4.20768 -3.26799 33.1698 -4.03337 1.59209 42.2993 -2.12407 0.836277 42.2993 -2.50208 4.40571 31.3352 4.74377 -4.82339 33.9227 -3.39894 -4.91458 34.2686 -3.27618 14.8777 35.2931 4.71971 -5.05285 35.2226 -3.03042 14.6823 36.6648 5.63888 -5.13509 36.6945 -2.7874 -5.11854 37.5068 -2.67715 14.6913 37.0841 5.74092 14.7485 36.3361 5.47174 14.8397 35.6706 5.0427 15.3717 34.4318 2.53997 15.2114 34.4018 2.5059 6.86512 31.3325 3.77091 -2.9141 39.6198 -2.24561 15.1565 34.4007 2.34276 -1.68175 39.5866 -2.48187 15.1349 34.4004 2.38517 15.1694 34.4015 2.4859 15.2114 34.5002 2.5059 15.1513 34.5002 2.46686 1.69899 39.5877 -2.47874 15.1551 34.5002 2.34434 2.9128 39.6198 -2.24583 15.3424 34.4018 2.53373 -4.22445 33.713 -3.5564 -3.51518 33.605 -3.60041 -2.72223 33.5195 -3.60232 -1.90905 33.4734 -3.60255 -0.940789 33.4578 -3.63118 -0.0130736 33.4542 -3.64726 0.606862 33.4406 -3.60638 1.25635 33.4322 -3.56374 2.24721 33.4601 -3.55827 3.21869 33.5505 -3.59253 4.08851 33.6877 -3.56989 -4.29495 34.1583 -3.32543 -3.58303 34.0583 -3.23862 -2.7804 33.96 -3.10187 -1.95003 33.8858 -2.9996 -0.960097 33.8405 -2.96138 -0.0212019 33.8243 -2.94997 0.607004 33.8145 -2.89845 1.27499 33.8181 -2.86719 2.29951 33.8791 -2.94833 3.29047 33.9988 -3.15133 4.16527 34.1326 -3.31159 -4.34562 34.6312 -3.10349 -3.62484 34.537 -2.92982 -2.82233 34.4379 -2.70674 -1.98896 34.3502 -2.52614 -0.984854 34.2814 -2.41721 -0.0256306 34.2545 -2.37467 0.617265 34.2519 -2.32956 1.30069 34.2708 -2.32543 2.34062 34.3545 -2.48287 3.33392 34.48 -2.79082 4.21696 34.6055 -3.06653 -4.37662 35.0675 -2.93074 -3.64684 34.9785 -2.70627 -2.84553 34.8864 -2.43788 -2.01487 34.8017 -2.20944 -1.00518 34.727 -2.04622 -0.0266409 34.696 -1.97897 0.630547 34.7002 -1.94624 1.32249 34.7281 -1.97087 2.36354 34.8137 -2.18162 3.35434 34.9278 -2.54101 4.24614 35.0432 -2.87718 -4.39622 35.5132 -2.78777 -3.65766 35.4324 -2.53144 -2.85601 35.3527 -2.2405 -2.02841 35.2812 -1.98725 -1.01818 35.217 -1.78924 -0.024819 35.1901 -1.70517 0.643118 35.198 -1.68714 1.33678 35.2256 -1.73643 2.37224 35.2968 -1.9769 3.36129 35.3907 -2.35511 4.26252 35.492 -2.72269 -4.40658 36.0786 -2.65159 -3.65773 36.0129 -2.37905 -2.85298 35.9536 -2.08675 -2.02702 35.9061 -1.83391 -1.0199 35.8673 -1.62916 -0.0196105 35.8528 -1.54252 0.652094 35.8594 -1.53904 1.3398 35.8769 -1.60219 2.36517 35.9204 -1.84177 3.35458 35.9842 -2.20643 4.26781 36.0627 -2.58008 -4.40327 36.6484 -2.55805 -3.64485 36.6023 -2.29351 -2.83499 36.5666 -2.02566 -2.00912 36.5438 -1.8028 -1.00831 36.53 -1.62695 -0.0135968 36.5265 -1.55565 0.652363 36.5294 -1.55851 1.3291 36.5357 -1.61615 2.34316 36.5535 -1.82074 3.33425 36.5872 -2.13976 4.25901 36.6387 -2.48827 -4.37595 37.4981 -2.47668 -3.60559 37.488 -2.26428 -2.78802 37.4896 -2.07252 -1.9642 37.5004 -1.93347 -0.979625 37.5148 -1.8394 -0.00653008 37.5215 -1.80579 0.64258 37.52 -1.80689 1.29953 37.5141 -1.83521 2.29369 37.5008 -1.94935 3.28511 37.492 -2.15755 4.22407 37.4984 -2.42123 -4.32385 38.3189 -2.42269 -3.5486 38.348 -2.29885 -2.72661 38.386 -2.21363 -1.90917 38.4302 -2.18455 -0.947086 38.4734 -2.1941 -0.00239014 38.4902 -2.20318 0.626604 38.4843 -2.1947 1.26245 38.4651 -2.18029 2.23398 38.4185 -2.17942 3.22156 38.3675 -2.24831 4.16731 38.3286 -2.39013 -4.24556 39.139 -2.31686 -3.47843 39.1953 -2.29606 -2.64772 39.2675 -2.32756 -1.83235 39.3602 -2.42838 -0.898999 39.4629 -2.5731 -0.000481326 39.507 -2.63948 0.596193 39.4874 -2.60887 1.20377 39.4348 -2.52871 2.1535 39.3249 -2.38123 3.1458 39.2241 -2.2979 4.0911 39.154 -2.30996 3.66586 33.6156 -3.59312 -4.20686 39.4428 -2.20985 4.05403 39.4564 -2.213 4.00001 33.4976 -4.26132 15.1896 34.5002 2.3176 4.24889 33.3708 -3.71087 7.9379 31.3311 2.89365 4.79817 33.8584 -3.42486 15.2322 34.4018 2.30808 5 34.4015 -3.75054 15.253 34.5002 2.31027 15.4133 34.5002 2.34434 4.40307 33.5581 -4.15238 15.2443 34.4474 2.99498 15.4133 34.4318 2.34434 15.3839 34.4018 2.3381 15.1019 34.6338 3.66505 8.19774 37.6155 4.54266 7.54458 37.5051 4.43546 15.8406 35.1811 0.333784 5.24228 36.8742 4.15262 4.28836 36.4371 4.10974 15.9541 35.7225 -0.200178 16.0401 36.3709 -0.604397 15.482 41.353 1.87685 15.7561 40.8458 0.587282 15.8486 40.5073 0.152118 15.9287 40.1023 -0.22478 15.9944 39.6412 -0.533796 16.044 39.1356 -0.767047 5.68366 31.3339 4.34235 16.0908 37.9002 -0.987405 7.44084 31.3317 3.36653 16.0841 37.4275 -0.956042 8.35694 31.3305 2.33363 8.67273 31.3301 1.7118 16.0495 36.7374 -0.79295 8.91822 32.4442 1.06606 15.9866 36.0952 -0.496993 15.9188 35.6408 -0.178474 9.4326 33.8098 1.17542 14.9702 34.9546 4.28455 10.8182 38.8245 4.92081 10.8931 39.6766 4.56858 11.52 34.4004 1.619 11.4023 38.7736 5.05879 11.2989 34.5658 2.65893 11.1164 34.987 3.51607 8.85046 31.2885 1.05102 -11.8512 41.0172 0.0608102 -11.7494 41.2219 0.540009 -11.6433 41.349 1.03891 -11.752 40.9556 3.41329 -11.9385 41.305 2.53582 1.95913 34.3257 4.46537 1.9823 35.4912 4.2117 8.57183 31.8369 1.92518 8.86461 33.038 1.5375 8.41289 32.4066 2.2407 7.92407 31.8159 2.87945 9.87298 34.18 1.43442 9.30166 33.8803 1.66515 8.81558 33.4872 2.04386 8.26785 32.9611 2.58034 7.70839 32.4478 3.09644 7.05138 31.9235 3.599 6.35624 31.441 4.03537 10.8265 34.482 2.25251 9.99253 34.3833 2.14209 9.34832 34.1635 2.24625 8.7872 33.8526 2.49467 8.15805 33.4158 2.88978 7.53576 32.9714 3.29678 6.82735 32.5034 3.7101 6.0944 32.0624 4.08083 5.22437 31.5809 4.46532 10.9349 34.6974 2.94092 10.075 34.6272 2.7854 9.37818 34.4651 2.79819 8.75381 34.2236 2.93678 8.05041 33.8681 3.20298 7.36686 33.4909 3.50362 6.60635 33.0801 3.82646 5.8332 32.6831 4.12739 4.92724 32.241 4.44949 4.00459 31.8172 4.74262 10.968 35.0376 3.56144 10.0996 34.9767 3.39116 9.36831 34.8524 3.34414 8.692 34.6678 3.39255 7.91915 34.3885 3.53817 7.1724 34.0806 3.72906 6.3547 33.7324 3.95262 5.53563 33.3857 4.17383 4.58737 32.99 4.42249 3.63218 32.6019 4.6591 10.9285 35.4574 4.0559 10.0569 35.4 3.88009 9.3055 35.2977 3.79819 8.59295 35.1528 3.78367 7.76535 34.9335 3.83423 6.96372 34.6858 3.92984 6.09243 34.3964 4.06034 5.22838 34.099 4.20345 4.23827 33.7492 4.37943 3.25025 33.3971 4.55905 10.8347 35.9108 4.41746 9.96283 35.8537 4.24115 9.19865 35.7654 4.13702 8.46122 35.6478 4.0793 7.59338 35.4726 4.05999 6.74858 35.2722 4.08066 5.83254 35.0319 4.13345 4.92922 34.7776 4.20838 3.90225 34.4682 4.32038 2.88589 34.1471 4.45078 10.6877 36.4225 4.68659 9.81733 36.3637 4.51289 9.04326 36.2863 4.39159 8.28658 36.1899 4.30045 7.38709 36.0494 4.22619 6.50698 35.8877 4.18553 5.55285 35.6891 4.1722 4.61465 35.473 4.18656 3.55366 35.2009 4.23949 10.4482 37.0894 4.87525 9.57972 37.0284 4.70493 8.79663 36.9609 4.56797 8.02415 36.8818 4.44939 7.09873 36.7697 4.3301 6.1884 36.6412 4.23699 5.19933 36.4809 4.16298 4.22756 36.3016 4.11906 6.45878 31.2885 -3.96481 -12.0555 41.3913 1.98534 6.93946 31.3323 -3.72492 7.54642 31.3318 -3.27788 8.07047 31.331 -2.73737 -12.1739 41.3851 1.42847 -12.2905 41.2867 0.879938 8.87982 31.3299 -1.05756 -12.6214 40.3749 -0.676876 8.98973 31.3297 0.313773 1.99371 36.0879 4.08389 -12.5995 40.476 -0.573809 8.95961 31.2884 0.312853 8.94992 31.2885 -0.434643 8.89694 31.2885 -0.825474 -12.5062 40.8261 -0.134625 -12.4022 41.0987 0.35427 -11.4802 39.6789 4.692 7.25107 31.2885 -3.47633 -11.4193 39.0449 4.97881 -11.3857 38.3653 5.13674 -11.3792 37.9002 5.1671 -14.6355 37.9002 5.85924 -14.6361 38.0435 5.85636 12.7265 36.0653 -1.17129 12.6565 35.6063 -0.841737 -14.7976 40.1023 5.09661 -15.2114 41.3986 2.5059 -15.1749 41.3988 2.49002 12.2398 34.4593 1.11829 -15.1479 41.3993 2.46201 -15.1327 41.3999 2.4184 -15.1377 41.4 2.37519 -15.1547 41.3997 2.34486 -15.2006 41.3989 2.31319 -15.9188 40.1596 -0.178474 -16.0841 38.3729 -0.956042 -12.8086 38.8258 -1.55765 -12.7336 39.6789 -1.20444 12.2198 36.9465 -1.67481 -0.570884 41.4872 -2.59789 2.00452 36.6896 3.95503 -1.11494 41.4877 -2.42115 4.04853e-07 31.2885 5.20841 -1.73923 31.2885 5.14076 -2.39751 31.2885 5.07603 -1.71476 41.4891 -2.06157 -3.96284 31.2885 4.81755 -4.71129 31.2885 4.63164 -2.21026 41.4913 -1.57122 -2.55822 41.4937 -1.01923 -2.77294 41.4957 -0.403508 -8.09282 31.2885 2.66076 -8.55856 31.2885 1.89808 -2.82804 41.4967 0.10744 -8.95953 31.2885 0.314306 -2.75441 41.4965 0.615059 -8.86817 31.2885 -0.971525 -2.49168 41.4946 1.20573 -2.10158 41.4918 1.72205 -1.64402 41.4894 2.12258 -1.11477 41.4879 2.42344 -6.45888 31.2885 -3.96476 -4.96486 31.2885 -4.55756 -3.40338 31.2885 -4.92837 -0.569099 41.4872 2.59879 -3.57034e-07 31.2885 -5.20841 -0.56857 41.4964 -2.58702 3.19735 31.2885 -4.96379 -1.11051 41.4965 -2.41111 -1.70829 41.4968 -2.05321 5.67359 31.2885 -4.31432 -2.20268 41.4974 -1.56513 -2.5506 41.4979 -1.01549 7.9185 31.2884 -2.87 8.43464 31.2884 -2.14157 8.78052 31.2885 -1.31427 -2.76607 41.4984 -0.401975 -2.82193 41.4987 0.10739 -2.74839 41.4986 0.613324 -2.48497 41.4982 1.20163 -2.09466 41.4975 1.71552 8.3861 31.2885 2.22691 8.07508 31.2885 2.68356 7.51375 31.2885 3.26656 -1.63797 41.4969 2.11403 6.16435 31.2885 4.10747 -1.11041 41.4965 2.41343 -0.566815 41.4964 2.58793 2.01504 37.2944 3.8241 -0.429604 41.472 2.63029 4.91747 34.2684 -3.27571 -0.850981 41.4727 2.52985 5.05788 35.2273 -3.02994 5.10538 35.7162 -2.93708 5.13232 36.2072 -2.8582 5.13603 37.1817 -2.72419 5.07906 38.1151 -2.57676 -1.24935 41.474 2.36741 5 37.2951 -3.19475 -1.61474 41.4762 2.1515 -1.89491 41.4789 1.93278 4.99997 38.2008 -3.06301 -2.51766 41.4883 1.17643 -2.82519 41.4929 0.27876 -2.81643 41.4916 -0.193007 4.02268 36.6883 4.06728 -2.7001 41.4884 -0.692997 -2.46546 41.484 -1.21032 -2.01693 41.4783 -1.80116 -1.71313 41.4758 -2.07135 4.62087 39.8646 -2.46821 4.44676 39.9659 -2.41656 -1.25361 41.4993 -2.32875 4.05364 40.066 -2.38812 -1.68718 41.4993 -2.05434 -2.68403 41.4993 -0.668339 -2.52085 41.4993 1.12468 -2.14919 41.4993 1.64069 4.65261 39.9206 -2.491 -1.77948 41.4993 1.9925 -1.22457 41.4993 2.34673 -0.614319 41.4993 2.56415 3.60334 40.0088 -2.49305 -8.77227e-06 41.4969 2.64574 -1.78656e-05 41.4895 2.6562 -10.4371 39.8419 4.36681 -7.01778 39.8412 3.71273 -3.58599 39.8401 3.17172 2.36489 39.7167 -2.87755 1.77702 39.5998 -2.99352 -10.3731 39.2395 4.68193 1.08961 39.5082 -3.0948 -6.97457 39.2368 4.02773 5.1601e-06 40.4582 -2.85067 -6.71918e-07 41.4718 -2.66392 0.429978 41.472 -2.62997 -3.56412 39.2325 3.48321 -10.3337 38.5861 4.87662 1.61295 41.4752 -2.14538 2.1187 41.4793 -1.69179 2.49967 41.4846 -1.14945 2.66577 41.4876 -0.789185 -6.94813 38.5828 4.22985 -3.55034 38.5777 3.69483 2.74722 41.4922 0.662476 2.58195 41.4895 1.05989 -1.77806 38.5756 3.50572 2.10605 41.4814 1.72827 4.03402 37.2949 3.99377 1.4936 41.4754 2.23095 -2.61123 40.063 2.89709 0.716586 41.4724 2.56945 -2.38132 39.7369 3.09599 -1.33702 38.9069 3.37619 3.46719e-06 40.7468 2.77952 5.11594e-06 40.0275 2.97508 -2.35099e-39 37.9002 3.60629 0.701956 38.6807 3.41499 -2.37182 37.9002 3.71908 1.59573 39.0481 3.3454 -3.8506 37.9002 3.87902 -4.62622 37.9002 3.98123 -5.41206 37.9002 4.09337 2.90357 40.6911 2.28754 -6.97217 37.9002 4.33368 -8.44528 37.9002 4.58438 -9.74641 37.9002 4.8285 3.04695 41.3657 -0.305125 3.02727 41.2069 -0.971348 -10.8154 38.7737 4.93402 2.88498 40.6371 -2.02528 5.28233 37.2957 4.13314 2.78249 41.4665 -0.494049 2.684 41.3299 -1.06862 2.5091 41.1171 -1.5944 2.20908 40.8205 -2.09735 1.7986 40.5207 -2.48236 1.38887 40.3087 -2.71036 0.940568 40.1517 -2.86265 0.472914 40.0577 -2.94802 0.468376 40.057 2.95507 0.929422 40.1481 2.89084 1.37007 40.2983 2.77304 1.77358 40.5009 2.59029 2.10223 40.729 2.34423 2.36656 40.9707 2.01529 2.58814 41.2218 1.53952 2.72856 41.4041 0.992059 0.841639 40.8173 2.67196 0.425163 40.7641 2.75285 1.24163 40.9048 2.53416 1.61533 41.0229 2.33635 1.932 41.1561 2.09004 2.20294 41.2976 1.77941 2.44756 41.4459 1.34623 2.04618 41.2146 -1.91896 2.36191 41.3897 -1.46091 1.64626 41.0381 -2.27915 1.26559 40.9133 -2.50217 0.85709 40.8206 -2.65801 6.53087 37.2953 4.28898 -1.77347 39.5393 -2.97111 5.21087 40.3749 -2.02866 -1.16296 39.4585 -3.06135 -0.753784 39.4801 -3.12795 2.98184 40.9677 -1.51731 -1.46231 39.552 -3.04483 -2.36883 39.6892 -2.86732 3.04894 41.3875 0.473394 3.03166 41.2372 1.23945 2.98883 40.9991 1.80944 -2.37312 39.6593 -2.85622 2.77812 40.3749 2.63854 6.04613 40.3749 3.10609 10.3455 40.3749 3.90164 2.37182 37.9002 3.71907 11.1696 40.9683 3.26744 11.355 41.3088 2.3951 -16.0902 37.7569 -0.984534 -15.9944 36.1592 -0.533796 11.7 41.2912 0.772274 11.8107 41.1092 0.251386 11.9153 40.8391 -0.2409 12.0115 40.4809 -0.693439 3.8506 37.9002 3.87901 6.83659 40.789 2.73266 6.92053 41.1162 2.144 7.01407 41.3264 1.48065 7.1127 41.3999 0.777148 7.21128 41.3265 0.0736431 7.30476 41.1162 -0.589719 7.38871 40.789 -1.17835 12.6214 40.3749 -0.676876 12.7388 39.6356 -1.22903 12.8115 38.7737 -1.57121 -15.9287 35.6981 -0.22478 12.2476 37.9002 -1.80429 -15.482 34.4474 1.87685 -15.1876 34.4013 2.31845 -15.1323 34.4004 2.40243 14.7976 35.6981 5.09661 -15.3424 34.4018 2.53373 -15.3126 34.4089 2.67378 -7.11098 31.2885 -3.5767 -7.73638 31.2885 -3.06138 -8.24719 31.2885 -2.4478 -8.62829 31.2885 -1.74077 -15.1977 34.4921 3.21447 -8.94979 31.2885 -0.435908 -15.0869 34.6623 3.73531 -8.85048 31.2885 1.05094 -14.9833 34.9151 4.22299 -14.8893 35.2441 4.66509 -14.8074 35.6408 5.0503 -8.90097 31.3298 -0.962094 -8.68394 31.3301 -1.68415 -14.6422 37.4275 5.82787 -8.05094 31.331 -2.76141 -7.697 31.3317 -3.14124 -11.4068 36.9459 5.03741 5.41206 37.9003 4.09336 -11.4873 36.0652 4.65879 -11.2163 34.3983 1.55454 -11.5573 35.6063 4.32929 -12.0765 34.4035 1.88653 -9.38394 33.7531 1.16496 -9.10225 33.2571 1.10522 -12.4884 34.9201 -0.0511514 -12.5838 35.257 -0.500059 -12.6666 35.6639 -0.889563 -8.68981 31.3301 1.66908 -12.7347 36.1309 -1.20985 -8.04668 31.331 2.76671 -7.61097 31.3315 3.22117 -6.99086 31.3324 3.69207 -6.34072 31.3332 4.05686 -4.85116 31.3348 4.62245 -12.786 36.643 -1.45103 -1.74159 31.3367 5.16994 -1.74712 32.3383 4.9306 -1.85445 33.3092 4.69803 -2.12374 34.2074 4.48377 -2.6081 35.0475 4.29214 -12.8194 37.1904 -1.60836 -12.8339 37.7542 -1.67655 -16.0908 37.9002 -0.987405 -5.12712 36.8288 4.14416 -6.3681 37.2392 4.26826 6.97217 37.9003 4.33368 -8.35843 37.6394 4.57034 -10.9004 36.0653 4.5341 -10.9705 35.6061 4.20431 -11.0552 35.2075 3.80582 -11.9592 34.4732 2.43849 -10.82 36.9443 4.91218 -11.8455 34.634 2.97351 -11.7389 34.8809 3.47497 -11.6419 35.208 3.93118 -11.152 34.8809 3.35024 -11.2584 34.6343 2.84955 -11.3722 34.4734 2.31443 -11.4895 34.4035 1.76233 14.7319 36.1592 5.40563 -10.4482 37.0894 4.87525 -9.57972 37.0284 4.70493 -8.79663 36.9609 4.56797 -8.02415 36.8818 4.44939 -7.09873 36.7697 4.3301 -6.1884 36.6412 4.23699 -5.19933 36.4809 4.16298 -4.22756 36.3016 4.11906 -10.6877 36.4225 4.68659 -9.81733 36.3637 4.51289 -9.04326 36.2863 4.39159 -8.28658 36.1899 4.30045 -7.38709 36.0494 4.22619 -6.50698 35.8877 4.18553 -5.55285 35.6891 4.1722 -4.61465 35.473 4.18656 -3.55366 35.2009 4.23949 -10.8347 35.9108 4.41746 -9.96283 35.8537 4.24115 -9.19865 35.7654 4.13702 -8.46122 35.6478 4.07931 -7.59338 35.4727 4.05999 -6.74859 35.2722 4.08066 -5.83254 35.0319 4.13345 -4.92922 34.7776 4.20838 -3.90225 34.4682 4.32038 -2.88589 34.1471 4.45078 -10.9285 35.4574 4.05589 -10.0569 35.4 3.88008 -9.30551 35.2977 3.79818 -8.59296 35.1528 3.78366 -7.76536 34.9335 3.83422 -6.96373 34.6858 3.92984 -6.09244 34.3964 4.06034 -5.22839 34.099 4.20345 -4.23828 33.7492 4.37943 -3.25026 33.3971 4.55905 -10.968 35.0376 3.56143 -10.0996 34.9767 3.39115 -9.36831 34.8524 3.34413 -8.692 34.6678 3.39254 -7.91916 34.3885 3.53817 -7.1724 34.0806 3.72906 -6.35471 33.7324 3.95262 -5.53564 33.3857 4.17383 -4.58738 32.99 4.42249 -3.63219 32.6019 4.65911 -10.9349 34.6974 2.94091 -10.075 34.6272 2.78539 -9.37818 34.4651 2.79818 -8.75382 34.2236 2.93677 -8.05041 33.8681 3.20297 -7.36687 33.4909 3.50362 -6.60636 33.0801 3.82646 -5.8332 32.683 4.12739 -4.92724 32.2409 4.44949 -4.0046 31.8171 4.74262 -10.8265 34.482 2.25249 -9.99253 34.3833 2.14207 -9.34832 34.1635 2.24624 -8.78721 33.8526 2.49466 -8.15805 33.4158 2.88977 -7.53576 32.9714 3.29677 -6.82736 32.5034 3.71009 -6.0944 32.0623 4.08083 -5.22438 31.5809 4.46532 -9.87298 34.18 1.43441 -9.30166 33.8803 1.66514 -8.81558 33.4872 2.04385 -8.26785 32.961 2.58034 -7.70839 32.4478 3.09644 -7.05139 31.9235 3.599 -6.35624 31.4409 4.03537 -8.86461 33.038 1.53749 -8.41289 32.4066 2.2407 -7.92408 31.8159 2.87945 8.44528 37.9003 4.58438 -8.57183 31.8369 1.92517 -12.1069 34.4004 1.74375 -12.3049 34.5324 0.812266 -6.53087 37.2952 4.28898 -5.28231 37.2956 4.13314 -4.02268 36.6882 4.06729 -4.03403 37.2948 3.99378 -1.95913 34.3257 4.46537 -1.9823 35.4912 4.2117 -1.99372 36.0878 4.0839 -2.00452 36.6895 3.95505 -12.2477 37.9002 -1.80429 -12.247 37.7544 -1.8013 -12.2326 37.1916 -1.73338 -12.1993 36.6452 -1.57663 -12.1482 36.1343 -1.33654 -12.0805 35.6682 -1.01773 -11.9979 35.2611 -0.62936 -11.9028 34.9237 -0.181689 -11.7189 34.5337 0.683367 -2.01504 37.2944 3.82412 14.6501 37.202 5.79041 14.6361 37.7569 5.85636 -7.72495 37.9002 4.45863 -5.23757e-08 37.0008 3.83369 -1.03604e-07 36.1078 4.06266 -1.28765e-07 35.6649 4.1753 -2.02539e-07 34.3624 4.49703 -2.5975 40.0408 -2.64052 -2.51172e-07 33.5365 4.69681 -3.00837e-07 32.7637 4.88481 -3.26347e-07 32.3964 4.97508 -3.52306e-07 32.0381 5.0636 -3.24067 35.7215 4.16622 -3.99236 36.2669 4.11201 -4.54181 36.5683 4.11441 -7.37301 37.4721 4.40883 -8.84037 37.7044 4.65615 -2.77812 40.3749 2.63854 -9.31353 37.7598 4.74427 -10.2291 37.8503 4.92495 -1.91634 39.2734 3.28386 -10.7923 37.9002 5.04237 -0.684039 38.6767 3.41555 5.0097e-15 38.5993 3.42613 9.80658 37.8106 4.83995 16.0902 38.0435 -0.984534 16.0762 38.5984 -0.918582 15.6244 41.1666 1.20678 15.3839 41.3986 2.3381 15.1605 41.3996 2.33839 15.1382 41.4 2.37379 15.3424 41.3986 2.53373 -2.15268 41.4821 1.67741 15.3126 41.3915 2.67378 -2.74481 41.4921 0.670211 15.1977 41.3083 3.21447 14.8074 40.1596 5.0503 14.7397 39.7052 5.36882 14.6768 39.063 5.66478 11.475 39.6356 4.71662 12.2829 41.296 0.915533 -1.37259 41.474 -2.29812 -0.982558 41.4728 -2.4822 -0.569559 41.4721 -2.60409 8.85794 37.7066 4.65935 -2.72848 41.4042 0.991968 -2.58804 41.222 1.53938 -2.36643 40.9709 2.01513 -2.1021 40.7292 2.34406 -1.77346 40.5013 2.59011 -1.36996 40.2987 2.77287 -0.929349 40.1485 2.89069 -0.468357 40.0575 2.95492 -0.472861 40.0581 -2.94788 -0.940498 40.1522 -2.8625 -1.38877 40.3091 -2.71021 -1.79848 40.521 -2.48221 -2.20895 40.8207 -2.09723 -2.50899 41.1172 -1.5943 -2.68391 41.33 -1.06856 -2.78241 41.4666 -0.494035 -1.26556 40.9135 -2.50211 -0.857074 40.8208 -2.65795 -1.64623 41.0383 -2.2791 -2.04614 41.2148 -1.91891 -2.36188 41.3898 -1.46087 -2.2029 41.2977 1.77934 -2.44753 41.446 1.34615 -1.93196 41.1562 2.08997 -1.6153 41.023 2.33628 -1.2416 40.905 2.5341 -0.841621 40.8175 2.6719 -0.425171 40.7643 2.7528 12.3943 41.116 0.391435 12.4997 40.847 -0.104127 12.8345 37.9002 -1.67955 11.3799 37.754 5.16401 -2.37118 39.6728 -2.86124 -2.3719 39.6678 -2.85936 -2.37262 39.6628 -2.85751 11.0055 40.3749 4.03968 11.4698 41.391 1.85528 11.4278 36.6428 4.93851 11.5856 41.3852 1.31062 12.166 41.3878 1.46576 12.0478 41.3878 2.02192 11.9314 41.2967 2.56943 -4.60922 39.9507 -2.47562 -4.29603 40.0923 -2.41004 -3.92648 40.1358 -2.4216 11.8187 41.1145 3.09937 11.6999 40.802 3.65857 -4.01371 40.0682 -2.39149 -4.21553 40.0427 -2.38609 -4.62073 39.8647 -2.46816 -4.74471 39.7583 -2.52359 11.5924 40.3749 4.16443 -4.99999 39.1398 -2.80263 -12.8345 37.9002 -1.67955 10.3337 38.5861 4.87662 6.94813 38.5828 4.22985 3.55034 38.5777 3.69483 1.77806 38.5756 3.50572 10.3731 39.2395 4.68193 6.97457 39.2368 4.02773 3.56412 39.2325 3.48321 6.25476 37.2081 4.25432 10.4371 39.8419 4.36683 7.01778 39.8412 3.71275 -7.46037 40.3749 -1.67284 3.58599 39.84 3.17174 -11.9469 40.7349 -0.389472 11.4792 36.1299 4.69684 10.7923 37.9002 5.04237 9.74641 37.9003 4.8285 -11.5254 41.3992 1.59343 -11.4075 41.3575 2.14851 -11.2929 41.2255 2.68735 -11.1832 41.0033 3.20352 -11.0905 40.7258 3.63973 -11.0055 40.3749 4.03968 -6.90103 40.3749 3.25054 7.72495 37.9003 4.45863 -2.82325 40.4772 2.53624 -2.94723 40.8332 2.08911 -3.0108 41.1077 1.58475 -3.039 41.2927 1.04348 -3.04891 41.3868 0.481593 -3.04914 41.3893 -0.087042 -3.0399 41.3004 -0.649552 -2.97732 40.9489 -1.5517 11.5472 35.6638 4.37702 -7.38872 40.789 -1.17835 -7.30475 41.1162 -0.589715 -7.21128 41.3264 0.0736371 -7.1127 41.3999 0.777142 -7.01408 41.3265 1.48064 -6.92053 41.1162 2.14399 -6.8366 40.789 2.73263 4.62622 37.9003 3.98123 -4.9331 38.9604 -2.3407 -5.07583 38.1147 -2.5763 1.24752 38.8648 3.38437 3.43895 35.885 4.1439 1.96118 39.3097 3.27238 2.47263 39.856 3.03071 0.534351 41.4915 2.60192 1.28401 41.4922 2.33845 -5.10905 35.8655 -2.91028 1.93664 41.4938 1.8806 -4.98775 34.7416 -3.14253 2.37503 41.4957 1.37952 2.69146 41.4973 0.795151 2.81633 41.4977 0.279978 2.79847 41.4972 -0.252998 2.72049 35.1901 4.26224 2.6382 41.4961 -0.830762 2.36065 41.4948 -1.3586 1.98079 41.4934 -1.82226 -4.64578 33.6351 -3.53216 -4.31003 33.3916 -3.69021 -3.90451 33.2898 -3.81664 -4.00001 33.4976 -4.26131 -4.13655 33.4997 -4.23102 1.51429 41.4923 -2.1999 0.791099 41.4915 -2.53728 -4.75036 33.7819 -3.9986 -4.88596 33.9628 -3.90855 2.2505 34.478 4.42024 4.99999 39.1398 -2.80264 4.93412 38.9604 -2.34056 4.89168 39.1074 -2.28571 4.75224 39.3509 -2.18459 0.851891 41.4725 -2.52838 4.08274 39.7104 -2.02841 3.5557 39.7008 -2.10206 1.24893 41.4735 -2.36444 2.79796 41.491 -0.313335 4.25377 40.0338 -2.38836 2.83046 41.4929 0.214307 2.32763 41.4849 1.46358 4.79686 39.7005 -2.55307 4.90285 39.5403 -2.63113 1.92554 33.6229 4.62296 -3.60334 40.0088 -2.49305 -3.55561 39.7009 -2.10196 -3.99219 39.7225 -2.02983 -4.38889 39.6169 -2.06251 -4.75216 39.3506 -2.18481 1.84425 41.4783 1.97635 1.11661 41.4735 2.42937 -4.90091 39.544 -2.62937 0.293106 41.4719 2.64832 -3.23445e-05 41.4718 2.66393 2.64126e-07 41.4993 2.63403 0.530374 41.4993 2.58207 1.75726 32.5257 4.88573 1.50587 41.4993 2.18854 -2.27953 39.6055 -2.36637 1.92493 41.4993 1.86783 2.57063 41.4993 1.03368 2.76155 41.4993 0.539404 11.9086 34.5328 2.67647 -5.28963e-08 39.3992 -3.13315 2.81421 41.4993 0.0122656 -0.544615 39.5731 -2.64245 -1.09091 39.5748 -2.58043 2.7317 41.4993 -0.511061 2.54512 41.4993 -1.00625 -2.37377 39.6556 -2.85482 1.92076 41.4993 -1.85542 1.5038 41.4993 -2.18373 1.73923 31.2885 5.14076 1.03605 41.4993 -2.429 -1.18342e-08 41.4993 -2.63403 -3.10018e-07 41.4931 -2.65234 1.12867 39.5758 -2.5751 5.65077e-07 39.5733 -2.66444 -4.92471e-07 41.4833 -2.66058 1.44415 39.5496 -3.04755 -7.7342e-15 39.4544 -3.15891 -4.05342e-07 31.337 5.23761 2.27964 39.606 -2.3663 2.37377 39.6556 -2.85482 1.0086 39.4437 -3.0789 1.61466 39.5147 -2.99749 -8.41182 31.3305 2.24251 -3.33719 31.336 4.97005 -2.97032 31.2885 4.99972 -5.82184 31.2885 4.25553 -6.84474 31.2885 3.74821 -7.51722 31.2885 3.26355 -1.53612e-07 35.2253 4.28545 -8.87975 31.3298 1.05782</float_array>
					<technique_common>
						<accessor count="1441" source="#ID34" stride="3">
							<param name="X" type="float"/>
							<param name="Y" type="float"/>
							<param name="Z" type="float"/>
						</accessor>
					</technique_common>
				</source>
				<source id="ID35">
					<float_array id="ID36" count="6105" digits="2490374">0.00021875 0.892125 -0.45175 0.00025 0.892125 -0.45175 0.0777813 0.896781 -0.435531 0.0618125 0.895469 -0.44075 0.123031 0.899469 -0.419187 0.12275 0.8995 -0.41925 0.454844 0.110688 -0.883594 0.418969 0.159719 -0.893781 0.3285 0.195375 -0.924031 0.32725 0.151375 -0.932719 0.230906 0.223094 -0.947031 0.243 0.181812 -0.952781 0.156156 0.235875 -0.959094 0.113094 0.224438 -0.967875 0.0704688 0.239875 -0.968188 0 0.241156 -0.970469 6.25e-05 0.23825 -0.971156 0.384313 0.215625 -0.897625 0.307 0.256594 -0.916438 0.226562 0.270719 -0.935562 0.161844 0.265063 -0.9505 0.079125 0.247156 -0.965688 0.000375 0.236813 -0.971531 0.352688 0.229969 -0.907 0.296813 0.243594 -0.923281 0.249 0.269188 -0.930313 0.241063 0.273813 -0.931063 0.250969 0.259594 -0.9325 0.206844 0.272563 -0.939625 0.225875 0.274344 -0.934687 0.193781 0.271188 -0.942813 0.0964063 0.251 -0.963125 0.306844 0.117688 -0.944438 0.300656 0.109156 -0.947438 0.327344 0.177406 -0.928031 0.271531 0.162687 -0.948563 0.225313 0.172406 -0.958875 0.282 0.0520938 -0.957969 0.251844 -0.0148125 -0.967625 0.230813 0.0220312 -0.972719 0.218562 0.0788125 -0.972625 0.195531 0.132625 -0.971656 0.202937 -0.0586875 -0.977406 0.185687 0.051125 -0.981219 0.210469 -0.0699062 -0.975062 0.208781 -0.0597188 -0.976125 0.22675 -0.0570313 -0.972219 0.205344 -0.024875 -0.978312 0.198531 0.0237188 -0.979781 0.189094 0.0725625 -0.97925 0.162531 0.131219 -0.977875 0.207625 0 -0.978188 0.199437 0.01125 -0.979813 0.202969 -0.0291563 -0.978719 0.196406 0.0185 -0.980313 0.193094 0.0277188 -0.980781 0.177437 0.0790313 -0.980906 0.168906 0.107906 -0.979688 0.150469 0.154625 -0.976438 -0.0704688 0.239875 -0.968188 -0.0802813 0.232063 -0.969375 -0.156156 0.235875 -0.959094 -0.171375 0.207 -0.963188 -0.230906 0.223094 -0.947031 -0.285406 0.166344 -0.943812 -0.328438 0.195375 -0.924031 -0.454844 0.110688 -0.883594 -0.420563 0.156875 -0.893531 -0.38075 0.219969 -0.898094 -6.25e-05 0.23825 -0.971156 -0.079125 0.247156 -0.965688 -0.161844 0.265063 -0.9505 -0.226562 0.270719 -0.935562 -0.307 0.256594 -0.916438 -0.34475 0.219906 -0.912531 -0.000375 0.236813 -0.971531 -0.000875 0.236844 -0.971531 -0.0967188 0.251063 -0.963094 -0.193781 0.271188 -0.942813 -0.214687 0.273375 -0.937594 -0.233531 0.274563 -0.932719 -0.247156 0.271156 -0.930219 -0.296813 0.243594 -0.923281 -0.31025 0.127375 -0.942031 -0.250969 0.259594 -0.9325 -0.271531 0.162687 -0.948563 -0.300656 0.109156 -0.947438 -0.271313 0.0266562 -0.962094 -0.22675 0.175156 -0.958063 -0.218562 0.0788125 -0.972625 -0.230813 0.0220312 -0.972719 -0.234219 -0.04625 -0.971031 -0.196562 0.133469 -0.971344 -0.189094 0.0725625 -0.97925 -0.198531 0.0237188 -0.979781 -0.205344 -0.024875 -0.978312 -0.208781 -0.0596563 -0.976125 -0.216312 -0.0678438 -0.973938 -0.205906 -0.0670312 -0.976219 -0.162531 0.131187 -0.977938 -0.150469 0.154594 -0.976438 -0.168906 0.107906 -0.979688 -0.177437 0.0790313 -0.980906 -0.185687 0.051125 -0.981219 -0.193094 0.0276562 -0.980781 -0.202625 -0.056375 -0.977625 -0.196406 0.0185 -0.980313 -0.202063 -0.0421875 -0.978406 -0.199437 0.0111875 -0.979813 -0.205156 -0.0140938 -0.978594 -0.207625 0 -0.978188 -0.0590313 0.895187 -0.441594 -0.123031 0.8995 -0.419156 -0.12275 0.8995 -0.419156 -0.0619688 0.8955 -0.440625 -0.000375 0.892125 -0.451688 -0.00053125 0.892125 -0.451688 0 1 -0 -0.03725 0.907719 0.417906 -0.34075 0.653094 0.676188 -0.09475 0.417031 0.903875 -0.340438 0.81925 0.461313 -0.286719 0.8895 0.355719 0.000125 0.340688 0.940125 -0.055125 0.288625 0.955813 0.0188437 0.340656 0.939969 -0.223531 0.425063 0.877062 -0.294313 0.541188 0.787656 -0.0430937 0.897656 -0.438563 0.127531 0.899219 -0.418344 -0.161 0.87325 -0.459781 -0.282375 0.824188 -0.490813 -0.4785 0.673125 -0.563812 -0.485781 0.664563 -0.567688 -0.60925 0.457781 -0.647438 -0.598219 0.485125 -0.637688 -0.657531 0.201875 -0.725781 -0.657531 0.202844 -0.7255 0.880938 -0.437656 -0.179875 0.758 -0.510844 -0.405406 0.844813 -0.395719 -0.359969 0.789906 -0.585406 -0.182187 0.907969 -0.4185 0.0185938 0.799594 -0.597313 0.0611563 0.692813 -0.563781 -0.449531 0.716375 -0.664375 -0.212812 0.698406 -0.714719 0.0366875 0.631031 -0.591875 -0.501406 0.645719 -0.713313 -0.272281 0.598437 -0.8 -0.0421875 0.552188 -0.5995 -0.579313 0.55975 -0.73125 -0.389688 0.492594 -0.842 -0.219812 0.47725 -0.591594 -0.649719 0.473938 -0.719281 -0.507875 0.396844 -0.824969 -0.402219 0.33325 -0.569031 -0.751688 0.254813 -0.6825 -0.684969 0.178438 -0.511594 -0.840469 0.160219 -0.635625 -0.755094 0.137812 -0.74825 -0.648875 0.139906 -0.959875 -0.242781 0.266375 -0.806375 -0.527969 0.0836875 -0.917875 -0.387781 0.054625 -0.965062 -0.256063 0.112438 -0.84275 -0.526344 0.458156 0.109969 -0.882031 0.469438 0.103188 -0.876844 0.417406 0.160531 -0.894406 0.452031 0.1115 -0.884969 0.381125 0.216063 -0.898844 0.450063 0.189719 -0.872563 0.354094 0.229438 -0.906563 0.412031 0.17975 -0.893219 0.327125 0.177625 -0.928125 0.378281 0.144313 -0.914344 0.306125 0.118094 -0.944562 0.341781 0.0950625 -0.934906 0.281875 0.05225 -0.958 0.315188 0.05625 -0.947344 0.289094 0.0186875 -0.957094 0.251938 -0.0149688 -0.967625 0.254375 -0.0255938 -0.96675 0.226719 -0.057 -0.972281 0.528281 0.0864375 -0.844594 0.653188 0.06775 -0.754094 0.637062 0.0556875 -0.76875 0.651344 0.0666875 -0.755813 0.586375 0.0599688 -0.807781 0.530813 0.0359063 -0.846656 0.468188 -0.001 -0.883563 0.422719 -0.0315938 -0.905688 0.379063 -0.062375 -0.92325 0.322406 -0.101844 -0.941063 0.275375 -0.128219 -0.952688 0.223625 -0.122219 -0.966969 0.210344 -0.0696875 -0.975125 0.202781 -0.0582188 -0.977437 0.202781 -0.027625 -0.978813 0.781344 0.002 -0.624 0.746938 -0.0855938 -0.659281 0.687937 -0.136719 -0.712687 0.607406 -0.17975 -0.77375 0.544656 -0.203719 -0.813469 0.483719 -0.222406 -0.846438 0.405219 -0.242031 -0.881531 0.340219 -0.254375 -0.90525 0.262344 -0.248938 -0.932281 0.217219 -0.177625 -0.959813 0.205719 -0.0620313 -0.976625 0.20725 -0.00025 -0.97825 0.777844 0.0425938 -0.626938 0.874125 -0.0204062 -0.485125 0.844938 -0.184188 -0.502062 0.78275 -0.2835 -0.553906 0.6965 -0.356969 -0.622375 0.629875 -0.388594 -0.672406 0.56575 -0.405094 -0.718156 0.483125 -0.412031 -0.772469 0.411813 -0.411063 -0.81325 0.311938 -0.398313 -0.8625 0.237656 -0.326906 -0.914625 0.207656 -0.210594 -0.955187 0.198844 -0.272438 -0.941375 0.866188 0.0215313 -0.499125 0.938125 -0.02225 -0.345469 0.909719 -0.246969 -0.333594 0.931594 0.0119063 -0.363219 0.973844 0.00475 -0.226938 0.992188 -0.0140313 -0.123469 0.966656 -0.250469 -0.0527188 0.995719 -0.001 -0.0921875 0.997813 -0.00221875 0.0656875 0.992969 -0.0141563 0.117063 0.948656 -0.14475 0.281063 0.931094 -0.202875 0.302938 0.891813 -0.329469 0.309938 0.689219 -0.673688 0.266531 0.474063 -0.856656 0.203156 0.410531 -0.894531 0.176719 0.207844 -0.978094 -0.00265625 0.973719 0.00375 0.227437 0.952313 -0.108094 0.28525 0.251656 -0.958344 0.134687 0.0620625 -0.996844 0.0485 0.0488125 -0.988781 -0.141 0.024875 -0.993813 -0.108219 0.000125 -0.999969 -0 0 -0.515625 -0.85675 0.063125 -0.518094 -0.852938 0.0987813 -0.521156 -0.847656 0.138625 -0.525563 -0.839312 0.184813 -0.531563 -0.826563 0.20825 -0.534906 -0.818781 0.237781 -0.538938 -0.808031 0.277063 -0.544469 -0.791656 0.300969 -0.547531 -0.780688 0.380094 -0.556938 -0.738406 0.379438 -0.556938 -0.738719 -0.657531 0.202031 -0.725781 -0.66825 0.133031 -0.731875 -0.668625 0.130375 -0.731969 -0.681313 0.0974375 -0.725438 -0.690938 0.09175 -0.717 -0.695063 0.09425 -0.712687 -0.703531 0.111 -0.701844 -0.609125 0.284813 -0.740125 -0.604469 0.151937 -0.781906 -0.609125 0.2845 -0.740219 -0.601687 0.12425 -0.788938 -0.598281 0.124688 -0.791469 0.146781 0.707094 -0.691688 0.152094 0.552688 -0.819344 0.180438 0.494875 -0.85 0.167469 0.381125 -0.909156 0.201063 0.249594 -0.947219 0.178813 0.20575 -0.962125 0.193156 0.027625 -0.98075 0.185687 0.0512188 -0.981219 0.196406 0.018375 -0.980313 0.199406 0.0110625 -0.979813 0.118594 0.706719 -0.697438 0.126625 0.546313 -0.827906 0.138187 0.376563 -0.916 0.147062 0.234313 -0.960938 0.168906 0.107937 -0.979688 0.150469 0.154719 -0.976406 0.177437 0.079125 -0.980875 0.102375 0.706375 -0.700312 0.068 0.706594 -0.704313 0.0963125 0.634562 -0.766781 0.103375 0.613344 -0.782969 0.111 0.569031 -0.814687 0.0719375 0.608688 -0.790125 0.09075 0.615125 -0.783156 0.0717188 0.502062 -0.861781 0.122094 0.467156 -0.875656 0.129219 0.356094 -0.925438 -0.243031 -0.539813 -0.805875 -0.379438 -0.556938 -0.738719 -0.380094 -0.556938 -0.738406 -0.245219 -0.540031 -0.805094 -0.149469 -0.526906 -0.836594 -0.148438 -0.526812 -0.836875 -0.0677188 -0.518438 -0.852406 -0.0703125 -0.518656 -0.852063 -0.179188 -0.504625 -0.8445 -0.33325 -0.569031 -0.751688 -0.311938 -0.398313 -0.8625 -0.159812 -0.637688 -0.753469 -0.254813 -0.6825 -0.684969 -0.473938 -0.719281 -0.507875 -0.552188 -0.5995 -0.579313 -0.47725 -0.591656 -0.649719 -0.55975 -0.73125 -0.389688 -0.396844 -0.824969 -0.402219 -0.492594 -0.842 -0.219812 -0.631063 -0.591875 -0.501375 -0.645719 -0.713313 -0.272281 -0.598437 -0.8 -0.0421875 -0.692813 -0.563781 -0.449531 -0.716375 -0.664375 -0.212812 -0.698406 -0.714719 0.0366875 -0.758 -0.510844 -0.405406 -0.789906 -0.585406 -0.182187 -0.799594 -0.597313 0.0611563 -0.844813 -0.395719 -0.359969 -0.880938 -0.437656 -0.179875 -0.907969 -0.4185 0.0185938 -0.109781 -0.850438 -0.514406 -0.266375 -0.806375 -0.527969 -0.136344 -0.754094 -0.642375 -0.0570938 -0.961875 -0.267344 -0.289094 0.0186875 -0.957094 -0.27125 0.0266562 -0.962125 -0.254375 -0.0255938 -0.96675 -0.315188 0.05625 -0.947344 -0.3095 0.127844 -0.94225 -0.341781 0.0950625 -0.934906 -0.378281 0.144313 -0.914344 -0.34575 0.2195 -0.912281 -0.412031 0.17975 -0.893219 -0.450063 0.189719 -0.872563 -0.37825 0.219688 -0.899188 -0.452031 0.1115 -0.884969 -0.420125 0.157406 -0.893656 -0.469438 0.103188 -0.876844 -0.458156 0.109969 -0.882031 -0.602844 0.06575 -0.795125 -0.205781 -0.0666875 -0.976313 -0.202469 -0.0558437 -0.977656 -0.223625 -0.122219 -0.966969 -0.216281 -0.0677188 -0.973938 -0.275375 -0.128219 -0.952688 -0.322406 -0.101844 -0.941063 -0.379063 -0.062375 -0.92325 -0.422719 -0.0315938 -0.905688 -0.468188 -0.001 -0.883563 -0.530813 0.0359063 -0.846656 -0.586375 0.0599688 -0.807781 -0.651344 0.0666875 -0.755813 -0.637062 0.0556875 -0.76875 -0.687406 0.0631875 -0.723437 -0.217219 -0.177625 -0.959813 -0.201844 -0.0410938 -0.9785 -0.205719 -0.0620313 -0.976625 -0.262344 -0.248938 -0.932281 -0.340219 -0.254375 -0.90525 -0.405219 -0.242031 -0.881531 -0.483719 -0.222406 -0.846438 -0.544656 -0.203719 -0.813469 -0.607406 -0.179719 -0.77375 -0.687937 -0.136719 -0.712687 -0.746938 -0.0855938 -0.659281 -0.781344 0.002 -0.624 -0.772875 0.043625 -0.632937 -0.206781 -0.0416562 -0.977437 -0.205 -0.0134375 -0.978625 -0.20725 -0.00025 -0.97825 -0.202312 -0.202438 -0.958125 -0.207656 -0.210594 -0.955187 -0.237656 -0.326906 -0.914625 -0.411813 -0.411063 -0.81325 -0.483125 -0.412031 -0.772469 -0.56575 -0.405094 -0.718156 -0.629875 -0.388594 -0.672406 -0.6965 -0.356906 -0.622375 -0.78275 -0.2835 -0.553906 -0.844938 -0.184188 -0.502062 -0.874125 -0.0204062 -0.485125 -0.8625 0.0223125 -0.505437 -0.193031 -0.3585 -0.913281 -0.909719 -0.246969 -0.333594 -0.938125 -0.02225 -0.345469 -0.929031 0.0121562 -0.369781 -0.966656 -0.250469 -0.0527188 -0.992188 -0.0140313 -0.123469 -0.978594 0.0038125 -0.205656 -0.998937 -0.0024375 -0.0449063 -0.139906 -0.959875 -0.242781 -0.207844 -0.978094 -0.00265625 -0.410531 -0.894531 0.176719 -0.446594 -0.873156 0.195031 -0.720594 -0.636281 0.275375 -0.8775 -0.366344 0.309344 -0.928375 -0.213469 0.304125 -0.948656 -0.14475 0.281063 -0.992969 -0.0141563 0.117063 -0.995938 -0.0025625 0.0899063 -0.973719 0.00375 0.227437 -0.0488125 -0.988781 -0.141 -0.1515 -0.983781 0.0958125 -0.0146563 -0.999781 0.013 -0.955156 -0.0934063 0.280969 -0.000125 -0.999969 -0 -0.199406 0.011125 -0.979813 -0.178813 0.20575 -0.962125 -0.196406 0.018375 -0.980313 -0.193156 0.027625 -0.98075 -0.20025 0.264094 -0.943438 -0.167469 0.381125 -0.909156 -0.178875 0.5075 -0.842781 -0.152094 0.552688 -0.819344 -0.146781 0.707094 -0.691688 -0.117656 0.706688 -0.697594 -0.177437 0.079125 -0.980875 -0.168906 0.107937 -0.979688 -0.147062 0.234313 -0.960938 -0.185687 0.0512188 -0.981219 -0.138187 0.376563 -0.916 -0.126625 0.546313 -0.827906 -0.109656 0.578344 -0.808344 -0.150469 0.154719 -0.976406 -0.129219 0.356094 -0.925438 -0.124656 0.434063 -0.892156 -0.117969 0.511625 -0.851 -0.0986563 0.706375 -0.700906 -0.101344 0.621719 -0.776563 -0.0945625 0.634781 -0.766813 -0.0717188 0.502062 -0.861781 -0.0719687 0.604906 -0.792969 -0.09075 0.615125 -0.783156 -0.068 0.706594 -0.704313 0.598219 0.124688 -0.791469 0.598906 0.12475 -0.791 0.601687 0.12425 -0.788938 0.601844 0.125531 -0.788625 0.604469 0.151937 -0.781906 0.609125 0.2845 -0.740219 0.609125 0.284813 -0.740125 0.70025 0.111281 -0.705156 0.696094 0.0964375 -0.711344 0.703562 0.110969 -0.701813 0.695094 0.09425 -0.712656 0.680938 0.0981563 -0.725688 0.67 0.127062 -0.731344 0.668063 0.132719 -0.732094 0.658156 0.193625 -0.727531 0.657625 0.202031 -0.725688 0.657625 0.201875 -0.72575 0.5485 0.580094 -0.602094 0.657625 0.202844 -0.725469 0.657625 0.201906 -0.72575 0.578 0.527969 -0.622125 0.431906 0.720344 -0.542719 0.382187 0.761469 -0.523438 0.281406 0.825 -0.489938 0.140844 0.878688 -0.456031 0.138094 0.87975 -0.454906 -0.0316875 0.903375 -0.427656 -0.122719 0.8995 -0.419187 -0.1275 0.899281 -0.418281 0.037 0.908375 0.416438 0.323344 0.688438 0.649188 0.280406 0.891281 0.356156 0.239219 0.513969 0.82375 0.0741875 0.375 0.924031 0.151844 0.402531 0.902656 0.0681562 0.346625 0.9355 0.0189063 0.340656 0.939969 0.0001875 0.340688 0.940125 0.185906 0.642438 -0.743375 0.0540625 0.441344 -0.895688 0.209719 0.535781 -0.817813 0.108531 0.693031 -0.712656 0.182219 0.4135 -0.892031 -0.0198125 0.196875 -0.980219 0.13175 0.358656 -0.924062 -0.158688 0.677969 -0.717656 -0.066875 0.461094 -0.88475 -0.0989688 0.688563 -0.718313 -0.210219 0.535875 -0.817688 0.010625 0.225688 -0.974125 -0.08625 0.645938 -0.758438 0.191062 0.417031 -0.888531 -0.0126563 0.514875 -0.857094 0.172406 0.536625 -0.825969 0.130094 0.7455 -0.653625 -0.110719 0.749125 -0.653063 0.103844 0.837406 -0.536563 0.0330313 0.054625 -0.997938 0.0951563 0.616 -0.781906 0.152719 0.3885 -0.908656 0.119938 -0.108031 -0.986844 0.188469 0.0992813 -0.977 0.184531 -0.091375 -0.978531 0.121688 -0.2615 -0.957438 0.144438 -0.22675 -0.963125 0.07175 -0.330813 -0.940938 0 -0.348188 -0.937375 3.125e-05 -0.356531 -0.934219 -0.0750313 -0.318437 -0.944938 -0.100531 -0.298281 -0.949094 -0.140469 -0.232906 -0.96225 -0.131563 -0.158625 -0.9785 -0.183594 -0.094625 -0.978406 -0.188187 0.100219 -0.976969 -0.0821875 -0.0196563 -0.996406 -0.152531 0.389031 -0.908437 -0.002125 0.108031 -0.994125 -0.0953438 0.61575 -0.782094 -0.171937 0.0295938 -0.984656 -0.158094 0.1715 -0.972406 -0.118125 -0.119438 -0.985781 -0.0405938 -0.26175 -0.96425 0.0046875 -0.363281 -0.931625 0.0112813 -0.398313 -0.917156 0.00415625 -0.406938 -0.913406 -0.00403125 -0.374719 -0.927063 0.022375 -0.285844 -0.958 0.0758438 -0.177344 -0.981188 0.138469 -0.0567813 -0.988688 0.167531 0.0620313 -0.983906 -0.133781 0.358594 -0.923813 -0.285188 0.0280625 -0.958 -0.272 0.121813 -0.954531 -0.244969 -0.09025 -0.965281 -0.15975 -0.213344 -0.963781 -0.0691563 -0.300813 -0.951156 -0.0203438 -0.328875 -0.944094 0.0127188 -0.332875 -0.942813 0.06125 -0.300656 -0.951719 0.132719 -0.221437 -0.966031 0.199 -0.128844 -0.971438 0.25275 -0.0306875 -0.967 0.272063 0.054 -0.960719 0.151625 0.171875 -0.973375 -0.35475 0.102812 -0.92925 -0.264625 0.151688 -0.952313 -0.342969 0.0326875 -0.93875 -0.258406 -0.0540937 -0.9645 -0.127937 -0.11675 -0.984875 -0.039625 -0.131844 -0.990438 0.0271563 -0.127438 -0.991437 0.118906 -0.0998125 -0.987844 0.222844 -0.043 -0.973844 0.293219 0.0186563 -0.955813 0.331531 0.0777187 -0.940188 0.326969 0.117594 -0.937625 0.237031 0.130344 -0.962656 -0.372156 0.182125 -0.910062 -0.210719 0.182344 -0.960375 -0.383406 0.151125 -0.911094 -0.302219 0.104219 -0.947469 -0.149188 0.0800625 -0.985531 -0.0389063 0.0855312 -0.995531 0.0393437 0.0999063 -0.994156 0.142281 0.1115 -0.9835 0.258875 0.129906 -0.957125 0.329406 0.155125 -0.931313 0.357469 0.179594 -0.916438 0.33375 0.186687 -0.923906 0.270156 0.129969 -0.953969 -0.361375 0.276344 -0.890469 -0.11575 0.215937 -0.9695 -0.396625 0.289 -0.871281 -0.316188 0.293938 -0.902 -0.142906 0.3235 -0.935313 -0.0207187 0.353656 -0.935094 0.0499375 0.37575 -0.925344 0.139031 0.362875 -0.921344 0.261813 0.329969 -0.906906 0.335656 0.309781 -0.889531 0.357563 0.295406 -0.885906 0.31325 0.268656 -0.910812 0.218094 0.173094 -0.960406 -0.3285 0.356438 -0.874625 0.018625 0.245906 -0.969063 -0.382594 0.4065 -0.829625 -0.298594 0.455813 -0.838406 -0.114188 0.522344 -0.845 0.0045 0.561281 -0.827563 0.05375 0.581906 -0.811437 0.113187 0.556188 -0.82325 0.234906 0.492344 -0.838063 0.314813 0.438313 -0.841812 0.336094 0.392406 -0.856125 0.274188 0.338156 -0.900187 0.105687 0.216469 -0.9705 -0.27 0.432344 -0.860313 0.165063 0.266156 -0.949625 -0.341563 0.524188 -0.780031 -0.252594 0.612094 -0.74925 -0.0704063 0.69225 -0.718188 0.03125 0.724375 -0.688594 0.0519063 0.737719 -0.673063 0.0726875 0.711469 -0.698875 0.183219 0.640156 -0.746 0.268594 0.564031 -0.780781 0.29225 0.488219 -0.822281 0.212375 0.403781 -0.889844 -0.0244375 0.246031 -0.968938 -0.166438 0.4965 -0.851875 0.219313 0.291375 -0.931094 -0.2545 0.649188 -0.71675 -0.170219 0.762781 -0.623781 -0.0188437 0.827781 -0.560656 0.0519063 0.843875 -0.533875 0.0432188 0.848312 -0.527625 0.023375 0.829094 -0.5585 0.105563 0.773781 -0.624469 0.184875 0.694438 -0.695312 0.208813 0.587969 -0.781438 0.111219 0.45675 -0.882563 -0.170844 0.265781 -0.94875 0.207031 0.314656 -0.926313 -0.0654375 0.870656 -0.487437 0.0185312 0.91025 -0.413563 0.0524063 0.912562 -0.405406 0.0271875 0.908625 -0.416656 -0.0149688 0.898531 -0.438625 0.02375 0.867281 -0.497156 0.06875 0.799656 -0.596438 0.0732813 0.664375 -0.743719 -0.0295 0.461781 -0.886469 -0.224156 0.285969 -0.931625 0.196125 0.336844 -0.920875 0.0769688 0.90475 -0.418813 0.0311875 0.957313 -0.287313 -0.000125 0.940125 -0.340688 -0.0371563 0.937906 -0.344813 -0.0629063 0.915344 -0.397594 -0.0928125 0.856625 -0.507469 -0.13625 0.712969 -0.687719 -0.191188 0.415625 -0.889188 -0.196938 0.336781 -0.92075 -0.217719 0.302125 -0.928031 -0.349438 0.901438 0.255406 -0.286719 0.889437 0.355719 -0.0373438 0.907719 0.417844 -0.406781 0.882375 0.236344 -0.665688 0.739125 0.102375 -0.783813 0.620719 0.017375 -0.882656 0.465844 -0.0620313 -0.916406 0.389469 -0.092 -0.97775 0.170188 -0.122219 -0.986281 0.0445312 -0.158906 0.952031 -0.108 0.286063 0.8995 0.00390625 0.436844 0.930938 -0.202875 0.303531 0.973844 0.0035625 0.227031 0.926344 0.0132188 0.376344 0.849406 0.0269375 0.526969 0.891719 -0.329531 0.310031 0.896281 -0.260563 0.358719 0.689094 -0.673563 0.26725 0.852313 -0.061875 0.519313 0.745031 0.045875 0.665344 0.736719 0.0294688 0.675531 0.629313 0.068625 0.774063 0.251781 -0.958438 0.134094 0.389031 -0.901594 0.188906 0.223188 -0.939219 0.260719 0.474156 -0.85675 0.202781 0.652875 -0.696813 0.296813 0.793375 -0.438781 0.421906 0.777188 -0.19825 0.597125 0.669219 -0.0460938 0.741594 0.538844 0.0554375 0.840563 0.517969 0.0939687 0.850156 0.436031 0.114 0.892656 0.0619688 -0.996844 0.0489063 -0.032 -0.987719 0.152656 0.0004375 -0.999969 0.0005625 -0.0205313 -0.97625 0.215438 -0.0629063 -0.95275 0.297125 0.478406 -0.799281 0.363531 0.647781 -0.57225 0.502813 0.670875 -0.309781 0.673625 0.588406 -0.123969 0.798937 0.47225 0.0060625 0.881375 0.382531 0.0933125 0.919156 0.356156 0.14125 0.923625 0.303531 0.154094 0.940219 -0.0696563 -0.916188 0.394625 -0.1145 -0.832375 0.542188 0.104969 -0.906438 0.409 0.317594 -0.813344 0.487281 0.47675 -0.634719 0.608063 0.530156 -0.385125 0.755313 0.47975 -0.183719 0.857875 0.392031 -0.0350938 0.91925 0.319438 0.064875 0.945312 0.256125 0.142687 0.956031 0.240969 0.182344 0.953219 0.200781 0.188375 0.961344 0.154031 0.212375 0.964938 -0.110188 -0.817906 0.564656 -0.139969 -0.735781 0.662531 0.019625 -0.813906 0.580594 0.172094 -0.75125 0.637125 0.295 -0.618781 0.728031 0.356813 -0.4095 0.839625 0.3395 -0.217688 0.915031 0.287187 -0.0614063 0.955844 0.238625 0.0474375 0.969938 0.19475 0.132781 0.971781 0.154781 0.186531 0.970156 0.0785 0.232438 0.969375 -0.143344 -0.697906 0.701594 -0.161969 -0.622156 0.765906 -0.0405938 -0.692563 0.720156 0.0618125 -0.643469 0.762906 0.1445 -0.543063 0.827125 0.196719 -0.377375 0.904906 0.200469 -0.212625 0.956281 0.1785 -0.066 0.981656 0.15475 0.0424375 0.987 0.132625 0.129469 0.982625 0.109844 0.185 0.976562 0.0550938 0.218469 0.974281 0.0662813 0.228344 0.971313 -0.164906 -0.56825 0.806094 -0.179625 -0.496844 0.849031 -0.0852813 -0.562281 0.822469 -0.0188437 -0.519719 0.854062 0.0334375 -0.440313 0.897156 0.072875 -0.311625 0.947344 0.0865313 -0.178594 0.980094 0.0849063 -0.0524688 0.995 0.0808125 0.0475313 0.995531 0.0791562 0.131563 0.988125 0.070125 0.186062 0.98 -0.1785 -0.421469 0.889063 -0.194406 -0.357344 0.9135 -0.1225 -0.416 0.901031 -0.0839688 -0.380188 0.921063 -0.0520938 -0.319875 0.945969 -0.023 -0.225719 0.973906 -0.0049375 -0.125938 0.991969 0.00653125 -0.026 0.999625 0.016625 0.0591563 0.998062 0.0289063 0.139531 0.989781 0.0212812 0.183969 0.982656 0.041875 0.205938 0.977625 -0.185625 -0.231094 0.955031 -0.202688 -0.202031 0.958125 -0.160969 -0.222062 0.961594 -0.140625 -0.197437 0.970156 -0.121688 -0.162156 0.979187 -0.0999063 -0.106875 0.989219 -0.0818125 -0.04475 0.995625 -0.0649375 0.0262187 0.9975 -0.0465938 0.092375 0.994594 -0.0148125 0.140563 0.989906 -0.207563 -0.00078125 0.978188 -0.206969 -0.0417188 0.977406 -0.192687 -0.01475 0.981094 -0.177062 -0.02025 0.983938 -0.165281 -0.0195312 0.986 -0.152531 -0.0146563 0.988156 -0.122625 0.0091875 0.992375 -0.0933125 0.0441875 0.994594 -0.0561563 0.0906563 0.99425 0.436125 -0.564219 -0.700969 0.38075 -0.557156 -0.737906 0.38275 -0.557156 -0.736844 0.4905 -0.570312 -0.658844 0.537938 -0.56975 -0.621219 0.61025 -0.575063 -0.544719 0.635406 -0.577031 -0.513 0.710938 -0.583625 -0.392188 0.703625 -0.583094 -0.405969 0.754969 -0.585813 -0.294531 0.775688 -0.586969 -0.23175 0.78775 -0.587844 -0.18375 0.79575 -0.588437 -0.142875 0.80425 -0.5895 -0.074625 0.804313 -0.5895 -0.0745 0.80575 -0.589844 0.0530313 0.80575 -0.589844 0.0532187 0.7875 -0.588094 0.184125 0.787531 -0.588094 0.183938 0.00421875 -0.999781 -0.0199063 0.023375 -0.993594 -0.11 0.0378125 -0.98325 -0.178156 0.0544063 -0.965031 -0.256156 0.0746875 -0.933219 -0.351375 0.0824375 -0.917875 -0.388063 0.105156 -0.862625 -0.494719 0.111844 -0.84275 -0.526469 0.137906 -0.748219 -0.648875 0.132812 -0.769219 -0.624969 0.157031 -0.655375 -0.738781 0.160469 -0.635625 -0.755063 0.177 -0.524281 -0.832875 0.178625 -0.511594 -0.840406 0.192375 -0.379219 -0.905031 0.200031 -0.272438 -0.941094 0.202562 -0.22425 -0.953219 0.206563 -0.11275 -0.971875 0.207844 -0.0103125 -0.978063 0 -1 -0 -0.986281 0.0445 -0.158906 -0.988813 0.147938 0.0185 -0.986406 0.0894063 0.137719 -0.973719 -0.04075 0.224063 -0.974781 0.0349375 0.22025 -0.963656 -0.005125 0.266969 -0.963094 -0.034125 0.266813 -0.961906 -0.0622188 0.266156 -0.972438 -0.19775 0.123219 -0.987406 -0.0274375 0.155656 -0.9725 -0.133687 -0.190563 -0.991281 0.047625 -0.122813 0.0633125 -0.271094 -0.960406 0.416656 -0.190625 -0.888781 0.422188 -0.188719 -0.886594 0.0477813 -0.271313 -0.96125 -0.133813 -0.251656 -0.9585 -0.229031 -0.225656 -0.946844 -0.298 -0.198656 -0.933594 -0.426406 -0.123531 -0.896031 -0.427188 -0.123 -0.895719 -0.53375 -0.0154688 -0.845438 -0.582313 0.0723438 -0.809687 -0.584719 0.0775938 -0.8075 -0.609125 0.288875 -0.738563 0.266906 -0.302188 -0.915094 0.264469 -0.302781 -0.915563 0.412906 -0.191969 -0.890281 0.339438 0.30375 -0.890188 0.307656 0.106688 -0.945437 0.229969 0.258781 -0.938125 0.445938 0.140687 -0.883875 0.141875 0.344813 -0.927844 0.212125 0.405625 -0.889 0.445312 0.36175 -0.819 0.565094 0.196 -0.801344 0.286219 0.483438 -0.827219 0.570875 0.436719 -0.695188 0.704094 0.335219 -0.625938 0.389406 0.581719 -0.714063 0.688375 0.496563 -0.528625 0.752594 0.510281 -0.416063 0.507125 0.663188 -0.550344 0.542094 0.568906 0.618344 0.681938 0.519188 0.515094 0.636375 0.621938 0.456156 0.664062 0.405844 0.627906 0.384531 0.793063 0.47225 0.280906 0.7195 0.635063 0.458531 0.494875 0.738063 0.612094 0.300125 0.731531 0.210719 0.629875 0.7475 0.379969 0.413063 0.827563 0.516375 0.201937 0.832125 0.164219 0.534594 0.828969 0.295781 0.33425 0.894813 0.3955 0.139781 0.90775 0.126375 0.438563 0.889719 0.2025 0.272938 0.940406 0.256938 0.103844 0.960813 0.0858437 0.360812 0.928625 0.103281 0.233812 0.96675 0.10575 0.0861562 0.990625 0.043625 0.311063 0.949344 0 0.0828438 -0.9965 0 0.257031 -0.966344 0.156188 0.0884688 -0.983719 0.0705 0.306719 -0.949125 0.60675 0.701813 -0.373188 0.737719 0.612281 -0.284219 0.674031 0.71525 -0.184375 0.682031 0.720344 -0.126094 0.0348438 0.945 -0.325031 0.61825 0.761594 0.194031 0.506063 0.81175 0.291281 0.654594 0.671313 0.347438 -3.125e-05 0.293969 0.95575 0 0.270938 0.962563 0 0.0828438 0.9965 -3.125e-05 0.220344 0.975375 0 0.311344 -0.950281 0.072125 0.360125 -0.930094 0.0835625 0.394906 -0.914844 0.0846875 0.432656 -0.897531 0.07225 0.502813 -0.861313 0.07175 0.608281 -0.790438 0.0679375 0.706656 -0.704219 0.0618125 0.781687 -0.620531 0.0499063 0.876094 -0.479469 0.618438 0.784813 0.0395 0.0149688 0.99025 -0.138156 -0.00925 0.9965 0.0829375 -0.0330313 0.953687 0.298813 -0.05175 0.885 0.462594 -0.0665 0.797188 0.6 -0.0764375 0.706469 0.703531 -0.0836875 0.546219 0.833406 -0.078625 0.390812 0.917063 -0.0673125 0.334563 0.939906 -0.0555 0.302781 0.951375 -0.0321563 0.279063 0.959719 0.102375 0.706594 -0.700094 0.0622188 0.781687 -0.6205 0.068 0.706688 -0.704188 0.0939375 0.825312 -0.556719 0.0499375 0.876031 -0.479594 0.0657813 0.919031 -0.388594 0.034625 0.945094 -0.324906 0.0339063 0.979125 -0.20025 9.375e-05 0.999969 -0 -0.00925 0.9965 0.0830313 -0.0341563 0.979125 0.200219 -0.0332813 0.95375 0.298719 -0.066375 0.919031 0.3885 -0.095375 0.825281 0.5565 -0.0665938 0.797063 0.600125 -0.115219 0.706813 0.697906 -0.1425 0.707094 0.692563 -0.0764688 0.706594 0.703438 0.118531 0.707 -0.697156 0.146969 0.707094 -0.691594 0.140531 0.736875 -0.661188 0.113031 0.839188 -0.531875 0.0829063 0.916969 -0.390063 0.051125 0.969187 -0.240719 0.0185938 0.995969 -0.0874688 -0.0142188 0.997594 0.067 -0.046875 0.974187 0.220563 -0.100094 0.876406 0.470969 -0.146969 0.707094 0.691594 0.207875 0 -0.978094 0.201281 0.249563 -0.947156 0.1805 0.495813 -0.849375 0.180656 0.494875 -0.849906 -0.7875 -0.588094 0.184125 -0.787531 -0.588094 0.183938 -0.804125 -0.589938 0.0725313 -0.805719 -0.589844 0.0535 -0.80425 -0.5895 -0.0747188 -0.806625 -0.589844 -0.0363125 -0.790875 -0.588094 -0.169188 -0.791406 -0.588094 -0.1665 -0.747688 -0.585594 -0.312969 -0.752906 -0.585781 -0.299844 -0.674344 -0.580594 -0.456187 -0.70075 -0.582875 -0.411219 -0.631594 -0.576781 -0.518 -0.576156 -0.572031 -0.58375 -0.564969 -0.571063 -0.595469 -0.466281 -0.56925 -0.677063 -0.49625 -0.570312 -0.6545 -0.382812 -0.557156 -0.736844 -0.38075 -0.557156 -0.737906 0.207563 -0.00078125 0.978188 0.199344 -0.00996875 0.979875 0.185625 -0.231094 0.955031 0.20025 -0.273156 0.940844 0.184781 -0.0186563 0.982594 0.160969 -0.222062 0.961594 0.176781 -0.0202812 0.984031 0.140625 -0.197437 0.970156 0.168281 -0.0200938 0.985531 0.121688 -0.162156 0.979187 0.148969 -0.0127188 0.988719 0.0999063 -0.106875 0.989219 0.125594 0.00625 0.992031 0.0818125 -0.04475 0.995625 0.0894375 0.049125 0.99475 0.0649375 0.0262187 0.9975 0.0672188 0.0771563 0.99475 0.0465938 0.092375 0.994594 0.0423438 0.107313 0.993281 0.1785 -0.421469 0.889063 0.176219 -0.524312 0.833 0.1225 -0.416 0.901031 0.0839688 -0.380188 0.921063 0.0520938 -0.319875 0.945969 0.023 -0.225719 0.973906 0.0049375 -0.125938 0.991969 -0.00653125 -0.026 0.999625 -0.016625 0.0591563 0.998062 -0.0289063 0.139531 0.989781 0.0045625 0.152875 0.988187 -0.0265625 0.189812 0.981438 0.164906 -0.56825 0.806094 0.156219 -0.655469 0.738813 0.0852813 -0.562281 0.822469 0.0188437 -0.519719 0.854062 -0.0334375 -0.440313 0.897156 -0.072875 -0.311625 0.947344 -0.0865313 -0.178594 0.980094 -0.0849063 -0.0524688 0.995 -0.0808125 0.0475313 0.995531 -0.0791562 0.131563 0.988125 -0.070125 0.186062 0.98 -0.0469688 0.210906 0.976344 0.143344 -0.697906 0.701594 0.131969 -0.769313 0.625 0.0405938 -0.692563 0.720156 -0.0618125 -0.643531 0.762906 -0.1445 -0.543063 0.827125 -0.196719 -0.377375 0.904906 -0.200469 -0.212625 0.956281 -0.1785 -0.066 0.981656 -0.15475 0.0424375 0.987 -0.132625 0.129469 0.982625 -0.109844 0.185 0.976562 -0.0584688 0.22175 0.973312 0.110188 -0.817906 0.564656 0.104656 -0.862719 0.494656 -0.019625 -0.813906 0.580594 -0.172094 -0.75125 0.637125 -0.295 -0.618781 0.728031 -0.356813 -0.4095 0.839625 -0.3395 -0.217688 0.915031 -0.287187 -0.0614063 0.955844 -0.238625 0.0474375 0.969938 -0.194813 0.132781 0.971781 -0.154781 0.186531 0.970156 -0.068125 0.229469 0.970906 0.0696563 -0.916188 0.394625 0.0752188 -0.933125 0.3515 -0.104969 -0.906438 0.409 -0.317625 -0.813344 0.487281 -0.47675 -0.634719 0.608063 -0.530156 -0.385125 0.755313 -0.47975 -0.183719 0.857875 -0.392031 -0.0350938 0.91925 -0.319438 0.064875 0.945312 -0.256125 0.142687 0.956031 -0.200781 0.188375 0.961344 -0.167625 0.208031 0.963625 -0.0785 0.232438 0.969375 0.0205 -0.97625 0.215438 0.0405938 -0.979062 0.199188 -0.223188 -0.939219 0.260719 -0.478406 -0.799281 0.363531 -0.647781 -0.57225 0.502813 -0.670875 -0.309781 0.673625 -0.588406 -0.123969 0.798937 -0.47225 0.0060625 0.881375 -0.382531 0.0933125 0.919156 -0.303531 0.154094 0.940219 -0.277063 0.16925 0.94575 -0.0004375 -0.999969 0.0005625 0.011 -0.999094 0.040375 -0.0141563 -0.999781 0.0150938 -0.151281 -0.983719 0.0964375 -0.389031 -0.901594 0.188906 -0.652875 -0.696813 0.296813 -0.793375 -0.438781 0.421906 -0.777188 -0.19825 0.597125 -0.669219 -0.0460938 0.741594 -0.538844 0.0554375 0.840563 -0.436031 0.114 0.892656 -0.446656 -0.87325 0.194438 -0.720438 -0.636156 0.276031 -0.896281 -0.260563 0.358719 -0.877469 -0.366313 0.3095 -0.852313 -0.061875 0.519313 -0.736719 0.0294688 0.675531 -0.667188 0.0608438 0.742375 -0.54025 0.0885 0.836781 -0.436563 0.115938 0.892125 -0.928156 -0.213469 0.304688 -0.8995 0.00390625 0.436844 -0.954938 -0.09325 0.281719 -0.863063 0.0245313 0.504438 -0.771906 0.0409375 0.634344 -0.973844 0.0035625 0.227031 -0.930344 0.0125 0.366313 -0.207875 -0.00028125 -0.978094 -0.207687 -0.0415625 -0.977281 -0.207687 -0.041625 -0.977281 -0.203531 -0.202719 -0.957781 -0.203562 -0.202406 -0.957875 -0.194063 -0.358656 -0.913 -0.194 -0.359313 -0.91275 -0.179469 -0.50475 -0.844375 -0.179312 -0.505719 -0.843813 -0.160125 -0.637688 -0.753375 -0.159906 -0.638906 -0.752375 -0.136281 -0.755188 -0.641156 -0.136531 -0.754 -0.642469 -0.109031 -0.851406 -0.513 -0.109375 -0.850344 -0.514656 -0.0565313 -0.96225 -0.266031 -0.0567813 -0.961906 -0.26725 0 -0.999969 -3.125e-05 -0.202531 0.272938 0.940406 -0.154812 0.0900313 0.983813 -0.103281 0.233781 0.96675 -0.304188 0.113438 0.945813 -0.043625 0.311063 0.949344 -0.0859375 0.360781 0.928625 -0.295875 0.334188 0.894813 -0.439531 0.157688 0.884219 -0.126438 0.438563 0.889719 -0.380031 0.413031 0.827563 -0.551719 0.230656 0.801437 -0.164312 0.534563 0.828969 -0.458594 0.494781 0.738063 -0.623906 0.318281 0.713656 -0.210844 0.629844 0.7475 -0.542188 0.568875 0.618344 -0.670219 0.427875 0.606313 -0.281063 0.719406 0.635063 -0.636469 0.621844 0.456156 -0.666562 0.632062 0.395063 -0.384688 0.793031 0.47225 -0.570938 0.436656 -0.695188 -0.68025 0.299937 -0.668719 -0.688469 0.4965 -0.528625 -0.595781 0.216906 -0.773219 -0.50725 0.663156 -0.550344 -0.389469 0.581688 -0.714063 -0.445344 0.361688 -0.819 -0.4875 0.156312 -0.859 -0.286344 0.483375 -0.827219 -0.3395 0.303688 -0.890188 -0.353875 0.115625 -0.928062 -0.212156 0.405594 -0.889 -0.23 0.258719 -0.938125 -0.206563 0.0929063 -0.973969 -0.141969 0.34475 -0.927844 3.125e-05 0.220344 0.975375 3.125e-05 0.293969 0.95575 -0.506187 0.811688 0.291281 -0.618688 0.7605 0.196812 -0.614906 0.786219 0.060625 -0.606844 0.701688 -0.373188 -0.729375 0.636406 -0.25075 -0.674125 0.715156 -0.184375 -0.752031 0.491531 -0.439063 -0.0705312 0.306688 -0.949125 0.031375 0.278625 0.959844 0.0586875 0.309406 0.949094 0.0774688 0.382156 0.920781 0.0840625 0.509094 0.856531 0.0824375 0.611562 0.786844 0.0764375 0.706469 0.703531 0.073875 0.735875 0.673031 0.0604687 0.837687 0.542656 0.0445312 0.916219 0.398094 0.0269063 0.969594 0.243188 0.00953125 0.996281 0.0852813 -0.0083125 0.996969 -0.0766563 -0.664469 0.742031 -0.0885938 -0.0253125 0.97175 -0.234594 -0.050875 0.870719 -0.489094 -0.068 0.706656 -0.704219 -0.0718438 0.604469 -0.793312 -0.07225 0.502813 -0.861313 -0.0838438 0.396844 -0.913969 -0.0536875 0.334906 -0.940656 -0.416656 -0.190625 -0.888781 -0.412906 -0.191969 -0.890281 -0.266906 -0.302188 -0.915094 -0.264469 -0.302781 -0.915563 -0.264594 -0.302781 -0.915563 -0.265781 -0.3025 -0.915313 -0.265125 -0.302656 -0.915469 -0.264906 -0.302656 -0.915469 -0.264688 -0.302719 -0.915563 0.609125 0.284531 -0.740219 0.609125 0.288875 -0.7385 0.601656 0.133406 -0.787437 0.583875 0.0754687 -0.80825 0.537313 -0.01025 -0.843313 0.504875 -0.0515313 -0.861625 0.397812 -0.143813 -0.906094 0.427063 -0.123031 -0.895781 0.0995938 -0.258281 -0.960906 0.158844 -0.245906 -0.956156 -0.0841563 -0.270938 -0.958875 -0.157844 -0.265188 -0.951156 -0.422188 -0.188719 -0.886594 -0.146969 0.707094 -0.691594 -0.179031 0.508156 -0.842406 -0.179094 0.5075 -0.84275 -0.200469 0.264469 -0.94325 -0.200469 0.264094 -0.943375 -0.207875 0 -0.978094 0.095375 0.825312 0.5565 0.0737813 0.736 0.672906 0.0764688 0.706594 0.703438 0.0605313 0.837563 0.542938 0.066375 0.919031 0.3885 0.0445312 0.916344 0.397719 0.0270313 0.9695 0.243406 0.0341563 0.979125 0.200219 0.00946875 0.996281 0.0853125 -9.375e-05 0.999969 -0 -0.00825 0.996969 -0.0767813 -0.0339063 0.979125 -0.20025 -0.0657813 0.919031 -0.388563 -0.050875 0.870625 -0.48925 -0.0939375 0.825312 -0.556719 -0.068 0.706688 -0.704188 -0.117594 0.706937 -0.697344 -0.0985937 0.706563 -0.700688 0.120375 0.706937 0.696844 0.146969 0.707094 0.691594 0.122813 0.806625 0.578031 0.0961875 0.8865 0.452563 0.064625 0.950406 0.304125 0.0319063 0.988063 0.150281 -0.0015 0.999969 -0.00721875 -0.035 0.985656 -0.164687 -0.06525 0.949344 -0.307219 -0.0945625 0.8905 -0.444969 -0.122094 0.80925 -0.574531 0.990969 0.0484063 -0.124688 0.974031 -0.193281 0.117594 0.97275 -0.1305 -0.191531 0.988375 -0.0263125 0.149312 0.97025 -0.08075 0.228031 0.973312 -0.0393125 0.225906 0.962781 -0.0316875 0.268313 0.974125 0.0216563 0.224906 0.987938 0.0875937 0.127188 0.995656 0.0238438 -0.0897188 0.989031 0.147156 0.0123438 0.976219 0.175688 -0.126563 0.98525 0.0460938 -0.164469 0.904719 0.416281 -0.09 0.976219 0.175719 -0.126563 0.8595 0.508531 -0.0506563 0.760813 0.648094 0.0325313 0.730344 0.681156 0.0510313 0.424781 0.875719 0.229438 0.554781 0.815844 0.163031 0.377156 0.892781 0.246281 0.280469 0.891281 0.356156 0.158156 0.9285 0.335813 0.0370312 0.908375 0.416438 -0.925625 -0.234031 -0.297281 -0.9725 -0.133781 -0.190563 -0.881625 -0.2745 -0.383781 -0.767875 -0.4275 -0.477031 -0.776969 -0.396688 -0.48875 -0.5435 -0.563219 -0.622344 -0.604344 -0.521031 -0.602625 -0.427125 -0.6065 -0.670563 -0.130063 -0.700844 -0.701344 -0.221687 -0.675906 -0.702781 -0.0036875 -0.720594 -0.693313 0.228188 -0.777969 -0.585281 0.456031 -0.725125 -0.515906 -0.455938 -0.725344 -0.515625 0.0329687 -0.719187 -0.693969 -0.228406 -0.778188 -0.584938 -0.0397188 -0.725656 -0.686844 0.180281 -0.687625 -0.703219 0.604156 -0.521125 -0.60275 0.406406 -0.617625 -0.67325 0.725906 -0.439594 -0.528938 0.768438 -0.426469 -0.477031 0.879531 -0.277063 -0.386719 -0.231031 -0.971344 -0.0551875 -0.126625 -0.919469 -0.372063 -0.0449688 -0.994563 -0.0934375 -0.456 -0.725344 -0.515625 0 -0.937375 0.348125 0.024 -0.947906 0.317531 0.0005 -0.937375 0.348125 -0.0700625 -0.967219 0.244 0.0263437 -0.972438 0.231469 -0.0084375 -0.995125 0.0978438 -0.138938 -0.982844 0.121156 -0.231031 -0.971344 -0.05525 -0.045 -0.994563 -0.0934063 0.0441875 -0.994656 -0.092625 0.230813 -0.971438 -0.0542188 0.00859375 -0.995438 0.0945625 0.118094 -0.980125 0.15925 -0.025125 -0.973906 0.2255 0.056625 -0.961031 0.2705 0.00053125 -0.937375 0.348125 0.230844 -0.971438 -0.0542188 0.125656 -0.919813 -0.371625 0.044125 -0.994656 -0.0926875 0.0784063 0.232469 0.969375 0 0.241156 0.970469 -0.000125 0.240281 0.970688 -0.000125 0.239281 0.970906 -9.375e-05 0.237937 0.971219 0.00028125 0.235 0.971969 0.0550313 0.218469 0.974281 0.0405 0.214375 0.975906 0.0419375 0.205938 0.977625 0.001 0.235844 0.97175 0.00653125 0.210094 0.977625 0.0015 0.241063 0.970469 0.0015625 0.245 0.9695 -0.0155938 0.209281 0.977719 0.00134375 0.247688 0.968813 -0.0387813 0.210562 0.97675 0.00065625 0.247875 0.96875 -0.0599688 0.213969 0.974937 -0.0148125 0.140594 0.989906 -0.0688438 0.112375 0.991219 -0.10175 0.132594 0.985875 -0.0864375 0.212094 0.973406 -0.122125 0.172125 0.977406 -0.117688 0.0692813 0.990625 -0.122625 0.00925 0.992375 -0.135063 0.147406 0.979781 -0.130344 0.0038125 0.991406 -0.144094 0.12125 0.982094 -0.159313 0.0700938 0.984688 -0.167594 0.0479375 0.984656 -0.176094 0.029625 0.983906 -0.192687 -0.0148125 0.981094 -0.192906 0.0064375 0.981188 -0.207406 0 0.97825 0.787531 -0.588188 0.183625 0.754094 -0.585625 0.297031 0.7875 -0.588188 0.183969 0.750938 -0.585469 0.305375 0.701906 -0.58225 0.410188 0.691031 -0.581563 0.429188 0.640813 -0.578219 0.504938 0.60925 -0.576125 0.544813 0.5345 -0.570719 0.623281 0.517969 -0.5695 0.638219 0.430313 -0.561938 0.706344 0.429719 -0.561938 0.706688 0.348125 -0.553375 0.756594 0.300375 -0.547625 0.780906 0.251188 -0.540906 0.802625 0.206563 -0.534719 0.819313 0.177 -0.530594 0.828875 0.133781 -0.525063 0.840406 0.0689688 -0.518531 0.852219 0.06875 -0.518531 0.852219 -0.207844 -0.0139375 0.978031 -0.207719 -0.0371563 0.977437 -0.207719 -0.037 0.977437 -0.203531 -0.203094 0.95775 -0.203562 -0.202 0.957969 -0.194125 -0.357344 0.913531 -0.194031 -0.35925 0.912844 -0.180375 -0.496844 0.848844 -0.179281 -0.505844 0.84375 -0.16275 -0.622156 0.765719 -0.159906 -0.638969 0.752375 -0.13625 -0.755188 0.641125 -0.140781 -0.735781 0.662344 -0.108938 -0.851562 0.51275 -0.115188 -0.832375 0.542 -0.0630938 -0.952688 0.297125 -0.0565625 -0.962188 0.266313 -0.032375 -0.987719 0.152562 -0.0285938 -0.990438 0.1345 -0.0014375 -0.999969 0.00690625 0.206 -0.135031 -0.969156 0.206563 -0.112844 -0.971875 0.196094 -0.332188 -0.922531 0.192344 -0.379281 -0.905031 0.178094 -0.515719 -0.837969 0.15875 -0.645563 -0.746969 0.157 -0.655375 -0.738719 0.135344 -0.758875 -0.636906 0.132812 -0.769188 -0.625 0.108531 -0.852875 -0.510594 0.0789063 -0.925125 -0.37125 0.0472813 -0.97375 -0.222438 0.0379688 -0.983156 -0.178687 0.0144375 -0.997563 -0.0679375 0.00590625 -0.999563 -0.0279063 0.00578125 -0.999563 -0.0273125 0.0049375 -0.999656 -0.0234063 0.0028125 -0.999875 -0.0134375 0.000125 -0.999969 -0.0005625 -0.0285938 -0.990469 0.134469 -0.0026875 -0.999875 0.0127813 -0.00525 -0.999656 0.024875 -0.00590625 -0.999563 0.0279063 -0.0339063 -0.986531 0.159719 -0.056625 -0.962125 0.266469 -0.074625 -0.933281 0.351156 -0.108969 -0.851531 0.512781 -0.11225 -0.841656 0.528188 -0.138688 -0.744906 0.652531 -0.13625 -0.755219 0.641062 -0.161594 -0.629219 0.760188 -0.180312 -0.497438 0.8485 -0.179312 -0.505813 0.84375 -0.194 -0.35925 0.912844 -0.194469 -0.352969 0.915156 -0.203719 -0.199469 0.958438 -0.203531 -0.203156 0.957687 -0.207687 -0.0417188 0.977281 -0.207687 -0.0409063 0.977313 -0.207875 0 0.978094 0 -0.515625 0.85675 -0.06875 -0.518531 0.852219 -0.0689688 -0.518531 0.852219 -0.0985625 -0.521156 0.847719 -0.126781 -0.524188 0.842031 -0.145313 -0.526469 0.837625 -0.18075 -0.531094 0.827781 -0.22775 -0.537625 0.811813 -0.236219 -0.538844 0.8085 -0.314531 -0.549281 0.774094 -0.364906 -0.555344 0.747187 -0.429688 -0.561906 0.706813 -0.447469 -0.563594 0.694313 -0.547906 -0.571781 0.610563 -0.535125 -0.57075 0.622719 -0.630313 -0.577531 0.518719 -0.644313 -0.578438 0.500188 -0.701625 -0.582219 0.410562 -0.734906 -0.584406 0.343844 -0.754031 -0.585688 0.297188 -0.787562 -0.588188 0.183563 -0.7875 -0.588188 0.183844 0 -0.422938 -0.906125 0.131625 -0.398688 -0.907531 0.144656 -0.39425 -0.9075 0.198594 -0.362344 -0.910563 0.185594 -0.373125 -0.908969 0.2185 -0.349438 -0.911094 0.268969 -0.301469 -0.914688 0.264969 -0.302344 -0.915563 0 0.792094 -0.610344 0.193687 0.741 -0.642875 0.34975 0.76625 -0.538906 0.42 0.802063 -0.424469 0.44025 0.848219 -0.29425 0.415563 0.893781 -0.168375 0.363 0.929969 -0.0580625 0.32625 0.944656 0.0325313 0.337813 0.931938 0.131625 0.387625 0.879969 0.274563 0.38925 0.816406 0.426469 0.297281 0.76125 0.57625 0.13075 0.737938 0.662 0 0.920656 0.390219 0 0.673906 0.738781 0 0.465156 -0.885188 0.156312 0.0882813 -0.983719 0.307656 0.106781 -0.945437 0.445938 0.139844 -0.884 0.565094 0.195844 -0.801344 0.704594 0.333219 -0.626469 0.752813 0.509844 -0.416219 0.737844 0.612094 -0.284219 0.680094 0.722219 -0.125687 0.618688 0.784594 0.0395 0.617063 0.762688 0.193625 0.654625 0.671313 0.347375 0.682406 0.518031 0.515594 0.664781 0.403688 0.628469 0.612719 0.297781 0.731969 0.516375 0.202063 0.832125 0.3955 0.140031 0.907719 0.256875 0.103906 0.960813 0.105781 0.0864375 0.990562 -0.199344 0.196375 0.960031 -0.200031 0.264094 0.943469 -0.168563 0.217281 0.961375 -0.144094 0.121188 0.982094 -0.126563 0.250031 0.959875 -0.122125 0.172094 0.977437 -0.0750938 0.263156 0.961781 -0.18825 0.382594 0.9045 -0.178687 0.5075 0.842875 -0.161812 0.379219 0.911 -0.123031 0.373969 0.919219 -0.0678438 0.334125 0.940063 -0.0551875 0.302875 0.951375 -0.0325313 0.278969 0.959719 -0.169188 0.554688 0.814656 -0.146625 0.707094 0.691719 -0.144313 0.550094 0.822469 -0.109656 0.54275 0.832656 -0.0785313 0.390938 0.917 -0.1425 0.707094 0.692594 -0.11525 0.7065 0.698156 -0.0764688 0.706438 0.703562 -0.0841875 0.546313 0.833313 0.112313 0.841469 -0.528406 0.0819375 0.918938 -0.385719 0.05 0.970563 -0.235437 0.01675 0.996719 -0.0788438 -0.01675 0.996719 0.0789063 -0.0498438 0.970719 0.234719 -0.082125 0.9185 0.386656 -0.116375 0.828531 0.547625 -0.206 0.135031 0.969156 -0.201281 0.249531 0.947156 -0.196094 0.332188 0.922531 -0.1805 0.495813 0.849375 -0.178094 0.515719 0.837969 -0.15875 0.645563 0.746969 -0.135344 0.758875 0.636906 -0.11625 0.828969 0.546969 -0.108531 0.852875 0.510594 -0.0823125 0.918281 0.38725 -0.0789063 0.925125 0.37125 -0.0500938 0.970469 0.235875 -0.0472813 0.97375 0.222438 -0.016875 0.996656 0.0794375 -0.0144375 0.997563 0.0679375 -0.00590625 0.999563 0.0279063 -0.00521875 0.999656 0.0248125 -0.0024375 0.999875 0.0114688 0.0008125 0.999969 -0.00390625 0.016875 0.996656 -0.0794375 0.00315625 0.999875 -0.014875 0.005375 0.999656 -0.0253125 0.00590625 0.999563 -0.0279063 0.0339063 0.986531 -0.159719 0.05025 0.97025 -0.236625 0.074625 0.933281 -0.351156 0.0820938 0.918688 -0.386313 0.11225 0.841656 -0.528188 0.112156 0.841812 -0.527875 0.138688 0.744906 -0.652531 0.161594 0.629219 -0.760188 0.180312 0.497438 -0.8485 0.194469 0.352969 -0.915156 0.203719 0.199469 -0.958438 0.207687 0.0409063 -0.977313 0.199406 -0.00975 0.979813 0.192906 0.0064375 0.981188 0.184781 -0.018625 0.982594 0.207406 0 0.97825 0.176094 0.029625 0.983906 0.168281 -0.0200625 0.985531 0.167594 0.0479375 0.984656 0.148969 -0.0126563 0.988719 0.130344 0.00375 0.991406 0.125563 0.00628125 0.992063 0.159313 0.0700938 0.984688 0.117688 0.0692813 0.990625 0.0895 0.049125 0.99475 0.144094 0.12125 0.982094 0.067125 0.0770938 0.99475 0.0688438 0.112344 0.991219 0.042375 0.107313 0.993281 0.10175 0.132594 0.985875 0.135063 0.147406 0.979781 -0.0469688 0.210875 0.976344 -0.0405 0.214375 0.975906 -0.00028125 0.235 0.971969 -0.0265 0.189812 0.981438 -0.00653125 0.210094 0.977625 0.0045625 0.152812 0.988187 0.0155938 0.209281 0.977719 0.0387813 0.210562 0.97675 0.0599688 0.213969 0.974937 0.0864375 0.212094 0.973406 0.122125 0.172125 0.977406 0.000125 0.240281 0.970688 -0.0784063 0.232469 0.969375 -0.068125 0.229438 0.970906 0.000125 0.239281 0.970906 9.375e-05 0.237937 0.971219 -0.0584688 0.221687 0.973312 -0.001 0.235844 0.97175 -0.0015 0.241063 0.970469 -0.0015625 0.245 0.9695 -0.00134375 0.247688 0.968813 -0.00065625 0.247875 0.96875 9.375e-05 -0.999969 0.0004375 0.00865625 -0.999125 0.0408438 0.00859375 -0.999125 0.0406875 0.0421875 -0.979156 0.198563 0.0422187 -0.979125 0.198781 0.0746875 -0.933156 0.351438 0.0747188 -0.933062 0.351656 0.105156 -0.862625 0.494719 0.132812 -0.769313 0.624875 0.132812 -0.769156 0.625063 0.157 -0.655469 0.738625 0.156937 -0.655563 0.738594 0.177 -0.524469 0.832781 0.200031 -0.272563 0.941063 0.2 -0.273031 0.940969 0.207875 -0.00078125 0.978094 0.207875 0 0.978094 0.206 -0.135031 0.969156 0.200031 -0.272656 0.941063 0.196094 -0.332188 0.922531 0.177 -0.524281 0.832875 0.178094 -0.515719 0.837969 0.15875 -0.645563 0.746969 0.157 -0.655375 0.738719 0.135344 -0.758875 0.636906 0.132812 -0.769188 0.625 0.108531 -0.852875 0.510594 0.105125 -0.862688 0.494625 0.0789063 -0.925125 0.37125 0.074625 -0.93325 0.351344 0.0472813 -0.97375 0.222438 0.0421875 -0.979156 0.1985 0.0144375 -0.997563 0.0679375 0.00865625 -0.999125 0.04075 0.00590625 -0.999563 0.0279063 0.00515625 -0.999656 0.0244063 0.00303125 -0.999875 0.0145313 0.000875 -0.999969 0.00425 -0.00590625 -0.999563 -0.0279063 -0.0339063 -0.986531 -0.159719 -0.00203125 -0.999906 -0.00975 -0.0565313 -0.962219 -0.266156 -0.00465625 -0.999687 -0.021875 -0.00578125 -0.999563 -0.0273125 -0.074625 -0.933281 -0.351156 -0.108969 -0.851469 -0.512812 -0.11225 -0.841656 -0.528188 -0.138688 -0.744906 -0.652531 -0.13625 -0.755188 -0.641125 -0.159906 -0.638969 -0.752375 -0.161594 -0.629219 -0.760188 -0.180312 -0.497438 -0.8485 -0.179344 -0.505531 -0.843938 -0.194031 -0.359188 -0.912844 -0.194469 -0.352969 -0.915156 -0.203719 -0.199469 -0.958438 -0.203531 -0.202781 -0.957781 -0.207687 -0.0416562 -0.977281 -0.207687 -0.0409063 -0.977313 -0.265219 -0.302344 -0.915531 -0.264969 -0.302344 -0.915563 -0.213719 -0.350781 -0.911687 -0.267188 -0.301906 -0.915094 -0.266094 -0.302125 -0.915344 -0.265781 -0.302188 -0.915375 -0.265438 -0.302281 -0.915469 -0.268969 -0.301469 -0.914688 -0.187469 -0.371938 -0.909063 -0.150469 -0.390719 -0.908094 -0.101719 -0.409219 -0.906687 0.146625 0.707094 0.691719 0.169188 0.554688 0.814625 0.18025 0.494875 0.850031 0.120469 0.706688 0.697156 0.144313 0.550094 0.822469 0.109656 0.54275 0.832656 0.08225 0.611844 0.786625 0.0764688 0.706438 0.703562 0.18825 0.382594 0.9045 0.200844 0.249563 0.94725 0.161812 0.379219 0.911 0.123031 0.373969 0.919219 0.0774062 0.38225 0.920781 0.0844688 0.508563 0.856781 0.199344 0.196375 0.960031 0.168563 0.217281 0.961375 0.126563 0.250031 0.959875 0.0750938 0.263156 0.961781 0.058625 0.309438 0.949094 0.0316875 0.278531 0.959844 0 0.999969 0.00021875 0 0.920594 0.390344 0.000125 0.999969 -0.0005625 -0.0890938 0.901906 0.4225 -0.167875 0.907406 0.385188 -0.00134375 0.999969 0.00271875 -0.227313 0.919344 0.321063 -0.000625 0.999969 0.0008125 -0.250813 0.938563 0.236969 0.00040625 0.999969 -0.000375 -0.23375 0.961719 0.142687 0.000875 0.999969 -0.00053125 -0.204781 0.976969 0.059 0.00090625 0.999969 -0.0001875 -0.207719 0.978156 0.001625 0.00090625 0.999969 0.000125 -0.236031 0.97025 -0.0527188 0.000875 0.999969 0.00025 -0.268813 0.954094 -0.131969 0.00071875 0.999969 0.0003125 -0.276906 0.934844 -0.222188 0.00028125 0.999969 0.00025 -0.244438 0.916844 -0.315625 0 0.999969 -3.125e-05 -0.000125 0.999969 -0.00021875 -0.171094 0.905813 -0.387469 -6.25e-05 0.999969 -0.00025 -0.090125 0.901594 -0.423 0 0.999969 -0.00021875 -0.165469 0.59775 0.784375 -0.313344 0.620313 0.718938 -0.428906 0.670031 0.605781 -0.481531 0.749031 0.454906 -0.457344 0.844281 0.279219 -0.405469 0.906563 0.116844 -0.411656 0.911313 0.00325 -0.464938 0.879188 -0.103813 -0.522656 0.812906 -0.256656 -0.529906 0.733719 -0.425125 -0.460219 0.659563 -0.59425 -0.318875 0.613813 -0.722094 -0.167344 0.596344 -0.785031 0 0.465313 -0.885063 0 0.0842813 0.996406 -0.154844 0.0917813 0.983625 -0.304188 0.114906 0.945625 -0.439438 0.158438 0.884125 -0.5515 0.232531 0.801063 -0.6235 0.319813 0.713313 -0.670531 0.427281 0.606438 -0.666469 0.632219 0.395 -0.619906 0.759406 0.197281 -0.612938 0.78775 0.0604687 -0.663281 0.743031 -0.088375 -0.729062 0.636813 -0.250688 -0.751281 0.493094 -0.438563 -0.680438 0.299031 -0.669 -0.595688 0.217438 -0.773125 -0.4875 0.15725 -0.858813 -0.353812 0.117188 -0.927906 -0.206594 0.0943438 -0.973844 0 0.0841875 -0.996406 -0.206 0.135031 -0.969156 -0.200469 0.264469 -0.943313 -0.196094 0.332188 -0.922531 -0.179031 0.508219 -0.842344 -0.178094 0.515719 -0.837969 -0.15875 0.645563 -0.746969 -0.135344 0.758875 -0.636906 -0.14075 0.735969 -0.662188 -0.114063 0.836 -0.536656 -0.108531 0.852875 -0.510594 -0.084375 0.913906 -0.397 -0.0789063 0.925125 -0.37125 -0.0524063 0.967625 -0.246781 -0.0472813 0.97375 -0.222438 -0.0190938 0.99575 -0.0900313 -0.0144375 0.997563 -0.0679375 -0.00590625 0.999563 -0.0279063 -0.00509375 0.999656 -0.0240938 -0.0026875 0.999875 -0.0127813 -0.00071875 0.999969 -0.0035 0.0146563 0.9975 0.0689688 0.00178125 0.999906 0.00859375 0.00415625 0.999781 0.019625 0.0054375 0.999625 0.0257188 0.00590625 0.999563 0.0279063 0.0339063 0.986531 0.159719 0.0480938 0.972844 0.226281 0.074625 0.933281 0.351156 0.101344 0.873 0.477031 0.11225 0.841656 0.528188 0.138688 0.744906 0.652531 0.161594 0.629219 0.760188 0.179031 0.508219 0.842344 0.180312 0.497438 0.8485 0.196469 0.327031 0.924344 0.194469 0.352969 0.915156 0.203719 0.199469 0.958438 0.206031 0.132844 0.969469 0.207687 0.0409063 0.977313 0.122625 0.807312 0.577125 0.101375 0.872938 0.477094 0.0648438 0.95 0.305313 0.0480312 0.972875 0.226125 0.0321563 0.987906 0.151469 0.0145938 0.9975 0.0688438 -0.03525 0.985469 -0.165906 -0.0524063 0.967656 -0.246656 -0.0655 0.949 -0.308375 -0.0843125 0.913938 -0.396844 -0.0945625 0.890469 -0.445031 -0.114063 0.835938 -0.53675 -0.121906 0.809906 -0.573656 -0.140781 0.735844 -0.662313 -0.1805 0.495813 0.849406 -0.179094 0.5075 0.84275 -0.200469 0.264094 0.943375 -0.201281 0.249563 0.947156 -0.207875 3.125e-05 0.978094 0.695844 0.706813 0.12725 0.715625 0.697563 0.034 0.695844 0.706813 0.127031 0.728094 0.684969 -0.024625 0.744438 0.659938 -0.101313 0.758563 0.629438 -0.167969 0.771031 0.595125 -0.226469 0.785781 0.543063 -0.295875 0.789688 0.52675 -0.314375 0.808344 0.430063 -0.402 0.805875 0.444906 -0.3905 0.819188 0.351719 -0.452938 0.825156 0.295875 -0.481156 0.829188 0.249563 -0.500094 0.835406 0.147188 -0.529469 0.835688 0.141031 -0.530688 0.838531 0.0289063 -0.544031 0.838625 -0.00871875 -0.544563 0.838625 0 -0.544594 0.837313 -0.0954688 -0.538281 0.834625 -0.164188 -0.525688 0.830281 -0.234906 -0.505313 0.823625 -0.311625 -0.473781 0.817594 -0.364625 -0.4455 0.806094 -0.443719 -0.391438 0.803906 -0.456469 -0.381156 0.782969 -0.554094 -0.282594 0.787344 -0.536625 -0.303313 0.768344 -0.603063 -0.214 0.755313 -0.63725 -0.152719 0.747406 -0.654188 -0.1155 0.725031 -0.688563 -0.01025 0.726344 -0.687063 -0.0163438 0.701813 -0.705375 0.0989062 0.695844 -0.706813 0.127031 0.695844 -0.706813 0.12725 0 0 1 0.48175 0 -0.876281 0.628156 0 -0.778 0.809 0 -0.587781 0.964625 0 -0.263375 0.982281 0 -0.187344 0.973406 0 0.229031 0.968531 0 0.248688 0.7705 0 0.637375 0.757156 0 0.653188 0.425719 0 0.904813 0.359031 0 0.93325 0.687406 -0.706813 0.166719 0.667625 -0.697563 0.259969 0.687375 -0.706813 0.166938 0.659469 -0.689906 0.298375 0.632688 -0.647781 0.42425 0.638844 -0.659938 0.395344 0.612219 -0.595125 0.5205 0.6035 -0.565969 0.561531 0.593531 -0.52675 0.608406 0.578969 -0.454313 0.676969 0.577344 -0.444906 0.684563 0.564094 -0.351719 0.746969 0.560406 -0.318719 0.764406 0.554094 -0.249563 0.794125 0.548719 -0.166281 0.819219 0.547594 -0.141031 0.82475 0.544719 -0.0289063 0.838063 0.544594 0 0.838625 0.193719 0 0.981 0.31475 0 0.949125 0.374813 0 0.927063 0.582031 0 0.813125 0.536531 0 0.843844 0.674125 0 0.738594 0.698781 0 0.71525 0.790656 0 0.612219 0.798406 0 0.602 0.886375 0 0.462938 0.882281 0 0.470625 0.970812 0 0.239688 0.959188 0 0.282656 0.998469 0 -0.0542188 0.999188 0 -0.0395 0.965469 0 -0.260344 0.949531 0 -0.313625 0.898438 0 -0.439 0.892 0 -0.451969 0.818031 0 -0.575063 0.805406 0 -0.592656 0.707781 0 -0.706375 0.687281 0 -0.726344 0.574969 0 -0.818125 0.544438 0 -0.83875 0.379312 0 -0.925219 0.307156 0 -0.951625 0.194281 0 -0.980906 0 0 -1 0.545969 0.0954688 0.832313 0.547281 0.134813 0.825938 0.555313 0.264688 0.788375 0.552938 0.234906 0.799344 0.565656 0.364625 0.739563 0.571469 0.407313 0.712344 0.579375 0.456469 0.675219 0.593938 0.528437 0.606531 0.595906 0.536625 0.597344 0.614906 0.603063 0.508031 0.621625 0.621719 0.476438 0.635844 0.654188 0.4095 0.652969 0.682156 0.328969 0.658188 0.688563 0.304281 0.681406 0.705375 0.195063 0.687375 0.706813 0.166938 0.687406 0.706813 0.166719 0.1045 0 0.994469 0.223531 0 0.974688 0.717125 0 0.696844 0.865969 0 0.5 0.939438 0 0.342656 0.998594 0 0.0523125 0.977094 0 -0.212719 0.9135 0 -0.406719 0.63375 0 -0.773531 0.629313 0 -0.777125 0.201281 0.249563 0.947156 0.180656 0.494875 0.849906 -0.544594 0 0.838625 -0.545969 -0.0954688 0.832313 -0.547281 -0.134813 0.825938 -0.555313 -0.264688 0.788375 -0.552938 -0.234906 0.799344 -0.565656 -0.364625 0.739563 -0.571469 -0.407313 0.712344 -0.579375 -0.456469 0.675219 -0.593938 -0.528437 0.606531 -0.595906 -0.536625 0.597344 -0.614906 -0.603063 0.508031 -0.621625 -0.621719 0.476438 -0.635844 -0.654188 0.4095 -0.652969 -0.682156 0.328969 -0.658188 -0.688563 0.304281 -0.681406 -0.705375 0.195063 -0.687375 -0.706813 0.166938 -0.687406 -0.706813 0.166719 -0.289 0 0.957313 -0.445625 0 0.895156 -0.669125 0 0.743125 -0.84375 0 0.536687 -0.921844 0 0.387469 -0.998344 0 0.0564688 -0.999094 0 -0.041875 -0.943344 0 -0.33175 -0.886156 0 -0.46325 -0.657656 0 -0.75325 -0.604594 0 -0.7965 -0.978094 0 0.207875 -0.695844 -0.706813 0.12725 -0.715625 -0.697563 0.034 -0.695844 -0.706813 0.127031 -0.728094 -0.684969 -0.024625 -0.744438 -0.659938 -0.101313 -0.758563 -0.629438 -0.167969 -0.771031 -0.595125 -0.226469 -0.785781 -0.543063 -0.295875 -0.789688 -0.52675 -0.314375 -0.808344 -0.430063 -0.402 -0.805875 -0.444906 -0.3905 -0.819188 -0.351719 -0.452938 -0.825156 -0.295875 -0.481156 -0.829188 -0.249563 -0.500094 -0.835406 -0.147188 -0.529469 -0.835688 -0.141031 -0.530688 -0.838531 -0.0289063 -0.544031 -0.838625 0.00871875 -0.544563 -0.838625 0 -0.544594 -0.837313 0.0954688 -0.538281 -0.834625 0.164188 -0.525688 -0.830281 0.234906 -0.505313 -0.823625 0.311625 -0.473781 -0.817594 0.364625 -0.4455 -0.806094 0.443719 -0.391438 -0.803906 0.456469 -0.381156 -0.782969 0.554094 -0.282594 -0.787344 0.536625 -0.303313 -0.768344 0.603063 -0.214 -0.755313 0.63725 -0.152719 -0.747406 0.654188 -0.1155 -0.725031 0.688563 -0.01025 -0.726344 0.687063 -0.0163438 -0.701813 0.705375 0.0989062 -0.695844 0.706813 0.127031 -0.695844 0.706813 0.12725 -0.238063 0 -0.971219 -0.257531 0 -0.96625 -0.45675 0 -0.889531 -0.492875 0 -0.870031 -0.607594 0 -0.794219 -0.637469 0 -0.770375 -0.760406 0 -0.649406 -0.763469 0 -0.645781 -0.860125 0 -0.51 -0.896469 0 -0.442969 -0.936188 0 -0.351375 -0.947875 0 -0.318625 -0.984062 0 -0.177469 -0.980156 0 -0.198 -0.999906 0 -0.0100313 -0.980656 0 0.195719 -0.945625 0 0.325125 -0.834437 0 0.551 -0.868375 0 0.495875 -0.746938 0 0.664844 -0.73325 0 0.679906 -0.626625 0 0.779281 -0.610563 0 0.791875 -0.441063 0 0.897438 -0.332719 0 0.943 -0.224063 0 0.974563 -0.170969 0 0.985219 -0.5 0 -0.865969 -0.573219 0 -0.819344 -0.842219 0 -0.539031 -0.994469 0 -0.1045 -0.994656 0 -0.103094 -0.944344 0 0.328813 -0.933563 0 0.358344 -0.77475 0 0.632156 -0.316219 0 0.948656 -0.258781 0 0.965906 -0.687406 0.706813 0.166719 -0.667625 0.697563 0.259969 -0.687375 0.706813 0.166938 -0.659469 0.689906 0.298375 -0.632688 0.647781 0.42425 -0.638844 0.659938 0.395344 -0.612219 0.595125 0.5205 -0.6035 0.565969 0.561531 -0.593531 0.52675 0.608406 -0.578969 0.454313 0.676969 -0.577344 0.444906 0.684563 -0.564094 0.351719 0.746969 -0.560406 0.318719 0.764406 -0.554094 0.249563 0.794125 -0.548719 0.166281 0.819219 -0.547594 0.141031 0.82475 -0.544719 0.0289063 0.838063 0.978094 0 0.207875</float_array>
					<technique_common>
						<accessor count="2035" source="#ID36" stride="3">
							<param name="X" type="float"/>
							<param name="Y" type="float"/>
							<param name="Z" type="float"/>
						</accessor>
					</technique_common>
				</source>
				<source id="ID37">
					<float_array id="ID38" count="2" digits="2490374">0 1</float_array>
					<technique_common>
						<accessor count="1" source="#ID38" stride="2">
							<param name="S" type="float"/>
							<param name="T" type="float"/>
						</accessor>
					</technique_common>
				</source>
				<vertices id="ID39">
					<input semantic="POSITION" source="#ID33"/>
				</vertices>
				<polylist count="2878">
					<input offset="0" semantic="VERTEX" source="#ID39" set="0"/>
					<input offset="1" semantic="NORMAL" source="#ID35" set="0"/>
					<input offset="2" semantic="TEXCOORD" source="#ID37" set="0"/>
					<vcount>3 3 3 3 3 3 3 3 3 3 3 3 3 3 3 3 3 3 3 3 3 3 3 3 3 3 3 3 3 3 3 3 3 3 3 3 3 3 3 3 3 3 3 3 3 3 3 3 3 3 3 3 3 3 3 3 3 3 3 3 3 3 3 3 3 3 3 3 3 3 3 3 3 3 3 3 3 3 3 3 3 3 3 3 3 3 3 3 3 3 3 3 3 3 3 3 3 3 3 3 3 3 3 3 3 3 3 3 3 3 3 3 3 3 3 3 3 3 3 3 3 3 3 3 3 3 3 3 3 3 3 3 3 3 3 3 3 3 3 3 3 3 3 3 3 3 3 3 3 3 3 3 3 3 3 3 3 3 3 3 3 3 3 3 3 3 3 3 3 3 3 3 3 3 3 3 3 3 3 3 3 3 3 3 3 3 3 3 3 3 3 3 3 3 3 3 3 3 3 3 3 3 3 3 3 3 3 3 3 3 3 3 3 3 3 3 3 3 3 3 3 3 3 3 3 3 3 3 3 3 3 3 3 3 3 3 3 3 3 3 3 3 3 3 3 3 3 3 3 3 3 3 3 3 3 3 3 3 3 3 3 3 3 3 3 3 3 3 3 3 3 3 3 3 3 3 3 3 3 3 3 3 3 3 3 3 3 3 3 3 3 3 3 3 3 3 3 3 3 3 3 3 3 3 3 3 3 3 3 3 3 3 3 3 3 3 3 3 3 3 3 3 3 3 3 3 3 3 3 3 3 3 3 3 3 3 3 3 3 3 3 3 3 3 3 3 3 3 3 3 3 3 3 3 3 3 3 3 3 3 3 3 3 3 3 3 3 3 3 3 3 3 3 3 3 3 3 3 3 3 3 3 3 3 3 3 3 3 3 3 3 3 3 3 3 3 3 3 3 3 3 3 3 3 3 3 3 3 3 3 3 3 3 3 3 3 3 3 3 3 3 3 3 3 3 3 3 3 3 3 3 3 3 3 3 3 3 3 3 3 3 3 3 3 3 3 3 3 3 3 3 3 3 3 3 3 3 3 3 3 3 3 3 3 3 3 3 3 3 3 3 3 3 3 3 3 3 3 3 3 3 3 3 3 3 3 3 3 3 3 3 3 3 3 3 3 3 3 3 3 3 3 3 3 3 3 3 3 3 3 3 3 3 3 3 3 3 3 3 3 3 3 3 3 3 3 3 3 3 3 3 3 3 3 3 3 3 3 3 3 3 3 3 3 3 3 3 3 3 3 3 3 3 3 3 3 3 3 3 3 3 3 3 3 3 3 3 3 3 3 3 3 3 3 3 3 3 3 3 3 3 3 3 3 3 3 3 3 3 3 3 3 3 3 3 3 3 3 3 3 3 3 3 3 3 3 3 3 3 3 3 3 3 3 3 3 3 3 3 3 3 3 3 3 3 3 3 3 3 3 3 3 3 3 3 3 3 3 3 3 3 3 3 3 3 3 3 3 3 3 3 3 3 3 3 3 3 3 3 3 3 3 3 3 3 3 3 3 3 3 3 3 3 3 3 3 3 3 3 3 3 3 3 3 3 3 3 3 3 3 3 3 3 3 3 3 3 3 3 3 3 3 3 3 3 3 3 3 3 3 3 3 3 3 3 3 3 3 3 3 3 3 3 3 3 3 3 3 3 3 3 3 3 3 3 3 3 3 3 3 3 3 3 3 3 3 3 3 3 3 3 3 3 3 3 3 3 3 3 3 3 3 3 3 3 3 3 3 3 3 3 3 3 3 3 3 3 3 3 3 3 3 3 3 3 3 3 3 3 3 3 3 3 3 3 3 3 3 3 3 3 3 3 3 3 3 3 3 3 3 3 3 3 3 3 3 3 3 3 3 3 3 3 3 3 3 3 3 3 3 3 3 3 3 3 3 3 3 3 3 3 3 3 3 3 3 3 3 3 3 3 3 3 3 3 3 3 3 3 3 3 3 3 3 3 3 3 3 3 3 3 3 3 3 3 3 3 3 3 3 3 3 3 3 3 3 3 3 3 3 3 3 3 3 3 3 3 3 3 3 3 3 3 3 3 3 3 3 3 3 3 3 3 3 3 3 3 3 3 3 3 3 3 3 3 3 3 3 3 3 3 3 3 3 3 3 3 3 3 3 3 3 3 3 3 3 3 3 3 3 3 3 3 3 3 3 3 3 3 3 3 3 3 3 3 3 3 3 3 3 3 3 3 3 3 3 3 3 3 3 3 3 3 3 3 3 3 3 3 3 3 3 3 3 3 3 3 3 3 3 3 3 3 3 3 3 3 3 3 3 3 3 3 3 3 3 3 3 3 3 3 3 3 3 3 3 3 3 3 3 3 3 3 3 3 3 3 3 3 3 3 3 3 3 3 3 3 3 3 3 3 3 3 3 3 3 3 3 3 3 3 3 3 3 3 3 3 3 3 3 3 3 3 3 3 3 3 3 3 3 3 3 3 3 3 3 3 3 3 3 3 3 3 3 3 3 3 3 3 3 3 3 3 3 3 3 3 3 3 3 3 3 3 3 3 3 3 3 3 3 3 3 3 3 3 3 3 3 3 3 3 3 3 3 3 3 3 3 3 3 3 3 3 3 3 3 3 3 3 3 3 3 3 3 3 3 3 3 3 3 3 3 3 3 3 3 3 3 3 3 3 3 3 3 3 3 3 3 3 3 3 3 3 3 3 3 3 3 3 3 3 3 3 3 3 3 3 3 3 3 3 3 3 3 3 3 3 3 3 3 3 3 3 3 3 3 3 3 3 3 3 3 3 3 3 3 3 3 3 3 3 3 3 3 3 3 3 3 3 3 3 3 3 3 3 3 3 3 3 3 3 3 3 3 3 3 3 3 3 3 3 3 3 3 3 3 3 3 3 3 3 3 3 3 3 3 3 3 3 3 3 3 3 3 3 3 3 3 3 3 3 3 3 3 3 3 3 3 3 3 3 3 3 3 3 3 3 3 3 3 3 3 3 3 3 3 3 3 3 3 3 3 3 3 3 3 3 3 3 3 3 3 3 3 3 3 3 3 3 3 3 3 3 3 3 3 3 3 3 3 3 3 3 3 3 3 3 3 3 3 3 3 3 3 3 3 3 3 3 3 3 3 3 3 3 3 3 3 3 3 3 3 3 3 3 3 3 3 3 3 3 3 3 3 3 3 3 3 3 3 3 3 3 3 3 3 3 3 3 3 3 3 3 3 3 3 3 3 3 3 3 3 3 3 3 3 3 3 3 3 3 3 3 3 3 3 3 3 3 3 3 3 3 3 3 3 3 3 3 3 3 3 3 3 3 3 3 3 3 3 3 3 3 3 3 3 3 3 3 3 3 3 3 3 3 3 3 3 3 3 3 3 3 3 3 3 3 3 3 3 3 3 3 3 3 3 3 3 3 3 3 3 3 3 3 3 3 3 3 3 3 3 3 3 3 3 3 3 3 3 3 3 3 3 3 3 3 3 3 3 3 3 3 3 3 3 3 3 3 3 3 3 3 3 3 3 3 3 3 3 3 3 3 3 3 3 3 3 3 3 3 3 3 3 3 3 3 3 3 3 3 3 3 3 3 3 3 3 3 3 3 3 3 3 3 3 3 3 3 3 3 3 3 3 3 3 3 3 3 3 3 3 3 3 3 3 3 3 3 3 3 3 3 3 3 3 3 3 3 3 3 3 3 3 3 3 3 3 3 3 3 3 3 3 3 3 3 3 3 3 3 3 3 3 3 3 3 3 3 3 3 3 3 3 3 3 3 3 3 3 3 3 3 3 3 3 3 3 3 3 3 3 3 3 3 3 3 3 3 3 3 3 3 3 3 3 3 3 3 3 3 3 3 3 3 3 3 3 3 3 3 3 3 3 3 3 3 3 3 3 3 3 3 3 3 3 3 3 3 3 3 3 3 3 3 3 3 3 3 3 3 3 3 3 3 3 3 3 3 3 3 3 3 3 3 3 3 3 3 3 3 3 3 3 3 3 3 3 3 3 3 3 3 3 3 3 3 3 3 3 3 3 3 3 3 3 3 3 3 3 3 3 3 3 3 3 3 3 3 3 3 3 3 3 3 3 3 3 3 3 3 3 3 3 3 3 3 3 3 3 3 3 3 3 3 3 3 3 3 3 3 3 3 3 3 3 3 3 3 3 3 3 3 3 3 3 3 3 3 3 3 3 3 3 3 3 3 3 3 3 3 3 3 3 3 3 3 3 3 3 3 3 3 3 3 3 3 3 3 3 3 3 3 3 3 3 3 3 3 3 3 3 3 3 3 3 3 3 3 3 3 3 3 3 3 3 3 3 3 3 3 3 3 3 3 3 3 3 3 3 3 3 3 3 3 3 3 3 3 3 3 3 3 3 3 3 3 3 3 3 3 3 3 3 3 3 3 3 3 3 3 3 3 3 3 3 3 3 3 3 3 3 3 3 3 3 3 3 3 3 3 3 3 3 3 3 3 3 3 3 3 3 3 3 3 3 3 3 3 3 3 3 3 3 3 3 3 3 3 3 3 3 3 3 3 3 3 3 3 3 3 3 3 3 3 3 3 3 3 3 3 3 3 3 3 3 3 3 3 3 3 3 3 3 3 3 3 3 3 3 3 3 3 3 3 3 3 3 3 3 3 3 3 3 3 3 3 3 3 3 3 3 3 3 3 3 3 3 3 3 3 3 3 3 3 3 3 3 3 3 3 3 3 3 3 3 3 3 3 3 3 3 3 3 3 3 3 3 3 3 3 3 3 3 3 3 3 3 3 3 3 3 3 3 3 3 3 3 3 3 3 3 3 3 3 3 3 3 3 3 3 3 3 3 3 3 3 3 3 3 3 3 3 3 3 3 3 3 3 3 3 3 3 3 3 3 3 3 3 3 3 3 3 3 3 3 3 3 3 3 3 3 3 3 3 3 3 3 3 3 3 3 3 3 3 3 3 3 3 3 3 3 3 3 3 3 3 3 3 3 3 3 3 3 3 3 3 3 3 3 3 3 3 3 3 3 3 3 3 3 3 3 3 3 3 3 3 3 3 3 3 3 3 3 3 3 3 3 3 3 3 3 3 3 3 3 3 3 3 3 3 3 3 3 3 3 3 3 3 3 3 3 3 3 3 3 3 3 3 3 3 3 3 3 3 3 3 3 3 3 3 3 3 3 3 3 3 3 3 3 3 3 3 3 3 3 3 3 3 3 3 3 3 3 3 3 3 3 3 3 3 3 3 3 3 3 3 3 3 3 3 3 3 3 3 3 3 3 3 3 3 3 3 3 3 3 3 3 3 3 3 3 3 3 3 3 3 3 3 3 3 3 3 3 3 3 3 3 3 3 3 3 3 3 3 3 3 3 3 3 3 3 3 3 3 3 3 3 3 3 3 3 3 3 3 3 3 3 3 3 3 3 3 3 3 3 3 3 3 3 3 3 3 3 3 3 3 3 3 3 3 3 3 3 3 3 3 3 3 3 3 3 3 3 3 3 3 3 3 3 3 3 3 3 3 3 3 3 3 3 3 3 3 3 3 3 3 3 3 3 3 3 3 3 3 3 3 3 3 3 3 3 3 3 3 3 3 3 3 3 3 3 3 3 3 3 3 3 3 3 3 3 3 3 3 3 3 3 3 3 3 3 3 3 3 3 3 3 3 3 3 3 3 3 3 3 3 3 3 3 3 3 3 3 3 3 3 3 3 3 3 3 3 3 3 3 3 3 3 3 3 3 3 3 3 3 3 3 3 3 3 3 3 3 3 3 3 3 3 3 3 3 3 3 3 3 3 3 3 3 3 3 3 3 3 3 3 3 3 3 3 3 3 3 3 3 3 3 3 3 3 3 3 3 3 3 3 3 3 3 3 3 3 3 3 3 3 3 3 3 3 3 3 3 3 3 3 3 3 3 3 3 3 3 3 3 3 3 3 3 3 3 3 3 3 3 3 3 3 3 3 3 3 3 3 3 3 3 3 3 3 3 3 3 3 3 3 3 3 3 3 3 3 3 3 3 3 3 3 3 3 3 3 3 3 3 3 3 3 3 3 3 3 3 3 3 3 3 3 3 3 3 3 3 3 3 3 3 3 3 3 3 3 3 3 3 3 3 3 3 3 3 3 3 3 3 3 3 3 3 3 3 3 3 3 3 3 3 3 3 3 3 3 3 3 3 3 3 3 3 3 3 3 3 3 3 3 3 3 3 3 3 3 3 3 3 3 3 3 3 3 3 3 3 3 3 3 3 3 3 3 3 3 3 3 3 3 3 3 3 3 3 3 3 3 3 3 3 3 3 3 3 3 3 3 3 3 3 3 3 3 3 3 3 3 3 3 3 3 3 3 3 3 3 3 3 3 3 3 3 3 3 3 3 3 3 3 3 3 3 3 3 3 3 3 3 3 3 3 3 3 3 3 3 3 3 3 3 3 3 3 3 3 3 3 3 3 3 3 3 3 3 3 3 3 3 3 3 3 3 3 3 3 3 3 3 3 3 3 3 3 3 3 3 3 3 3 3 3 3 3 3 3 3 3 3 3 3</vcount>
					<p>116 1 0 62 0 0 3 0 0 62 0 0 116 1 0 5 2 0 62 0 0 5 2 0 1 3 0 1 3 0 5 2 0 675 4 0 1 3 0 675 4 0 0 5 0 61 8 0 19 7 0 20 6 0 21 9 0 61 8 0 20 6 0 61 8 0 21 9 0 60 10 0 267 11 0 60 10 0 21 9 0 60 10 0 267 11 0 59 12 0 23 13 0 59 12 0 267 11 0 59 12 0 23 13 0 58 14 0 24 15 0 58 14 0 23 13 0 25 16 0 58 14 0 24 15 0 19 7 0 61 8 0 18 17 0 18 17 0 61 8 0 57 18 0 61 8 0 60 10 0 57 18 0 57 18 0 60 10 0 56 19 0 60 10 0 59 12 0 56 19 0 56 19 0 59 12 0 55 20 0 59 12 0 58 14 0 55 20 0 55 20 0 58 14 0 54 21 0 25 16 0 54 21 0 58 14 0 62 22 0 54 21 0 25 16 0 18 17 0 57 18 0 17 23 0 53 24 0 17 23 0 57 18 0 57 18 0 56 19 0 53 24 0 137 26 0 136 25 0 53 24 0 135 27 0 53 24 0 136 25 0 53 24 0 56 19 0 137 26 0 56 19 0 55 20 0 29 28 0 56 19 0 29 28 0 138 29 0 137 26 0 56 19 0 138 29 0 29 28 0 55 20 0 0 30 0 0 30 0 55 20 0 1 31 0 55 20 0 54 21 0 1 31 0 1 31 0 54 21 0 62 22 0 16 34 0 52 33 0 15 32 0 52 33 0 16 34 0 51 35 0 53 24 0 51 35 0 16 34 0 17 23 0 53 24 0 16 34 0 135 27 0 51 35 0 53 24 0 34 36 0 51 35 0 135 27 0 50 39 0 13 38 0 169 37 0 52 33 0 50 39 0 169 37 0 15 32 0 52 33 0 169 37 0 52 33 0 51 35 0 50 39 0 50 39 0 51 35 0 49 40 0 34 36 0 49 40 0 51 35 0 275 41 0 49 40 0 34 36 0 11 44 0 40 43 0 10 42 0 171 46 0 48 45 0 11 44 0 48 45 0 171 46 0 47 47 0 46 48 0 47 47 0 171 46 0 13 38 0 46 48 0 171 46 0 13 38 0 50 39 0 46 48 0 50 39 0 49 40 0 46 48 0 46 48 0 49 40 0 45 49 0 275 41 0 45 49 0 49 40 0 36 50 0 45 49 0 275 41 0 174 53 0 300 52 0 1042 51 0 10 42 0 300 52 0 174 53 0 10 42 0 301 54 0 300 52 0 301 54 0 10 42 0 41 55 0 40 43 0 41 55 0 10 42 0 11 44 0 48 45 0 40 43 0 48 45 0 47 47 0 40 43 0 40 43 0 47 47 0 304 56 0 47 47 0 46 48 0 304 56 0 304 56 0 46 48 0 305 57 0 46 48 0 45 49 0 305 57 0 305 57 0 45 49 0 37 58 0 45 49 0 36 50 0 37 58 0 65 60 0 115 59 0 24 15 0 115 59 0 65 60 0 114 61 0 66 62 0 114 61 0 65 60 0 114 61 0 66 62 0 113 63 0 67 64 0 113 63 0 66 62 0 113 63 0 67 64 0 112 65 0 337 66 0 112 65 0 67 64 0 335 68 0 112 65 0 69 67 0 112 65 0 337 66 0 69 67 0 24 15 0 115 59 0 25 69 0 111 70 0 25 69 0 115 59 0 115 59 0 114 61 0 111 70 0 111 70 0 114 61 0 110 71 0 114 61 0 113 63 0 110 71 0 110 71 0 113 63 0 109 72 0 113 63 0 112 65 0 109 72 0 109 72 0 112 65 0 108 73 0 335 68 0 108 73 0 112 65 0 334 74 0 108 73 0 335 68 0 111 70 0 3 76 0 62 75 0 25 69 0 111 70 0 62 75 0 3 76 0 111 70 0 118 77 0 111 70 0 110 71 0 118 77 0 118 77 0 110 71 0 95 78 0 110 71 0 109 72 0 95 78 0 95 78 0 109 72 0 487 79 0 487 79 0 109 72 0 108 73 0 487 79 0 108 73 0 93 80 0 93 80 0 108 73 0 92 81 0 92 81 0 108 73 0 107 82 0 334 74 0 107 82 0 108 73 0 72 83 0 107 82 0 334 74 0 92 81 0 107 82 0 474 84 0 106 85 0 474 84 0 107 82 0 72 83 0 106 85 0 107 82 0 332 87 0 105 86 0 72 83 0 105 86 0 106 85 0 72 83 0 106 85 0 104 89 0 475 88 0 474 84 0 106 85 0 475 88 0 106 85 0 105 86 0 104 89 0 104 89 0 105 86 0 103 90 0 332 87 0 103 90 0 105 86 0 74 91 0 103 90 0 332 87 0 104 89 0 102 93 0 476 92 0 475 88 0 104 89 0 476 92 0 104 89 0 103 90 0 102 93 0 102 93 0 103 90 0 101 94 0 100 95 0 101 94 0 103 90 0 74 91 0 100 95 0 103 90 0 100 95 0 74 91 0 99 96 0 99 96 0 74 91 0 330 97 0 76 98 0 99 96 0 330 97 0 102 93 0 467 100 0 466 99 0 476 92 0 102 93 0 466 99 0 467 100 0 102 93 0 86 101 0 102 93 0 101 94 0 86 101 0 86 101 0 101 94 0 85 102 0 101 94 0 100 95 0 85 102 0 85 102 0 100 95 0 449 103 0 100 95 0 99 96 0 449 103 0 76 98 0 449 103 0 99 96 0 76 98 0 450 104 0 449 103 0 77 105 0 450 104 0 76 98 0 450 104 0 77 105 0 82 106 0 78 107 0 82 106 0 77 105 0 82 106 0 78 107 0 81 108 0 326 109 0 81 108 0 78 107 0 81 108 0 326 109 0 1197 110 0 95 113 0 1369 112 0 121 111 0 95 113 0 121 111 0 118 114 0 118 114 0 121 111 0 116 115 0 118 114 0 116 115 0 3 116 0 274 117 0 9 117 0 8 117 0 5 120 0 128 119 0 675 118 0 129 121 0 675 118 0 128 119 0 675 118 0 129 121 0 524 122 0 504 125 0 529 124 0 116 123 0 116 123 0 529 124 0 5 120 0 126 126 0 5 120 0 529 124 0 5 120 0 126 126 0 527 127 0 5 120 0 527 127 0 128 119 0 675 129 0 29 128 0 0 5 0 684 130 0 29 128 0 675 129 0 29 128 0 684 130 0 138 131 0 138 131 0 684 130 0 143 132 0 138 131 0 143 132 0 137 133 0 137 133 0 143 132 0 136 134 0 143 132 0 144 135 0 136 134 0 136 134 0 144 135 0 135 136 0 144 135 0 681 137 0 135 136 0 205 140 0 204 139 0 256 138 0 256 138 0 204 139 0 255 141 0 256 138 0 255 141 0 196 142 0 196 142 0 255 141 0 195 143 0 204 139 0 203 144 0 255 141 0 255 141 0 203 144 0 254 145 0 255 141 0 254 145 0 195 143 0 195 143 0 254 145 0 194 146 0 203 144 0 202 147 0 254 145 0 254 145 0 202 147 0 253 148 0 254 145 0 253 148 0 194 146 0 194 146 0 253 148 0 193 149 0 202 147 0 201 150 0 253 148 0 253 148 0 201 150 0 251 151 0 253 148 0 251 151 0 193 149 0 193 149 0 251 151 0 192 152 0 201 150 0 200 153 0 251 151 0 251 151 0 200 153 0 252 154 0 251 151 0 252 154 0 192 152 0 192 152 0 252 154 0 191 155 0 177 158 0 250 157 0 199 156 0 250 157 0 177 158 0 178 159 0 179 160 0 250 157 0 178 159 0 191 155 0 249 162 0 188 161 0 182 164 0 188 161 0 181 163 0 188 161 0 249 162 0 181 163 0 181 163 0 249 162 0 180 165 0 19 168 0 248 167 0 20 166 0 248 167 0 19 168 0 247 169 0 18 170 0 247 169 0 19 168 0 247 169 0 18 170 0 246 171 0 17 172 0 246 171 0 18 170 0 246 171 0 17 172 0 245 173 0 16 174 0 245 173 0 17 172 0 245 173 0 16 174 0 244 175 0 15 176 0 244 175 0 16 174 0 244 175 0 15 176 0 243 177 0 169 178 0 243 177 0 15 176 0 169 178 0 242 179 0 243 177 0 242 179 0 169 178 0 241 180 0 13 181 0 241 180 0 169 178 0 241 180 0 13 181 0 240 182 0 171 183 0 240 182 0 13 181 0 20 166 0 248 167 0 807 184 0 807 184 0 248 167 0 247 169 0 807 184 0 247 169 0 808 185 0 247 169 0 246 171 0 239 186 0 239 186 0 246 171 0 238 187 0 246 171 0 245 173 0 238 187 0 238 187 0 245 173 0 237 188 0 245 173 0 244 175 0 237 188 0 237 188 0 244 175 0 236 189 0 244 175 0 243 177 0 236 189 0 236 189 0 243 177 0 235 190 0 243 177 0 242 179 0 235 190 0 235 190 0 242 179 0 234 191 0 242 179 0 241 180 0 234 191 0 234 191 0 241 180 0 233 192 0 241 180 0 240 182 0 233 192 0 233 192 0 240 182 0 232 193 0 171 183 0 232 193 0 240 182 0 171 183 0 231 194 0 232 193 0 231 194 0 171 183 0 230 195 0 230 195 0 171 183 0 11 196 0 10 197 0 230 195 0 11 196 0 174 198 0 230 195 0 10 197 0 247 169 0 239 186 0 808 185 0 808 185 0 239 186 0 229 199 0 239 186 0 238 187 0 229 199 0 238 187 0 237 188 0 229 199 0 229 199 0 237 188 0 228 200 0 237 188 0 236 189 0 228 200 0 228 200 0 236 189 0 227 201 0 236 189 0 235 190 0 227 201 0 227 201 0 235 190 0 226 202 0 235 190 0 234 191 0 226 202 0 226 202 0 234 191 0 225 203 0 234 191 0 233 192 0 225 203 0 225 203 0 233 192 0 224 204 0 233 192 0 232 193 0 224 204 0 224 204 0 232 193 0 223 205 0 232 193 0 231 194 0 223 205 0 223 205 0 231 194 0 222 206 0 231 194 0 230 195 0 222 206 0 222 206 0 230 195 0 221 207 0 220 208 0 221 207 0 230 195 0 174 198 0 220 208 0 230 195 0 220 208 0 174 198 0 219 209 0 1042 210 0 219 209 0 174 198 0 808 185 0 229 199 0 809 211 0 809 211 0 229 199 0 218 212 0 229 199 0 228 200 0 218 212 0 218 212 0 228 200 0 217 213 0 228 200 0 227 201 0 217 213 0 217 213 0 227 201 0 216 214 0 227 201 0 226 202 0 216 214 0 216 214 0 226 202 0 215 215 0 226 202 0 225 203 0 215 215 0 215 215 0 225 203 0 214 216 0 225 203 0 224 204 0 214 216 0 214 216 0 224 204 0 213 217 0 224 204 0 223 205 0 213 217 0 213 217 0 223 205 0 212 218 0 223 205 0 222 206 0 212 218 0 212 218 0 222 206 0 211 219 0 222 206 0 221 207 0 211 219 0 211 219 0 221 207 0 210 220 0 221 207 0 220 208 0 210 220 0 210 220 0 220 208 0 209 221 0 220 208 0 219 209 0 209 221 0 209 221 0 219 209 0 208 222 0 1042 210 0 208 222 0 219 209 0 844 223 0 208 222 0 1042 210 0 809 211 0 218 212 0 159 224 0 159 224 0 218 212 0 207 225 0 218 212 0 217 213 0 207 225 0 207 225 0 217 213 0 206 226 0 217 213 0 216 214 0 206 226 0 206 226 0 216 214 0 205 140 0 216 214 0 215 215 0 205 140 0 205 140 0 215 215 0 204 139 0 215 215 0 214 216 0 204 139 0 204 139 0 214 216 0 203 144 0 214 216 0 213 217 0 203 144 0 203 144 0 213 217 0 202 147 0 213 217 0 212 218 0 202 147 0 202 147 0 212 218 0 201 150 0 212 218 0 211 219 0 201 150 0 201 150 0 211 219 0 200 153 0 211 219 0 210 220 0 200 153 0 200 153 0 210 220 0 199 156 0 210 220 0 209 221 0 199 156 0 177 158 0 199 156 0 844 223 0 199 156 0 209 221 0 844 223 0 209 221 0 208 222 0 844 223 0 159 224 0 207 225 0 158 227 0 158 227 0 207 225 0 812 228 0 812 228 0 207 225 0 198 229 0 207 225 0 206 226 0 198 229 0 198 229 0 206 226 0 197 230 0 206 226 0 205 140 0 197 230 0 256 138 0 196 142 0 197 230 0 197 230 0 205 140 0 256 138 0 200 153 0 199 156 0 252 154 0 252 154 0 199 156 0 191 155 0 191 155 0 199 156 0 249 162 0 180 165 0 249 162 0 179 160 0 249 162 0 199 156 0 179 160 0 179 160 0 199 156 0 250 157 0 812 228 0 198 229 0 156 231 0 156 231 0 198 229 0 814 232 0 187 233 0 814 232 0 198 229 0 198 229 0 197 230 0 187 233 0 187 233 0 197 230 0 186 234 0 197 230 0 196 142 0 186 234 0 152 235 0 186 234 0 196 142 0 152 235 0 196 142 0 151 236 0 196 142 0 195 143 0 151 236 0 151 236 0 195 143 0 712 237 0 195 143 0 194 146 0 712 237 0 712 237 0 194 146 0 193 149 0 712 237 0 193 149 0 149 238 0 193 149 0 192 152 0 190 239 0 190 239 0 192 152 0 189 240 0 192 152 0 191 155 0 189 240 0 189 240 0 191 155 0 188 161 0 814 232 0 187 233 0 154 241 0 154 241 0 187 233 0 709 242 0 187 233 0 186 234 0 709 242 0 709 242 0 186 234 0 152 235 0 193 149 0 190 239 0 149 238 0 149 238 0 190 239 0 148 243 0 190 239 0 189 240 0 148 243 0 148 243 0 189 240 0 188 161 0 148 243 0 188 161 0 147 244 0 182 164 0 185 245 0 188 161 0 183 246 0 185 245 0 182 164 0 188 161 0 185 245 0 147 244 0 147 244 0 185 245 0 183 246 0 147 244 0 183 246 0 716 247 0 24 248 0 263 249 0 871 248 0 23 250 0 263 249 0 24 248 0 263 249 0 23 250 0 873 251 0 873 251 0 23 250 0 261 252 0 23 250 0 267 253 0 261 252 0 261 252 0 267 253 0 260 254 0 21 255 0 260 254 0 267 253 0 21 255 0 876 256 0 260 254 0 876 256 0 21 255 0 805 257 0 21 255 0 20 258 0 805 257 0 271 260 0 135 136 0 681 259 0 274 117 0 8 117 0 6 117 0 271 260 0 34 261 0 135 136 0 271 260 0 275 262 0 34 261 0 904 263 0 275 262 0 271 260 0 904 263 0 36 264 0 275 262 0 904 263 0 907 265 0 36 264 0 285 268 0 907 267 0 1376 266 0 37 269 0 907 267 0 285 268 0 36 270 0 907 267 0 37 269 0 297 273 0 313 272 0 296 271 0 313 272 0 297 273 0 312 274 0 298 275 0 312 274 0 297 273 0 312 274 0 298 275 0 311 276 0 1042 51 0 311 276 0 298 275 0 40 278 0 311 276 0 41 277 0 311 276 0 300 280 0 301 279 0 311 276 0 301 279 0 41 277 0 311 276 0 1042 51 0 300 280 0 296 271 0 313 272 0 295 281 0 295 281 0 313 272 0 310 282 0 313 272 0 312 274 0 310 282 0 310 282 0 312 274 0 309 283 0 312 274 0 311 276 0 309 283 0 309 283 0 311 276 0 308 284 0 40 278 0 308 284 0 311 276 0 37 286 0 308 284 0 305 285 0 308 284 0 40 278 0 304 287 0 308 284 0 304 287 0 305 285 0 295 281 0 310 282 0 1008 288 0 1008 288 0 310 282 0 293 289 0 293 289 0 310 282 0 289 290 0 289 290 0 310 282 0 288 291 0 288 291 0 310 282 0 924 292 0 292 293 0 293 289 0 289 290 0 292 293 0 289 290 0 290 294 0 934 295 0 292 293 0 290 294 0 924 292 0 310 282 0 286 296 0 310 282 0 309 283 0 286 296 0 286 296 0 309 283 0 285 297 0 309 283 0 308 284 0 285 297 0 285 297 0 308 284 0 37 286 0 867 300 0 337 299 0 67 298 0 867 300 0 67 298 0 868 301 0 868 301 0 67 298 0 869 302 0 67 298 0 66 303 0 869 302 0 869 302 0 66 303 0 316 304 0 66 303 0 65 305 0 316 304 0 316 304 0 65 305 0 871 248 0 274 117 0 6 117 0 273 117 0 65 305 0 24 248 0 871 248 0 395 308 0 386 307 0 1201 306 0 1201 306 0 386 307 0 1202 309 0 1202 309 0 386 307 0 435 310 0 385 313 0 384 312 0 434 311 0 434 311 0 384 312 0 433 314 0 434 311 0 433 314 0 377 315 0 377 315 0 433 314 0 376 316 0 384 312 0 383 317 0 433 314 0 433 314 0 383 317 0 432 318 0 433 314 0 432 318 0 376 316 0 376 316 0 432 318 0 375 319 0 383 317 0 382 320 0 432 318 0 432 318 0 382 320 0 431 321 0 432 318 0 431 321 0 375 319 0 375 319 0 431 321 0 374 322 0 382 320 0 381 323 0 431 321 0 431 321 0 381 323 0 429 324 0 431 321 0 429 324 0 374 322 0 374 322 0 429 324 0 373 325 0 381 323 0 380 326 0 429 324 0 429 324 0 380 326 0 430 327 0 429 324 0 430 327 0 373 325 0 373 325 0 430 327 0 372 328 0 1203 331 0 428 330 0 1204 329 0 1204 329 0 428 330 0 377 315 0 1204 329 0 377 315 0 1205 332 0 427 335 0 332 334 0 426 333 0 425 336 0 426 333 0 332 334 0 72 337 0 425 336 0 332 334 0 72 337 0 424 338 0 425 336 0 424 338 0 72 337 0 423 339 0 334 340 0 423 339 0 72 337 0 334 340 0 422 341 0 423 339 0 422 341 0 334 340 0 421 342 0 335 343 0 421 342 0 334 340 0 421 342 0 335 343 0 420 344 0 69 345 0 420 344 0 335 343 0 420 344 0 69 345 0 419 346 0 337 347 0 419 346 0 69 345 0 338 348 0 419 346 0 337 347 0 418 351 0 77 350 0 76 349 0 330 352 0 418 351 0 76 349 0 418 351 0 330 352 0 417 353 0 74 91 0 417 353 0 330 352 0 417 353 0 74 91 0 416 354 0 427 335 0 416 354 0 74 91 0 332 334 0 427 335 0 74 91 0 427 335 0 426 333 0 416 354 0 416 354 0 426 333 0 415 355 0 426 333 0 425 336 0 415 355 0 415 355 0 425 336 0 414 356 0 425 336 0 424 338 0 414 356 0 414 356 0 424 338 0 413 357 0 424 338 0 423 339 0 413 357 0 413 357 0 423 339 0 412 358 0 423 339 0 422 341 0 412 358 0 412 358 0 422 341 0 411 359 0 422 341 0 421 342 0 411 359 0 411 359 0 421 342 0 410 360 0 421 342 0 420 344 0 410 360 0 410 360 0 420 344 0 409 361 0 420 344 0 419 346 0 409 361 0 1064 362 0 409 361 0 338 348 0 409 361 0 419 346 0 338 348 0 408 365 0 78 364 0 407 363 0 406 366 0 407 363 0 78 364 0 77 350 0 406 366 0 78 364 0 77 350 0 418 351 0 406 366 0 418 351 0 417 353 0 406 366 0 406 366 0 417 353 0 405 367 0 417 353 0 416 354 0 405 367 0 405 367 0 416 354 0 404 368 0 416 354 0 415 355 0 404 368 0 404 368 0 415 355 0 403 369 0 415 355 0 414 356 0 403 369 0 403 369 0 414 356 0 402 370 0 414 356 0 413 357 0 402 370 0 402 370 0 413 357 0 401 371 0 413 357 0 412 358 0 401 371 0 401 371 0 412 358 0 400 372 0 412 358 0 411 359 0 400 372 0 400 372 0 411 359 0 399 373 0 411 359 0 410 360 0 399 373 0 399 373 0 410 360 0 398 374 0 410 360 0 409 361 0 398 374 0 1063 375 0 398 374 0 1064 362 0 398 374 0 409 361 0 1064 362 0 1197 378 0 326 377 0 1198 376 0 1198 376 0 326 377 0 1199 379 0 408 365 0 1199 379 0 326 377 0 78 364 0 408 365 0 326 377 0 408 365 0 407 363 0 397 380 0 397 380 0 407 363 0 396 381 0 407 363 0 406 366 0 396 381 0 396 381 0 406 366 0 395 308 0 406 366 0 405 367 0 395 308 0 395 308 0 405 367 0 394 382 0 405 367 0 404 368 0 394 382 0 394 382 0 404 368 0 393 383 0 404 368 0 403 369 0 393 383 0 393 383 0 403 369 0 392 384 0 403 369 0 402 370 0 392 384 0 392 384 0 402 370 0 391 385 0 402 370 0 401 371 0 391 385 0 391 385 0 401 371 0 390 386 0 401 371 0 400 372 0 390 386 0 390 386 0 400 372 0 389 387 0 400 372 0 399 373 0 389 387 0 389 387 0 399 373 0 388 388 0 399 373 0 398 374 0 388 388 0 388 388 0 398 374 0 387 389 0 1063 375 0 387 389 0 398 374 0 341 390 0 387 389 0 1063 375 0 408 365 0 397 380 0 1199 379 0 1199 379 0 397 380 0 1200 391 0 397 380 0 396 381 0 1200 391 0 1200 391 0 396 381 0 395 308 0 1200 391 0 395 308 0 1201 306 0 395 308 0 394 382 0 386 307 0 386 307 0 394 382 0 385 313 0 394 382 0 393 383 0 385 313 0 385 313 0 393 383 0 384 312 0 393 383 0 392 384 0 384 312 0 384 312 0 392 384 0 383 317 0 392 384 0 391 385 0 383 317 0 383 317 0 391 385 0 382 320 0 391 385 0 390 386 0 382 320 0 382 320 0 390 386 0 381 323 0 390 386 0 389 387 0 381 323 0 381 323 0 389 387 0 380 326 0 389 387 0 388 388 0 380 326 0 380 326 0 388 388 0 379 392 0 388 388 0 387 389 0 379 392 0 379 392 0 387 389 0 378 393 0 341 390 0 378 393 0 387 389 0 1061 394 0 378 393 0 341 390 0 386 307 0 385 313 0 435 310 0 1202 309 0 435 310 0 1203 331 0 435 310 0 385 313 0 1203 331 0 1203 331 0 385 313 0 428 330 0 434 311 0 377 315 0 428 330 0 428 330 0 385 313 0 434 311 0 380 326 0 379 392 0 430 327 0 430 327 0 379 392 0 372 328 0 372 328 0 379 392 0 371 395 0 379 392 0 378 393 0 371 395 0 371 395 0 378 393 0 370 396 0 1061 394 0 370 396 0 378 393 0 370 396 0 1061 394 0 1060 397 0 344 398 0 370 396 0 1060 397 0 377 315 0 376 316 0 367 399 0 367 399 0 376 316 0 366 400 0 376 316 0 375 319 0 366 400 0 366 400 0 375 319 0 365 401 0 375 319 0 374 322 0 365 401 0 351 402 0 365 401 0 374 322 0 351 402 0 374 322 0 1071 403 0 374 322 0 373 325 0 1071 403 0 1071 403 0 373 325 0 1072 404 0 373 325 0 372 328 0 1072 404 0 1072 404 0 372 328 0 371 395 0 1072 404 0 371 395 0 348 405 0 371 395 0 370 396 0 369 406 0 369 406 0 370 396 0 368 407 0 1440 409 0 368 407 0 345 408 0 344 398 0 368 407 0 370 396 0 368 407 0 344 398 0 345 408 0 377 315 0 367 399 0 1205 332 0 1205 332 0 367 399 0 364 410 0 367 399 0 366 400 0 364 410 0 1068 412 0 364 410 0 352 411 0 366 400 0 365 401 0 352 411 0 364 410 0 366 400 0 352 411 0 352 411 0 365 401 0 351 402 0 371 395 0 369 406 0 348 405 0 348 405 0 369 406 0 347 413 0 369 406 0 368 407 0 347 413 0 347 413 0 368 407 0 1440 409 0 1205 332 0 364 410 0 354 414 0 354 414 0 364 410 0 1068 412 0 465 416 0 81 415 0 1197 110 0 465 416 0 82 417 0 81 415 0 465 416 0 450 418 0 82 417 0 454 419 0 465 416 0 1197 110 0 465 416 0 454 419 0 464 420 0 455 421 0 464 420 0 454 419 0 464 420 0 455 421 0 463 422 0 456 423 0 463 422 0 455 421 0 1316 424 0 463 422 0 456 423 0 462 427 0 86 426 0 85 425 0 462 427 0 85 425 0 449 428 0 465 416 0 462 427 0 449 428 0 450 418 0 465 416 0 449 428 0 465 416 0 464 420 0 462 427 0 462 427 0 464 420 0 461 429 0 464 420 0 463 422 0 461 429 0 461 429 0 463 422 0 460 430 0 1316 424 0 460 430 0 463 422 0 1294 431 0 460 430 0 1316 424 0 86 426 0 462 427 0 467 432 0 467 432 0 462 427 0 468 433 0 462 427 0 461 429 0 468 433 0 468 433 0 461 429 0 444 434 0 461 429 0 460 430 0 444 434 0 444 434 0 460 430 0 443 435 0 443 435 0 460 430 0 1294 431 0 458 436 0 1294 431 0 1316 424 0 458 436 0 1295 437 0 1294 431 0 458 436 0 1296 438 0 1295 437 0 439 441 0 1214 440 0 438 439 0 1214 440 0 439 441 0 436 442 0 436 442 0 439 441 0 1296 438 0 436 442 0 1296 438 0 458 436 0 467 445 0 472 444 0 466 443 0 467 445 0 471 446 0 472 444 0 467 445 0 480 447 0 471 446 0 468 448 0 480 447 0 467 445 0 1304 449 0 480 447 0 468 448 0 480 452 0 472 451 0 471 450 0 472 451 0 476 454 0 466 453 0 480 452 0 476 454 0 472 451 0 481 455 0 476 454 0 480 452 0 481 455 0 475 456 0 476 454 0 482 457 0 475 456 0 481 455 0 483 458 0 475 456 0 482 457 0 474 459 0 475 456 0 483 458 0 474 462 0 483 461 0 1374 460 0 474 462 0 1374 460 0 92 463 0 92 463 0 1374 460 0 1373 464 0 92 463 0 1373 464 0 93 465 0 494 466 0 93 465 0 1373 464 0 93 465 0 494 466 0 487 467 0 494 466 0 495 468 0 487 467 0 487 467 0 495 468 0 1370 469 0 487 467 0 1370 469 0 95 470 0 273 117 0 6 117 0 4 117 0 1370 469 0 1369 471 0 95 470 0 1368 474 0 534 473 0 1369 472 0 533 475 0 1369 472 0 534 473 0 1369 472 0 533 475 0 121 476 0 532 477 0 121 476 0 533 475 0 121 476 0 532 477 0 531 478 0 504 479 0 121 476 0 531 478 0 504 479 0 116 480 0 121 476 0 1379 483 0 674 482 0 510 481 0 510 481 0 674 482 0 1381 484 0 1377 487 0 671 486 0 1378 485 0 1378 485 0 671 486 0 1379 483 0 1379 483 0 671 486 0 674 482 0 1393 490 0 673 489 0 1394 488 0 1394 488 0 673 489 0 1395 491 0 673 489 0 661 492 0 1395 491 0 572 495 0 524 494 0 672 493 0 672 493 0 524 494 0 129 496 0 128 497 0 672 493 0 129 496 0 672 493 0 128 497 0 571 498 0 527 499 0 571 498 0 128 497 0 671 486 0 670 500 0 674 482 0 1381 484 0 674 482 0 1382 501 0 674 482 0 670 500 0 1382 501 0 1382 501 0 670 500 0 560 502 0 670 500 0 669 503 0 560 502 0 560 502 0 669 503 0 1429 504 0 1429 504 0 669 503 0 558 505 0 669 503 0 668 506 0 558 505 0 558 505 0 668 506 0 1423 507 0 668 506 0 667 508 0 1423 507 0 1423 507 0 667 508 0 1424 509 0 667 508 0 666 510 0 1424 509 0 1424 509 0 666 510 0 1412 511 0 666 510 0 665 512 0 1412 511 0 1412 511 0 665 512 0 1413 513 0 665 512 0 664 514 0 1413 513 0 1413 513 0 664 514 0 553 515 0 553 515 0 664 514 0 1405 516 0 664 514 0 663 517 0 1405 516 0 1405 516 0 663 517 0 551 518 0 663 517 0 662 519 0 551 518 0 551 518 0 662 519 0 1392 520 0 662 519 0 661 492 0 1392 520 0 1392 520 0 661 492 0 1393 490 0 1393 490 0 661 492 0 673 489 0 902 522 0 660 521 0 1377 487 0 1377 487 0 660 521 0 671 486 0 660 521 0 659 523 0 671 486 0 671 486 0 659 523 0 670 500 0 659 523 0 658 524 0 670 500 0 670 500 0 658 524 0 669 503 0 658 524 0 657 525 0 669 503 0 669 503 0 657 525 0 668 506 0 657 525 0 656 526 0 668 506 0 668 506 0 656 526 0 667 508 0 656 526 0 655 527 0 667 508 0 667 508 0 655 527 0 666 510 0 655 527 0 654 528 0 666 510 0 666 510 0 654 528 0 665 512 0 654 528 0 653 529 0 665 512 0 665 512 0 653 529 0 664 514 0 653 529 0 652 530 0 664 514 0 664 514 0 652 530 0 663 517 0 652 530 0 651 531 0 663 517 0 663 517 0 651 531 0 662 519 0 651 531 0 650 532 0 662 519 0 662 519 0 650 532 0 661 492 0 1395 491 0 661 492 0 1347 533 0 661 492 0 650 532 0 1347 533 0 649 534 0 660 521 0 902 522 0 901 535 0 649 534 0 902 522 0 649 534 0 648 536 0 660 521 0 660 521 0 648 536 0 659 523 0 648 536 0 647 537 0 659 523 0 659 523 0 647 537 0 658 524 0 647 537 0 646 538 0 658 524 0 658 524 0 646 538 0 657 525 0 646 538 0 645 539 0 657 525 0 657 525 0 645 539 0 656 526 0 645 539 0 644 540 0 656 526 0 656 526 0 644 540 0 655 527 0 644 540 0 643 541 0 655 527 0 655 527 0 643 541 0 654 528 0 643 541 0 642 542 0 654 528 0 654 528 0 642 542 0 653 529 0 642 542 0 641 543 0 653 529 0 653 529 0 641 543 0 652 530 0 641 543 0 640 544 0 652 530 0 652 530 0 640 544 0 651 531 0 640 544 0 639 545 0 651 531 0 651 531 0 639 545 0 650 532 0 1348 546 0 650 532 0 639 545 0 1347 533 0 650 532 0 1348 546 0 638 547 0 649 534 0 901 535 0 900 548 0 638 547 0 901 535 0 638 547 0 637 549 0 649 534 0 649 534 0 637 549 0 648 536 0 637 549 0 636 550 0 648 536 0 648 536 0 636 550 0 647 537 0 636 550 0 635 551 0 647 537 0 647 537 0 635 551 0 646 538 0 635 551 0 634 552 0 646 538 0 646 538 0 634 552 0 645 539 0 634 552 0 633 553 0 645 539 0 645 539 0 633 553 0 644 540 0 633 553 0 632 554 0 644 540 0 644 540 0 632 554 0 643 541 0 632 554 0 631 555 0 643 541 0 643 541 0 631 555 0 642 542 0 631 555 0 630 556 0 642 542 0 642 542 0 630 556 0 641 543 0 630 556 0 629 557 0 641 543 0 641 543 0 629 557 0 640 544 0 629 557 0 628 558 0 640 544 0 640 544 0 628 558 0 639 545 0 1348 546 0 639 545 0 544 559 0 544 559 0 639 545 0 628 558 0 627 560 0 638 547 0 900 548 0 899 561 0 627 560 0 900 548 0 627 560 0 626 562 0 638 547 0 638 547 0 626 562 0 637 549 0 626 562 0 625 563 0 637 549 0 637 549 0 625 563 0 636 550 0 625 563 0 624 564 0 636 550 0 636 550 0 624 564 0 635 551 0 624 564 0 623 565 0 635 551 0 635 551 0 623 565 0 634 552 0 623 565 0 622 566 0 634 552 0 634 552 0 622 566 0 633 553 0 622 566 0 621 567 0 633 553 0 633 553 0 621 567 0 632 554 0 621 567 0 620 568 0 632 554 0 632 554 0 620 568 0 631 555 0 620 568 0 619 569 0 631 555 0 631 555 0 619 569 0 630 556 0 619 569 0 618 570 0 630 556 0 630 556 0 618 570 0 629 557 0 618 570 0 617 571 0 629 557 0 629 557 0 617 571 0 628 558 0 544 559 0 628 558 0 543 572 0 543 572 0 628 558 0 617 571 0 616 573 0 627 560 0 899 561 0 898 574 0 616 573 0 899 561 0 616 573 0 615 575 0 627 560 0 627 560 0 615 575 0 626 562 0 615 575 0 614 576 0 626 562 0 626 562 0 614 576 0 625 563 0 614 576 0 613 577 0 625 563 0 625 563 0 613 577 0 624 564 0 613 577 0 612 578 0 624 564 0 624 564 0 612 578 0 623 565 0 612 578 0 611 579 0 623 565 0 623 565 0 611 579 0 622 566 0 611 579 0 610 580 0 622 566 0 622 566 0 610 580 0 621 567 0 610 580 0 609 581 0 621 567 0 621 567 0 609 581 0 620 568 0 609 581 0 608 582 0 620 568 0 620 568 0 608 582 0 619 569 0 608 582 0 607 583 0 619 569 0 619 569 0 607 583 0 618 570 0 607 583 0 606 584 0 618 570 0 618 570 0 606 584 0 617 571 0 1355 585 0 617 571 0 606 584 0 543 572 0 617 571 0 1355 585 0 605 586 0 616 573 0 898 574 0 519 587 0 605 586 0 898 574 0 605 586 0 604 588 0 616 573 0 616 573 0 604 588 0 615 575 0 604 588 0 603 589 0 615 575 0 615 575 0 603 589 0 614 576 0 603 589 0 602 590 0 614 576 0 614 576 0 602 590 0 613 577 0 602 590 0 601 591 0 613 577 0 613 577 0 601 591 0 612 578 0 601 591 0 600 592 0 612 578 0 612 578 0 600 592 0 611 579 0 600 592 0 599 593 0 611 579 0 611 579 0 599 593 0 610 580 0 599 593 0 598 594 0 610 580 0 610 580 0 598 594 0 609 581 0 598 594 0 597 595 0 609 581 0 609 581 0 597 595 0 608 582 0 597 595 0 596 596 0 608 582 0 608 582 0 596 596 0 607 583 0 596 596 0 595 597 0 607 583 0 607 583 0 595 597 0 606 584 0 541 598 0 606 584 0 595 597 0 1355 585 0 606 584 0 541 598 0 896 600 0 594 599 0 519 587 0 605 586 0 519 587 0 594 599 0 594 599 0 593 601 0 605 586 0 605 586 0 593 601 0 604 588 0 593 601 0 592 602 0 604 588 0 604 588 0 592 602 0 603 589 0 592 602 0 591 603 0 603 589 0 603 589 0 591 603 0 602 590 0 591 603 0 590 604 0 602 590 0 602 590 0 590 604 0 601 591 0 590 604 0 589 605 0 601 591 0 601 591 0 589 605 0 600 592 0 589 605 0 588 606 0 600 592 0 600 592 0 588 606 0 599 593 0 588 606 0 587 607 0 599 593 0 599 593 0 587 607 0 598 594 0 587 607 0 586 608 0 598 594 0 598 594 0 586 608 0 597 595 0 586 608 0 585 609 0 597 595 0 597 595 0 585 609 0 596 596 0 585 609 0 584 610 0 596 596 0 596 596 0 584 610 0 595 597 0 1357 611 0 595 597 0 584 610 0 541 598 0 595 597 0 1357 611 0 583 612 0 594 599 0 896 600 0 679 613 0 583 612 0 896 600 0 583 612 0 582 614 0 594 599 0 594 599 0 582 614 0 593 601 0 582 614 0 581 615 0 593 601 0 593 601 0 581 615 0 592 602 0 581 615 0 580 616 0 592 602 0 592 602 0 580 616 0 591 603 0 580 616 0 579 617 0 591 603 0 591 603 0 579 617 0 590 604 0 579 617 0 578 618 0 590 604 0 590 604 0 578 618 0 589 605 0 578 618 0 577 619 0 589 605 0 589 605 0 577 619 0 588 606 0 577 619 0 576 620 0 588 606 0 588 606 0 576 620 0 587 607 0 576 620 0 575 621 0 587 607 0 587 607 0 575 621 0 586 608 0 575 621 0 574 622 0 586 608 0 586 608 0 574 622 0 585 609 0 574 622 0 573 623 0 585 609 0 585 609 0 573 623 0 584 610 0 539 624 0 584 610 0 573 623 0 1357 611 0 584 610 0 539 624 0 572 495 0 583 612 0 679 613 0 522 625 0 572 495 0 679 613 0 572 495 0 672 493 0 583 612 0 583 612 0 672 493 0 582 614 0 582 614 0 672 493 0 571 498 0 571 498 0 570 626 0 582 614 0 582 614 0 570 626 0 581 615 0 570 626 0 569 627 0 581 615 0 581 615 0 569 627 0 580 616 0 569 627 0 568 628 0 580 616 0 580 616 0 568 628 0 579 617 0 568 628 0 567 629 0 579 617 0 579 617 0 567 629 0 578 618 0 567 629 0 566 630 0 578 618 0 578 618 0 566 630 0 577 619 0 566 630 0 565 631 0 577 619 0 577 619 0 565 631 0 576 620 0 565 631 0 564 632 0 576 620 0 576 620 0 564 632 0 575 621 0 564 632 0 563 633 0 575 621 0 575 621 0 563 633 0 574 622 0 563 633 0 562 634 0 574 622 0 574 622 0 562 634 0 573 623 0 538 635 0 573 623 0 562 634 0 539 624 0 573 623 0 538 635 0 572 495 0 522 625 0 677 636 0 524 494 0 572 495 0 677 636 0 571 498 0 527 499 0 570 626 0 570 626 0 527 499 0 126 637 0 529 638 0 570 626 0 126 637 0 570 626 0 529 638 0 569 627 0 568 628 0 569 627 0 529 638 0 504 639 0 568 628 0 529 638 0 504 639 0 567 629 0 568 628 0 567 629 0 504 639 0 566 630 0 531 640 0 566 630 0 504 639 0 566 630 0 531 640 0 565 631 0 532 641 0 565 631 0 531 640 0 565 631 0 532 641 0 564 632 0 533 642 0 564 632 0 532 641 0 564 632 0 533 642 0 563 633 0 563 633 0 533 642 0 534 643 0 1368 644 0 563 633 0 534 643 0 563 633 0 1368 644 0 562 634 0 1367 645 0 562 634 0 1368 644 0 538 635 0 562 634 0 1366 646 0 562 634 0 1367 645 0 1366 646 0 675 649 0 524 648 0 677 647 0 675 649 0 677 647 0 684 650 0 522 651 0 684 650 0 677 647 0 684 650 0 522 651 0 143 652 0 679 653 0 143 652 0 522 651 0 143 652 0 679 653 0 144 654 0 896 655 0 144 654 0 679 653 0 144 654 0 896 655 0 681 656 0 152 659 0 728 658 0 709 657 0 728 658 0 154 660 0 709 657 0 154 660 0 728 658 0 707 661 0 728 658 0 706 662 0 707 661 0 712 665 0 729 664 0 151 663 0 729 664 0 152 659 0 151 663 0 152 659 0 729 664 0 728 658 0 729 664 0 730 666 0 728 658 0 706 662 0 728 658 0 730 666 0 706 662 0 730 666 0 678 667 0 730 666 0 731 668 0 678 667 0 731 668 0 704 669 0 678 667 0 740 672 0 732 671 0 148 670 0 148 670 0 732 671 0 149 673 0 732 671 0 712 665 0 149 673 0 733 674 0 712 665 0 732 671 0 712 665 0 733 674 0 729 664 0 733 674 0 734 675 0 729 664 0 735 676 0 729 664 0 734 675 0 730 666 0 729 664 0 735 676 0 736 677 0 730 666 0 735 676 0 731 668 0 730 666 0 736 677 0 704 669 0 731 668 0 736 677 0 704 669 0 736 677 0 737 678 0 704 669 0 737 678 0 550 679 0 738 680 0 550 679 0 737 678 0 716 683 0 2 682 0 147 681 0 739 684 0 147 681 0 2 682 0 718 685 0 739 684 0 2 682 0 147 681 0 739 684 0 148 670 0 739 684 0 740 672 0 148 670 0 741 686 0 732 671 0 740 672 0 733 674 0 732 671 0 741 686 0 742 687 0 733 674 0 741 686 0 734 675 0 733 674 0 742 687 0 743 688 0 734 675 0 742 687 0 735 676 0 734 675 0 743 688 0 744 689 0 735 676 0 743 688 0 736 677 0 735 676 0 744 689 0 745 690 0 736 677 0 744 689 0 737 678 0 736 677 0 745 690 0 746 691 0 737 678 0 745 690 0 738 680 0 737 678 0 746 691 0 550 679 0 738 680 0 702 692 0 738 680 0 746 691 0 702 692 0 747 693 0 702 692 0 746 691 0 719 695 0 748 694 0 718 685 0 718 685 0 748 694 0 739 684 0 749 696 0 739 684 0 748 694 0 740 672 0 739 684 0 749 696 0 750 697 0 740 672 0 749 696 0 741 686 0 740 672 0 750 697 0 751 698 0 741 686 0 750 697 0 742 687 0 741 686 0 751 698 0 752 699 0 742 687 0 751 698 0 743 688 0 742 687 0 752 699 0 753 700 0 743 688 0 752 699 0 744 689 0 743 688 0 753 700 0 754 701 0 744 689 0 753 700 0 745 690 0 744 689 0 754 701 0 755 702 0 745 690 0 754 701 0 746 691 0 745 690 0 755 702 0 756 703 0 746 691 0 755 702 0 747 693 0 746 691 0 756 703 0 702 692 0 747 693 0 537 704 0 747 693 0 756 703 0 537 704 0 757 705 0 537 704 0 756 703 0 537 704 0 757 705 0 513 706 0 44 708 0 758 707 0 719 695 0 719 695 0 758 707 0 748 694 0 759 709 0 748 694 0 758 707 0 749 696 0 748 694 0 759 709 0 760 710 0 749 696 0 759 709 0 750 697 0 749 696 0 760 710 0 761 711 0 750 697 0 760 710 0 751 698 0 750 697 0 761 711 0 762 712 0 751 698 0 761 711 0 752 699 0 751 698 0 762 712 0 763 713 0 752 699 0 762 712 0 753 700 0 752 699 0 763 713 0 764 714 0 753 700 0 763 713 0 754 701 0 753 700 0 764 714 0 765 715 0 754 701 0 764 714 0 755 702 0 754 701 0 765 715 0 766 716 0 755 702 0 765 715 0 756 703 0 755 702 0 766 716 0 767 717 0 756 703 0 766 716 0 757 705 0 756 703 0 767 717 0 513 706 0 757 705 0 767 717 0 513 706 0 767 717 0 507 718 0 94 720 0 768 719 0 44 708 0 44 708 0 768 719 0 758 707 0 769 721 0 758 707 0 768 719 0 759 709 0 758 707 0 769 721 0 770 722 0 759 709 0 769 721 0 760 710 0 759 709 0 770 722 0 771 723 0 760 710 0 770 722 0 761 711 0 760 710 0 771 723 0 772 724 0 761 711 0 771 723 0 762 712 0 761 711 0 772 724 0 773 725 0 762 712 0 772 724 0 763 713 0 762 712 0 773 725 0 774 726 0 763 713 0 773 725 0 764 714 0 763 713 0 774 726 0 775 727 0 764 714 0 774 726 0 765 715 0 764 714 0 775 727 0 776 728 0 765 715 0 775 727 0 766 716 0 765 715 0 776 728 0 777 729 0 766 716 0 776 728 0 767 717 0 766 716 0 777 729 0 1403 731 0 767 717 0 1390 730 0 507 718 0 767 717 0 1403 731 0 98 733 0 778 732 0 94 720 0 94 720 0 778 732 0 768 719 0 779 734 0 768 719 0 778 732 0 769 721 0 768 719 0 779 734 0 780 735 0 769 721 0 779 734 0 770 722 0 769 721 0 780 735 0 781 736 0 770 722 0 780 735 0 771 723 0 770 722 0 781 736 0 782 737 0 771 723 0 781 736 0 772 724 0 771 723 0 782 737 0 783 738 0 772 724 0 782 737 0 773 725 0 772 724 0 783 738 0 784 739 0 773 725 0 783 738 0 774 726 0 773 725 0 784 739 0 785 740 0 774 726 0 784 739 0 775 727 0 774 726 0 785 740 0 786 741 0 775 727 0 785 740 0 776 728 0 775 727 0 786 741 0 787 742 0 776 728 0 786 741 0 777 729 0 776 728 0 787 742 0 1390 730 0 777 729 0 787 742 0 767 717 0 777 729 0 1390 730 0 131 744 0 788 743 0 98 733 0 98 733 0 788 743 0 778 732 0 789 745 0 778 732 0 788 743 0 779 734 0 778 732 0 789 745 0 790 746 0 779 734 0 789 745 0 780 735 0 779 734 0 790 746 0 791 747 0 780 735 0 790 746 0 781 736 0 780 735 0 791 747 0 792 748 0 781 736 0 791 747 0 782 737 0 781 736 0 792 748 0 793 749 0 782 737 0 792 748 0 783 738 0 782 737 0 793 749 0 794 750 0 783 738 0 793 749 0 784 739 0 783 738 0 794 750 0 795 751 0 784 739 0 794 750 0 785 740 0 784 739 0 795 751 0 796 752 0 785 740 0 795 751 0 786 741 0 785 740 0 796 752 0 787 742 0 786 741 0 796 752 0 1375 754 0 787 742 0 1362 753 0 1390 730 0 787 742 0 1375 754 0 133 756 0 797 755 0 131 744 0 131 744 0 797 755 0 788 743 0 798 757 0 788 743 0 797 755 0 789 745 0 788 743 0 798 757 0 799 758 0 789 745 0 798 757 0 790 746 0 789 745 0 799 758 0 800 759 0 790 746 0 799 758 0 791 747 0 790 746 0 800 759 0 801 760 0 791 747 0 800 759 0 792 748 0 791 747 0 801 760 0 802 761 0 792 748 0 801 760 0 793 749 0 792 748 0 802 761 0 803 762 0 793 749 0 802 761 0 794 750 0 793 749 0 803 762 0 804 763 0 794 750 0 803 762 0 795 751 0 794 750 0 804 763 0 1350 764 0 795 751 0 804 763 0 796 752 0 795 751 0 1350 764 0 1362 753 0 796 752 0 1350 764 0 787 742 0 796 752 0 1362 753 0 1231 767 0 142 766 0 1320 765 0 1231 767 0 133 756 0 142 766 0 1231 767 0 797 755 0 133 756 0 798 757 0 797 755 0 1231 767 0 1251 768 0 798 757 0 1231 767 0 799 758 0 798 757 0 1251 768 0 689 769 0 799 758 0 1251 768 0 800 759 0 799 758 0 689 769 0 690 770 0 800 759 0 689 769 0 801 760 0 800 759 0 690 770 0 1313 771 0 801 760 0 690 770 0 802 761 0 801 760 0 1313 771 0 692 772 0 802 761 0 1313 771 0 803 762 0 802 761 0 692 772 0 693 773 0 803 762 0 692 772 0 804 763 0 803 762 0 693 773 0 1350 764 0 804 763 0 693 773 0 273 117 0 4 117 0 12 117 0 805 776 0 20 775 0 807 774 0 805 776 0 807 774 0 823 777 0 808 778 0 823 777 0 807 774 0 823 777 0 808 778 0 879 779 0 808 778 0 809 780 0 879 779 0 879 779 0 809 780 0 880 781 0 809 780 0 159 782 0 880 781 0 880 781 0 159 782 0 158 783 0 880 781 0 158 783 0 881 784 0 812 785 0 881 784 0 158 783 0 881 784 0 812 785 0 819 786 0 819 786 0 812 785 0 156 787 0 819 786 0 156 787 0 818 788 0 818 788 0 156 787 0 814 789 0 818 788 0 814 789 0 817 790 0 154 791 0 817 790 0 814 789 0 720 792 0 817 790 0 154 791 0 716 793 0 183 794 0 7 793 0 7 793 0 183 794 0 834 795 0 182 796 0 834 795 0 183 794 0 834 795 0 182 796 0 30 797 0 181 798 0 30 797 0 182 796 0 30 797 0 181 798 0 145 799 0 145 799 0 181 798 0 180 800 0 179 801 0 145 799 0 180 800 0 179 801 0 184 802 0 145 799 0 830 803 0 184 802 0 179 801 0 178 804 0 830 803 0 179 801 0 829 805 0 830 803 0 178 804 0 177 806 0 829 805 0 178 804 0 270 807 0 829 805 0 177 806 0 844 808 0 270 807 0 177 806 0 270 807 0 844 808 0 272 809 0 279 810 0 272 809 0 844 808 0 1042 811 0 279 810 0 844 808 0 1042 811 0 1282 811 0 279 810 0 316 812 0 871 812 0 263 812 0 316 812 0 263 812 0 873 812 0 316 812 0 873 812 0 869 812 0 869 812 0 873 812 0 261 812 0 869 812 0 261 812 0 868 812 0 868 812 0 261 812 0 260 812 0 868 812 0 260 812 0 876 812 0 868 812 0 876 812 0 867 812 0 867 812 0 876 812 0 805 812 0 867 812 0 805 812 0 823 812 0 867 812 0 823 812 0 1049 812 0 1049 812 0 823 812 0 1050 812 0 1050 812 0 823 812 0 879 812 0 1050 812 0 879 812 0 1051 812 0 1051 812 0 879 812 0 880 812 0 1051 812 0 880 812 0 1052 812 0 1052 812 0 880 812 0 881 812 0 1052 812 0 881 812 0 862 812 0 862 812 0 881 812 0 819 812 0 862 812 0 819 812 0 1054 812 0 1054 812 0 819 812 0 818 812 0 1054 812 0 818 812 0 860 812 0 860 812 0 818 812 0 817 812 0 860 812 0 817 812 0 720 812 0 860 812 0 720 812 0 1056 812 0 1056 812 0 720 812 0 858 812 0 858 812 0 720 812 0 447 812 0 858 812 0 447 812 0 887 812 0 858 812 0 887 812 0 857 812 0 857 812 0 887 812 0 888 812 0 857 812 0 888 812 0 1438 812 0 1438 812 0 888 812 0 889 812 0 1438 812 0 889 812 0 1437 812 0 1437 812 0 889 812 0 473 812 0 1437 812 0 473 812 0 891 812 0 1437 812 0 891 812 0 1436 812 0 1436 812 0 891 812 0 488 812 0 1436 812 0 488 812 0 853 812 0 853 812 0 488 812 0 498 812 0 853 812 0 498 812 0 852 812 0 852 812 0 498 812 0 1435 812 0 1435 812 0 498 812 0 1419 812 0 1435 812 0 1419 812 0 850 812 0 850 812 0 1419 812 0 849 812 0 849 812 0 1419 812 0 848 812 0 896 655 0 519 814 0 681 813 0 12 117 0 4 117 0 277 117 0 681 813 0 519 814 0 898 815 0 681 813 0 898 815 0 271 816 0 899 817 0 271 816 0 898 815 0 271 816 0 899 817 0 900 818 0 904 819 0 271 816 0 900 818 0 901 820 0 904 819 0 900 818 0 904 819 0 901 820 0 902 821 0 904 819 0 902 821 0 907 822 0 902 821 0 1377 823 0 907 822 0 907 822 0 1377 823 0 1376 824 0 928 827 0 290 826 0 289 825 0 928 827 0 289 825 0 919 828 0 289 825 0 1385 829 0 919 828 0 288 830 0 1385 829 0 289 825 0 1385 829 0 288 830 0 917 831 0 917 831 0 288 830 0 924 832 0 917 831 0 924 832 0 916 833 0 924 832 0 1388 834 0 916 833 0 286 835 0 1388 834 0 924 832 0 1388 834 0 286 835 0 1389 836 0 286 835 0 1376 837 0 1389 836 0 285 268 0 1376 837 0 286 835 0 12 117 0 277 117 0 32 117 0 290 826 0 1430 839 0 934 838 0 32 117 0 277 117 0 31 117 0 928 840 0 1430 839 0 290 826 0 1005 843 0 1380 842 0 1004 841 0 1383 844 0 1004 841 0 1380 842 0 1005 843 0 1004 841 0 984 845 0 984 845 0 1004 841 0 983 846 0 1004 841 0 1383 844 0 1003 847 0 944 848 0 1003 847 0 1383 844 0 1004 841 0 1003 847 0 983 846 0 983 846 0 1003 847 0 982 849 0 1003 847 0 944 848 0 1001 850 0 945 851 0 1001 850 0 944 848 0 1003 847 0 1001 850 0 982 849 0 982 849 0 1001 850 0 981 852 0 1001 850 0 945 851 0 1002 853 0 946 854 0 1002 853 0 945 851 0 1001 850 0 1002 853 0 981 852 0 981 852 0 1002 853 0 980 855 0 1000 858 0 1387 857 0 999 856 0 953 859 0 999 856 0 1387 857 0 1000 858 0 999 856 0 992 860 0 992 860 0 999 856 0 991 861 0 999 856 0 953 859 0 998 862 0 1396 863 0 998 862 0 953 859 0 999 856 0 998 862 0 991 861 0 991 861 0 998 862 0 990 864 0 998 862 0 1396 863 0 997 865 0 955 866 0 997 865 0 1396 863 0 998 862 0 997 865 0 990 864 0 990 864 0 997 865 0 989 867 0 997 865 0 955 866 0 996 868 0 1397 869 0 996 868 0 955 866 0 997 865 0 996 868 0 989 867 0 989 867 0 996 868 0 988 870 0 996 868 0 1397 869 0 994 871 0 957 872 0 994 871 0 1397 869 0 996 868 0 994 871 0 988 870 0 988 870 0 994 871 0 987 873 0 994 871 0 957 872 0 995 874 0 1399 875 0 995 874 0 957 872 0 994 871 0 995 874 0 987 873 0 987 873 0 995 874 0 986 876 0 941 879 0 939 878 0 940 877 0 941 879 0 985 880 0 939 878 0 985 880 0 941 879 0 984 845 0 1005 843 0 984 845 0 941 879 0 1380 842 0 1005 843 0 941 879 0 1002 853 0 946 854 0 980 855 0 980 855 0 946 854 0 979 881 0 947 882 0 979 881 0 946 854 0 979 881 0 947 882 0 978 883 0 1384 884 0 978 883 0 947 882 0 974 885 0 978 883 0 1384 884 0 951 888 0 993 887 0 950 886 0 993 887 0 951 888 0 992 860 0 1000 858 0 992 860 0 951 888 0 1387 857 0 1000 858 0 951 888 0 995 874 0 1399 875 0 986 876 0 1230 890 0 986 876 0 961 889 0 986 876 0 1399 875 0 961 889 0 960 892 0 1399 875 0 1400 891 0 1399 875 0 960 892 0 961 889 0 939 878 0 985 880 0 1427 893 0 1427 893 0 985 880 0 984 845 0 1427 893 0 984 845 0 937 894 0 937 894 0 984 845 0 983 846 0 937 894 0 983 846 0 1426 895 0 1426 895 0 983 846 0 982 849 0 1426 895 0 982 849 0 935 896 0 935 896 0 982 849 0 934 897 0 934 897 0 982 849 0 292 898 0 982 849 0 981 852 0 292 898 0 292 898 0 981 852 0 293 899 0 981 852 0 980 855 0 293 899 0 293 899 0 980 855 0 976 900 0 976 900 0 980 855 0 1011 901 0 980 855 0 979 881 0 1011 901 0 1011 901 0 979 881 0 974 885 0 979 881 0 978 883 0 974 885 0 1386 902 0 974 885 0 1384 884 0 1386 902 0 973 903 0 974 885 0 973 903 0 1386 902 0 1014 904 0 993 887 0 1014 904 0 1386 902 0 950 886 0 993 887 0 1386 902 0 1014 904 0 993 887 0 1015 905 0 993 887 0 992 860 0 1015 905 0 1015 905 0 992 860 0 1016 906 0 1016 906 0 992 860 0 969 907 0 992 860 0 991 861 0 969 907 0 969 907 0 991 861 0 1018 908 0 991 861 0 990 864 0 1018 908 0 1018 908 0 990 864 0 1352 909 0 990 864 0 989 867 0 1352 909 0 1352 909 0 989 867 0 1351 910 0 989 867 0 988 870 0 1351 910 0 1351 910 0 988 870 0 965 911 0 988 870 0 987 873 0 965 911 0 965 911 0 987 873 0 1349 912 0 987 873 0 986 876 0 1349 912 0 1349 912 0 986 876 0 963 913 0 963 913 0 986 876 0 1230 890 0 293 916 0 976 915 0 1008 914 0 1008 914 0 976 915 0 1037 917 0 1011 918 0 1037 917 0 976 915 0 1037 917 0 1011 918 0 1036 919 0 974 920 0 1036 919 0 1011 918 0 1036 919 0 974 920 0 1035 921 0 973 903 0 1035 921 0 974 920 0 1035 921 0 973 903 0 1034 922 0 1014 923 0 1034 922 0 973 903 0 1034 922 0 1014 923 0 1033 924 0 1015 925 0 1033 924 0 1014 923 0 1033 924 0 1015 925 0 1032 926 0 1016 906 0 1032 926 0 1015 925 0 1032 926 0 1016 906 0 1031 927 0 969 928 0 1031 927 0 1016 906 0 1020 930 0 1031 927 0 1019 929 0 1031 927 0 969 928 0 1019 929 0 969 928 0 1018 931 0 1019 929 0 1008 914 0 1037 917 0 295 932 0 295 932 0 1037 917 0 296 933 0 296 933 0 1037 917 0 1029 934 0 1029 934 0 1037 917 0 1028 935 0 1037 917 0 1036 919 0 1028 935 0 1028 935 0 1036 919 0 1027 936 0 1027 936 0 1036 919 0 1026 937 0 1036 919 0 1035 921 0 1026 937 0 1026 937 0 1035 921 0 1290 938 0 1035 921 0 1034 922 0 1290 938 0 1290 938 0 1034 922 0 1288 939 0 1034 922 0 1033 924 0 1288 939 0 1288 939 0 1033 924 0 1023 940 0 1033 924 0 1032 926 0 1023 940 0 1023 940 0 1032 926 0 1022 941 0 1032 926 0 1031 927 0 1022 941 0 1022 941 0 1031 927 0 1020 930 0 1022 941 0 1020 930 0 1287 942 0 1040 944 0 1282 943 0 1042 943 0 298 944 0 1040 944 0 1042 943 0 1039 945 0 1040 944 0 298 944 0 297 946 0 1039 945 0 298 944 0 296 933 0 1039 945 0 297 946 0 296 933 0 1038 933 0 1039 945 0 345 949 0 1056 948 0 1440 947 0 345 949 0 860 950 0 1056 948 0 860 950 0 345 949 0 1054 951 0 345 949 0 344 952 0 1054 951 0 1054 951 0 344 952 0 862 953 0 344 952 0 1060 954 0 862 953 0 862 953 0 1060 954 0 1052 955 0 1060 954 0 1061 956 0 1052 955 0 1052 955 0 1061 956 0 1051 957 0 1061 956 0 341 958 0 1051 957 0 1063 959 0 1051 957 0 341 958 0 1051 957 0 1063 959 0 1050 960 0 1064 961 0 1050 960 0 1063 959 0 1050 960 0 1064 961 0 1049 962 0 1064 961 0 338 963 0 1049 962 0 338 963 0 867 964 0 1049 962 0 338 963 0 337 965 0 867 964 0 1109 968 0 1226 967 0 1228 966 0 1100 969 0 1109 968 0 1228 966 0 1226 967 0 1109 968 0 1225 970 0 1110 971 0 1225 970 0 1109 968 0 1225 970 0 1110 971 0 1223 972 0 1111 973 0 1223 972 0 1110 971 0 1223 972 0 1111 973 0 1095 974 0 1112 975 0 1095 974 0 1111 973 0 1095 974 0 1112 975 0 1222 976 0 1113 977 0 1222 976 0 1112 975 0 1222 976 0 1113 977 0 1093 978 0 1114 979 0 1093 978 0 1113 977 0 1093 978 0 1114 979 0 1092 980 0 1115 981 0 1092 980 0 1114 979 0 1092 980 0 1115 981 0 1221 982 0 1116 983 0 1221 982 0 1115 981 0 1221 982 0 1116 983 0 1220 984 0 1096 986 0 1117 985 0 1100 969 0 1100 969 0 1117 985 0 1109 968 0 1118 987 0 1109 968 0 1117 985 0 1110 971 0 1109 968 0 1118 987 0 1119 988 0 1110 971 0 1118 987 0 1111 973 0 1110 971 0 1119 988 0 1120 989 0 1111 973 0 1119 988 0 1112 975 0 1111 973 0 1120 989 0 1121 990 0 1112 975 0 1120 989 0 1113 977 0 1112 975 0 1121 990 0 1122 991 0 1113 977 0 1121 990 0 1114 979 0 1113 977 0 1122 991 0 1123 992 0 1114 979 0 1122 991 0 1115 981 0 1114 979 0 1123 992 0 1124 993 0 1115 981 0 1123 992 0 1116 983 0 1115 981 0 1124 993 0 1220 984 0 1116 983 0 1124 993 0 1220 984 0 1124 993 0 1125 994 0 1220 984 0 1125 994 0 1219 995 0 1125 994 0 1088 996 0 1219 995 0 1097 998 0 1126 997 0 1096 986 0 1096 986 0 1126 997 0 1117 985 0 1127 999 0 1117 985 0 1126 997 0 1118 987 0 1117 985 0 1127 999 0 1128 1000 0 1118 987 0 1127 999 0 1119 988 0 1118 987 0 1128 1000 0 1129 1001 0 1119 988 0 1128 1000 0 1120 989 0 1119 988 0 1129 1001 0 1130 1002 0 1120 989 0 1129 1001 0 1121 990 0 1120 989 0 1130 1002 0 1131 1003 0 1121 990 0 1130 1002 0 1122 991 0 1121 990 0 1131 1003 0 1132 1004 0 1122 991 0 1131 1003 0 1123 992 0 1122 991 0 1132 1004 0 1133 1005 0 1123 992 0 1132 1004 0 1124 993 0 1123 992 0 1133 1005 0 1134 1006 0 1124 993 0 1133 1005 0 1125 994 0 1124 993 0 1134 1006 0 1088 996 0 1125 994 0 1135 1007 0 1125 994 0 1134 1006 0 1135 1007 0 1088 996 0 1135 1007 0 1087 1008 0 1097 998 0 1136 1009 0 1126 997 0 1098 1010 0 1136 1009 0 1097 998 0 1137 1011 0 1126 997 0 1136 1009 0 1127 999 0 1126 997 0 1137 1011 0 1138 1012 0 1127 999 0 1137 1011 0 1128 1000 0 1127 999 0 1138 1012 0 1139 1013 0 1128 1000 0 1138 1012 0 1129 1001 0 1128 1000 0 1139 1013 0 1140 1014 0 1129 1001 0 1139 1013 0 1130 1002 0 1129 1001 0 1140 1014 0 1141 1015 0 1130 1002 0 1140 1014 0 1131 1003 0 1130 1002 0 1141 1015 0 1142 1016 0 1131 1003 0 1141 1015 0 1132 1004 0 1131 1003 0 1142 1016 0 1143 1017 0 1132 1004 0 1142 1016 0 1133 1005 0 1132 1004 0 1143 1017 0 1144 1018 0 1133 1005 0 1143 1017 0 1134 1006 0 1133 1005 0 1144 1018 0 1145 1019 0 1134 1006 0 1144 1018 0 1135 1007 0 1134 1006 0 1145 1019 0 1087 1008 0 1135 1007 0 1145 1019 0 1087 1008 0 1145 1019 0 1086 1020 0 1104 1022 0 1146 1021 0 1098 1010 0 1098 1010 0 1146 1021 0 1136 1009 0 1147 1023 0 1136 1009 0 1146 1021 0 1137 1011 0 1136 1009 0 1147 1023 0 1148 1024 0 1137 1011 0 1147 1023 0 1138 1012 0 1137 1011 0 1148 1024 0 1149 1025 0 1138 1012 0 1148 1024 0 1139 1013 0 1138 1012 0 1149 1025 0 1150 1026 0 1139 1013 0 1149 1025 0 1140 1014 0 1139 1013 0 1150 1026 0 1151 1027 0 1140 1014 0 1150 1026 0 1141 1015 0 1140 1014 0 1151 1027 0 1152 1028 0 1141 1015 0 1151 1027 0 1142 1016 0 1141 1015 0 1152 1028 0 1153 1029 0 1142 1016 0 1152 1028 0 1143 1017 0 1142 1016 0 1153 1029 0 1154 1030 0 1143 1017 0 1153 1029 0 1144 1018 0 1143 1017 0 1154 1030 0 1155 1031 0 1144 1018 0 1154 1030 0 1145 1019 0 1144 1018 0 1155 1031 0 1086 1020 0 1145 1019 0 1155 1031 0 1086 1020 0 1155 1031 0 1085 1032 0 1105 1034 0 1156 1033 0 1104 1022 0 1104 1022 0 1156 1033 0 1146 1021 0 1157 1035 0 1146 1021 0 1156 1033 0 1147 1023 0 1146 1021 0 1157 1035 0 1158 1036 0 1147 1023 0 1157 1035 0 1148 1024 0 1147 1023 0 1158 1036 0 1159 1037 0 1148 1024 0 1158 1036 0 1149 1025 0 1148 1024 0 1159 1037 0 1160 1038 0 1149 1025 0 1159 1037 0 1150 1026 0 1149 1025 0 1160 1038 0 1161 1039 0 1150 1026 0 1160 1038 0 1151 1027 0 1150 1026 0 1161 1039 0 1162 1040 0 1151 1027 0 1161 1039 0 1152 1028 0 1151 1027 0 1162 1040 0 1163 1041 0 1152 1028 0 1162 1040 0 1153 1029 0 1152 1028 0 1163 1041 0 1164 1042 0 1153 1029 0 1163 1041 0 1154 1030 0 1153 1029 0 1164 1042 0 1165 1043 0 1154 1030 0 1164 1042 0 1155 1031 0 1154 1030 0 1165 1043 0 1084 1045 0 1155 1031 0 1434 1044 0 1084 1045 0 1085 1032 0 1155 1031 0 1106 1047 0 1166 1046 0 1105 1034 0 1105 1034 0 1166 1046 0 1156 1033 0 1167 1048 0 1156 1033 0 1166 1046 0 1157 1035 0 1156 1033 0 1167 1048 0 1168 1049 0 1157 1035 0 1167 1048 0 1158 1036 0 1157 1035 0 1168 1049 0 1169 1050 0 1158 1036 0 1168 1049 0 1159 1037 0 1158 1036 0 1169 1050 0 1170 1051 0 1159 1037 0 1169 1050 0 1160 1038 0 1159 1037 0 1170 1051 0 1171 1052 0 1160 1038 0 1170 1051 0 1161 1039 0 1160 1038 0 1171 1052 0 1172 1053 0 1161 1039 0 1171 1052 0 1162 1040 0 1161 1039 0 1172 1053 0 1173 1054 0 1162 1040 0 1172 1053 0 1163 1041 0 1162 1040 0 1173 1054 0 1174 1055 0 1163 1041 0 1173 1054 0 1164 1042 0 1163 1041 0 1174 1055 0 1165 1043 0 1164 1042 0 1082 1056 0 1434 1044 0 1165 1043 0 1082 1056 0 1155 1031 0 1165 1043 0 1434 1044 0 1068 1059 0 1107 1058 0 354 1057 0 1068 1059 0 1106 1047 0 1107 1058 0 1166 1046 0 1106 1047 0 1068 1059 0 352 1060 0 1166 1046 0 1068 1059 0 352 1060 0 1175 1061 0 1166 1046 0 1167 1048 0 1166 1046 0 1175 1061 0 1176 1062 0 1167 1048 0 1175 1061 0 1168 1049 0 1167 1048 0 1176 1062 0 1177 1063 0 1168 1049 0 1176 1062 0 1169 1050 0 1168 1049 0 1177 1063 0 1178 1064 0 1169 1050 0 1177 1063 0 1170 1051 0 1169 1050 0 1178 1064 0 1179 1065 0 1170 1051 0 1178 1064 0 1171 1052 0 1170 1051 0 1179 1065 0 1180 1066 0 1171 1052 0 1179 1065 0 1172 1053 0 1171 1052 0 1180 1066 0 1181 1067 0 1172 1053 0 1180 1066 0 1173 1054 0 1172 1053 0 1181 1067 0 1174 1055 0 1173 1054 0 1181 1067 0 1082 1056 0 1174 1055 0 1181 1067 0 1164 1042 0 1174 1055 0 1082 1056 0 351 1068 0 1175 1061 0 352 1060 0 1071 1069 0 1175 1061 0 351 1068 0 1182 1070 0 1176 1062 0 1071 1069 0 1176 1062 0 1175 1061 0 1071 1069 0 1072 1071 0 1182 1070 0 1071 1069 0 1177 1063 0 1176 1062 0 1182 1070 0 1183 1072 0 1177 1063 0 1182 1070 0 1178 1064 0 1177 1063 0 1183 1072 0 1184 1073 0 1178 1064 0 1183 1072 0 1179 1065 0 1178 1064 0 1184 1073 0 1080 1075 0 1179 1065 0 1079 1074 0 1080 1075 0 1180 1066 0 1179 1065 0 1181 1067 0 1180 1066 0 1080 1075 0 1081 1076 0 1181 1067 0 1080 1075 0 1082 1056 0 1181 1067 0 1081 1076 0 1186 1078 0 1182 1070 0 348 1077 0 1182 1070 0 1072 1071 0 348 1077 0 347 1079 0 1186 1078 0 348 1077 0 1183 1072 0 1182 1070 0 1186 1078 0 1078 1081 0 1183 1072 0 1433 1080 0 1078 1081 0 1184 1073 0 1183 1072 0 1079 1074 0 1184 1073 0 1078 1081 0 1179 1065 0 1184 1073 0 1079 1074 0 1076 1083 0 347 1079 0 1440 1082 0 1076 1083 0 1186 1078 0 347 1079 0 1433 1080 0 1186 1078 0 1076 1083 0 1183 1072 0 1186 1078 0 1433 1080 0 1197 1084 0 1198 1085 0 1305 1084 0 1305 1084 0 1198 1085 0 1090 1086 0 1089 1087 0 1090 1086 0 1198 1085 0 1199 1088 0 1089 1087 0 1198 1085 0 1089 1087 0 1199 1088 0 1200 1089 0 1089 1087 0 1200 1089 0 1083 1090 0 1201 1091 0 1083 1090 0 1200 1089 0 1201 1091 0 1077 1092 0 1083 1090 0 1202 1093 0 1077 1092 0 1201 1091 0 1202 1093 0 1075 1094 0 1077 1092 0 1074 1095 0 1075 1094 0 1202 1093 0 1203 1096 0 1074 1095 0 1202 1093 0 1073 1097 0 1074 1095 0 1203 1096 0 1204 1098 0 1073 1097 0 1203 1096 0 1188 1099 0 1073 1097 0 1204 1098 0 1205 1100 0 1188 1099 0 1204 1098 0 354 1101 0 1188 1099 0 1205 1100 0 354 1101 0 1187 1101 0 1188 1099 0 1279 1104 0 895 1103 0 1278 1102 0 897 1105 0 1278 1102 0 895 1103 0 1279 1104 0 1278 1102 0 1259 1106 0 1259 1106 0 1278 1102 0 1258 1107 0 1278 1102 0 897 1105 0 1277 1108 0 903 1109 0 1277 1108 0 897 1105 0 1278 1102 0 1277 1108 0 1258 1107 0 1258 1107 0 1277 1108 0 1257 1110 0 1277 1108 0 903 1109 0 1276 1111 0 905 1112 0 1276 1111 0 903 1109 0 1277 1108 0 1276 1111 0 1257 1110 0 1257 1110 0 1276 1111 0 1256 1113 0 1276 1111 0 905 1112 0 1275 1114 0 906 1115 0 1275 1114 0 905 1112 0 1276 1111 0 1275 1114 0 1256 1113 0 1256 1113 0 1275 1114 0 1255 1116 0 1275 1114 0 906 1115 0 1273 1117 0 1239 1118 0 1273 1117 0 906 1115 0 1275 1114 0 1273 1117 0 1255 1116 0 1255 1116 0 1273 1117 0 1254 1119 0 1273 1117 0 1239 1118 0 1274 1120 0 908 1121 0 1274 1120 0 1239 1118 0 1273 1117 0 1274 1120 0 1254 1119 0 1254 1119 0 1274 1120 0 1253 1122 0 1272 1125 0 914 1124 0 1271 1123 0 915 1126 0 1271 1123 0 914 1124 0 1272 1125 0 1271 1123 0 1265 1127 0 1265 1127 0 1271 1123 0 1264 1128 0 1271 1123 0 915 1126 0 1270 1129 0 1248 1130 0 1270 1129 0 915 1126 0 1271 1123 0 1270 1129 0 1264 1128 0 1264 1128 0 1270 1129 0 1263 1131 0 1270 1129 0 1248 1130 0 1268 1132 0 1249 1133 0 1268 1132 0 1248 1130 0 1270 1129 0 1268 1132 0 1263 1131 0 1263 1131 0 1268 1132 0 1262 1134 0 1268 1132 0 1249 1133 0 1269 1135 0 1250 1136 0 1269 1135 0 1249 1133 0 1268 1132 0 1269 1135 0 1262 1134 0 1262 1134 0 1269 1135 0 1261 1137 0 961 1139 0 960 1138 0 1259 1106 0 1259 1106 0 960 1138 0 1400 891 0 1279 1104 0 1259 1106 0 1400 891 0 895 1103 0 1279 1104 0 1400 891 0 1274 1120 0 908 1121 0 1253 1122 0 1253 1122 0 908 1121 0 1252 1140 0 1241 1141 0 1252 1140 0 908 1121 0 909 1142 0 1252 1140 0 1241 1141 0 1267 1145 0 912 1144 0 1266 1143 0 913 1146 0 1266 1143 0 912 1144 0 1266 1143 0 913 1146 0 1265 1127 0 1272 1125 0 1265 1127 0 913 1146 0 914 1124 0 1272 1125 0 913 1146 0 1269 1135 0 1250 1136 0 1261 1137 0 1261 1137 0 1250 1136 0 1260 1147 0 940 877 0 1260 1147 0 1250 1136 0 1427 893 0 1260 1147 0 939 878 0 1260 1147 0 940 877 0 939 878 0 961 1139 0 1259 1106 0 1230 890 0 1230 890 0 1259 1106 0 1229 1148 0 1259 1106 0 1258 1107 0 1229 1148 0 1229 1148 0 1258 1107 0 959 1149 0 1258 1107 0 1257 1110 0 959 1149 0 959 1149 0 1257 1110 0 1227 1150 0 1257 1110 0 1256 1113 0 1227 1150 0 1227 1150 0 1256 1113 0 958 1151 0 1256 1113 0 1255 1116 0 958 1151 0 958 1151 0 1255 1116 0 956 1152 0 956 1152 0 1255 1116 0 1224 1153 0 1255 1116 0 1254 1119 0 1224 1153 0 1224 1153 0 1254 1119 0 1330 1154 0 1330 1154 0 1254 1119 0 1331 1155 0 1254 1119 0 1253 1122 0 1331 1155 0 1331 1155 0 1253 1122 0 1332 1156 0 1253 1122 0 1252 1140 0 1332 1156 0 1332 1156 0 1252 1140 0 1333 1157 0 1334 1158 0 1333 1157 0 1252 1140 0 909 1142 0 1334 1158 0 1252 1140 0 1334 1158 0 909 1142 0 1335 1159 0 910 1160 0 1335 1159 0 909 1142 0 1335 1159 0 910 1160 0 1336 1161 0 1267 1145 0 1336 1161 0 910 1160 0 912 1144 0 1267 1145 0 910 1160 0 1267 1145 0 1266 1143 0 1336 1161 0 1336 1161 0 1266 1143 0 1337 1162 0 1266 1143 0 1265 1127 0 1337 1162 0 1337 1162 0 1265 1127 0 436 1163 0 1265 1127 0 1264 1128 0 436 1163 0 436 1163 0 1264 1128 0 1214 1164 0 1264 1128 0 1263 1131 0 1214 1164 0 1214 1164 0 1263 1131 0 438 1165 0 1263 1131 0 1262 1134 0 438 1165 0 438 1165 0 1262 1134 0 1012 1166 0 1262 1134 0 1261 1137 0 1012 1166 0 1012 1166 0 1261 1137 0 1010 1167 0 1261 1137 0 1260 1147 0 1010 1167 0 1010 1167 0 1260 1147 0 1427 893 0 438 1170 0 1391 1169 0 439 1168 0 1017 1172 0 1416 1171 0 1391 1169 0 1391 1169 0 438 1170 0 1013 1173 0 1391 1169 0 1013 1173 0 1284 1174 0 1391 1169 0 1284 1174 0 1285 1175 0 1391 1169 0 1285 1175 0 1286 1176 0 1391 1169 0 1286 1176 0 1017 1172 0 444 1179 0 1304 1178 0 468 1177 0 28 812 0 27 812 0 358 812 0 1304 1178 0 444 1179 0 1398 1180 0 443 1181 0 1398 1180 0 444 1179 0 1398 1180 0 443 1181 0 1302 1182 0 1294 1183 0 1302 1182 0 443 1181 0 1294 1183 0 1301 1184 0 1302 1182 0 1301 1184 0 1294 1183 0 1300 1185 0 1294 1183 0 1295 1186 0 1300 1185 0 1300 1185 0 1295 1186 0 1299 1187 0 1295 1186 0 1296 1188 0 1299 1187 0 1296 1188 0 1391 1189 0 1299 1187 0 1296 1188 0 439 1168 0 1391 1189 0 843 1191 0 813 1190 0 456 1190 0 455 1192 0 843 1191 0 456 1190 0 842 1193 0 843 1191 0 455 1192 0 454 1194 0 842 1193 0 455 1192 0 1197 1195 0 842 1193 0 454 1194 0 1197 1195 0 1305 1195 0 842 1193 0 1224 1198 0 1330 1197 0 1345 1196 0 1331 1199 0 1345 1196 0 1330 1197 0 1345 1196 0 1331 1199 0 1344 1200 0 1344 1200 0 1331 1199 0 1332 1201 0 1333 1202 0 1344 1200 0 1332 1201 0 1344 1200 0 1333 1202 0 1343 1203 0 1334 1204 0 1343 1203 0 1333 1202 0 1343 1203 0 1334 1204 0 1342 1205 0 1335 1206 0 1342 1205 0 1334 1204 0 1342 1205 0 1335 1206 0 1341 1207 0 1336 1161 0 1341 1207 0 1335 1206 0 1341 1207 0 1336 1161 0 1340 1208 0 1337 1209 0 1340 1208 0 1336 1161 0 1340 1208 0 1337 1209 0 1339 1210 0 436 1211 0 1339 1210 0 1337 1209 0 458 1213 0 1316 1212 0 1339 1210 0 1339 1210 0 436 1211 0 458 1213 0 1224 1198 0 1345 1196 0 1328 1214 0 1328 1214 0 1345 1196 0 1327 1215 0 1327 1215 0 1345 1196 0 1326 1216 0 1326 1216 0 1345 1196 0 1325 1217 0 1345 1196 0 1344 1200 0 1325 1217 0 1325 1217 0 1344 1200 0 1324 1218 0 1344 1200 0 1343 1203 0 1324 1218 0 1324 1218 0 1343 1203 0 1323 1219 0 1343 1203 0 1342 1205 0 1323 1219 0 1323 1219 0 1342 1205 0 1322 1220 0 1342 1205 0 1341 1207 0 1322 1220 0 1322 1220 0 1341 1207 0 723 1221 0 723 1221 0 1341 1207 0 722 1222 0 1341 1207 0 1340 1208 0 722 1222 0 722 1222 0 1340 1208 0 721 1223 0 1340 1208 0 1339 1210 0 721 1223 0 721 1223 0 1339 1210 0 1318 1224 0 1339 1210 0 1316 1212 0 1318 1224 0 1318 1224 0 1316 1212 0 456 1190 0 1347 1227 0 1348 1226 0 1304 1225 0 1304 1225 0 1348 1226 0 480 1228 0 1348 1226 0 544 1229 0 480 1228 0 481 1230 0 480 1228 0 544 1229 0 543 1231 0 481 1230 0 544 1229 0 481 1230 0 543 1231 0 1355 1232 0 541 1233 0 481 1230 0 1355 1232 0 481 1230 0 541 1233 0 482 1234 0 482 1234 0 541 1233 0 1357 1235 0 482 1234 0 1357 1235 0 539 1236 0 482 1234 0 539 1236 0 483 1237 0 539 1239 0 538 1238 0 483 1237 0 358 812 0 27 812 0 355 812 0 483 1237 0 538 1238 0 1374 1240 0 1366 1241 0 1374 1240 0 538 1238 0 1374 1240 0 1366 1241 0 1373 1242 0 1367 1243 0 1373 1242 0 1366 1241 0 1367 1243 0 494 1244 0 1373 1242 0 494 1244 0 1367 1243 0 495 1245 0 1368 1246 0 495 1245 0 1367 1243 0 495 1245 0 1368 1246 0 1370 1247 0 1370 1247 0 1368 1246 0 1369 1248 0 1377 1250 0 1378 1249 0 1376 824 0 1389 1251 0 1376 824 0 1378 1249 0 1379 1252 0 1389 1251 0 1378 1249 0 1389 1251 0 1379 1252 0 1388 1253 0 510 1254 0 1388 1253 0 1379 1252 0 510 1254 0 916 1255 0 1388 1253 0 917 1256 0 916 1255 0 510 1254 0 1381 1257 0 917 1256 0 510 1254 0 1381 1257 0 1385 1258 0 917 1256 0 1385 1258 0 1381 1257 0 919 1259 0 1382 1260 0 919 1259 0 1381 1257 0 1382 1260 0 928 1261 0 919 1259 0 1392 1264 0 1393 1263 0 1391 1262 0 1391 1262 0 1393 1263 0 1299 1265 0 1300 1266 0 1299 1265 0 1393 1263 0 1301 1267 0 1300 1266 0 1393 1263 0 1394 1268 0 1301 1267 0 1393 1263 0 1302 1269 0 1301 1267 0 1394 1268 0 1395 1270 0 1302 1269 0 1394 1268 0 1302 1269 0 1395 1270 0 1398 1271 0 1347 1227 0 1398 1271 0 1395 1270 0 1347 1227 0 1304 1225 0 1398 1271 0 1405 1274 0 551 1273 0 1416 1272 0 1391 1275 0 1416 1272 0 551 1273 0 1392 1264 0 1391 1275 0 551 1273 0 1424 1278 0 1412 1277 0 1410 1276 0 1410 1276 0 1412 1277 0 1009 1279 0 1009 1279 0 1412 1277 0 1413 1280 0 553 1281 0 1009 1279 0 1413 1280 0 553 1281 0 1007 1282 0 1009 1279 0 1007 1282 0 553 1281 0 1416 1283 0 1416 1283 0 553 1281 0 1405 1284 0 558 1287 0 1430 1286 0 1429 1285 0 558 1287 0 1432 1288 0 1430 1286 0 1432 1288 0 558 1287 0 1423 1289 0 1432 1288 0 1423 1289 0 1431 1290 0 1424 1291 0 1431 1290 0 1423 1289 0 1431 1290 0 1424 1291 0 1410 1276 0 1430 1292 0 928 1261 0 1382 1260 0 560 1293 0 1430 1292 0 1382 1260 0 1430 1292 0 560 1293 0 1429 1294 0 355 812 0 27 812 0 441 812 0 1218 1297 0 1428 1296 0 507 1295 0 1403 731 0 1218 1297 0 507 1295 0 1403 731 0 1217 1298 0 1218 1297 0 1217 1298 0 1403 731 0 1216 1299 0 1215 1300 0 1216 1299 0 1403 731 0 1390 1301 0 1215 1300 0 1403 731 0 726 1302 0 1215 1300 0 1390 1301 0 1375 1303 0 726 1302 0 1390 1301 0 1215 1300 0 726 1302 0 1213 1304 0 726 1302 0 727 1305 0 1213 1304 0 1213 1304 0 727 1305 0 1439 1306 0 1439 1306 0 727 1305 0 1212 1307 0 727 1305 0 815 1308 0 1212 1307 0 1212 1307 0 815 1308 0 1211 1309 0 815 1308 0 846 1310 0 1211 1309 0 1211 1309 0 846 1310 0 1210 1311 0 846 1310 0 894 1312 0 1210 1311 0 1210 1311 0 894 1312 0 962 1296 0 726 1302 0 1375 1303 0 727 1305 0 727 1305 0 1375 1303 0 1362 753 0 1350 1313 0 727 1305 0 1362 753 0 727 1305 0 1350 1313 0 815 1308 0 846 1310 0 815 1308 0 1350 1313 0 693 773 0 846 1310 0 1350 1313 0 693 773 0 911 1314 0 846 1310 0 911 1314 0 954 1315 0 846 1310 0 846 1310 0 954 1315 0 894 1312 0 962 1296 0 894 1312 0 1021 1316 0 1030 1317 0 894 1312 0 954 1315 0 1030 1317 0 1021 1316 0 894 1312 0 692 772 0 911 1314 0 693 773 0 911 1314 0 692 772 0 954 1315 0 977 1318 0 954 1315 0 692 772 0 1313 1319 0 977 1318 0 692 772 0 1346 1320 0 954 1315 0 977 1318 0 1030 1317 0 954 1315 0 1346 1320 0 1006 1321 0 977 1318 0 1313 1319 0 690 770 0 1006 1321 0 1313 1319 0 1346 1320 0 977 1318 0 1066 1322 0 1066 1322 0 977 1318 0 1006 1321 0 690 770 0 1094 1323 0 1006 1321 0 1066 1322 0 1006 1321 0 1094 1323 0 1094 1323 0 690 770 0 1329 1324 0 690 770 0 689 769 0 1329 1324 0 1185 1325 0 1329 1324 0 689 769 0 1251 768 0 1185 1325 0 689 769 0 1231 1326 0 1185 1325 0 1251 768 0 1231 1326 0 1321 1327 0 1185 1325 0 1320 1328 0 1321 1327 0 1231 1326 0 355 812 0 441 812 0 442 812 0 154 1331 0 447 1330 0 720 1329 0 707 1332 0 447 1330 0 154 1331 0 447 1330 0 707 1332 0 887 1333 0 707 1332 0 706 1334 0 887 1333 0 887 1333 0 706 1334 0 888 1335 0 706 1334 0 678 1336 0 888 1335 0 888 1335 0 678 1336 0 889 1337 0 678 1336 0 704 1338 0 889 1337 0 889 1337 0 704 1338 0 473 1339 0 704 1338 0 550 1340 0 473 1339 0 473 1339 0 550 1340 0 891 1341 0 702 1342 0 891 1341 0 550 1340 0 891 1341 0 702 1342 0 488 1343 0 537 1344 0 488 1343 0 702 1342 0 488 1343 0 537 1344 0 498 1345 0 513 1346 0 498 1345 0 537 1344 0 498 1345 0 513 1346 0 1419 1347 0 513 1346 0 507 1348 0 1419 1347 0 1320 1349 0 142 1350 0 175 1349 0 175 1349 0 142 1350 0 1283 1351 0 269 1352 0 1283 1351 0 142 1350 0 133 1353 0 269 1352 0 142 1350 0 269 1352 0 133 1353 0 131 1354 0 269 1352 0 131 1354 0 1289 1355 0 98 1356 0 1289 1355 0 131 1354 0 98 1356 0 1319 1357 0 1289 1355 0 94 1358 0 1319 1357 0 98 1356 0 94 1358 0 1338 1359 0 1319 1357 0 284 1360 0 1338 1359 0 94 1358 0 44 1361 0 284 1360 0 94 1358 0 307 1362 0 284 1360 0 44 1361 0 719 1363 0 307 1362 0 44 1361 0 718 1364 0 307 1362 0 719 1363 0 718 1364 0 1409 1365 0 307 1362 0 2 1366 0 1409 1365 0 718 1364 0 2 1366 0 356 1367 0 1409 1365 0 7 1368 0 356 1367 0 2 1366 0 716 1368 0 7 1368 0 2 1366 0 703 943 0 705 1369 0 1282 943 0 1282 943 0 705 1369 0 279 1370 0 279 1370 0 705 1369 0 272 809 0 708 1371 0 272 809 0 705 1369 0 708 1371 0 270 1372 0 272 809 0 270 1372 0 708 1371 0 710 1373 0 270 1372 0 710 1373 0 829 805 0 711 1374 0 829 805 0 710 1373 0 711 1374 0 830 1375 0 829 805 0 830 1375 0 711 1374 0 317 1376 0 830 1375 0 317 1376 0 184 1377 0 360 1378 0 184 1377 0 317 1376 0 360 1378 0 145 799 0 184 1377 0 145 799 0 360 1378 0 363 1379 0 145 799 0 363 1379 0 30 797 0 451 1380 0 30 797 0 363 1379 0 451 1380 0 834 1381 0 30 797 0 834 1381 0 451 1380 0 459 1382 0 834 1381 0 459 1382 0 7 812 0 7 812 0 459 1382 0 470 1383 0 470 1383 0 459 1382 0 687 1383 0 7 812 0 470 1383 0 680 1384 0 7 812 0 680 1384 0 484 1385 0 7 812 0 484 1385 0 552 1386 0 7 812 0 552 1386 0 554 1387 0 356 1388 0 7 812 0 554 1387 0 500 1389 0 356 1388 0 554 1387 0 356 1388 0 500 1389 0 555 1390 0 356 1388 0 555 1390 0 549 1391 0 561 1391 0 685 1392 0 549 1391 0 549 1391 0 685 1392 0 356 1388 0 356 1388 0 685 1392 0 1409 1393 0 688 1394 0 1409 1393 0 685 1392 0 1409 1393 0 688 1394 0 307 1395 0 307 1395 0 688 1394 0 713 1396 0 540 1397 0 307 1395 0 713 1396 0 540 1397 0 284 1398 0 307 1395 0 284 1398 0 540 1397 0 1338 1359 0 1338 1359 0 540 1397 0 1046 1399 0 1108 1400 0 1338 1359 0 1046 1399 0 1108 1400 0 1319 1401 0 1338 1359 0 1319 1401 0 1108 1400 0 1289 1402 0 1289 1402 0 1108 1400 0 542 1403 0 1207 1404 0 1289 1402 0 542 1403 0 1207 1404 0 269 1405 0 1289 1402 0 269 1405 0 1207 1404 0 1283 1406 0 1283 1406 0 1207 1404 0 1208 1407 0 1283 1406 0 1208 1407 0 175 1408 0 175 1408 0 1208 1407 0 512 1408 0 1428 1409 0 1419 1347 0 507 1348 0 848 1409 0 1419 1347 0 1428 1409 0 1084 1410 0 848 1409 0 1428 1409 0 849 1411 0 848 1409 0 1084 1410 0 1084 1410 0 850 1412 0 849 1411 0 1084 1410 0 1435 1413 0 850 1412 0 1434 1414 0 1435 1413 0 1084 1410 0 1435 1413 0 1434 1414 0 852 1415 0 1434 1414 0 853 1416 0 852 1415 0 1082 1417 0 853 1416 0 1434 1414 0 853 1416 0 1082 1417 0 1436 1418 0 1082 1417 0 1081 1419 0 1436 1418 0 1436 1418 0 1081 1419 0 1437 1420 0 1081 1419 0 1080 1421 0 1437 1420 0 1437 1420 0 1080 1421 0 1079 1422 0 1437 1420 0 1079 1422 0 1438 1423 0 1438 1423 0 1079 1422 0 1078 1424 0 1438 1423 0 1078 1424 0 857 1425 0 857 1425 0 1078 1424 0 1433 1426 0 857 1425 0 1433 1426 0 858 1427 0 1076 1428 0 858 1427 0 1433 1426 0 858 1427 0 1076 1428 0 1056 1429 0 355 812 0 442 812 0 14 812 0 1076 1428 0 1440 1430 0 1056 1429 0 1427 1431 0 1431 1432 0 1410 1431 0 937 1433 0 1431 1432 0 1427 1431 0 1431 1432 0 937 1433 0 1432 1434 0 937 1433 0 1426 1435 0 1432 1434 0 935 1436 0 1432 1434 0 1426 1435 0 1432 1434 0 935 1436 0 934 1437 0 14 812 0 442 812 0 26 812 0 1432 1434 0 934 1437 0 1430 1438 0 1422 1439 0 1421 117 0 514 117 0 1422 1439 0 514 117 0 1372 1440 0 1420 117 0 1372 1440 0 514 117 0 1371 1441 0 1372 1440 0 1420 117 0 1418 117 0 1371 1441 0 1420 117 0 1417 117 0 1371 1441 0 1418 117 0 1365 1442 0 1371 1441 0 1417 117 0 515 117 0 1365 1442 0 1417 117 0 1364 1443 0 1365 1442 0 515 117 0 1415 117 0 1364 1443 0 515 117 0 1363 1444 0 1364 1443 0 1415 117 0 1414 117 0 1363 1444 0 1415 117 0 1361 1445 0 1363 1444 0 1414 117 0 1411 117 0 1361 1445 0 1414 117 0 1360 1446 0 1361 1445 0 1411 117 0 1408 117 0 1360 1446 0 1411 117 0 1359 1447 0 1360 1446 0 1408 117 0 1407 117 0 1359 1447 0 1408 117 0 1358 1448 0 1359 1447 0 1407 117 0 516 117 0 1358 1448 0 1407 117 0 1356 1449 0 1358 1448 0 516 117 0 1406 117 0 1356 1449 0 516 117 0 1404 117 0 1356 1449 0 1406 117 0 1354 1450 0 1356 1449 0 1404 117 0 517 117 0 1354 1450 0 1404 117 0 1353 1451 0 1354 1450 0 517 117 0 1402 117 0 1353 1451 0 517 117 0 1401 117 0 1353 1451 0 1402 117 0 929 1452 0 1353 1451 0 1401 117 0 930 1453 0 1353 1451 0 929 1452 0 941 1455 0 940 877 0 1425 1454 0 1372 1440 0 941 1455 0 1425 1454 0 1422 1439 0 1372 1440 0 1425 1454 0 941 1455 0 1372 1440 0 1380 1456 0 1372 1440 0 1383 1457 0 1380 1456 0 1371 1441 0 1383 1457 0 1372 1440 0 1383 1457 0 1371 1441 0 944 1458 0 1365 1442 0 944 1458 0 1371 1441 0 944 1458 0 1365 1442 0 945 1459 0 1364 1443 0 945 1459 0 1365 1442 0 945 1459 0 1364 1443 0 946 1460 0 1363 1444 0 946 1460 0 1364 1443 0 946 1460 0 1363 1444 0 947 1461 0 1363 1444 0 1384 1462 0 947 1461 0 1361 1445 0 1384 1462 0 1363 1444 0 1384 1462 0 1361 1445 0 1386 1463 0 1360 1446 0 1386 1463 0 1361 1445 0 1386 1463 0 1360 1446 0 950 1464 0 1359 1447 0 950 1464 0 1360 1446 0 950 1464 0 1359 1447 0 951 1465 0 1358 1448 0 951 1465 0 1359 1447 0 951 1465 0 1358 1448 0 1387 1466 0 1358 1448 0 953 1467 0 1387 1466 0 1356 1449 0 953 1467 0 1358 1448 0 953 1467 0 1356 1449 0 1396 1468 0 1356 1449 0 955 1469 0 1396 1468 0 1354 1450 0 955 1469 0 1356 1449 0 955 1469 0 1354 1450 0 1397 1470 0 1354 1450 0 957 1471 0 1397 1470 0 1353 1451 0 957 1471 0 1354 1450 0 957 1471 0 1353 1451 0 1399 1472 0 930 1453 0 1399 1472 0 1353 1451 0 1400 891 0 1399 1472 0 930 1453 0 714 1474 0 1306 1473 0 1320 1328 0 1320 1328 0 1306 1473 0 1321 1327 0 1306 1473 0 1307 1475 0 1321 1327 0 1321 1327 0 1307 1475 0 1185 1325 0 1185 1325 0 1307 1475 0 1329 1324 0 1329 1324 0 1307 1475 0 1094 1323 0 1094 1323 0 1307 1475 0 1066 1476 0 1307 1475 0 1308 1477 0 1066 1476 0 1066 1476 0 1308 1477 0 1346 1320 0 1346 1320 0 1308 1477 0 1030 1478 0 1030 1478 0 1308 1477 0 1021 1316 0 1308 1477 0 1309 1479 0 1021 1316 0 1021 1316 0 1309 1479 0 962 1296 0 715 1481 0 1310 1480 0 714 1474 0 714 1474 0 1310 1480 0 1306 1473 0 1310 1480 0 1311 1482 0 1306 1473 0 1306 1473 0 1311 1482 0 1307 1475 0 1311 1482 0 1312 1483 0 1307 1475 0 1307 1475 0 1312 1483 0 1308 1477 0 965 1484 0 1308 1477 0 1312 1483 0 965 1484 0 1309 1479 0 1308 1477 0 1309 1479 0 965 1484 0 1349 1485 0 1309 1479 0 1349 1485 0 963 1486 0 962 1296 0 1309 1479 0 963 1486 0 962 1296 0 963 1486 0 1230 890 0 1287 1488 0 1314 1487 0 715 1481 0 715 1481 0 1314 1487 0 1310 1480 0 1314 1487 0 1315 1489 0 1310 1480 0 1310 1480 0 1315 1489 0 1311 1482 0 1315 1489 0 1317 1490 0 1311 1482 0 1311 1482 0 1317 1490 0 1312 1483 0 1351 1491 0 1312 1483 0 1317 1490 0 965 1484 0 1312 1483 0 1351 1491 0 1020 1492 0 1314 1487 0 1287 1488 0 1314 1487 0 1020 1492 0 1315 1489 0 1019 1493 0 1315 1489 0 1020 1492 0 1315 1489 0 1019 1493 0 1317 1490 0 1018 1494 0 1317 1490 0 1019 1493 0 1317 1490 0 1018 1494 0 1352 1495 0 1351 1491 0 1317 1490 0 1352 1495 0 296 933 0 1029 934 0 1038 933 0 1281 1496 0 1038 933 0 1029 934 0 1028 935 0 1281 1496 0 1029 934 0 1281 1496 0 1028 935 0 1027 936 0 1281 1496 0 1027 936 0 1280 1497 0 1026 937 0 1280 1497 0 1027 936 0 1026 937 0 1247 1498 0 1280 1497 0 1290 938 0 1247 1498 0 1026 937 0 1290 938 0 1291 1499 0 1247 1498 0 1288 939 0 1291 1499 0 1290 938 0 1288 939 0 1292 1500 0 1291 1499 0 1293 1501 0 1292 1500 0 1288 939 0 1023 940 0 1293 1501 0 1288 939 0 1297 1502 0 1293 1501 0 1023 940 0 1022 941 0 1297 1502 0 1023 940 0 1297 1502 0 1022 941 0 1298 1503 0 1287 942 0 1298 1503 0 1022 941 0 1298 1503 0 1287 942 0 1303 942 0 512 1408 0 501 1504 0 175 1408 0 175 1408 0 501 1504 0 717 1505 0 1245 1506 0 717 1505 0 501 1504 0 717 1505 0 1245 1506 0 1246 1507 0 1246 1507 0 1245 1506 0 1244 1508 0 1243 1509 0 1246 1507 0 1244 1508 0 1243 1509 0 1303 942 0 1246 1507 0 1303 942 0 1243 1509 0 502 1510 0 1298 1511 0 1303 942 0 502 1510 0 503 1512 0 1298 1511 0 502 1510 0 1298 1511 0 503 1512 0 1297 1513 0 1297 1513 0 503 1512 0 505 1514 0 1293 1515 0 1297 1513 0 505 1514 0 1242 1516 0 1293 1515 0 505 1514 0 1293 1515 0 1242 1516 0 1292 1517 0 1292 1517 0 1242 1516 0 1240 1518 0 1292 1517 0 1240 1518 0 492 1519 0 492 1519 0 1240 1518 0 1238 1519 0 1292 1517 0 492 1519 0 493 1520 0 1292 1517 0 493 1520 0 496 1521 0 1237 1522 0 1292 1517 0 496 1521 0 1292 1517 0 1237 1522 0 1291 1523 0 1291 1523 0 1237 1522 0 1236 1524 0 1291 1523 0 1236 1524 0 497 1525 0 1291 1523 0 497 1525 0 486 1526 0 1235 1526 0 696 1527 0 486 1526 0 486 1526 0 696 1527 0 1291 1523 0 1291 1523 0 696 1527 0 1247 1528 0 1234 1529 0 1247 1528 0 696 1527 0 1234 1529 0 1280 1530 0 1247 1528 0 1280 1530 0 1234 1529 0 697 1531 0 1280 1530 0 697 1531 0 1281 1532 0 698 1533 0 1281 1532 0 697 1531 0 698 1533 0 1038 933 0 1281 1532 0 1038 933 0 698 1533 0 699 1534 0 1039 945 0 1038 933 0 699 1534 0 700 1535 0 1039 945 0 699 1534 0 1039 945 0 700 1535 0 701 1536 0 1039 945 0 701 1536 0 1040 944 0 1233 1537 0 1040 944 0 701 1536 0 1040 944 0 1233 1537 0 1282 943 0 1282 943 0 1233 1537 0 1232 1538 0 1282 943 0 1232 1538 0 703 943 0 1225 1541 0 972 1540 0 1226 1539 0 1226 1539 0 972 1540 0 1228 1542 0 1095 1544 0 971 1543 0 1223 972 0 971 1543 0 1225 1541 0 1223 972 0 1225 1541 0 971 1543 0 972 1540 0 1222 1546 0 1209 1545 0 1095 1544 0 1095 1544 0 1209 1545 0 971 1543 0 1093 1548 0 1189 1547 0 1222 1546 0 1189 1547 0 970 1549 0 1222 1546 0 1222 1546 0 970 1549 0 1209 1545 0 1092 1551 0 1190 1550 0 1093 1548 0 1093 1548 0 1190 1550 0 1189 1547 0 968 1552 0 1189 1547 0 1190 1550 0 970 1549 0 1189 1547 0 968 1552 0 1220 1555 0 1191 1554 0 1221 1553 0 1221 1553 0 1191 1554 0 1192 1556 0 1221 1553 0 1192 1556 0 1092 1551 0 1092 1551 0 1192 1556 0 1190 1550 0 967 1557 0 1190 1550 0 1192 1556 0 968 1552 0 1190 1550 0 967 1557 0 1215 1560 0 1193 1559 0 1087 1558 0 1087 1558 0 1193 1559 0 1088 1561 0 1193 1559 0 1194 1562 0 1088 1561 0 1088 1561 0 1194 1562 0 1219 1563 0 1194 1562 0 1195 1564 0 1219 1563 0 1219 1563 0 1195 1564 0 1196 1565 0 1219 1563 0 1196 1565 0 1220 1555 0 1220 1555 0 1196 1565 0 1191 1554 0 1196 1565 0 1206 1566 0 1191 1554 0 1191 1554 0 1206 1566 0 1192 1556 0 964 1567 0 1192 1556 0 1206 1566 0 967 1557 0 1192 1556 0 966 1568 0 1192 1556 0 964 1567 0 966 1568 0 1084 1570 0 1428 1296 0 1218 1569 0 1084 1570 0 1218 1569 0 1085 1571 0 1217 1572 0 1085 1571 0 1218 1569 0 1216 1573 0 1085 1571 0 1217 1572 0 1085 1571 0 1216 1573 0 1086 1574 0 1215 1560 0 1086 1574 0 1216 1573 0 1086 1574 0 1215 1560 0 1087 1558 0 1213 1575 0 1193 1559 0 1215 1560 0 1193 1559 0 1213 1575 0 1194 1562 0 1194 1562 0 1213 1575 0 1439 1576 0 1212 1577 0 1194 1562 0 1439 1576 0 1194 1562 0 1212 1577 0 1195 1564 0 1211 1578 0 1195 1564 0 1212 1577 0 1195 1564 0 1211 1578 0 1196 1565 0 1210 1579 0 1196 1565 0 1211 1578 0 1196 1565 0 1210 1579 0 1206 1566 0 962 1296 0 1206 1566 0 1210 1579 0 964 1567 0 1206 1566 0 962 1296 0 354 1580 0 1107 1581 0 1187 1580 0 1187 1580 0 1107 1581 0 1070 1582 0 1099 1583 0 1070 1582 0 1107 1581 0 1106 1584 0 1099 1583 0 1107 1581 0 1099 1583 0 1106 1584 0 1101 1585 0 1101 1585 0 1106 1584 0 1105 1586 0 1104 1587 0 1101 1585 0 1105 1586 0 1104 1587 0 1102 1587 0 1101 1585 0 1098 1588 0 1102 1587 0 1104 1587 0 1098 1588 0 1103 1589 0 1102 1587 0 1069 1590 0 1103 1589 0 1098 1588 0 1097 1591 0 1069 1590 0 1098 1588 0 1067 1592 0 1069 1590 0 1097 1591 0 1096 1592 0 1067 1592 0 1097 1591 0 1065 1593 0 1067 1592 0 1096 1592 0 1100 1594 0 1065 1593 0 1096 1592 0 1228 1595 0 1065 1593 0 1100 1594 0 1228 1595 0 826 1595 0 1065 1593 0 827 1596 0 1062 1597 0 826 1596 0 826 1596 0 1062 1597 0 1065 1598 0 452 1599 0 1065 1598 0 1062 1597 0 1065 1598 0 452 1599 0 1067 1600 0 1067 1600 0 452 1599 0 453 1601 0 1059 1602 0 1067 1600 0 453 1601 0 1059 1602 0 1069 1603 0 1067 1600 0 1069 1603 0 1059 1602 0 1058 1604 0 1069 1603 0 1058 1604 0 1103 1605 0 1057 1606 0 1103 1605 0 1058 1604 0 1057 1606 0 1102 1607 0 1103 1605 0 1102 1607 0 1057 1606 0 1055 1608 0 1102 1607 0 1055 1608 0 1101 1609 0 1053 1610 0 1101 1609 0 1055 1608 0 1053 1610 0 1099 1611 0 1101 1609 0 1099 1611 0 1053 1610 0 1048 1612 0 1099 1611 0 1048 1612 0 1070 1613 0 1070 1613 0 1048 1612 0 1047 1614 0 1070 1613 0 1047 1614 0 361 1614 0 1070 1613 0 361 1614 0 362 1615 0 1070 1613 0 362 1615 0 437 1616 0 1070 1613 0 437 1616 0 1045 1617 0 1070 1613 0 1045 1617 0 1187 812 0 350 1618 0 1043 1619 0 357 1618 0 440 1620 0 1187 812 0 1045 1617 0 1187 812 0 440 1620 0 1188 1621 0 1188 1621 0 440 1620 0 1044 1622 0 1188 1621 0 1044 1622 0 359 1623 0 1188 1621 0 359 1623 0 357 1618 0 1188 1621 0 357 1618 0 1043 1619 0 327 1624 0 1188 1621 0 1043 1619 0 1188 1621 0 327 1624 0 1073 1625 0 1073 1625 0 327 1624 0 328 1626 0 329 1627 0 1073 1625 0 328 1626 0 329 1627 0 1074 1628 0 1073 1625 0 1074 1628 0 329 1627 0 1075 1629 0 1075 1629 0 329 1627 0 1041 1630 0 1025 1631 0 1075 1629 0 1041 1630 0 1025 1631 0 1077 1632 0 1075 1629 0 1077 1632 0 1025 1631 0 1083 1633 0 1083 1633 0 1025 1631 0 331 1634 0 333 1635 0 1083 1633 0 331 1634 0 333 1635 0 1089 1636 0 1083 1633 0 1089 1636 0 333 1635 0 1090 1637 0 1090 1637 0 333 1635 0 1024 1638 0 1090 1637 0 1024 1638 0 1305 1195 0 1305 1195 0 1024 1638 0 1091 1195 0 1007 1641 0 1416 1640 0 1017 1639 0 1007 1641 0 1284 1643 0 1013 1642 0 1007 1641 0 1285 1644 0 1284 1643 0 1007 1641 0 1286 1645 0 1285 1644 0 1286 1645 0 1007 1641 0 1017 1639 0 1013 1642 0 438 1646 0 1007 1641 0 1012 1647 0 1007 1641 0 438 1646 0 1007 1641 0 1012 1647 0 1009 1648 0 1010 1649 0 1009 1648 0 1012 1647 0 1009 1648 0 1010 1649 0 1410 1431 0 1010 1649 0 1427 1431 0 1410 1431 0 477 1652 0 931 1651 0 1327 1650 0 1327 1650 0 931 1651 0 1328 1653 0 931 1651 0 932 1654 0 1328 1653 0 932 1654 0 933 1655 0 1328 1653 0 1328 1653 0 933 1655 0 956 1656 0 1328 1653 0 956 1656 0 1224 1657 0 975 1659 0 936 1658 0 477 1652 0 477 1652 0 936 1658 0 931 1651 0 936 1658 0 938 1660 0 931 1651 0 931 1651 0 938 1660 0 932 1654 0 938 1660 0 942 1661 0 932 1654 0 932 1654 0 942 1661 0 933 1655 0 1227 1662 0 933 1655 0 942 1661 0 933 1655 0 1227 1662 0 958 1663 0 956 1656 0 933 1655 0 958 1663 0 1228 1542 0 943 1664 0 975 1659 0 975 1659 0 943 1664 0 936 1658 0 943 1664 0 948 1665 0 936 1658 0 936 1658 0 948 1665 0 938 1660 0 948 1665 0 949 1666 0 938 1660 0 938 1660 0 949 1666 0 942 1661 0 949 1666 0 952 1667 0 942 1661 0 1227 1662 0 942 1661 0 959 1668 0 1230 890 0 1229 1669 0 962 1296 0 952 1667 0 1229 1669 0 959 1668 0 942 1661 0 952 1667 0 959 1668 0 972 1540 0 943 1664 0 1228 1542 0 943 1664 0 972 1540 0 948 1665 0 948 1665 0 972 1540 0 971 1543 0 948 1665 0 971 1543 0 1209 1545 0 948 1665 0 1209 1545 0 970 1549 0 968 1552 0 948 1665 0 970 1549 0 948 1665 0 968 1552 0 949 1666 0 949 1666 0 968 1552 0 967 1557 0 949 1666 0 967 1557 0 966 1568 0 964 1567 0 949 1666 0 966 1568 0 949 1666 0 964 1567 0 952 1667 0 962 1296 0 952 1667 0 964 1567 0 1229 1669 0 952 1667 0 962 1296 0 927 1672 0 929 1671 0 1401 1670 0 927 1672 0 893 1673 0 929 1671 0 892 1674 0 893 1673 0 927 1672 0 926 1675 0 892 1674 0 927 1672 0 890 1676 0 892 1674 0 926 1675 0 925 1677 0 890 1676 0 926 1675 0 886 1678 0 890 1676 0 925 1677 0 923 1679 0 886 1678 0 925 1677 0 885 1680 0 886 1678 0 923 1679 0 922 1681 0 885 1680 0 923 1679 0 884 1682 0 885 1680 0 922 1681 0 280 1683 0 884 1682 0 922 1681 0 883 1684 0 884 1682 0 280 1683 0 281 1685 0 883 1684 0 280 1683 0 882 1686 0 883 1684 0 281 1685 0 921 1687 0 882 1686 0 281 1685 0 878 1688 0 882 1686 0 921 1687 0 282 1689 0 878 1688 0 921 1687 0 877 1690 0 878 1688 0 282 1689 0 283 1691 0 877 1690 0 282 1689 0 875 1692 0 877 1690 0 283 1691 0 920 1693 0 875 1692 0 283 1691 0 918 1694 0 875 1692 0 920 1693 0 874 1695 0 875 1692 0 918 1694 0 287 1696 0 874 1695 0 918 1694 0 872 1697 0 874 1695 0 287 1696 0 1421 1698 0 872 1697 0 287 1696 0 1422 1439 0 872 1697 0 1421 1698 0 929 1671 0 893 1673 0 930 1453 0 930 1453 0 893 1673 0 870 1699 0 892 1674 0 870 1699 0 893 1673 0 866 1700 0 870 1699 0 892 1674 0 890 1676 0 866 1700 0 892 1674 0 865 1701 0 866 1700 0 890 1676 0 886 1678 0 865 1701 0 890 1676 0 864 1702 0 865 1701 0 886 1678 0 885 1680 0 864 1702 0 886 1678 0 863 1703 0 864 1702 0 885 1680 0 884 1682 0 863 1703 0 885 1680 0 861 1704 0 863 1703 0 884 1682 0 883 1684 0 861 1704 0 884 1682 0 859 1705 0 861 1704 0 883 1684 0 882 1686 0 859 1705 0 883 1684 0 856 1706 0 859 1705 0 882 1686 0 878 1688 0 856 1706 0 882 1686 0 855 1707 0 856 1706 0 878 1688 0 877 1690 0 855 1707 0 878 1688 0 854 1708 0 855 1707 0 877 1690 0 875 1692 0 854 1708 0 877 1690 0 851 1709 0 854 1708 0 875 1692 0 874 1695 0 851 1709 0 875 1692 0 847 1710 0 851 1709 0 874 1695 0 872 1697 0 847 1710 0 874 1695 0 845 1711 0 847 1710 0 872 1697 0 1422 1439 0 845 1711 0 872 1697 0 1425 1712 0 845 1711 0 1422 1439 0 14 812 0 26 812 0 22 812 0 870 1699 0 895 1714 0 1400 1713 0 930 1453 0 870 1699 0 1400 1713 0 895 1714 0 870 1699 0 897 1715 0 866 1700 0 897 1715 0 870 1699 0 897 1715 0 866 1700 0 903 1716 0 866 1700 0 905 1717 0 903 1716 0 865 1701 0 905 1717 0 866 1700 0 905 1717 0 865 1701 0 906 1718 0 864 1702 0 906 1718 0 865 1701 0 906 1718 0 864 1702 0 1239 1719 0 863 1703 0 1239 1719 0 864 1702 0 1239 1719 0 863 1703 0 908 1720 0 863 1703 0 1241 1721 0 908 1720 0 861 1704 0 1241 1721 0 863 1703 0 1241 1721 0 861 1704 0 909 1722 0 859 1705 0 909 1722 0 861 1704 0 909 1722 0 859 1705 0 910 1723 0 856 1706 0 910 1723 0 859 1705 0 910 1723 0 856 1706 0 912 1724 0 855 1707 0 912 1724 0 856 1706 0 912 1724 0 855 1707 0 913 1725 0 854 1708 0 913 1725 0 855 1707 0 913 1725 0 854 1708 0 914 1726 0 851 1709 0 914 1726 0 854 1708 0 914 1726 0 851 1709 0 915 1727 0 851 1709 0 1248 1728 0 915 1727 0 847 1710 0 1248 1728 0 851 1709 0 1248 1728 0 847 1710 0 1249 1729 0 845 1711 0 1249 1729 0 847 1710 0 1249 1729 0 845 1711 0 1250 1730 0 1425 1712 0 1250 1730 0 845 1711 0 940 1731 0 1250 1730 0 1425 1712 0 1091 1195 0 841 1732 0 1305 1195 0 1305 1195 0 841 1732 0 842 1733 0 336 1734 0 842 1733 0 841 1732 0 842 1733 0 336 1734 0 843 1735 0 843 1735 0 336 1734 0 339 1736 0 840 1737 0 843 1735 0 339 1736 0 840 1737 0 813 1190 0 843 1735 0 813 1190 0 840 1737 0 340 1738 0 813 1190 0 340 1738 0 816 1739 0 820 1740 0 816 1739 0 340 1738 0 342 1741 0 820 1740 0 340 1738 0 820 1740 0 342 1741 0 821 1742 0 821 1742 0 342 1741 0 343 1743 0 811 1744 0 821 1742 0 343 1743 0 346 1745 0 811 1744 0 343 1743 0 811 1744 0 346 1745 0 810 1746 0 810 1746 0 346 1745 0 349 1747 0 810 1746 0 349 1747 0 276 1748 0 276 1748 0 349 1747 0 278 1748 0 810 1746 0 276 1748 0 839 1749 0 810 1746 0 839 1749 0 838 1750 0 810 1746 0 838 1750 0 837 1751 0 810 1746 0 837 1751 0 806 1752 0 836 1753 0 806 1752 0 837 1751 0 806 1752 0 836 1753 0 835 1754 0 806 1752 0 835 1754 0 833 1755 0 806 1752 0 833 1755 0 832 1756 0 176 1756 0 257 1757 0 832 1756 0 832 1756 0 257 1757 0 806 1752 0 806 1752 0 257 1757 0 725 1758 0 258 1759 0 725 1758 0 257 1757 0 725 1758 0 258 1759 0 724 1760 0 724 1760 0 258 1759 0 259 1761 0 262 1762 0 724 1760 0 259 1761 0 262 1762 0 478 1215 0 724 1760 0 478 1215 0 262 1762 0 831 1763 0 478 1215 0 831 1763 0 822 1764 0 264 1765 0 822 1764 0 831 1763 0 822 1764 0 264 1765 0 824 1766 0 824 1766 0 264 1765 0 265 1767 0 266 1768 0 824 1766 0 265 1767 0 266 1768 0 825 1769 0 824 1766 0 825 1769 0 266 1768 0 828 1770 0 825 1769 0 828 1770 0 826 1596 0 826 1596 0 828 1770 0 827 1596 0 1327 1215 0 1326 1771 0 478 1215 0 478 1215 0 1326 1771 0 724 1772 0 1325 1217 0 724 1772 0 1326 1771 0 1324 1773 0 724 1772 0 1325 1217 0 1324 1773 0 725 1774 0 724 1772 0 1323 1775 0 725 1774 0 1324 1773 0 725 1774 0 1323 1775 0 806 1776 0 1322 1220 0 806 1776 0 1323 1775 0 806 1776 0 1322 1220 0 810 1746 0 810 1746 0 1322 1220 0 723 1777 0 810 1746 0 723 1777 0 811 1778 0 722 1779 0 811 1778 0 723 1777 0 821 1780 0 811 1778 0 722 1779 0 721 1781 0 821 1780 0 722 1779 0 821 1780 0 721 1781 0 820 1782 0 1318 1783 0 820 1782 0 721 1781 0 820 1782 0 1318 1783 0 816 1784 0 816 1784 0 1318 1783 0 456 1190 0 816 1784 0 456 1190 0 813 1190 0 1246 1785 0 1303 942 0 1287 942 0 715 1786 0 1246 1785 0 1287 942 0 714 1787 0 1246 1785 0 715 1786 0 714 1787 0 717 1788 0 1246 1785 0 1320 1789 0 717 1788 0 714 1787 0 1320 1789 0 175 1789 0 717 1788 0 146 1792 0 696 1791 0 1235 1790 0 150 1793 0 696 1791 0 146 1792 0 150 1793 0 1234 1794 0 696 1791 0 153 1795 0 1234 1794 0 150 1793 0 1234 1794 0 153 1795 0 697 1796 0 155 1797 0 697 1796 0 153 1795 0 697 1796 0 155 1797 0 698 1798 0 157 1799 0 698 1798 0 155 1797 0 157 1799 0 699 1800 0 698 1798 0 157 1799 0 700 1801 0 699 1800 0 160 1802 0 700 1801 0 157 1799 0 700 1801 0 160 1802 0 701 1803 0 161 1804 0 701 1803 0 160 1802 0 161 1804 0 1233 1805 0 701 1803 0 1233 1805 0 161 1804 0 1232 1806 0 161 1804 0 162 1807 0 1232 1806 0 162 1807 0 703 1808 0 1232 1806 0 162 1807 0 705 1809 0 703 1808 0 163 1810 0 705 1809 0 162 1807 0 705 1809 0 163 1810 0 708 1811 0 695 1812 0 708 1811 0 163 1810 0 708 1811 0 695 1812 0 710 1813 0 694 1814 0 710 1813 0 695 1812 0 694 1814 0 711 1815 0 710 1813 0 711 1815 0 694 1814 0 691 1816 0 711 1815 0 691 1816 0 317 1817 0 691 1816 0 360 1818 0 317 1817 0 164 1819 0 360 1818 0 691 1816 0 164 1819 0 363 1820 0 360 1818 0 363 1820 0 164 1819 0 451 1821 0 164 1819 0 165 1822 0 451 1821 0 165 1822 0 459 1823 0 451 1821 0 686 1824 0 459 1823 0 165 1822 0 687 1825 0 459 1823 0 686 1824 0 683 1408 0 687 1408 0 686 1408 0 683 1408 0 470 1408 0 687 1408 0 682 1408 0 470 1408 0 683 1408 0 14 812 0 22 812 0 445 812 0 470 1408 0 132 1826 0 680 1826 0 682 1408 0 132 1826 0 470 1408 0 549 943 0 140 1827 0 556 943 0 555 1828 0 140 1827 0 549 943 0 557 1829 0 140 1827 0 555 1828 0 500 1830 0 557 1829 0 555 1828 0 500 1830 0 139 1831 0 557 1829 0 139 1831 0 500 1830 0 554 1832 0 139 1831 0 554 1832 0 134 1833 0 554 1832 0 559 1834 0 134 1833 0 552 1835 0 559 1834 0 554 1832 0 559 1834 0 552 1835 0 676 1836 0 552 1835 0 484 1837 0 676 1836 0 680 1826 0 676 1836 0 484 1837 0 132 1826 0 676 1836 0 680 1826 0 561 943 0 141 943 0 548 943 0 549 943 0 141 943 0 561 943 0 556 943 0 141 943 0 549 943 0 548 1840 0 685 1839 0 561 1838 0 166 1841 0 685 1839 0 548 1840 0 685 1839 0 166 1841 0 167 1842 0 685 1839 0 167 1842 0 688 1843 0 167 1842 0 713 1844 0 688 1843 0 168 1845 0 713 1844 0 167 1842 0 713 1844 0 168 1845 0 540 1846 0 547 1847 0 540 1846 0 168 1845 0 547 1847 0 1046 1848 0 540 1846 0 1046 1848 0 547 1847 0 1108 1849 0 547 1847 0 546 1850 0 1108 1849 0 546 1850 0 542 1851 0 1108 1849 0 545 1852 0 542 1851 0 546 1850 0 542 1851 0 545 1852 0 1207 1853 0 545 1852 0 1208 1854 0 1207 1853 0 170 1855 0 1208 1854 0 545 1852 0 512 1855 0 1208 1854 0 170 1855 0 1401 1826 0 1402 1856 0 518 1826 0 518 1826 0 1402 1856 0 520 1857 0 517 1858 0 520 1857 0 1402 1856 0 521 1859 0 520 1857 0 517 1858 0 1404 1860 0 521 1859 0 517 1858 0 1406 1861 0 521 1859 0 1404 1860 0 1406 1861 0 523 1862 0 521 1859 0 523 1862 0 1406 1861 0 516 1863 0 523 1862 0 516 1863 0 525 1864 0 516 1863 0 1407 1865 0 525 1864 0 525 1864 0 1407 1865 0 119 1866 0 1408 1867 0 119 1866 0 1407 1865 0 1408 1867 0 526 1868 0 119 1866 0 117 1869 0 526 1868 0 1408 1867 0 1411 1870 0 117 1869 0 1408 1867 0 1414 1871 0 117 1869 0 1411 1870 0 1414 1871 0 528 1872 0 117 1869 0 1415 1873 0 528 1872 0 1414 1871 0 1415 1873 0 97 1874 0 528 1872 0 530 1875 0 97 1874 0 1415 1873 0 515 1876 0 530 1875 0 1415 1873 0 530 1875 0 515 1876 0 96 1877 0 96 1877 0 515 1876 0 1417 1878 0 96 1877 0 1417 1878 0 535 1879 0 1417 1878 0 1418 1880 0 535 1879 0 1420 1881 0 535 1879 0 1418 1880 0 1420 1881 0 536 1882 0 535 1879 0 514 1883 0 536 1882 0 1420 1881 0 536 1882 0 514 1883 0 130 1884 0 130 1884 0 514 1883 0 1421 1884 0 170 1855 0 501 1885 0 512 1855 0 172 1886 0 501 1885 0 170 1855 0 501 1885 0 172 1886 0 511 1887 0 501 1885 0 511 1887 0 1245 1888 0 511 1887 0 1244 1889 0 1245 1888 0 509 1890 0 1244 1889 0 511 1887 0 1244 1889 0 509 1890 0 1243 1891 0 173 1892 0 1243 1891 0 509 1890 0 173 1892 0 502 1893 0 1243 1891 0 502 1893 0 173 1892 0 503 1894 0 173 1892 0 508 1895 0 503 1894 0 508 1895 0 505 1896 0 503 1894 0 506 1897 0 505 1896 0 508 1895 0 505 1896 0 506 1897 0 1242 1898 0 506 1897 0 1240 1899 0 1242 1898 0 499 1900 0 1240 1899 0 506 1897 0 1238 1901 0 1240 1899 0 499 1900 0 91 943 0 1238 943 0 499 943 0 87 943 0 1238 943 0 91 943 0 492 943 0 1238 943 0 87 943 0 486 1408 0 489 1902 0 485 1408 0 497 1903 0 489 1902 0 486 1408 0 489 1902 0 497 1903 0 490 1855 0 1236 1904 0 490 1855 0 497 1903 0 90 1905 0 490 1855 0 1236 1904 0 1237 1906 0 90 1905 0 1236 1904 0 1237 1906 0 491 1907 0 90 1905 0 496 1908 0 491 1907 0 1237 1906 0 491 1907 0 496 1908 0 89 1909 0 493 1910 0 89 1909 0 496 1908 0 89 1909 0 493 1910 0 88 1911 0 492 943 0 88 1911 0 493 1910 0 87 943 0 88 1911 0 492 943 0 1235 1408 0 479 1408 0 146 1408 0 445 812 0 446 812 0 14 812 0 486 1408 0 479 1408 0 1235 1408 0 485 1408 0 479 1408 0 486 1408 0 825 1769 0 826 1596 0 1228 1596 0 975 1912 0 825 1769 0 1228 1596 0 825 1769 0 975 1912 0 824 1766 0 477 1913 0 824 1766 0 975 1912 0 477 1913 0 822 1764 0 824 1766 0 1327 1215 0 822 1764 0 477 1913 0 1327 1215 0 478 1215 0 822 1764 0 63 1914 0 1062 1915 0 827 1914 0 64 1916 0 1062 1915 0 63 1914 0 1062 1915 0 64 1916 0 68 1917 0 1062 1915 0 68 1917 0 452 1918 0 68 1917 0 453 1919 0 452 1918 0 70 1920 0 453 1919 0 68 1917 0 453 1919 0 70 1920 0 1059 1921 0 469 1922 0 1059 1921 0 70 1920 0 469 1922 0 1058 1923 0 1059 1921 0 1058 1923 0 469 1922 0 1057 1924 0 469 1922 0 457 1925 0 1057 1924 0 457 1925 0 1055 1926 0 1057 1924 0 71 1927 0 1055 1926 0 457 1925 0 1055 1926 0 71 1927 0 1053 1928 0 71 1927 0 1048 1929 0 1053 1928 0 448 1930 0 1048 1929 0 71 1927 0 1047 1931 0 1048 1929 0 448 1930 0 448 1195 0 361 1195 0 1047 1195 0 14 1195 0 361 1195 0 448 1195 0 446 1195 0 361 1195 0 14 1195 0 359 1826 0 27 1932 0 28 1826 0 1044 1933 0 27 1932 0 359 1826 0 441 1934 0 27 1932 0 1044 1933 0 440 1935 0 441 1934 0 1044 1933 0 440 1935 0 442 1936 0 441 1934 0 442 1936 0 440 1935 0 1045 1937 0 442 1936 0 1045 1937 0 26 1938 0 437 1939 0 26 1938 0 1045 1937 0 437 1939 0 22 1940 0 26 1938 0 22 1940 0 437 1939 0 362 1941 0 22 1940 0 362 1941 0 445 1942 0 361 1195 0 445 1942 0 362 1941 0 446 1195 0 445 1942 0 361 1195 0 359 1826 0 358 1596 0 357 1596 0 28 1826 0 358 1596 0 359 1826 0 350 1596 0 355 1596 0 353 1596 0 357 1596 0 355 1596 0 350 1596 0 43 1943 0 64 1943 0 63 1943 0 358 1596 0 355 1596 0 357 1596 0 353 1946 0 1043 1945 0 350 1944 0 325 1947 0 1043 1945 0 353 1946 0 325 1947 0 327 1948 0 1043 1945 0 324 1949 0 327 1948 0 325 1947 0 327 1948 0 324 1949 0 328 1950 0 73 1951 0 328 1950 0 324 1949 0 328 1950 0 73 1951 0 329 1952 0 323 1953 0 329 1952 0 73 1951 0 323 1953 0 1041 1954 0 329 1952 0 323 1953 0 1025 1955 0 1041 1954 0 322 1956 0 1025 1955 0 323 1953 0 1025 1955 0 322 1956 0 331 1957 0 75 1958 0 331 1957 0 322 1956 0 75 1958 0 333 1959 0 331 1957 0 333 1959 0 75 1958 0 1024 1960 0 75 1958 0 321 1961 0 1024 1960 0 321 1961 0 1091 1962 0 1024 1960 0 321 1961 0 841 1963 0 1091 1962 0 79 1964 0 841 1963 0 321 1961 0 841 1963 0 79 1964 0 336 1965 0 320 1966 0 336 1965 0 79 1964 0 336 1965 0 320 1966 0 339 1967 0 80 1968 0 339 1967 0 320 1966 0 80 1968 0 840 1969 0 339 1967 0 840 1969 0 80 1968 0 319 1970 0 840 1969 0 319 1970 0 340 1971 0 319 1970 0 342 1972 0 340 1971 0 83 1973 0 342 1972 0 319 1970 0 83 1973 0 343 1974 0 342 1972 0 343 1974 0 83 1973 0 346 1975 0 83 1973 0 84 1976 0 346 1975 0 84 1976 0 349 1977 0 346 1975 0 318 1978 0 349 1977 0 84 1976 0 278 1979 0 349 1977 0 318 1978 0 1421 1884 0 287 1980 0 130 1884 0 130 1884 0 287 1980 0 291 1981 0 918 1982 0 291 1981 0 287 1980 0 918 1982 0 127 1983 0 291 1981 0 920 1984 0 127 1983 0 918 1982 0 920 1984 0 294 1985 0 127 1983 0 299 1986 0 294 1985 0 920 1984 0 283 1987 0 299 1986 0 920 1984 0 302 1988 0 299 1986 0 283 1987 0 282 1989 0 302 1988 0 283 1987 0 302 1988 0 282 1989 0 303 1990 0 303 1990 0 282 1989 0 921 1991 0 281 1992 0 303 1990 0 921 1991 0 281 1992 0 125 1993 0 303 1990 0 124 1994 0 125 1993 0 281 1992 0 280 1995 0 124 1994 0 281 1992 0 124 1994 0 280 1995 0 123 1996 0 306 1997 0 123 1996 0 280 1995 0 922 1998 0 306 1997 0 280 1995 0 306 1997 0 922 1998 0 923 1999 0 306 1997 0 923 1999 0 314 2000 0 925 2001 0 314 2000 0 923 1999 0 314 2000 0 925 2001 0 315 2002 0 926 2003 0 315 2002 0 925 2001 0 315 2002 0 926 2003 0 122 2004 0 927 2005 0 122 2004 0 926 2003 0 927 2005 0 120 2006 0 122 2004 0 1401 1826 0 120 2006 0 927 2005 0 1401 1826 0 518 1826 0 120 2006 0 31 1596 0 278 1596 0 318 1596 0 43 1943 0 68 1943 0 64 1943 0 277 1596 0 278 1596 0 31 1596 0 276 1596 0 278 1596 0 277 1596 0 832 1195 0 273 2007 0 12 1195 0 833 2008 0 273 2007 0 832 1195 0 273 2007 0 833 2008 0 835 2009 0 273 2007 0 835 2009 0 274 1962 0 9 2010 0 274 1962 0 835 2009 0 836 2011 0 9 2010 0 835 2009 0 837 2012 0 9 2010 0 836 2011 0 837 2012 0 8 2013 0 9 2010 0 8 2013 0 837 2012 0 838 2014 0 8 2013 0 838 2014 0 6 1934 0 6 1934 0 838 2014 0 839 2015 0 6 1934 0 839 2015 0 4 2016 0 276 1596 0 4 2016 0 839 2015 0 277 1596 0 4 2016 0 276 1596 0 33 1195 0 12 1195 0 32 1195 0 176 1195 0 12 1195 0 33 1195 0 832 1195 0 12 1195 0 176 1195 0 33 2019 0 257 2018 0 176 2017 0 35 2020 0 257 2018 0 33 2019 0 257 2018 0 35 2020 0 38 2021 0 257 2018 0 38 2021 0 258 2022 0 38 2021 0 259 2023 0 258 2022 0 268 2024 0 259 2023 0 38 2021 0 259 2023 0 268 2024 0 262 2025 0 39 2026 0 262 2025 0 268 2024 0 39 2026 0 831 2027 0 262 2025 0 831 2027 0 39 2026 0 264 2028 0 39 2026 0 42 2029 0 264 2028 0 42 2029 0 265 2030 0 264 2028 0 43 2031 0 265 2030 0 42 2029 0 265 2030 0 43 2031 0 266 2032 0 43 2031 0 828 2033 0 266 2032 0 63 1914 0 828 2033 0 43 2031 0 827 1914 0 828 2033 0 63 1914 0 163 2034 0 162 2034 0 161 2034 0 163 2034 0 161 2034 0 160 2034 0 163 2034 0 160 2034 0 695 2034 0 695 2034 0 160 2034 0 157 2034 0 695 2034 0 157 2034 0 694 2034 0 694 2034 0 157 2034 0 155 2034 0 694 2034 0 155 2034 0 691 2034 0 691 2034 0 155 2034 0 153 2034 0 691 2034 0 153 2034 0 164 2034 0 164 2034 0 153 2034 0 150 2034 0 164 2034 0 150 2034 0 165 2034 0 165 2034 0 150 2034 0 146 2034 0 683 2034 0 686 2034 0 165 2034 0 479 2034 0 683 2034 0 165 2034 0 165 2034 0 146 2034 0 479 2034 0 479 2034 0 91 2034 0 683 2034 0 683 2034 0 91 2034 0 141 2034 0 499 2034 0 506 2034 0 91 2034 0 91 2034 0 506 2034 0 141 2034 0 141 2034 0 506 2034 0 548 2034 0 548 2034 0 506 2034 0 166 2034 0 166 2034 0 506 2034 0 167 2034 0 167 2034 0 506 2034 0 508 2034 0 167 2034 0 508 2034 0 168 2034 0 168 2034 0 508 2034 0 173 2034 0 168 2034 0 173 2034 0 547 2034 0 547 2034 0 173 2034 0 509 2034 0 547 2034 0 509 2034 0 546 2034 0 546 2034 0 509 2034 0 511 2034 0 546 2034 0 511 2034 0 545 2034 0 545 2034 0 511 2034 0 172 2034 0 545 2034 0 172 2034 0 170 2034 0 140 812 0 141 812 0 556 812 0 557 812 0 141 812 0 140 812 0 139 812 0 141 812 0 557 812 0 134 812 0 141 812 0 139 812 0 559 812 0 141 812 0 134 812 0 559 812 0 683 812 0 141 812 0 676 812 0 683 812 0 559 812 0 676 812 0 682 812 0 683 812 0 676 812 0 132 812 0 682 812 0 117 117 0 528 117 0 526 117 0 526 117 0 528 117 0 119 117 0 119 117 0 528 117 0 97 117 0 119 117 0 97 117 0 525 117 0 525 117 0 97 117 0 530 117 0 525 117 0 530 117 0 523 117 0 523 117 0 530 117 0 96 117 0 523 117 0 96 117 0 521 117 0 521 117 0 96 117 0 535 117 0 521 117 0 535 117 0 520 117 0 520 117 0 535 117 0 536 117 0 520 117 0 536 117 0 518 117 0 518 117 0 536 117 0 130 117 0 518 117 0 130 117 0 291 117 0 518 117 0 291 117 0 120 117 0 120 117 0 291 117 0 122 117 0 122 117 0 291 117 0 127 117 0 122 117 0 127 117 0 315 117 0 315 117 0 127 117 0 294 117 0 315 117 0 294 117 0 314 117 0 314 117 0 294 117 0 299 117 0 314 117 0 299 117 0 306 117 0 306 117 0 299 117 0 302 117 0 306 117 0 302 117 0 123 117 0 123 117 0 302 117 0 303 117 0 123 117 0 303 117 0 125 117 0 123 117 0 125 117 0 124 117 0 89 117 0 90 117 0 491 117 0 88 117 0 90 117 0 89 117 0 88 117 0 490 117 0 90 117 0 87 117 0 490 117 0 88 117 0 87 117 0 489 117 0 490 117 0 87 117 0 485 117 0 489 117 0 91 117 0 485 117 0 87 117 0 42 1943 0 68 1943 0 43 1943 0 479 117 0 485 117 0 91 117 0 79 1943 0 321 1943 0 75 1943 0 79 1943 0 75 1943 0 322 1943 0 79 1943 0 322 1943 0 320 1943 0 320 1943 0 322 1943 0 323 1943 0 320 1943 0 323 1943 0 80 1943 0 80 1943 0 323 1943 0 73 1943 0 80 1943 0 73 1943 0 319 1943 0 319 1943 0 73 1943 0 324 1943 0 319 1943 0 324 1943 0 83 1943 0 83 1943 0 324 1943 0 325 1943 0 83 1943 0 325 1943 0 84 1943 0 84 1943 0 325 1943 0 353 1943 0 31 1943 0 318 1943 0 84 1943 0 84 1943 0 353 1943 0 355 1943 0 84 1943 0 355 1943 0 31 1943 0 355 1943 0 14 1943 0 31 1943 0 31 1943 0 14 1943 0 32 1943 0 448 1943 0 71 1943 0 14 1943 0 14 1943 0 71 1943 0 32 1943 0 32 1943 0 71 1943 0 33 1943 0 33 1943 0 71 1943 0 35 1943 0 35 1943 0 71 1943 0 38 1943 0 38 1943 0 71 1943 0 457 1943 0 38 1943 0 457 1943 0 268 1943 0 268 1943 0 457 1943 0 469 1943 0 268 1943 0 469 1943 0 39 1943 0 39 1943 0 469 1943 0 70 1943 0 39 1943 0 70 1943 0 42 1943 0 42 1943 0 70 1943 0 68 1943 0</p>
				</polylist>
			</mesh>
		</geometry>
	</library_geometries>
	<library_visual_scenes>
		<visual_scene id="ID1">
			<node id="ID2" name="身体.STEP">
				<translate sid="translate">0 0 -0</translate>
				<rotate sid="rotateY">0 1 0 -0</rotate>
				<rotate sid="rotateX">1 0 0 0</rotate>
				<rotate sid="rotateZ">0 0 1 -0</rotate>
				<scale sid="scale">1 1 1</scale>
				<node id="ID3" name="B3-21_J1____________-WF_ÉíÌå">
					<translate sid="translate">0 0 -0</translate>
					<rotate sid="rotateY">0 1 0 -0</rotate>
					<rotate sid="rotateX">1 0 0 0</rotate>
					<rotate sid="rotateZ">0 0 1 -0</rotate>
					<scale sid="scale">1 1 1</scale>
					<instance_geometry url="#ID4"/>
				</node>
				<node id="ID12" name="B3-22_J1________-WF_ÉíÌå">
					<translate sid="translate">-2e-13 -0.000132071 0</translate>
					<rotate sid="rotateY">0 1 0 -0</rotate>
					<rotate sid="rotateX">1 0 0 0</rotate>
					<rotate sid="rotateZ">0 0 1 -0</rotate>
					<scale sid="scale">1 1 1</scale>
					<node id="ID13" name="NONE_2__1_">
						<translate sid="translate">0 0 -0</translate>
						<rotate sid="rotateY">0 1 0 -0</rotate>
						<rotate sid="rotateX">1 0 0 0</rotate>
						<rotate sid="rotateZ">0 0 1 -0</rotate>
						<scale sid="scale">1 1 1</scale>
						<instance_geometry url="#ID14"/>
					</node>
					<node id="ID22" name="NONE_2__2_">
						<translate sid="translate">0 0 -0</translate>
						<rotate sid="rotateY">0 1 0 -0</rotate>
						<rotate sid="rotateX">1 0 0 0</rotate>
						<rotate sid="rotateZ">0 0 1 -0</rotate>
						<scale sid="scale">1 1 1</scale>
						<instance_geometry url="#ID23"/>
					</node>
				</node>
				<node id="ID31" name="B3-15_J1________-WF_ÉíÌå">
					<translate sid="translate">0 0 -0</translate>
					<rotate sid="rotateY">0 1 0 -0</rotate>
					<rotate sid="rotateX">1 0 0 0</rotate>
					<rotate sid="rotateZ">0 0 1 -0</rotate>
					<scale sid="scale">1 1 1</scale>
					<instance_geometry url="#ID32"/>
				</node>
			</node>
		</visual_scene>
	</library_visual_scenes>
	<scene>
		<instance_visual_scene url="#ID1"/>
	</scene>
</COLLADA>
