<?xml version="1.0" encoding="UTF-8"?>
<COLLADA xmlns="http://www.collada.org/2008/03/COLLADASchema" version="1.5.0">
	<asset>
		<contributor>
			<authoring_tool>Cinema 4D 2023.201 COLLADA Exporter</authoring_tool>
		</contributor>
		<created>2025-07-30T02:34:30Z</created>
		<modified>2025-07-30T02:34:30Z</modified>
		<unit meter="0.01" name="centimeter"/>
		<up_axis>Y_UP</up_axis>
	</asset>
	<library_geometries>
		<geometry id="ID4">
			<mesh>
				<source id="ID5">
					<float_array id="ID6" count="5985" digits="2490374">-3.71811 34.031 3.32294 -1.24954 34.9046 2.7045 -1.24954 35.0031 2.68713 -3.71811 33.97 3.31814 -3.76311 33.9943 4.07565 -3.71811 33.8818 3.29325 -3.03822 34.9173 2.77666 -3.71811 33.8018 3.24846 -3.71811 33.7155 3.16218 -3.71811 33.6601 3.05346 -3.71811 33.6458 2.99395 -3.71811 33.6422 2.90234 3.05 35.0042 3.26906 -3.71811 33.6601 2.81242 -3.71811 33.7155 2.7037 0.36 34.9043 2.7028 0.36 35.0042 3.26906 -3.76311 34.2675 4.05151 -3.71811 33.8018 2.61742 -1.08382 34.957 3.00176 -3.71811 33.854 2.58545 -3.71811 33.94 2.55372 -3.71811 34.031 2.54294 -3.71811 34.1803 2.57263 -3.71811 34.2602 2.61742 -3.71811 34.3465 2.7037 -3.71811 34.4019 2.81242 -1.115 34.9026 2.69311 -3.71811 34.4162 2.87193 -3.71811 34.4198 2.96354 -1.1688 34.9202 2.7927 -3.71811 34.4019 3.05346 -3.71811 34.1221 3.31216 -1.15302 34.9502 2.96284 -3.76311 34.5271 3.96302 -4.31811 33.9549 3.31545 -3.76311 34.7581 3.81525 -2.1688 34.9589 3.01238 -4.31811 33.8482 3.27741 -4.31811 33.7563 3.20972 -3.76311 33.7233 4.03405 -4.31811 34.1071 2.55043 -4.31811 34.3471 2.70454 -2.14501 34.9065 2.7152 -4.31811 34.3929 2.78747 -4.31811 34.4173 2.87943 -4.31811 34.4203 2.95583 -4.31811 34.3973 3.06681 -2.21172 34.9072 2.71929 -4.31811 34.2912 3.22347 -4.31811 34.1967 3.28601 -4.31811 34.0873 3.31885 -3.71811 34.2081 3.28043 -2.1936 34.9573 3.00335 -3.71811 34.2602 3.24846 -3.76311 33.4699 3.92908 -3.71811 34.3465 3.16218 -0.539687 34.957 3.00176 -3.71811 34.092 2.54774 -0.511809 34.9466 2.94257 -3.78811 33.3801 3.81969 -4.31811 33.9747 2.54703 -0.536486 34.9065 2.7152 -0.546 34.9043 2.7028 -0.566847 34.9026 2.69322 -0.570866 34.9026 2.69311 -0.592235 34.9045 2.70412 -4.31811 33.8654 2.57987 -0.624675 34.9202 2.7927 -0.628739 34.9317 2.85822 -0.619907 34.9438 2.92668 -0.608885 34.9502 2.96284 -4.31811 33.7708 2.64241 -4.31811 33.7191 2.69875 -3.78811 33.4912 3.89136 -4.31811 33.6647 2.79907 -4.31811 33.6417 2.91005 -4.31811 33.6447 2.98645 -4.31811 33.6692 3.07841 -4.31811 33.7149 3.16134 -4.31811 34.031 3.32294 -4.31811 34.3429 3.16713 -0.925564 34.9027 2.69363 -4.31811 34.3058 2.65616 -4.31811 34.2139 2.58847 -4.31811 34.031 2.54294 -3.76311 33.2488 3.76681 -4.31811 34.1364 2.47491 -4.31811 34.2365 2.51022 -0.981185 34.9328 2.86448 -0.991194 34.942 2.91641 -4.31811 34.326 2.56706 -4.31811 34.501 2.93885 -0.94843 34.9581 3.00802 -0.929069 34.9586 3.01091 -4.31811 34.4877 3.04409 -4.31811 34.4511 3.14368 -4.31811 34.3932 3.23253 -4.31811 34.1307 3.39226 -0.888846 34.928 2.83688 -3.78141 34.7465 3.80113 -4.31811 34.031 3.40294 -0.736133 34.9238 2.81312 -4.31811 33.9256 3.39097 -4.31811 33.8256 3.35566 -4.31811 33.736 3.29882 -0.719502 34.9075 2.72088 -4.31811 33.6615 3.22333 -4.31811 33.6057 3.13306 -4.31811 33.5717 3.03258 -0.684321 34.9052 2.70764 -0.683709 34.905 2.70666 -4.31811 33.561 2.92703 -0.682747 34.9046 2.70459 -0.682653 34.9045 2.70382 -0.683172 34.9044 2.70316 -0.684326 34.9044 2.70312 -0.685363 34.9044 2.70345 -0.68678 34.9046 2.70429 -0.696308 34.9047 2.70501 -4.31811 33.5743 2.82179 -4.31811 33.6109 2.7222 -0.780881 34.9025 2.6926 -0.784908 34.9018 2.68863 -0.790949 34.9031 2.69612 -4.31811 33.6689 2.63335 -4.31811 33.7453 2.55976 -0.802732 34.906 2.71252 -3.78141 34.5191 3.94653 -0.79699 34.9071 2.71838 -0.791471 34.9078 2.72286 -0.764324 34.9189 2.7858 -0.749184 34.9239 2.81408 -0.774127 34.9246 2.8179 -0.784476 34.9263 2.82744 -0.797306 34.9304 2.85101 -4.28811 34.1092 2.4391 -0.800501 34.9496 2.95938 -4.28811 34.2224 2.471 -4.28811 34.3249 2.52843 -4.28811 34.4355 2.63905 -4.28811 34.5065 2.77843 -4.28811 34.531 2.93294 -4.28811 34.5065 3.08745 -4.28811 34.4355 3.22683 -4.28811 34.3249 3.33745 -0.719799 34.9544 2.98703 -0.745157 34.9556 2.99358 -4.28811 34.258 3.37844 -4.28811 34.1477 3.41912 -4.31811 34.2258 3.36069 -4.31811 34.3167 3.30612 -0.782991 34.9311 2.85466 -4.31811 34.4903 2.8333 -4.31811 34.4563 2.73282 -0.745679 34.9267 2.82994 -4.31811 34.4006 2.64255 -4.28811 34.031 2.43294 -3.78811 33.9957 4.03237 -0.738898 34.9288 2.84155 -0.738555 34.9289 2.84204 -4.28811 33.9528 3.42678 -4.28811 33.8397 3.39488 -0.736767 34.9288 2.84158 -0.736224 34.9286 2.84059 -4.28811 33.6265 3.22683 -4.28811 33.5555 3.08745 -0.725307 34.9249 2.81966 -0.725543 34.9245 2.81709 -3.78811 34.1443 4.02709 -4.28811 33.531 2.93294 -1.63847 34.9538 2.98367 -1.67568 34.9258 2.82451 -1.68075 34.9197 2.79028 -1.68075 34.9178 2.77941 -4.28811 33.804 2.48744 -1.68575 34.9161 2.7695 -4.31811 34.031 2.46294 -4.31811 33.9314 2.47362 -4.31811 33.8363 2.50519 -1.6319 34.9589 3.01238 -3.78141 34.2637 4.03361 -3.78811 34.386 3.97409 -3.83811 34.2814 2.50015 -3.83811 34.3833 2.57809 -1.60423 34.9195 2.78881 -3.78811 34.5083 3.924 -1.32702 34.9127 2.75062 -3.83811 34.4363 2.64012 -3.83811 34.4949 2.74644 -3.83811 34.5267 2.99864 -3.83811 34.4941 3.12158 -3.83811 34.1032 3.4277 -3.83811 34.031 3.43294 -4.28811 34.031 3.43294 -3.78141 33.9949 4.05736 -3.83811 33.7806 3.36573 -3.83811 33.6788 3.28779 -1.22026 34.9045 2.704 -3.83811 33.6257 3.22576 -1.22187 34.9043 2.70251 -3.83811 33.5671 3.11944 -3.83811 33.5357 3.00154 -3.83811 33.5314 2.95248 -1.33664 34.9046 2.7045 -3.83811 33.8353 2.47284 -3.83811 33.9588 2.43818 -3.83811 34.031 2.43294 -1.30415 34.9309 2.85367 -4.28811 33.9143 2.44675 -4.28811 33.7371 2.52843 -4.28811 33.6265 2.63905 -4.28811 33.5555 2.77843 -4.28811 33.7371 3.33745 -1.27019 34.9499 2.96134 -3.78141 33.7282 4.01642 -3.78141 33.4789 3.91314 -3.78811 34.9126 3.59083 3.75 34.631 3.53294 3.52 34.631 3.53294 -3.78337 34.9296 3.60353 -1.81438 34.9547 2.98842 -1.81372 34.9569 3.00124 3.52 33.431 2.33294 3.75 33.431 3.53294 3.52 33.431 3.53294 -3.78141 33.2614 3.75346 -1.80947 34.9608 3.02293 3.52 34.631 2.33294 3.75 34.631 2.33294 3.75 33.0155 3.58294 -3.83811 34.2267 3.39304 -3.83811 34.3365 3.32877 -1.80097 34.909 2.72932 -1.7748 34.9129 2.75165 -1.77278 34.9114 2.7432 -3.73811 34.8503 3.73998 -1.97482 34.9612 3.02531 -1.97646 34.9594 3.01512 -3.83811 34.3994 3.27105 -1.98996 34.9574 3.00394 -3.83811 34.4308 3.23318 -3.83811 34.5306 2.9134 -3.83811 34.5263 2.86434 -3.83811 34.1641 2.45097 -3.83811 34.0802 2.43536 -1.98272 34.9646 3.04457 -3.83811 33.7255 2.53711 -1.97545 34.9624 3.03225 -3.73811 34.7326 3.84416 -3.83811 33.6627 2.59482 -1.23194 34.9044 2.70354 -3.83811 33.6312 2.6327 -3.83811 33.568 2.7443 -3.83811 33.5353 2.86724 -3.83811 33.8979 3.41491 -1.32702 35.0112 2.73326 -1.3089 35.019 2.7774 -3.83811 33.9818 3.43052 -1.26617 35.0508 2.95785 -1.26415 35.0521 2.96527 -3.73811 34.5742 3.94655 -1.28377 35.058 2.99847 -1.28377 35.0542 2.97717 -1.30042 35.0319 2.85078 -3.83811 34.2933 2.3933 -3.83811 34.4076 2.46586 -1.36484 35.0049 2.69756 -3.83811 34.5028 2.56222 -3.83811 34.631 2.94048 -3.83811 34.614 3.07484 -3.83811 34.5673 3.20197 -1.23194 35.0029 2.68618 -3.83811 34.1582 3.5193 -1.22101 35.0028 2.68549 -3.83811 34.031 3.53294 -3.83811 33.8964 3.51766 -1.22081 35.0032 2.68769 -3.83811 33.4881 3.18841 -1.23238 35.0055 2.70101 -1.23947 35.0069 2.7085 -1.24245 35.0069 2.7085 -1.24752 35.0065 2.70652 -3.83811 33.4447 3.06014 -1.28071 35.0062 2.70454 -3.73811 34.4013 4.02169 -3.83811 33.4311 2.9254 -1.29182 34.9048 2.70553 -1.29182 35.0033 2.68816 -1.33664 35.0031 2.68713 -3.73811 34.0305 4.08294 -3.83811 33.448 2.79104 -3.83811 33.4947 2.66391 -3.83811 33.7824 2.38688 -3.83811 33.9038 2.34658 -3.83811 34.031 2.33294 3.79551 34.6603 2.30364 -3.03822 34.7167 3.85613 3.78862 34.6493 3.55118 3.8 34.681 3.58294 3.78195 34.9434 3.61383 -3.03822 33.5213 3.9638 3.77059 33.4266 3.53737 3.78862 33.4128 3.55118 3.8 33.381 3.58294 3.77059 34.6354 3.53737 3.75 33.9851 4.08202 3.75 33.431 2.33294 3.77059 33.4266 2.3285 3.78862 33.4128 2.3147 -3.73811 33.4869 3.94606 3.8 33.381 2.28294 -3.73811 33.3286 3.84353 -2.9 34.9173 2.77666 3.75189 34.631 2.3329 -3.73811 33.1953 3.7229 3.76723 34.6341 2.32988 -2.9 33.1447 3.08922 -2.9 33.0613 2.61652 3.78176 34.6424 2.32156 -3.73811 33.0823 3.58294 3.75 33.7979 4.05907 -3.78811 33.7469 3.51755 -2.9 34.834 2.30395 -3.78811 33.5713 3.39247 3.75 33.617 4.00584 2.75 33.2091 2.59047 -2.75 33.2091 2.59047 -2.75 34.6863 2.33 -3.78811 33.481 3.27929 3.75 33.4473 3.92378 -3.78811 33.4175 3.14767 2.9 34.9173 2.77666 2.9 34.834 2.30395 -3.78811 33.3994 3.08628 3.8 33.2547 3.71225 3.05 34.9173 2.77666 -3.78811 33.3886 3.0317 -3.78811 33.381 2.9352 -3.78811 33.3966 2.79124 3.8 33.3669 3.80981 3.05 35.0473 3.5816 -3.78811 33.4443 2.65311 3.05 35.1377 3.24551 -3.78811 33.4747 2.59676 -3.78811 33.5055 2.55041 3.05 33.1447 3.08922 -3.78811 33.5681 2.47662 -3.78811 34.031 2.28294 3.05 33.2247 3.75287 3.05 33.3744 3.87709 3.05 33.5321 3.96909 -3.83811 33.6663 2.45655 -3.83811 33.5687 2.55049 -3.83811 33.5592 3.30366 -3.83811 33.6544 3.40002 3.05 34.8433 3.74702 -3.83811 33.7687 3.47258 -3.53581 34.6654 3.89211 -3.78811 34.3151 2.34833 -3.48428 34.6983 3.86951 -3.78811 34.681 2.93068 -3.78811 34.4939 3.38926 -3.78811 34.3814 3.48042 -3.03822 35.0042 3.26906 -3.78811 34.2502 3.54485 0.36 35.1026 3.2517 1.16 35.1026 3.2517 -3.78811 34.1423 3.57335 3.8 33.4912 3.89136 1.16 34.9043 2.7028 1.16 35.0042 3.26906 -3.78811 34.031 3.58294 1.16 35.0028 2.68543 3.8 33.61 3.94918 -3.83811 34.2796 3.479 -3.83811 34.3958 3.40933 -3.83811 34.4933 3.31539 -3.83811 34.6174 2.80574 -3.39622 34.6597 3.53288 -3.83811 34.5739 2.67747 -3.83811 34.1656 2.34822 1.6925 34.1819 2.09398 1.63553 34.1084 2.10694 1.61208 34.0644 2.11471 1.59617 34.0243 2.12178 -1.05594 34.9466 2.94257 -1.07133 34.954 2.98442 1.57875 33.9516 2.1346 -1.10441 34.9589 3.01238 -1.10441 35.0574 2.99502 -1.08888 35.0562 2.98855 1.57775 33.8399 2.1543 -1.05183 35.0416 2.90546 -1.04698 35.0283 2.82991 3.8 34.5083 3.924 1.60731 33.7306 2.17357 -1.11098 34.9026 2.69322 -1.09013 34.9043 2.7028 -1.08062 34.9065 2.7152 -1.05452 34.9181 2.78107 -1.04698 34.9298 2.84728 1.7249 33.5723 2.20148 2 33.5309 2.25955 -1.07907 35.0054 2.70016 -1.08911 35.0031 2.68694 -1.10298 35.0015 2.67788 1.94125 33.5355 2.25875 3.8 34.6237 3.85961 1.85628 33.5591 2.25459 1.69616 33.6834 2.23267 -1.14733 34.9072 2.71929 -1.13636 34.9045 2.70412 1.64282 33.7865 2.21449 -1.115 35.0011 2.67575 -1.13399 35.0027 2.68487 -1.14703 35.0056 2.70138 1.62906 33.8429 2.20454 1.64282 34.0151 2.17418 1.69616 34.1182 2.156 1.77925 34.2 2.14157 -1.12102 34.9583 3.00911 -1.12921 34.9573 3.00335 1.8295 34.2303 2.13623 -1.16404 34.9438 2.92668 -1.17287 34.9317 2.85822 -1.17287 35.0302 2.84085 -1.16429 35.042 2.90799 -1.14071 35.0532 2.97135 -3.5719 34.5569 3.551 2.06453 33.4778 2.21814 2.3075 33.6022 2.1962 2.36447 33.6757 2.18324 2.34376 34.1392 2.10153 -2.12033 34.9466 2.94257 -2.13572 34.954 2.98442 -2.14821 34.957 3.00176 2.2751 34.2118 2.08871 -2.1688 35.0574 2.99502 -2.15327 35.0562 2.98855 2 34.2706 2.12912 2.05875 34.2661 2.12992 2.14372 34.2425 2.13408 -3.59084 34.5081 3.55961 -2.17939 34.9026 2.69311 -2.17537 34.9026 2.69322 -2.15452 34.9043 2.7028 2.30384 34.1182 2.156 -2.11892 34.9181 2.78107 -2.11137 34.9298 2.84728 2.30384 33.6834 2.23267 -2.11907 35.0164 2.76285 2.08767 33.5411 2.25775 -2.15351 35.0031 2.68694 -2.16737 35.0015 2.67788 -2.17939 35.0011 2.67575 3.8 34.7047 3.80248 2 33.473 2.21899 -2.2332 34.9202 2.7927 0.709678 34.2565 2.08083 -2.20076 34.9045 2.70412 0.63116 34.1926 2.0921 0.54778 34.0708 2.11359 0.531282 34.0292 2.12092 -2.21142 35.0056 2.70138 0.513218 33.9538 2.13422 0.51218 33.838 2.15463 -2.23726 34.9317 2.85822 0.542834 33.7246 2.17462 -2.18542 34.9583 3.00911 0.717584 33.5226 2.21024 -2.21741 34.9502 2.96284 -2.22843 34.9438 2.92668 0.813272 33.4789 2.21795 -2.23726 35.0302 2.84085 -2.22869 35.042 2.90799 0.800275 33.5448 2.2571 0.720029 33.5891 2.2493 0.577899 34.0198 2.17334 0.720029 34.2125 2.13937 0.772376 34.2441 2.1338 0.858665 34.2754 2.12827 -3.59622 33.9129 4.07685 -0.527202 34.954 2.98442 1.26884 33.5915 2.19809 -0.560275 34.9589 3.01238 -0.560275 35.0574 2.99502 -0.54475 35.0562 2.98855 1.32791 33.6678 2.18465 -0.5077 35.0416 2.90546 1.36872 33.755 2.16927 -3.59622 34.0773 4.08201 1.38678 33.8304 2.15597 1.38782 33.9462 2.13555 1.35717 34.0596 2.11556 1.08673 34.3053 2.07223 -0.510394 34.9181 2.78107 -0.502849 34.9298 2.84728 0.95 34.2861 2.12639 -0.510543 35.0164 2.76285 1.17997 34.2125 2.13937 1.33643 33.961 2.18371 -0.558849 35.0015 2.67788 1.34004 33.8705 2.19966 -3.59622 34.2407 4.06365 1.17997 33.5891 2.2493 0.95 33.4575 2.22172 -0.603196 34.9072 2.71929 -3.59622 34.3902 4.02539 -0.68 34.286 2.07563 -0.695834 34.363 2.06207 -0.589856 35.0027 2.68487 -0.6029 35.0056 2.70138 -0.623804 35.0176 2.76958 -0.742172 34.4287 2.05047 -0.81627 34.4284 2.1013 -0.740013 34.3478 2.11552 -0.576895 34.9583 3.00911 -0.585079 34.9573 3.00335 -0.730131 34.3009 2.12379 -3.59622 34.5333 3.96746 -0.68 33.4982 2.21455 -0.73 34.2947 2.12487 -0.620165 35.042 2.90799 -0.596577 35.0532 2.97135 -0.587362 35.0554 2.98379 -0.574587 35.0569 2.99255 -3.59622 34.4628 3.56761 -0.73 33.5069 2.26379 -0.899834 34.9262 2.82701 -0.744212 33.4441 2.27486 -0.784154 33.3932 2.28383 -0.88 33.3012 2.24928 -0.775136 33.3305 2.24413 -0.734445 33.3631 2.23838 -0.87192 34.9173 2.77649 -0.881249 34.923 2.80879 -3.59622 33.8423 3.677 -0.88 33.3591 2.28984 3.8 34.8158 3.70369 -0.871643 35.0137 2.74755 -1.18373 33.3731 2.28737 -3.59038 33.7951 3.68533 -1.23538 33.4125 2.28044 -0.905148 34.9034 2.69777 -0.881486 34.9076 2.72153 -0.872688 34.9123 2.74812 -0.872688 35.0108 2.73076 -0.883787 35.0055 2.70066 -0.907775 35.0017 2.67929 -1.26987 33.5007 2.26488 3.7933 34.7465 3.80113 -1.27 33.5069 2.26379 -0.975028 34.9108 2.73932 -0.959867 34.9056 2.70984 -1.30417 33.4212 2.22812 -1.25783 33.3554 2.23972 -0.948008 35.0023 2.6829 -1.20537 33.32 2.24596 -1.12 33.3012 2.24928 -3.45695 33.6547 3.71009 3.7933 34.5191 3.94653 -0.974019 34.9206 2.79522 -0.977919 34.9159 2.76847 -0.977919 35.0144 2.7511 -0.973091 35.0196 2.78053 -1.32 33.4982 2.21455 3.7933 34.2637 4.03361 -0.951219 34.9262 2.82701 -0.95726 34.9255 2.82304 -1.27 34.2947 2.12487 -1.32 34.286 2.07563 3.7933 33.9949 4.05736 -0.988956 34.9475 2.94746 3.7933 33.7282 4.01642 -1.17802 34.4745 2.04239 -1.26555 34.4211 2.05181 -1.30597 34.3585 2.06285 -1.21585 34.4083 2.10484 -1.17388 34.4326 2.10057 3.7933 33.4789 3.91314 -3.58302 33.8385 4.06671 -0.88 34.483 2.0409 3.7933 33.2614 3.75346 -0.977756 34.9533 2.98055 1.42109e-15 34.3786 2.05932 -0.181311 34.3447 2.06528 -0.977384 35.0519 2.96382 -0.468751 34.0456 2.11803 -0.929069 35.0571 2.99355 -3.76311 34.985 3.58516 -0.488974 33.9611 2.13292 -0.873414 34.9513 2.96937 -0.890821 34.9558 2.99503 -0.493957 33.8964 2.14433 -0.484904 33.7993 2.16146 -0.899438 35.0555 2.98454 -0.878434 35.0515 2.96183 -0.455819 33.7046 2.17815 -3.78141 34.9768 3.5688 -0.893793 34.9271 2.83193 -0.399022 33.6053 2.19567 -0.8677 34.934 2.87127 -0.862097 34.9407 2.90926 -0.319321 33.5209 2.21054 -0.255716 33.4758 2.2185 -0.0694532 33.4689 2.27048 -3.77006 34.9434 3.61383 -0.260963 33.547 2.25671 -0.72957 34.9242 2.81555 -0.359184 33.6438 2.23965 -0.43851 33.8324 2.20639 3.775 34.7581 3.81525 -0.76231 34.9139 2.75708 -0.442607 33.9351 2.18829 -0.736133 35.0222 2.79576 -0.76231 35.0124 2.73972 -0.359184 34.1578 2.14902 -0.103644 34.3259 2.11937 3.775 34.5271 3.96302 0.356939 33.5556 2.20442 0.468751 33.7386 2.17216 -3.78811 34.9598 3.54949 0.488974 33.823 2.15727 -0.778419 34.9065 2.71493 -0.778419 35.0049 2.69756 0.493957 33.8877 2.14586 3.775 34.2675 4.05151 0.484904 33.9849 2.12872 -0.734567 34.9071 2.71838 0.399022 34.1789 2.09452 0.106724 34.3672 2.06132 3.775 33.9943 4.07565 2.85587e-16 34.338 2.11724 0.359184 34.1578 2.14902 -0.719502 35.006 2.70351 0.359184 33.6438 2.23965 -3.76785 35.0328 3.57073 0.103644 33.4756 2.2693 -0.702871 34.9083 2.72536 -0.702871 35.0068 2.70799 -0.697874 35.0071 2.70997 -0.697874 34.9086 2.72734 -0.68527 34.9054 2.70898 1.42109e-15 33.4056 2.23087 -2 34.339 2.11706 -2 34.3796 2.05914 3.775 33.7233 4.03405 -2.18169 34.3457 2.06512 -2.2696 34.3009 2.073 -2.48591 33.7991 2.1615 -2.45676 33.7042 2.17822 -2.25625 33.4749 2.21865 -2.18127 33.4385 2.22508 -2.10694 33.416 2.22904 -0.683298 34.9049 2.70588 -2.02324 33.4051 2.23095 -2 33.4046 2.23105 -2.06961 33.4679 2.27066 -2.26156 33.5462 2.25685 -2.43952 33.8322 2.20642 -2.44363 33.9352 2.18827 -0.682765 35.0031 2.68727 -0.682647 35.003 2.68674 -2.26156 34.2553 2.13182 -0.683079 35.0029 2.68585 -2.10388 34.3269 2.1192 -0.684269 35.0029 2.68574 3.775 33.4699 3.92908 -0.696308 35.0032 2.68765 -3.73811 34.9907 3.58983 -1.81831 33.4385 2.22507 -1.7304 33.4833 2.21718 -1.64232 33.5549 2.20454 -1.54878 33.6916 2.18044 -3.73811 34.9564 3.61597 -1.51409 33.9851 2.12869 -0.712417 34.9046 2.7045 -1.54324 34.08 2.11197 -0.775884 35.0018 2.67971 -3.73811 34.9527 3.62073 -1.60015 34.1795 2.09442 -0.775884 34.9033 2.69708 -1.74375 34.3093 2.07153 -1.81873 34.3457 2.06511 -3.78276 35.0328 3.55304 -1.93039 34.3336 2.11801 -1.73844 34.2553 2.13182 -0.780881 35.001 2.67523 -1.57678 34.0362 2.17046 -1.55637 33.8664 2.2004 -1.57678 33.7654 2.21821 -1.63999 33.6432 2.23975 -1.89612 33.4746 2.26947 3.775 33.2488 3.76681 -3.76284 35.044 3.57459 -0.939439 34.9065 2.71548 -0.95233 34.9083 2.72513 -0.960766 34.9113 2.74217 -0.963204 34.9172 2.77599 -0.906334 34.9242 2.81568 -0.907097 34.9067 2.71656 -0.802002 34.9063 2.71417 -0.923551 34.9059 2.71199 -0.802488 34.9057 2.71094 -0.80057 34.9052 2.70802 -0.80057 35.0037 2.69066 -0.802025 35.0041 2.69269 -0.802604 35.0043 2.69385 -0.802832 35.0045 2.69508 -0.801888 35.0048 2.69695 -0.80037 35.0051 2.69843 3.51168 34.6352 3.5372 3.6018 34.5997 3.9325 -0.928025 34.9278 2.83589 -0.947014 34.9288 2.84146 -0.950701 34.9545 2.9873 -0.791471 35.0063 2.70549 -0.930039 34.9554 2.99255 -3.74657 35.0328 3.57982 -0.58553 34.9073 2.71969 -0.595501 34.9099 2.73422 -0.764324 35.0174 2.76844 -0.595457 34.9498 2.96101 -0.548346 34.9548 2.98895 -0.522572 34.9197 2.79004 -0.548731 34.9078 2.72247 -0.560111 34.9062 2.71369 3.49728 34.7008 3.86775 -0.80661 34.9413 2.91228 -2.20402 34.9099 2.73422 -2.20398 34.9498 2.96101 -2.19344 34.9532 2.98003 -2.18613 34.9546 2.98811 -0.749184 35.0224 2.79671 -2.17661 34.9556 2.99351 -0.778579 35.0237 2.80397 -2.15687 34.9548 2.98895 -2.1493 34.9099 2.7345 3.44584 34.7146 3.85772 -2.17887 34.9058 2.71096 -0.776624 34.957 3.00176 -1.12966 34.9073 2.71969 -1.13959 34.9498 2.96101 -1.12904 34.9532 2.98003 -0.801249 35.0475 2.93917 -0.782084 35.0546 2.97919 -1.11222 34.9556 2.99351 -1.09248 34.9548 2.98895 3.775 33.7486 1.7677 -1.06351 34.9417 2.91479 -0.703185 34.9553 2.99189 -0.717251 34.9577 3.00569 -0.746201 34.9588 3.01187 -0.746201 35.0573 2.9945 -1.08491 34.9099 2.7345 -1.09286 34.9078 2.72247 -1.10424 34.9062 2.71369 3.775 33.482 1.86702 -0.686762 34.9419 2.91573 -0.687284 34.9453 2.93504 3.775 33.2464 2.02633 3.21708 33.9543 2.84492 3.775 33.0549 2.23667 3.19876 33.9979 2.83724 3.20252 34.0448 2.82896 3.26833 34.1096 2.81753 3.3 34.1146 2.81666 3.775 32.9184 2.4862 3.34653 34.1036 2.8186 3.40124 34.0294 2.83167 -0.699693 34.949 2.95617 -0.692281 34.9419 2.91573 -0.692281 35.0403 2.89836 -0.69963 35.0475 2.93912 3.775 32.8444 2.76087 -0.723542 35.0533 2.97192 -1.12 33.3591 2.28984 3.775 32.8373 3.04523 -0.88 33.373 2.36863 -0.792323 34.9421 2.91682 -0.783659 34.9504 2.96431 -0.771555 34.9538 2.98328 -1.12 33.373 2.36863 -0.745157 35.0541 2.97622 3.775 32.8973 3.32326 -0.873744 33.3593 2.28982 -0.791091 35.0431 2.9138 -0.826116 33.369 2.2881 3.7933 33.7529 1.78548 -0.73 33.5207 2.34258 -0.763057 34.9268 2.83055 -0.735337 33.4817 2.34946 -0.790949 34.9365 2.88547 -0.790949 35.035 2.8681 3.7933 33.4904 1.88329 -0.73 34.3086 2.20366 3.7933 33.2584 2.04017 3.7933 33.0698 2.2473 -0.764615 34.3891 2.10823 -0.753734 34.9266 2.82899 -0.820863 34.4443 2.17972 -0.771306 34.4104 2.18571 3.7933 32.9353 2.49302 3.7933 32.8625 2.7635 -0.88 34.4424 2.09883 -0.745679 35.0252 2.81258 -1.12 34.4563 2.17761 -0.742174 34.9279 2.83641 -0.88 34.4563 2.17761 3.7933 32.8555 3.04351 -1.12 34.4424 2.09883 -0.737248 34.9289 2.84205 -0.738069 34.9289 2.84237 -1.12626 34.4423 2.09885 -1.25579 34.3575 2.11381 -0.739353 34.9287 2.84094 -0.739836 34.9286 2.84033 -1.26466 34.3476 2.19677 -0.742174 35.0264 2.81904 -0.740613 35.0268 2.82171 -1.23779 34.4 2.18753 3.7933 32.9146 3.3173 3.415 34.7167 3.85613 -1.25999 33.4538 2.27315 -1.25549 33.4574 2.35375 3.615 34.5333 3.96746 1.91233 34.2604 2.13092 3.49385 33.6613 3.70892 -0.726512 34.9253 2.82201 -0.734567 34.928 2.83736 1.6256 33.9298 2.18922 1.77925 33.6016 2.24709 3.8 32.8881 3.10451 1.82421 33.5999 2.3997 1.73949 33.6604 2.38903 1.7093 33.6927 2.38335 1.66698 33.7558 2.37221 1.64445 33.8077 2.36306 -0.725543 35.0229 2.79972 3.415 33.6454 3.71173 1.62626 33.8904 2.34848 1.81247 34.2475 2.28551 3.8 32.883 2.79966 2.1705 33.5712 2.25244 2.22075 33.6016 2.24709 2.35718 33.7865 2.21449 -1.60625 34.9259 2.82546 -1.60625 35.0244 2.8081 2.3744 33.8718 2.19945 3.8 32.9106 2.6494 2.37094 33.9586 2.18413 2.35718 34.0151 2.17418 2.22075 34.2 2.14157 2.07314 34.2896 2.27809 3.8 32.9578 2.5041 2.26051 34.1932 2.29508 2.2907 34.161 2.30077 2.33302 34.0978 2.3119 2.37374 33.9632 2.33563 3.8 33.0238 2.36629 2.322 33.7365 2.37562 2.2656 33.6653 2.38816 2 33.557 2.40727 3.8 33.1073 2.23838 1.0262 34.3047 2.27542 -1.68023 34.9165 2.77192 1.13313 34.2674 2.28201 -1.68075 35.0163 2.76205 1.25285 34.1708 2.29904 3.415 33.7024 4.03499 1.29693 34.105 2.31064 1.3204 34.0509 2.32017 1.3241 33.814 2.36195 1.28545 33.7285 2.37702 3.8 33.3211 2.021 1.10543 33.5732 2.4044 1.04134 33.5261 2.2604 1.12762 33.5575 2.25487 -1.70141 35.0203 2.78482 3.8 33.4476 1.93532 1.26653 33.6743 2.23427 -1.70141 34.9218 2.80218 1.3221 33.7817 2.21533 -1.68732 35.0261 2.81757 1.3221 34.0198 2.17334 -1.64503 34.9589 3.01238 -1.68732 34.9276 2.83494 1.26653 34.1273 2.1544 -1.64503 35.0574 2.99502 3.8 33.5843 1.86708 1.09972 34.2568 2.13157 1.01121 34.2813 2.12723 3.8 33.7288 1.81747 0.8738 33.5489 2.40869 0.766871 33.5863 2.4021 -1.59111 34.9258 2.82451 0.562248 33.9782 2.33299 0.575904 34.0397 2.32216 -1.59111 35.0243 2.80714 3.44138 33.7043 4.03554 0.730043 34.2455 2.28587 0.794569 34.2804 2.27971 0.870634 34.3041 2.27553 0.633472 34.1273 2.1544 3.55459 33.7629 4.05125 0.559956 33.931 2.189 -1.57806 34.9183 2.78235 0.563567 33.8405 2.20496 0.577899 33.7817 2.21533 3.59922 33.8318 4.06555 0.633472 33.6743 2.23427 -1.57455 34.9172 2.77589 0.888795 33.5202 2.26144 0.95 33.5155 2.26227 3.78195 34.031 1.73879 -0.388721 33.659 2.3182 -1.57754 34.9162 2.77045 -1.57754 35.0147 2.75309 -0.368849 33.6565 2.31864 -0.41971 33.6576 2.38953 -0.434124 33.6312 2.39418 2.51536e-16 33.4635 2.27143 0.201561 33.5112 2.26303 0.260963 33.547 2.25671 0.422246 33.7657 2.21816 -1.33911 34.9077 2.7219 0.442607 33.8665 2.20038 0.43851 33.9692 2.18227 -1.33911 35.0062 2.70454 3.615 33.9129 4.07685 -1.28071 34.9077 2.7219 0.422246 34.0359 2.17051 0.260963 34.2545 2.13196 0.169902 34.3047 2.12311 3.75 33.8456 1.7416 -1.25655 34.9078 2.72286 0.0694532 34.3326 2.11819 -1.77636e-16 34.3641 2.26496 -1.25655 35.0063 2.70549 3.75 33.6653 1.78406 -1.24752 34.908 2.72389 0.343662 34.2036 2.29324 0.370694 34.1675 2.29962 0.439823 33.9865 2.33153 0.2496 33.5652 2.40581 -1.24245 34.9084 2.72587 0.176377 33.5256 2.41281 0 33.4896 2.41915 3.75 33.4933 1.85381 -0.34603 33.6407 2.32142 -1.23947 34.9084 2.72587 -0.443874 33.9053 2.27477 -0.431023 34.0195 2.25463 -0.397899 34.1086 2.23892 3.75 33.334 1.94912 -1.23238 34.9071 2.71838 -0.274179 34.2708 2.28141 -0.201561 34.2904 2.12564 -0.260963 34.2545 2.13196 -0.422246 34.0359 2.17051 -1.22187 34.905 2.70648 -0.422246 33.7657 2.21816 -0.169902 33.4968 2.26556 -1.22187 35.0034 2.68911 -3.33475 33.9237 2.85032 -0.0777893 33.4964 2.41796 -1.22057 34.9044 2.7032 -0.385 34.1824 2.29699 -1.22045 34.9046 2.70459 -1.221 34.9048 2.7054 -0.34603 34.2008 2.29375 -0.34603 34.1886 2.22482 -0.363394 34.1751 2.22721 -1.22037 35.003 2.68688 -1.22037 35.0029 2.68616 -0.385 34.1702 2.22806 -0.404712 34.1742 2.22735 3.75 33.0684 2.20689 3.75 32.9684 2.36323 -1.91319 34.3566 2.26627 -1.22187 35.0027 2.68515 -1.6393 34.1835 2.2968 3.75 32.8936 2.53307 -1.58712 34.0903 2.31323 -1.55515 33.9155 2.34405 -1.66257 33.6411 2.39243 -2 33.4886 2.41933 -3.37114 33.9543 2.84492 -1.36484 34.9065 2.71493 -1.34716 34.902 2.68966 -1.34716 35.0005 2.6723 -1.79797 33.5103 2.26319 -3.38945 33.9979 2.83724 -1.73844 33.5462 2.25685 -1.56048 33.9693 2.18225 -1.63999 34.1584 2.14891 -1.35275 35.0069 2.7085 -1.82971 34.3057 2.12294 3.75 32.8346 3.08233 -2.08681 33.497 2.41784 -1.35275 34.9084 2.72587 -2.14937 33.514 2.41485 -1.33608 35.0135 2.74643 -2.31351 33.6158 2.3969 -2.3607 33.6702 2.38731 3.75 32.8717 3.26419 -2.41288 33.7634 2.37088 -1.28377 34.9558 2.99454 -2.42897 34.0434 2.3215 -2.29164 34.2578 2.28369 -2.12095 34.3486 2.26769 -2.20203 34.2912 2.12548 -1.28377 34.9595 3.01583 -2.36001 34.1584 2.14891 -1.28026 35.0583 3.00045 -2.42322 34.0362 2.17046 -2.42322 33.7654 2.21821 -1.28026 34.9599 3.01782 -2.36001 33.6432 2.23975 -2.17029 33.4959 2.26573 3.75 32.932 3.42881 -2 33.4625 2.27161 -1.26415 34.9537 2.98264 -3.3857 34.0448 2.82896 -3.31989 34.1096 2.81753 -3.28822 34.1146 2.81666 -3.24168 34.1036 2.8186 -1.26617 34.9523 2.97522 -3.20529 34.073 2.824 -1.27019 35.0484 2.94397 -3.18698 34.0294 2.83167 -3.19073 33.9825 2.83996 -3.21574 33.9423 2.84704 3.79212 33.0282 3.55989 3.76907 33.0176 3.57913 3.775 35.23 2.92705 3.7725 33.0851 3.57756 -1.3089 34.9205 2.79476 3.78942 33.0925 3.56369 3.775 35.1988 2.66122 3.8 34.681 2.28294 3.775 35.1094 2.40893 3.8 33.1091 3.53294 3.8 33.1877 3.63918 -1.81007 35.001 2.67523 3.775 34.9663 2.18276 3.8 33.7032 3.98297 -1.81007 34.9025 2.6926 3.8 33.8478 4.01758 3.8 33.9957 4.03237 -1.81559 34.9025 2.6926 3.8 34.1278 4.02867 3.8 34.2261 4.0155 -1.81559 35.001 2.67523 3.8 34.3703 3.97931 3.775 34.7766 1.99396 3.8 35.1567 3.19433 3.8 35.1591 3.18377 -1.80994 34.9607 3.02277 -1.8112 34.9603 3.02042 -1.81201 34.9597 3.01698 -1.813 34.9584 3.00966 3.8 35.1801 3.05629 3.8 35.1846 2.86267 -1.81507 34.9489 2.9559 3.8 35.1566 2.67103 -1.81439 35.053 2.97013 -1.81355 35.0558 2.98591 -1.81285 35.0572 2.99376 3.8 34.6979 1.98912 3.8 34.4116 1.84171 -1.81081 35.059 3.00412 3.8 34.224 1.79348 3.8 34.031 1.77726 3.8 33.8786 1.78735 3.775 34.5497 1.85196 -1.805 34.9598 3.01738 -1.80858 34.9607 3.02281 3.8 33.207 2.12261 3.8 32.8755 2.95225 3.775 34.297 1.76383 -1.80254 34.9586 3.01091 3.8 32.9207 3.25376 3.8 32.9728 3.39741 3.8 33.0433 3.53294 3.7933 35.2117 2.92714 -1.79695 34.9555 2.99307 -3.78811 33.1091 3.53294 -3.78017 33.0945 3.55997 -3.75711 33.0843 3.57916 -3.76069 33.0185 3.57752 -1.80053 34.9433 2.92366 -3.7776 33.0262 3.56361 3.7933 35.181 2.66537 -3.78811 33.9198 2.29253 -3.78811 33.8118 2.32102 -3.78811 33.6806 2.38546 -3.78811 33.6446 3.45564 -1.80053 35.0417 2.9063 -3.78811 33.6908 3.48677 3.7933 35.093 2.41693 -3.78811 33.8852 3.56638 -3.78811 34.5565 3.31547 -3.78811 34.5873 3.26912 -3.78811 34.6177 3.21277 3.7933 34.952 2.19421 -3.78811 34.6654 3.07464 -3.78811 34.6735 2.83418 -3.78811 34.6627 2.7796 -3.78811 34.6445 2.71821 3.7933 34.7652 2.0083 -1.80403 34.9044 2.70354 -3.78811 34.581 2.58658 -1.77278 35.0099 2.72584 -1.80403 35.0029 2.68618 3.7933 34.5418 1.86846 -3.78811 34.4907 2.47341 -1.98308 34.9578 3.00617 -3.78811 34.4174 2.41024 -3.78811 34.3713 2.37911 -1.97482 35.0597 3.00794 -1.97692 35.0577 2.99665 -3.78811 34.1768 2.2995 3.7933 34.2929 1.78167 -3.36069 34.085 2.82187 -3.78811 32.883 2.79966 -2.00482 34.9615 3.02725 -2.00127 34.9589 3.0126 -3.78811 33.207 2.12261 -1.98996 35.0559 2.98657 -1.99789 35.0566 2.99078 -3.78811 33.7288 1.81747 -2.00301 35.0616 3.01881 3.8 34.531 1.891 -1.98996 34.9649 3.04661 -1.99868 34.9642 3.04236 -2.00301 34.9631 3.03618 -3.78811 33.8786 1.78735 -3.78811 34.333 1.8174 -3.78811 34.4774 1.86693 -3.78811 34.7404 2.02058 -3.78811 34.8544 2.12203 -3.78811 35.1866 2.95064 -1.97908 34.9639 3.04088 -3.78811 35.1741 3.10278 -3.78811 34.8273 3.69181 -1.98996 35.0634 3.02924 -3.78811 34.7558 3.76043 -1.97887 35.0623 3.02315 -3.78811 34.6376 3.8506 -3.78811 34.2908 4.00182 -3.78811 33.8641 4.02021 -3.78811 33.7669 4.00076 3.24804 34.1844 1.73706 -3.78811 33.6253 3.9554 -3.78811 33.3029 3.75748 -3.78811 33.1984 3.65177 -3.25654 33.9176 2.85139 -3.03822 33.9625 1.92959 -3.03374 33.4554 2.06176 -3.02244 33.3327 2.1197 2.92062 34.8521 2.05009 2.85 34.859 2.05652 -3.00433 33.2482 2.16865 -2.92255 34.8491 2.04732 -2.98429 33.1965 2.20338 3.8 34.8462 2.11374 1.98002 33.4735 2.21891 1.86813 33.4936 2.21536 -3.19745 34.54 1.83998 1.77585 33.5358 2.20793 -3.23445 34.2397 1.74546 -3.23815 34.0302 1.72726 -3.73811 34.0302 1.72726 1.65624 33.645 2.18866 1.76822 34.2436 2.08312 1.8438 34.282 2.07634 -3.73811 34.5684 1.85365 -3.73811 34.7276 1.94886 -3.73811 34.8703 2.06736 -3.73811 34.9932 2.20634 1.93547 34.3063 2.07205 2 34.3112 2.0712 2.01998 34.3107 2.07128 -3.73811 35.2361 2.89579 -3.73811 35.2276 3.08108 -3.73811 35.1907 3.26287 -3.73811 35.1306 3.42746 2.13187 34.2906 2.07483 -3.03822 35.0473 3.5816 -3.03822 35.1581 3.36112 2.22415 34.2484 2.08226 2.39269 34.0536 2.11661 3.75 35.0473 3.5816 3.75 35.132 3.42436 3.75 35.1925 3.25634 2.42225 33.9443 2.13589 3.75 35.208 3.19463 2.42125 33.8326 2.15558 2.40383 33.7599 2.16841 3.75 35.2142 2.70105 3.75 35.1644 2.5216 3.75 35.0875 2.35197 2.38792 33.7198 2.17548 2.23178 33.5406 2.20707 2.1562 33.5022 2.21385 3.8 34.9325 2.20985 0.929287 33.458 2.22163 0.664763 33.5605 2.20355 0.593569 33.6359 2.19027 3.8 35.0406 2.37054 -3.73811 35.0473 3.5816 0.572093 34.1164 2.10554 0.788042 34.2964 2.0738 0.883093 34.3216 2.06936 3.8 35.1204 2.54703 -3.03822 35.0328 3.58054 -3.73811 35.0328 3.58054 0.95 34.3266 2.06847 0.970713 34.3262 2.06856 1.18242 34.2616 2.07995 1.23524 34.2236 2.08663 -3.03822 34.988 3.59114 -3.28822 33.9127 2.85226 -3.03822 33.7024 4.03499 -3.39622 33.7024 4.03499 -3.42706 33.7049 4.03575 -3.47849 33.7213 4.04046 -3.5422 33.7698 4.05289 1.30643 34.1483 2.09992 1.35222 33.7134 2.1766 1.19032 33.5276 2.20935 1.11196 33.4878 2.21639 1.01691 33.4626 2.22083 -3.28822 34.0516 3.6401 -3.58044 34.6056 3.92911 -0.866888 34.4826 2.04098 -0.794625 34.4641 2.04423 -3.4226 34.7152 3.85729 -3.39622 34.7167 3.85613 -0.694032 33.4257 2.22733 -3.03822 34.8433 3.74702 -3.03822 34.9527 3.62073 -0.821975 33.3096 2.24779 -1.13311 33.3016 2.24921 -1.22486 34.4537 2.04606 -1.12 34.483 2.0409 -3.18659 34.1394 3.62463 -3.73811 34.2184 4.06757 -0.023188 33.4062 2.23078 -3.73811 33.8426 4.0674 -3.73811 33.6597 4.02136 -0.106724 33.417 2.22887 -0.180896 33.4394 2.22491 -0.450282 34.0921 2.10982 -0.423064 34.1432 2.10081 3.75 33.0823 3.58294 3.75 33.1798 3.70623 3.75 33.2932 3.81507 -0.356939 34.2285 2.08577 -0.269039 34.3001 2.07315 -0.0749021 34.3729 2.06031 0.023188 34.378 2.05941 3.75 34.1734 4.07408 3.75 34.358 4.03547 3.75 34.5338 3.96722 3.75 34.696 3.87116 3.75 34.8342 3.75601 3.75 34.9527 3.62073 0.180896 34.3448 2.06527 0.255716 34.3084 2.07169 3.05 34.7167 3.85613 0.319321 34.2633 2.07965 0.455819 34.0796 2.11204 0.450282 33.692 2.18037 3.56099 34.6595 3.89601 0.423064 33.641 2.18938 0.269039 33.4841 2.21703 3.615 34.3805 4.02853 3.615 34.2207 4.06719 3.615 34.0671 4.08237 0.181311 33.4395 2.2249 0.0749021 33.4112 2.22988 -3.19145 34.1859 3.61643 3.50307 33.7242 4.04127 -2.31998 33.5202 2.21068 -2.39985 33.6047 2.19577 -2.49498 33.8964 2.14433 -2.48999 33.9613 2.13289 -2.46972 34.0459 2.11797 -2.45122 34.0926 2.10975 -2.42394 34.1437 2.10072 -2.35768 34.2292 2.08564 -3.03822 33.2161 3.74436 -3.03822 33.3548 3.8631 -2.07506 34.3739 2.06013 3.79526 35.1799 3.18838 -1.97676 34.379 2.05923 -1.89306 34.3682 2.06114 -1.68002 34.264 2.07951 -1.50502 33.8877 2.14586 3.78195 35.1967 3.19212 -1.51001 33.8229 2.1573 -1.53028 33.7383 2.17221 -3.47507 34.6438 3.53569 -3.54114 34.5985 3.54367 -1.57606 33.6404 2.18947 -1.92494 33.4102 2.23006 -3.24916 34.2459 3.60585 3.75 35.2318 3.04123 2.91609 33.1122 2.27119 -3.56098 33.7307 3.6967 -3.51195 33.6817 3.70533 3.01535 33.2456 2.17025 -3.39622 33.6454 3.71173 3.04117 33.3926 2.08976 -3.03822 34.6597 3.53288 3.04834 34.191 1.91544 -3.32727 34.0592 3.63876 -3.36043 34.0809 3.63494 -3.38498 34.1192 3.62818 -3.38984 34.1657 3.61998 -3.37806 34.2012 3.61374 -3.33973 34.2399 3.60691 -3.28822 34.2535 3.60451 3.04552 34.2739 1.91743 -3.216 34.2242 3.60967 3.03423 34.409 1.92992 3.01612 34.5052 1.94699 -3.19837 34.104 3.63087 -3.2367 34.0652 3.6377 3.75 35.2358 2.88603 -3.03822 33.6454 3.71173 2.91034 34.6713 1.99823 2.85 34.6869 2.00494 2.85 33.0973 2.28524 3.75 34.9854 2.1962 3.75 34.8606 2.05801 -1.18 33.133 3.59899 3.05703 33.7376 1.91617 3.0797 33.7231 1.86592 -3.03822 33.098 3.60518 3.05 33.098 3.60518 3.05 33.2315 3.58163 3.17815 33.7005 1.78734 3.75 34.7159 1.94069 -0.34 33.2315 3.58163 3.25 33.6968 1.77451 3.25 33.8216 1.74557 2.9 33.1447 3.08922 2.9 33.0613 2.61652 3.14514 33.9509 1.75968 3.05 33.9625 1.92959 -3.03822 33.1447 3.08922 -3.03822 33.2315 3.58163 -1.18 33.2315 3.58163 -1.18 33.1273 2.99074 2.92538 33.067 2.28184 3.75 34.5549 1.84705 2.97425 33.095 2.2503 3.05 35.1581 3.36112 3.01283 33.1378 2.20703 -3.03822 35.1377 3.24551 3.75 34.3815 1.77931 3.04004 33.1938 2.15743 -1.485 33.1882 2.47229 -2.75 33.1882 2.47229 3.05694 33.2608 2.1062 3.06726 33.3634 2.04118 2.75 33.1882 2.47229 3.06891 33.4783 1.98309 -0.435 33.1761 2.40335 3.75 34.2082 1.74034 3.06672 33.6013 1.93456 2.94083 33.0262 2.3015 2.99975 33.0544 2.26264 3.04634 33.0975 2.20939 3.75 34.031 1.72726 3.07926 33.1543 2.1484 3.09981 33.2226 2.08545 2.75 34.6654 2.21182 3.11244 33.3278 2.00567 3.11452 33.4468 1.93472 3.11187 33.5753 1.87614 2.95831 32.9922 2.33019 3.02888 33.0208 2.28438 -0.34 33.133 3.59899 2.75 34.6863 2.33 3.08528 33.0648 2.22191 3.12609 33.1229 2.15072 3.15279 33.1932 2.07761 3.79526 34.031 1.75601 3.05 33.7024 4.03499 3.1715 33.3018 1.98555 3.17786 33.4249 1.90439 3.05 33.6454 3.71173 -0.34 33.0288 3.00811 3.615 33.8423 3.677 3.615 34.4628 3.56761 3.60746 34.5163 3.55816 3.57052 34.5867 3.54575 3.17807 33.558 1.83821 3.415 34.6597 3.53288 3.05 34.6597 3.53288 -0.34 33.1273 2.99074 3.04972 33.6259 2.00041 3.04759 33.5058 2.04154 3.55993 33.7066 3.70094 3.59072 33.7483 3.69359 3.60963 33.797 3.685 -1.18 33.0288 3.00811 2.99632 33.197 2.20302 3.26095 34.0592 3.63876 3.22779 34.0809 3.63494 2.9711 33.1568 2.23328 2.85 33.0437 2.30276 2.85 32.9971 2.33453 3.01048 32.977 2.34745 3.06686 33.0009 2.30641 3.13301 33.0495 2.23273 3.17951 33.1108 2.15389 3.3968 34.1858 3.61645 3.40162 34.1394 3.62463 3.38988 34.104 3.63086 3.3516 34.0653 3.63769 -1.485 33.1761 2.40335 3.20923 33.1789 2.07998 3.24623 33.4287 1.88847 3.24955 33.5589 1.82354 3.12259 33.7095 1.81855 3.79526 35.1774 3.19914 3.05 33.7522 1.96667 3.05 35.0328 3.58054 3.05 34.988 3.59116 3.05 34.9527 3.62073 -1.485 34.6654 2.21182 3.75 34.9853 3.59256 3.75 35.0267 3.58072 3.75 35.2054 3.20564 -2.83822 33.0973 2.28524 -2.83822 33.0443 2.30243 -2.83822 32.9971 2.33453 -2.83822 32.9532 2.39257 -3.05627 33.5387 1.95769 -3.05546 33.3631 2.04135 -3.04514 33.2608 2.10626 0.36 35.0028 2.68543 -3.02045 33.1738 2.17427 -2.75 34.6654 2.21182 -2.98943 33.1219 2.22245 -2.94702 33.0839 2.26249 -1.07708 35.0541 2.97651 -2.89526 33.061 2.28902 -3.1017 33.5097 1.90393 -1.11872 35.0569 2.99255 -1.13149 35.0554 2.98379 -3.10064 33.3275 2.00588 -3.088 33.2225 2.08553 -3.05803 33.1341 2.1691 -1.16793 35.0176 2.76958 -3.02051 33.0816 2.22836 -2.96934 33.0432 2.27766 -2.90694 33.0202 2.31036 -3.16663 33.4901 1.86947 -3.15968 33.3015 1.98578 -3.14097 33.1931 2.0777 -1.05467 35.0164 2.76285 3.78195 35.1942 3.20303 -1.11447 35.0042 2.6936 -1.12943 35.0057 2.70211 -3.10244 33.1022 2.17484 -3.0564 33.0484 2.24413 -2.99473 33.0094 2.30206 -2.92014 32.986 2.34066 -2.23676 33.5558 2.40748 -1.1185 35.0535 2.97304 -3.23443 33.4284 1.88865 -3.22841 33.3405 1.9446 -1.08029 35.0504 2.95534 -3.20828 33.2164 2.04404 -2.97474 32.97 2.36037 -1.06368 35.0219 2.7936 -2.90884 32.9575 2.38417 -1.08577 35.0081 2.71552 -1.0983 35.0054 2.70005 -2.44079 33.8667 2.35266 -2.11137 35.0283 2.82991 -2.11622 35.0416 2.90546 -2.14148 35.0541 2.97651 -2.89856 33.1096 2.2736 -2.95056 33.1467 2.24146 -2.18311 35.0569 2.99255 -2.19588 35.0554 2.98379 -2.2051 35.0532 2.97135 -3.03656 33.5327 2.03153 -3.03822 33.7522 1.96667 -2.23233 35.0176 2.76958 -3.16637 33.7005 1.78734 -2.19838 35.0027 2.68487 3.79526 35.1648 3.24863 -3.11042 33.7096 1.81886 -3.06791 33.7231 1.86592 -2.14346 35.0054 2.70016 -3.04578 33.7371 1.91431 -2.44485 33.9381 2.34006 -2.17887 35.0042 2.6936 -3.04525 33.9589 1.87715 -2.20431 35.0084 2.71743 -0.926012 35.0233 2.80171 -0.905568 35.0226 2.79772 -0.890708 35.0188 2.77634 -2.1933 35.0517 2.96289 -2.1829 35.0535 2.97304 -0.893742 34.9215 2.80017 -0.926012 34.9248 2.81907 -2.14468 35.0504 2.95534 -0.945235 35.0228 2.79875 -0.932564 35.0233 2.80153 -0.933714 34.9248 2.8188 -0.944902 34.9243 2.81612 -2.15017 35.0081 2.71552 -2.1627 35.0054 2.70005 -2.38754 34.1422 2.30408 -0.502849 35.0283 2.82991 -0.953271 34.9229 2.80834 -0.532952 35.0541 2.97651 3.775 35.1259 3.42163 -0.953781 35.0071 2.70988 -0.960766 35.0097 2.72481 3.7933 35.1092 3.41417 -0.886261 35.015 2.75456 -0.90087 35.0062 2.70468 -0.628739 35.0302 2.84085 -0.896353 34.9087 2.7277 -0.889413 34.9111 2.74147 -0.886261 34.9165 2.77192 -0.570866 35.0011 2.67575 -2.33743 34.2125 2.29168 -0.544983 35.0031 2.68694 -0.53494 35.0054 2.70016 -0.928025 35.0263 2.81853 -2.21177 34.3123 2.27409 -0.570344 35.0042 2.6936 -0.585297 35.0057 2.70211 -0.595787 35.0084 2.71743 -0.977397 35.0402 2.89733 -0.977397 34.9417 2.9147 -0.600622 35.046 2.93045 -0.584776 35.0517 2.96289 -0.574373 35.0535 2.97304 -0.961018 34.9312 2.85542 -0.546692 35.053 2.97023 3.78195 35.1814 3.25325 -0.518682 35.0393 2.89271 -0.883656 35.0323 2.85305 -0.519547 35.0219 2.7936 -0.907449 35.0271 2.82353 -0.911056 34.9284 2.83921 -0.554172 35.0054 2.70005 -2 34.3651 2.26478 -0.899834 35.0247 2.80964 -0.893793 35.0256 2.81456 -0.869223 35.0318 2.84966 -0.862097 35.0392 2.8919 -0.9002 34.9295 2.84571 -0.891662 34.9311 2.85497 -0.877409 34.939 2.89961 -0.95269 35.0563 2.98891 -0.881712 34.9473 2.94643 -0.988956 35.0459 2.93009 -0.991141 35.0402 2.89772 -0.981821 35.0316 2.84877 -0.951219 35.0247 2.80964 -0.95726 35.024 2.80567 3.8 35.1443 3.24293 -0.930039 35.0539 2.97519 -0.964852 35.0052 2.69896 -0.901327 34.9536 2.98224 -0.925564 35.0012 2.67626 -0.914377 34.9551 2.99077 3.8 35.0919 3.39126 -0.944908 35.0534 2.97258 -0.971436 34.9486 2.95403 -0.877427 35.0199 2.78266 3.8 35.0199 3.5311 -0.515975 34.93 2.8483 -0.969578 35.0481 2.94228 -0.959393 35.0516 2.96245 -0.524776 35.0161 2.76103 -0.541643 35.0081 2.71552 -0.908267 35.0531 2.97064 -0.890922 35.0495 2.95034 -0.881712 35.0458 2.92906 -0.876919 35.0407 2.90037 -0.570344 34.9058 2.71096 -0.540781 34.9099 2.7345 -0.561245 34.9558 2.99454 -0.955261 35.0285 2.83095 -0.97305 35.0345 2.86504 -1.85063 34.3396 2.26926 -0.561245 35.0542 2.97717 -0.888611 35.01 2.72644 -0.536158 35.0504 2.95534 -0.923551 35.0044 2.69462 -0.939917 35.0051 2.69828 -0.515975 35.0285 2.83094 -0.519381 34.9417 2.91479 -0.963879 35.0137 2.74733 -0.954581 35.0211 2.78905 -0.539125 34.9529 2.97824 -0.613782 35.0336 2.85996 -0.568086 34.9556 2.99351 -0.577605 34.9546 2.98811 -0.584915 34.9532 2.98003 3.79047 35.0366 3.55997 -0.612709 34.937 2.88812 -0.72957 35.0227 2.79818 -0.614122 34.9238 2.81312 -0.725307 35.0234 2.80229 -0.726512 35.0238 2.80465 -0.734567 35.0265 2.82 -0.73685 35.0273 2.8242 -0.737361 35.0274 2.82472 -0.73806 35.0274 2.825 -0.738507 35.0274 2.82473 -0.738862 35.0273 2.82424 -0.739787 35.0271 2.82302 -1.76324 34.2979 2.27663 -0.614122 35.0222 2.79576 -2.1245 34.93 2.8483 -0.753734 35.025 2.81162 -0.763057 35.0253 2.81319 -0.782985 35.0296 2.83741 -2.12807 35.0219 2.7936 -2.1333 35.0161 2.76103 -0.778404 35.0508 2.95757 -0.76424 35.0532 2.97111 -2.16863 34.9062 2.71369 -2.15725 34.9078 2.72247 -0.708231 35.0508 2.95796 -2.1311 34.9197 2.79004 -2.16977 34.9558 2.99454 -0.686762 35.0403 2.89836 -0.687284 35.0437 2.91768 -0.709427 35.0551 2.98181 -0.726233 35.0569 2.9924 -2.15522 35.053 2.97023 -0.766039 35.0567 2.99111 -2.12721 35.0393 2.89271 -2.1245 35.0285 2.83094 -0.80661 35.0397 2.89491 -0.801599 35.0312 2.84649 -2.1279 34.9417 2.91479 -0.764859 35.0224 2.79664 -2.14765 34.9529 2.97824 -2.22264 34.9238 2.81312 -2.22264 35.0222 2.79576 -0.79699 35.0055 2.70101 -2.22231 35.0336 2.85996 -2.20915 35.046 2.93045 -2.16977 35.0542 2.97717 -2.22123 34.937 2.88812 -1.68649 34.2378 2.28721 -2.19382 35.0057 2.70211 -0.790949 35.0016 2.67876 -0.784908 35.0003 2.67127 -2.19405 34.9073 2.71969 -1.0601 35.0285 2.83094 -0.712417 35.0031 2.68713 -1.06891 35.0161 2.76103 -0.685009 35.0029 2.68598 -1.0667 34.9197 2.79004 -0.6835 35.0028 2.68569 -1.10537 35.0542 2.97717 -0.682777 35.0029 2.6862 -1.09082 35.053 2.97023 -1.06281 35.0393 2.89271 -0.683291 35.0033 2.68844 -0.683854 35.0035 2.68954 -0.68527 35.0039 2.69161 -1.0601 34.93 2.8483 -1.08325 34.9529 2.97824 -1.10537 34.9558 2.99454 -0.734567 35.0055 2.70101 -1.15825 34.9238 2.81312 -1.15791 35.0336 2.85996 -3.78141 35.1478 3.31599 -1.63847 35.0523 2.9663 -1.14475 35.046 2.93045 -1.60423 35.018 2.77145 -1.12891 35.0517 2.96289 -1.57455 35.0157 2.75852 -1.57806 35.0168 2.76498 -1.12174 34.9546 2.98811 -1.6319 35.0574 2.99502 -1.15684 34.937 2.88812 -3.78141 35.2066 3.04231 -1.13992 35.0084 2.71743 -1.68575 35.0146 2.75213 -1.68023 35.015 2.75456 -1.15825 35.0222 2.79576 -1.68075 35.0182 2.77292 -1.67568 35.0243 2.80714 -3.78141 35.1993 2.76247 -1.13963 34.9099 2.73422 -1.11447 34.9058 2.71096 3.75 35.0328 3.58054 -1.7748 35.0114 2.73428 -1.80097 35.0075 2.71196 3.77324 35.0445 3.57545 -1.79695 35.054 2.9757 -1.80254 35.0571 2.99355 -1.805 35.0583 3.00001 -1.80858 35.0592 3.00545 -1.80966 35.0592 3.00553 -1.81034 35.0591 3.005 3.79465 35.0328 3.55304 -1.81127 35.0588 3.00284 -1.81158 35.0585 3.00157 3.77396 35.0328 3.57443 3.7933 34.9768 3.5688 3.775 34.985 3.58516 -1.81507 35.0474 2.93854 -3.78141 35.1264 2.49222 3.8 34.9598 3.54949 3.8 34.9126 3.59083 -1.98439 35.0561 2.988 3.79526 34.9296 3.60353 3.78593 35.0328 3.56531 -3.78141 34.9918 2.24674 -1.98357 35.0632 3.0278 3.33905 34.2459 3.60585 -1.99785 35.0628 3.02578 3.37221 34.2242 3.60967 -2.0027 35.058 2.9983 3.3 34.0516 3.6401 -3.78141 34.8033 2.03983 3.24993 34.0302 1.72726 3.75 34.0302 1.72726 3.33167 33.9176 2.85139 3.37248 33.9423 2.84704 3.39748 33.9825 2.83996 3.38292 34.073 2.824 3.75 33.1913 2.06776 3.3 34.2535 3.60451 -3.78141 34.5713 1.88313 3.2032 34.1194 3.62816 3.75 32.8457 2.71239 3.75 32.8259 2.89694 3.19838 34.1657 3.61998 3.21012 34.2011 3.61375 3.2484 34.2398 3.60692 3.22752 34.085 2.82187 3.25347 33.9237 2.85032 3.3 33.9127 2.85226 -3.73811 32.8662 3.24429 -3.78141 34.309 1.78544 -0.435 34.6654 2.21182 -0.435 34.2316 2.28831 -3.76311 35.1651 3.32193 -3.73811 32.9783 2.34512 -3.73811 33.081 2.19052 -3.73811 33.2062 2.05351 -3.73811 33.351 1.93734 -3.73811 33.5118 1.84476 -3.73811 33.685 1.77797 -3.73811 33.8558 1.74006 -0.807492 33.3914 2.36538 -0.762206 33.4293 2.3587 -3.23822 33.9489 1.73006 -3.23822 33.8216 1.74557 -3.23822 33.6968 1.77451 -3.23777 33.5589 1.82355 -0.731203 34.3273 2.20037 -0.744512 34.372 2.19248 -1.19251 34.4379 2.18086 -3.16773 33.1108 2.15389 -3.13559 33.065 2.21151 -3.1049 33.0345 2.25418 -3.04733 32.9969 2.31311 -1.27 34.3086 2.20366 -1.27 33.5207 2.34258 -1.2688 33.5021 2.34587 2.85 32.9532 2.39257 2.93433 32.9593 2.38054 -1.22869 33.4189 2.36053 -1.17914 33.385 2.36652 -3.76311 35.2248 3.044 -1.485 34.6533 2.14288 -0.435 34.6533 2.14288 3.23529 33.2978 1.97579 -0.435 34.2195 2.21938 -0.421231 34.1855 2.22536 -0.426129 33.7919 2.29476 -0.397617 33.7201 2.30742 3.25 33.9489 1.73006 -3.76311 35.2174 2.75983 -0.375737 33.6818 2.31419 -0.35157 33.6465 2.32041 3.19744 33.9494 1.73707 -0.421515 33.6435 2.32093 3.09584 33.9538 1.80248 3.06335 33.9576 1.85791 -3.76311 35.1433 2.48539 -0.435 33.622 2.3958 -0.435 33.1882 2.47229 -0.435 33.6099 2.32686 -3.76311 35.0067 2.2361 2.99607 34.5657 1.96196 2.96234 34.6255 1.9807 1.90976 34.2858 2.27875 1.7344 34.1883 2.29595 2.85 34.7425 2.003 2.85 34.7979 2.017 1.678 34.1172 2.30849 1.64091 34.0351 2.32296 2.98653 34.8322 2.032 3.05912 34.7908 1.99678 3.11669 34.7352 1.9543 3.14738 34.692 1.92462 3.17951 34.6293 1.88615 3.2204 34.4908 1.81835 3.24049 34.3383 1.76708 1.6278 33.9762 2.33335 -3.76311 34.8152 2.02599 2.93193 34.8104 2.01897 3.00651 34.7752 1.9907 3.06818 34.7187 1.94961 3.11423 34.6445 1.90288 3.15276 34.5259 1.84271 3.17147 34.3925 1.79341 3.17842 34.1756 1.74859 2.91873 34.768 2.00217 2.98112 34.7351 1.97933 3.0323 34.6822 1.94612 3.06981 34.6126 1.90839 3.09978 34.5009 1.86011 3.11242 34.375 1.82118 3.11349 34.1689 1.7877 2.90704 34.7223 1.99608 2.9588 34.6917 1.97899 3.00121 34.6422 1.95438 3.03224 34.577 1.92686 3.05692 34.4721 1.89267 3.06725 34.3537 1.86668 3.06805 34.1601 1.84811 1.92686 33.564 2.40602 2.09024 33.5678 2.40536 2.18753 33.6062 2.3986 2.35909 33.8185 2.36115 -2.83822 34.6869 2.00494 -2.83822 34.7433 2.00308 -2.83822 34.7979 2.017 -2.83822 34.859 2.05652 2.3722 33.8775 2.35076 2.35555 34.046 2.32105 2.17579 34.2537 2.28441 -3.21689 34.443 1.79983 2 34.2967 2.27684 -3.16772 34.6293 1.88615 -3.12123 34.7139 1.93926 -3.05508 34.7847 1.99188 -2.99869 34.8212 2.02228 -3.76311 34.5797 1.86686 1.02937 33.5495 2.40858 1.16996 33.6082 2.39824 1.22669 33.6544 2.39009 1.33775 33.8754 2.35112 -2.90431 34.668 1.99687 -2.95931 34.6132 1.97649 -2.98453 34.5651 1.96179 -3.00356 34.5082 1.94763 -3.02939 34.3426 1.92224 -3.03581 34.2197 1.91565 -3.03794 34.0927 1.9181 1.33935 33.9648 2.33537 1.22139 34.2044 2.29312 -3.06791 33.9554 1.82497 -3.11081 33.952 1.77579 -3.16637 33.9498 1.74338 0.95 34.3121 2.27412 -3.76311 34.3133 1.76765 -3.16629 34.101 1.74246 -3.16608 34.2487 1.75913 -3.15972 34.3922 1.79329 -3.14101 34.5257 1.84265 -3.1143 34.6168 1.8873 -3.0735 34.6958 1.93432 -3.0171 34.7585 1.97798 -2.94653 34.801 2.01124 -3.10008 34.0977 1.78403 -3.10273 34.2386 1.79512 -3.10066 34.3746 1.82109 -3.08802 34.5008 1.86006 -3.06748 34.5866 1.89585 -3.03455 34.6607 1.93376 -2.98797 34.7194 1.96905 -2.92905 34.7592 1.99592 -3.05493 34.0934 1.84779 -3.05712 34.2255 1.85135 -3.05548 34.3534 1.86662 -3.04516 34.472 1.89264 -3.02825 34.5525 1.91784 -3.00105 34.6221 1.94531 -2.96246 34.6771 1.97134 -2.9136 34.7142 1.9914 -3.78811 33.0433 3.53294 -3.78811 32.9728 3.39741 -3.78811 32.9207 3.25376 -3.78811 32.8881 3.10451 -3.78811 32.8755 2.95225 0.673308 34.1992 2.29402 -3.78811 32.9106 2.6494 -3.78811 32.9578 2.5041 -3.78811 33.0238 2.36629 -3.78811 33.1073 2.23838 0.614551 34.1251 2.30709 -3.78811 33.3211 2.021 -3.78811 33.4476 1.93532 -3.78811 33.5843 1.86708 0.560646 33.8889 2.34874 0.579601 33.8027 2.36394 0.603073 33.7487 2.37347 0.647151 33.6829 2.38507 -3.77006 34.031 1.73879 -3.73811 34.031 1.72726 0.678608 33.6493 2.39099 0.95 33.5415 2.40999 -3.73811 34.2159 1.74152 -0.388718 33.6711 2.38714 -0.363805 33.6667 2.38793 -0.34603 33.6529 2.39036 -0.280377 33.5878 2.40183 -0.187108 33.5302 2.41198 -3.73811 32.9006 2.51366 -3.73811 32.8496 2.69213 -3.73811 32.8267 2.87631 -3.73811 32.8322 3.06183 0.0900611 33.4987 2.41755 -3.73811 32.9278 3.41938 -3.73811 33.0155 3.58294 0.313979 33.6177 2.39656 0.380655 33.7018 2.38174 -3.73811 34.3965 1.78399 -3.76311 32.8973 3.32326 -3.76311 32.8373 3.04523 -3.76311 32.8444 2.76087 -3.76311 32.9184 2.4862 -3.76311 33.0549 2.23667 -3.76311 33.2464 2.02633 -3.76311 33.482 1.86702 -3.76311 33.7486 1.7677 -3.78141 32.9146 3.3173 -3.78141 32.8555 3.04351 -3.78141 32.8625 2.7635 -3.78141 32.9353 2.49302 -3.78141 33.0698 2.2473 -3.78141 33.2584 2.04017 -3.78141 33.4904 1.88329 -3.78141 33.7529 1.78548 0.42451 33.7988 2.36463 0.440006 33.8685 2.35234 -3.78337 34.031 1.75601 -3.78811 34.031 1.77726 -3.78811 34.1833 1.78734 0.408194 34.0988 2.31173 0.307965 34.2418 2.28652 -3.78811 34.614 1.93505 0.234985 34.2979 2.27663 0.149333 34.3386 2.26945 -3.78811 34.9541 2.23762 -3.78811 35.0377 2.36535 -3.78811 35.1037 2.50297 -3.78811 35.151 2.6481 -3.78811 35.1788 2.79819 0.0864684 34.3557 2.26644 -0.0952777 34.3539 2.26676 -3.78811 35.1418 3.25195 -3.78811 35.0901 3.39556 -3.78811 35.0199 3.5311 -0.186116 34.3238 2.27206 -3.77458 35.0392 3.56493 -0.361997 34.1878 2.29603 -0.419457 34.1959 2.2946 -0.43095 34.2122 2.29173 -1.55921 33.9869 2.33145 -1.87905 33.5051 2.41642 -1.78823 33.5414 2.41002 -3.73811 35.2162 2.71138 -3.73811 35.1682 2.53221 -3.73811 35.0932 2.36253 -1.70836 33.5958 2.40042 -1.61246 33.7114 2.38004 -1.57103 33.8103 2.36261</float_array>
					<technique_common>
						<accessor count="1995" source="#ID6" stride="3">
							<param name="X" type="float"/>
							<param name="Y" type="float"/>
							<param name="Z" type="float"/>
						</accessor>
					</technique_common>
				</source>
				<source id="ID7">
					<float_array id="ID8" count="4185" digits="2490374">-0.0432188 0.173469 0.983844 0.07125 0.173156 0.982281 0 -0.984781 0.173625 0.0549687 0.173344 0.983281 -1 0 -0 -0.0232813 0.173562 0.9845 1 0 -0 0 0.173625 0.984781 -0.999969 -0.00115625 -0.00671875 -0.971125 -0.041375 -0.234781 -0.985469 -0.0294062 -0.167 -0.886625 -0.0802813 -0.455344 -0.819219 -0.0995625 -0.56475 -0.695094 -0.124781 -0.707969 -0.582906 -0.141031 -0.800125 -0.139156 -0.171906 -0.975219 0.00196875 0.173625 0.984781 -0.0877813 0.172937 0.981 -0.367063 0.1615 0.916031 -0.701906 0.123656 0.701375 -0.729906 0.118688 0.673125 -0.842438 0.0935313 0.530563 -0.830531 0.0966875 0.548375 -0.981719 0.0330313 0.187312 -0.982313 0.0324688 0.18425 -0.998688 0.00865625 0.0492813 0.988844 0.02575 0.146313 0.999844 0.00278125 0.0158438 0.991531 0.0225313 0.127781 0.884875 0.0808125 0.458594 0.880875 0.082125 0.466031 0.686625 0.126219 0.715906 0.632 0.134563 0.763188 0.172219 0.171031 0.970062 -0.0575938 -0.173313 -0.983156 0.389531 -0.159906 -0.907 0.449469 -0.155062 -0.879656 0.725781 -0.119438 -0.677406 0.669031 -0.129031 -0.731938 0.861094 -0.0882813 -0.500625 0.934125 -0.0619062 -0.351375 0.976656 -0.03725 -0.211344 0.975688 -0.0379688 -0.215656 0.997688 -0.0117188 -0.0666875 -0.637344 0.133781 0.758844 -0.995188 0.0169375 0.0963125 -0.9975 -0.012125 -0.06875 -0.999969 0.00128125 0.0075 -0.934656 -0.0617188 -0.350031 -0.891781 -0.0785313 -0.4455 -0.545875 -0.145469 -0.825094 -0.0600625 0.173313 0.983031 -0.359531 0.162 0.918938 -0.43275 0.1565 0.887781 -0.833719 0.095875 0.543719 -0.863688 0.0874688 0.49625 -0.987906 0.026875 0.152531 0.999781 0.00328125 0.0189375 0.972313 0.0405313 0.230094 0.835938 0.0952813 0.540375 0.752937 0.114219 0.648 0.513125 0.149031 0.845219 0.0739688 0.173125 0.982094 0.589063 -0.140281 -0.79575 0.937594 -0.0603125 -0.342375 0.949875 -0.0542188 -0.307719 0.997063 -0.0131563 -0.0748125 0.554688 -0.144469 -0.819406 0.989344 -0.0251875 -0.143031 0.999031 0.0074375 0.0423438 0.999344 0.0060625 0.0345625 0.927188 0.0650313 0.368844 0.921125 0.0675313 0.383219 0.657313 0.130812 0.742094 0.0065625 -0.173625 -0.984781 0.423281 -0.157281 -0.892156 0.343906 -0.163031 -0.924688 0.891469 -0.078625 -0.446063 0.894406 -0.077625 -0.440406 0.973719 -0.0395 -0.224219 -0.999781 -0.00325 -0.0185312 -0.916687 -0.0693438 -0.393375 -0.865625 -0.0869375 -0.493031 -0.68675 -0.126188 -0.715781 -0.562688 -0.1435 -0.814031 -0.041 -0.1735 -0.983938 -0.951125 0.0535938 0.304031 -0.999906 0.00178125 0.0104063 -0.708969 0.122406 0.6945 -0.7155 0.121281 0.687906 -0.939344 0.0595 0.337719 -0.351063 0.162563 0.922063 -0.920375 0.0678438 0.384969 -0.900406 0.0754687 0.428313 -0.935875 0.0611563 0.346812 0.109687 -0.172562 -0.978813 0.0971562 -0.172813 -0.980125 0.165937 -0.171219 -0.971125 0.275313 -0.166906 -0.946719 0.205719 -0.169875 -0.963719 0.37375 -0.161 -0.913406 -0.828438 -0.0972188 -0.551531 -0.139625 0.171906 0.975125 0.502688 0.150063 0.851313 0.373625 0.161031 0.913469 0.430063 0.156719 0.889063 0.218313 0.169406 0.961031 0.233344 0.168812 0.957563 -0.146563 0.171719 0.974156 -0.461125 0.154031 0.873781 -0.571281 0.142469 0.80825 -0.972344 0.0405 0.22975 -0.885969 0.0804688 0.456625 -0.999687 -0.004 -0.0228438 -0.944938 -0.0567813 -0.322188 -0.938563 -0.0599063 -0.339844 -0.907281 -0.0729688 -0.414094 -0.908281 -0.0725937 -0.411938 -0.882594 -0.0815938 -0.462938 -0.869313 -0.0858125 -0.486688 -0.834938 -0.0955625 -0.541969 -0.808062 -0.102281 -0.580063 -0.032375 0.1735 0.98425 -0.117812 0.172438 0.977938 -0.673187 0.128344 0.728188 -0.707094 0.12275 0.696344 0.801 0.103906 0.589469 0.762906 0.11225 0.636625 0.782281 0.108125 0.613406 0.791656 0.106063 0.601656 0.862688 0.0877813 0.497969 0.914813 0.0700938 0.397594 0.934969 0.0615625 0.349313 0.997719 -0.0116875 -0.0664062 0.993688 -0.019375 -0.110063 0.769188 -0.110906 -0.629219 0.78525 -0.1075 -0.609719 0.655438 -0.131125 -0.743719 0.593813 -0.139656 -0.792313 0.636063 -0.133969 -0.759875 0.89325 -0.078 -0.442625 0.929125 -0.0641562 -0.364094 0.884531 -0.0809688 -0.459281 0.999781 0.00315625 0.0179687 0.931594 0.0630938 0.357906 0.966781 0.0443438 0.2515 0.781969 0.108219 0.613813 0.66175 0.130125 0.738281 0.540688 0.146031 0.828406 0.2325 0.168844 0.957781 -0.079375 0.173094 0.981656 0.0457813 -0.173438 -0.983719 0.385344 -0.160187 -0.908719 0.649531 -0.131969 -0.748688 0.740469 -0.116656 -0.661781 0.970375 -0.0419375 -0.237875 0.9645 -0.0457813 -0.259813 0.998781 -0.008375 -0.0475313 -0.999344 -0.0059375 -0.0339063 -0.803031 -0.103469 -0.586812 -0.722188 -0.120063 -0.681156 -0.541313 -0.145969 -0.828 -0.291875 -0.166063 -0.941906 0.0173438 -0.173562 -0.984656 -0.999625 -0.0045625 -0.0261563 -0.00515625 0.173625 0.984781 0.463156 0.153844 0.872781 0.574938 0.142063 0.80575 0.829375 0.097 0.550188 0.961688 0.0475313 0.269781 0.960719 0.0481563 0.273094 0.989656 0.024875 0.141219 -0.992469 -0.0212188 -0.120375 -0.998344 0.00975 0.0555938 -0.994031 0.0188125 0.106906 -0.933469 0.0622188 0.353063 -0.854813 0.0900625 0.510969 -0.680531 0.127219 0.721531 -0.485563 0.15175 0.860875 -0.0859063 0.172969 0.981125 0.10125 -0.172719 -0.979688 -0.458531 -0.154313 -0.875125 -0.926437 -0.0653438 -0.370594 -0.925969 -0.0655625 -0.371781 -0.986625 -0.0282187 -0.160187 0.119469 -0.172344 -0.97775 0.882031 -0.0817813 -0.463906 0.866875 -0.0865313 -0.490813 0.864906 -0.087125 -0.494281 0.826469 -0.09775 -0.554344 0.822563 -0.0986875 -0.56 0.789469 -0.106563 -0.604406 0.813969 -0.100813 -0.572031 0.810219 -0.10175 -0.577156 0.800094 -0.104125 -0.590719 0.775594 -0.109563 -0.621531 0.0461875 -0.173438 -0.983719 0.0275938 -0.173531 -0.984375 -0.640844 -0.13325 -0.755938 -0.596 -0.139375 -0.790688 -0.801313 -0.103813 -0.589063 -0.806156 -0.102688 -0.582656 -0.875188 -0.0839688 -0.476375 -0.895375 -0.0772813 -0.438406 -0.888344 -0.0796563 -0.452094 -0.974563 -0.0388438 -0.220594 -0.838437 -0.0945625 -0.536625 -0.970781 0.041625 0.23625 -0.974594 -0.0388438 -0.220531 -0.362406 0.161781 0.917844 0.980469 0.034125 0.193625 -0.9745 0.0389375 0.220969 -0.992594 0.0209688 0.119156 -0.985031 0.0298125 0.169406 -0.997594 -0.0118438 -0.0674063 -0.40725 0.158531 0.899406 0.904312 0.0740938 0.420281 0.971344 -0.04125 -0.233938 0.801125 -0.103906 -0.589281 0.9735 -0.0396563 -0.224969 0 -0.173625 -0.984781 -0.977844 -0.0362813 -0.205906 -0.922844 -0.0668125 -0.379219 -0.975563 -0.038125 -0.216281 -0.882031 -0.0817813 -0.463906 -0.879656 0.0825313 0.46825 0.5725 0.142312 0.807375 0.976406 0.0374688 0.212563 0.982094 -0.032625 -0.185344 -0.923813 0.0664062 0.376938 0.043 -0.173469 -0.983844 -0.0150938 -0.173625 -0.984688 0.0400313 -0.1735 -0.984 0.224719 -0.169188 -0.959594 0.0154063 -0.173625 -0.984688 0.369031 -0.161375 -0.91525 0 0 1 0 0.144438 0.989469 -0.243469 -0.168375 -0.955156 0.212281 -0.169656 -0.962344 -0.817594 -0.0999375 -0.566969 -0.448281 -0.155219 -0.880281 0 0.233406 0.972313 -0.75425 -0.114 -0.6465 -0.806063 -0.10275 -0.582781 -0.826281 -0.09775 -0.554594 -0.837344 -0.094875 -0.538281 -0.870344 -0.0854375 -0.484844 -0.933375 -0.0622813 -0.353281 -0.987844 -0.0269375 -0.152969 -0.918406 0.0686563 0.389531 -0.761594 0.112469 0.638125 -0.505 0.149844 0.849937 -0.305531 0.165312 0.937688 0.103094 0.172688 0.9795 -0.819969 0.099375 0.563656 0.823438 0.0984688 0.558688 0.676938 -0.127781 -0.724813 0 0.424688 0.905281 0.999563 0.00484375 0.0275938 0.966313 -0.0446563 -0.253344 0.970156 -0.0420313 -0.238656 0.925656 -0.0656563 -0.372531 0.916438 -0.0694688 -0.393969 0 0.453969 0.890969 0.498094 -0.150531 -0.853938 0 0.587781 0.809 -0.911563 -0.0713437 -0.404813 -0.985438 0.0294688 0.167281 -0.952563 0.0528125 0.299625 0 0.667094 0.744906 0 0.809 0.587781 -0.961469 0.0476875 0.2705 -0.937063 0.0605938 0.343688 -0.984375 0.0305 0.173094 -0.927063 0.0650625 0.369125 0 0.799594 0.600469 -0.878563 0.0829063 0.470313 0 0.939219 0.34325 0.999969 -0.00028125 -0.00190625 -0.22 -0.169375 -0.960625 0.0737813 -0.173125 -0.982094 0.263375 -0.1675 -0.95 0.563688 -0.143406 -0.813375 0.816406 -0.100219 -0.568656 0.918094 -0.0687812 -0.390219 0.957656 -0.0499375 -0.283469 0.962875 -0.0468125 -0.265625 0.977344 -0.0366875 -0.20825 0.982813 -0.032 -0.181719 0.994 -0.0189375 -0.107625 0.995219 -0.0169063 -0.0959063 0.996844 -0.0137188 -0.0779063 0.997063 -0.0131563 -0.074625 0.999219 -0.006625 -0.0377188 0.999438 -0.00575 -0.032625 0.999656 -0.00425 -0.0242813 -0.956656 -0.0505625 -0.286781 -0.597531 -0.139187 -0.789594 -0.936281 -0.0609375 -0.34575 0 0.951031 0.308969 -0.9555 -0.0511875 -0.290406 -0.999969 -0.00053125 -0.00315625 -0.9325 -0.0626875 -0.355563 0 0.996875 0.0784063 -0.999969 0.000375 0.00221875 0.654625 -0.131219 -0.744375 -0.9735 -0.0396563 -0.225094 -0.850563 0.0912813 0.517781 -0.718813 0.120656 0.684625 -0.1175 0.172438 0.977969 -0.473062 0.152938 0.867594 -0.572469 0.142375 0.807406 -0.926625 0.06525 0.370156 -0.943031 0.05775 0.3275 -0.998812 0.00825 0.0469688 0.952469 -0.0528125 -0.299844 0.999844 -0.002875 -0.0163438 0.939125 0.0595937 0.338187 0.880625 0.0822188 0.466563 0.686969 0.126156 0.715594 0.293656 0.165937 0.941375 0 0.99825 0.058625 0.670875 -0.128719 -0.73025 0.116344 -0.172438 -0.978063 0.712188 -0.121875 -0.691281 0.8755 -0.083875 -0.475781 0 0.987688 -0.156406 -0.980125 -0.034375 -0.195156 -0.999438 -0.00559375 -0.0318438 -0.825844 -0.097875 -0.55525 -0.81225 -0.10125 -0.574406 -0.615438 -0.136844 -0.776125 -0.549031 -0.145125 -0.823031 -0.00321875 -0.173625 -0.984781 0 -0.000625 -0.999969 0 0 -1 0 0.173094 -0.984875 0 0.153344 -0.988156 0 0.303094 -0.952906 0 0.127219 -0.991844 0 0.146906 -0.989125 0 0.290625 -0.956813 0 0.341688 -0.93975 0 0.445688 -0.895156 0 0.422125 -0.906469 0 0.496188 -0.868156 0 0.254875 -0.966969 0 0.381281 -0.924438 0 0.4345 -0.900594 0 0.57775 -0.816188 0 0.566312 -0.824125 0 0.625094 -0.780469 0 0.696094 -0.717875 0 0.568031 -0.822937 0 0.54825 -0.83625 0 0.584063 -0.811688 0 0.630156 -0.776438 0 0.688031 -0.725656 0 0.6645 -0.747187 0 0.681 -0.732188 0 0.686719 -0.726875 0 0.655344 -0.755281 0 0.678563 -0.7345 0 0.791531 -0.611 0 0.797969 -0.602625 0 0.880969 -0.473062 0 0.876188 -0.481813 0 0.939969 -0.341125 0 0.943125 -0.332344 0 0.981313 -0.192281 0 0.982938 -0.18375 0 0.999469 -0.0307813 0 0.999219 -0.0388438 0 0.995938 0.0898125 0 0.992375 0.122813 0 0.976125 0.217031 0 0.961781 0.273594 0 0.974063 0.226125 0 0.963313 0.268219 0 0.934781 0.355125 0 0.912 0.410094 0 0.842938 0.537969 0 0.913156 0.407531 0 -0.145219 0.989344 0 0.420875 0.907094 0 0.448063 0.893969 0 0.763563 0.645719 0 0.801406 0.598063 0 -0.811312 0.5845 0 -0.740125 0.672406 0 -0.824938 0.565188 0 -0.701156 0.712969 0 -0.6415 0.767031 0 -0.726687 0.686906 0 -0.708562 0.705531 0 -0.61075 0.791781 0 -0.570875 0.820969 0 -0.507563 0.861562 0 -0.43375 0.901 0 -0.588 0.808781 0 -0.473125 0.880938 0 -0.359969 0.932938 0 -0.28575 0.958281 0 -0.284125 0.95875 0 -0.26675 0.96375 0 -0.233125 0.972438 0 -0.443188 0.896375 0 -0.322781 0.946406 0 -0.2835 0.958938 0 -0.26925 0.963 0 -0.227094 0.973844 0 -0.202688 0.979187 0 -0.173219 0.984875 0 -0.0399062 0.999188 0 -0.102688 0.994656 0 0.0313438 0.999469 0 -0.163844 0.986437 0 -0.167344 0.985875 0 -0.0004375 0.999969 0 0.123844 0.992281 0 0.164875 0.986281 0 0.284312 0.958719 0 0.0401875 0.999188 0 0.162938 0.986625 0 0.182344 0.983187 0 0.312375 0.949938 0 0.303906 0.952688 0 0.437156 0.899375 0 0.436719 0.899531 0 0.494437 0.869125 0 0.321969 0.946719 0 0.472313 0.881375 0 0.499594 0.866188 0 0.61 0.792313 0 0.551625 0.834 0 0.580281 0.814406 0 0.594906 0.803781 0 0.59625 0.802719 0 0.578219 0.815844 0 0.5465 0.837438 0 0.582375 0.812844 0 0.594375 0.804125 0 0.698344 0.715688 0 0.706281 0.707875 0 0.712344 0.701719 0 0.990531 -0.137156 0 0.984781 -0.173625 0 0.0607813 0.998125 0 0.47525 0.879781 0 0.448438 0.89375 0 0.951031 -0.308969 0 0.927813 -0.372969 0 -0.842219 0.539062 0 -0.915 0.403406 0 -0.911469 0.411219 0 -0.961469 0.274719 0 -0.966031 0.258188 0 -0.992281 0.123875 0 -0.994219 0.106875 0 -0.998875 -0.0469688 0 -0.999531 -0.0298125 0 -0.983094 -0.182906 0 -0.979813 -0.199687 0 -0.943375 -0.331625 0 -0.937563 -0.34775 0 -0.893938 -0.448125 0 -0.873062 -0.4875 0 -0.890406 -0.455125 0 -0.88 -0.474875 0 -0.857719 -0.514063 0 -0.826469 -0.562937 0 -0.801188 -0.598312 0 -0.881281 -0.472469 0 -0.888844 -0.458156 0 -0.874125 -0.485563 0 -0.854375 -0.519625 0 -0.814031 -0.580719 0 -0.787875 -0.61575 0 -0.763188 -0.646125 0 -0.684031 -0.729375 0 -0.675563 -0.737219 0 -0.564 -0.825719 0 -0.798344 -0.602188 0 -0.696469 -0.717531 0 -0.706719 -0.707438 0 -0.608063 -0.793813 0 -0.572688 -0.819719 0 -0.499781 -0.866094 0 -0.430594 -0.902531 0 -0.578031 -0.815969 0 -0.4995 -0.866281 0 -0.445938 -0.895031 0 -0.391594 -0.920125 0 -0.286938 -0.957906 0 -0.277219 -0.960781 0 -0.145344 -0.989344 0 -0.391531 -0.920125 0 -0.303313 -0.952875 0 -0.0680625 -0.997625 0 -0.153781 -0.988063 -0.93325 -0.0244063 -0.358375 -0.900563 0.0274375 -0.433781 -0.991625 -0.0226875 -0.126844 -0.833531 0.058375 -0.549281 -0.977531 -0.0365313 -0.207344 -0.921063 -0.0677188 -0.383438 -0.756594 0.0665 -0.650406 -0.8305 -0.096625 -0.5485 -0.6405 0.0669063 -0.764969 -0.730313 -0.118531 -0.672656 -0.52025 0.0638437 -0.851562 -0.5615 -0.14375 -0.814844 -0.369281 0.0597188 -0.927375 -0.301469 -0.165531 -0.938969 -0.192281 0.0563125 -0.979688 0 0.104313 -0.994531 -0.770813 -0.0433125 -0.635531 -0.673406 0.0715313 -0.73575 -0.607656 0.164906 -0.776812 -0.542313 0.21075 -0.81325 -0.452625 0.245031 -0.857313 -0.364781 0.263719 -0.892875 -0.257688 0.276844 -0.925656 -0.133813 0.284531 -0.949219 0 0.381125 -0.924469 -0.524281 -0.0579063 -0.8495 -0.348781 0.105375 -0.931188 -0.312438 0.252688 -0.915688 -0.277375 0.335375 -0.900281 -0.2305 0.404656 -0.884875 -0.185375 0.446281 -0.875437 -0.13075 0.477469 -0.868813 -0.0678438 0.496688 -0.865219 -0.262781 -0.0656563 -0.962563 6.25e-05 -0.001 -0.999969 3.125e-05 0.127594 -0.991813 0 0.254813 -0.966969 3.125e-05 0.381281 -0.924438 0 0.548281 -0.83625 0 0.630094 -0.776469 -3.125e-05 0.664563 -0.747187 -3.125e-05 0.681 -0.732188 0 0.108031 -0.994125 0 0.809 -0.587781 0.254531 0.0573438 -0.965344 0.330344 -0.163875 -0.929469 0.423281 0.0611563 -0.903875 0.605438 -0.138187 -0.783719 0.563688 0.0650625 -0.823344 0.731531 -0.118313 -0.671406 0.673719 0.0674063 -0.735844 0.826625 -0.097625 -0.554125 0.756688 0.0665 -0.650344 0.955844 -0.050875 -0.289313 0.833656 0.0583125 -0.549062 0.987938 -0.0267812 -0.1525 0.883469 0.0405313 -0.466625 0.998344 -0.0098125 -0.0560625 0.913688 0.012625 -0.406125 0.964844 -0.017875 -0.262125 0.851469 -0.0356563 -0.523094 0.17725 0.282531 -0.942688 0.295781 0.273031 -0.915344 0.396156 0.258188 -0.881094 0.477562 0.237563 -0.845781 0.542313 0.210719 -0.81325 0.607813 0.164813 -0.776781 0.655438 0.105781 -0.747719 0.688031 0.0344688 -0.724813 0.637031 -0.0524063 -0.769 0.0898438 0.491625 -0.866094 0.150063 0.46825 -0.870719 0.201438 0.433531 -0.878313 0.243469 0.388813 -0.888531 0.277438 0.335312 -0.900281 0.3125 0.252438 -0.91575 0.338688 0.156719 -0.927719 0.357031 0.0510313 -0.932688 0.359188 -0.0635 -0.931063 3.125e-05 0.678563 -0.7345 -3.125e-05 0.566281 -0.824188 -3.125e-05 0.341688 -0.93975 0 0.173281 -0.984812 -6.25e-05 -0.001 -0.999969 -0.90525 0 -0.424844 -0.865969 -0.117781 -0.485875 -0.638969 0 -0.769188 -0.865969 -0.228875 -0.444469 -0.865969 -0.327188 -0.378031 -0.865969 -0.407 -0.290344 -0.866 -0.463969 -0.18625 -0.865969 -0.494781 -0.07175 -0.865969 -0.49775 0.0468125 -0.865969 -0.47275 0.16275 -0.5 -0.203969 -0.841594 -0.5 -0.396469 -0.769875 -0.5 -0.566719 -0.654813 -0.5 -0.705031 -0.502906 -0.5 -0.803625 -0.322625 -0.5 -0.857 -0.12425 -0.5 -0.862188 0.0810938 -0.5 -0.818812 0.281875 -0.789719 -0.519531 0.326063 -0.451594 -0.752594 0.479094 -0.893 0.382625 0.236813 -0.865969 0.472906 0.162188 -0.729375 0.579625 0.363313 -0.865969 0.497813 0.0462812 -0.865969 0.494719 -0.0721563 -0.865969 0.463844 -0.186625 -0.865969 0.406875 -0.290563 -0.865969 0.327031 -0.378188 -0.865969 0.228781 -0.444531 -0.865969 0.117688 -0.485938 -0.5 0.819125 0.280906 -0.494563 0.734219 0.465 -0.5 0.862281 0.0801875 -0.5 0.856938 -0.125 -0.5 0.803375 -0.323219 -0.5 0.704719 -0.503313 -0.5 0.566406 -0.655031 -0.5 0.39625 -0.769969 -0.5 0.203875 -0.841656 0.464656 0.747813 0.474063 0.5 0.790781 0.352969 0.809344 0.498313 0.310688 0.865969 0.456531 0.20375 0.893 0.382625 0.236813 0.638969 0.741 0.206313 0.90525 0.409281 0.113906 0 0.810531 -0.585594 0.638969 0.74925 0.173937 0.90525 0.413844 0.0960938 0.90525 0.414688 0.0921875 0.905187 0.413875 0.0960938 0.638969 0.750844 0.166938 0.5 0.865969 -0.00425 0.5 0.843437 -0.19625 0.5 0.778938 -0.378469 0.5 0.675563 -0.541844 0.5 0.5385 -0.678187 0.5 0.374656 -0.780781 0.5 0.192062 -0.844406 0.865969 0.499938 -0.0024375 0.905187 0.41475 0.0921875 0.865969 0.486969 -0.113281 0.865969 0.449688 -0.2185 0.865969 0.39 -0.312813 0.865969 0.310906 -0.391531 0.865969 0.216281 -0.450781 0.865969 0.110906 -0.4875 0.638969 0 -0.769188 0.90525 0 -0.424844 0.5 -0.203969 -0.841594 0.5 -0.396469 -0.769875 0.5 -0.566719 -0.654813 0.5 -0.705031 -0.502906 0.5 -0.803625 -0.322625 0.5 -0.857 -0.12425 0.5 -0.862188 0.0810938 0.5 -0.818812 0.281875 0.381344 -0.779406 0.497 0.865969 -0.117781 -0.485875 0.865969 -0.228875 -0.444469 0.865969 -0.327188 -0.378031 0.865969 -0.407 -0.290344 0.866 -0.463969 -0.18625 0.865969 -0.494781 -0.07175 0.865969 -0.49775 0.0468125 0.865969 -0.47275 0.16275 0.842313 -0.456969 0.285688 -0.893 0 0.449969 -0.729344 -0.0377188 0.683062 -0.594781 0 0.803875 0 0.7045 -0.709656 -0.169156 0 0.985563 -0.494563 -0.0915625 0.86425 -0.5 0.388219 0.774094 -0.865969 0.224094 0.446938 -0.638969 0.616437 0.46 -0.90525 0.340469 0.254063 0.934 0.35175 -0.0620313 0.970781 0.236156 -0.041625 0.729906 0.673125 -0.118688 0.823656 0.558375 -0.0984375 0.578656 0.803156 -0.141594 0.411344 0.897625 -0.15825 0.303656 0.93825 -0.165438 0.154188 0.972969 -0.171531 0.973094 -0.226719 0.0399688 0.921094 -0.383406 0.0675938 0.878313 -0.47075 0.0829687 0.697906 -0.70525 0.124344 0.724594 -0.678625 0.119625 0.440313 -0.884125 0.155844 0.394188 -0.905031 0.159531 0.131906 -0.976188 0.172094 -0.865969 -0.342063 0.364625 -0.84125 -0.449156 0.300719 -0.865969 -0.245375 0.435594 -0.865969 -0.134563 0.481531 -0.865969 -0.0160313 0.499719 -0.866 0.103406 0.489125 -0.865969 0.216906 0.450437 -0.865969 0.317969 0.385844 -0.5 -0.592438 0.631594 -0.379969 -0.763969 0.521469 -0.5 -0.425 0.754531 -0.5 -0.233094 0.834 -0.5 -0.02775 0.865531 -0.5 0.179094 0.847281 -0.5 0.37575 0.78025 -0.5 0.55075 0.668281 0.450063 -0.737906 0.502844 0.5 -0.592438 0.631594 0.788406 -0.510437 0.343094 0.5 -0.425 0.754531 0.5 -0.233094 0.834 0.5 -0.02775 0.865531 0.5 0.179094 0.847281 0.5 0.37575 0.78025 0.5 0.55075 0.668281 0.865969 -0.342063 0.364625 0.865969 -0.245375 0.435594 0.865969 -0.134563 0.481531 0.865969 -0.0160313 0.499719 0.866 0.103406 0.489125 0.865969 0.216906 0.450437 0.865969 0.317969 0.385844 0.638969 0.616437 0.46 0.90525 0.340469 0.254063 -0.934 -0.35175 0.0620313 -0.96225 -0.267844 0.0472188 -0.729906 -0.673063 0.118688 -0.777219 -0.619563 0.10925 -0.411344 -0.897563 0.15825 -0.483375 -0.862063 0.151969 -0.154188 -0.972969 0.171531 -0.131906 0.976188 -0.172094 -0.394188 0.905031 -0.159531 -0.440313 0.884125 -0.155844 -0.724594 0.678625 -0.119625 -0.697906 0.70525 -0.124344 -0.878531 0.470375 -0.0829375 -0.921094 0.383406 -0.0675938 -0.973094 0.226719 -0.0399688 0.453969 0.877469 -0.154719 0.380937 0.9105 -0.160531 0.7045 0.698875 -0.123219 0.809 0.578844 -0.102063 0.943969 0.324969 -0.05725 0.987688 0.154 -0.0271563 0.991406 -0.128438 0.0225937 0.951031 -0.304281 0.0536563 0.8765 -0.474 0.0835625 0.707094 -0.696344 0.12275 0.50225 -0.851531 0.150094 0.308969 -0.936594 0.165094 -0.453969 -0.877469 0.154719 -0.380937 -0.9105 0.160531 -0.7045 -0.698875 0.123219 -0.809 -0.578844 0.102063 -0.943969 -0.324969 0.05725 -0.987688 -0.154 0.0271563 -0.991406 0.128438 -0.0225937 -0.951031 0.304281 -0.0536563 -0.8765 0.474 -0.0835625 -0.707094 0.696344 -0.12275 -0.50225 0.851531 -0.150094 -0.308969 0.936594 -0.165094 0.944313 0.323938 -0.0570938 0.876844 -0.473344 0.0834688 0.503156 -0.851 0.150031 -0.944313 -0.323938 0.0570938 -0.876844 0.473344 -0.0834688 -0.503156 0.851 -0.150031 0.865969 0.224094 0.446938 0.893 0 0.449969 0.718625 0 0.695375 0.5 0.388219 0.774094 0.479094 0 0.877719 0.464719 -0.0975313 0.880063 0 0.587781 -0.809 0.809313 -0.0183438 0.587 -0.165 -0.17125 -0.97125 -0.695312 -0.124781 -0.707687 -0.700625 -0.123844 -0.702656 -0.899938 -0.0756563 -0.429344 -0.895781 -0.0771563 -0.437687 -0.995219 -0.0169063 -0.0959688 0 0.468844 -0.883219 -0.998469 -0.00940625 -0.0535313 -0.996281 0.0149062 0.0847187 -0.993906 0.0190313 0.108031 -0.947344 0.0555938 0.315313 -0.916531 0.069375 0.39375 -0.81575 0.100406 0.569562 -0.817813 0.0999063 0.566688 -0.627688 0.135125 0.766594 -0.523313 0.147969 0.839156 -0.345688 0.162938 0.924031 -0.0133125 0.173625 0.984688 0 0.382625 -0.923844 0.0820312 0.173063 0.981438 0.630188 0.134813 0.764562 0.673063 0.128406 0.728312 0.861188 0.0882187 0.500531 0.902188 0.0748437 0.42475 0.990438 0.0238438 0.1355 0.987969 0.0267812 0.152094 0.99975 -0.0038125 -0.0216563 0 0.195063 -0.980781 0.998219 -0.01025 -0.0583125 0.987188 -0.027625 -0.156937 0.99175 -0.0222188 -0.126062 0.97775 -0.036375 -0.206344 0.874188 -0.0842813 -0.478125 0.867188 -0.0864375 -0.490375 0.778281 -0.109031 -0.618344 0.609656 -0.137594 -0.780594 0.434781 -0.156312 -0.886813 0.0725625 -0.173156 -0.982188 0 0.156406 -0.987688 0 -0.144438 -0.989469 0 -0.233406 -0.972313 0 -0.424688 -0.905281 -0.999438 0.00553125 0.0313438 -0.954656 0.051625 0.293 -0.941969 0.0582188 0.330438 -0.788094 0.106875 0.606094 -0.504094 0.149906 0.850469 -0.342531 0.163094 0.925219 -0.0291563 0.173531 0.984375 -0.0194062 0.173562 0.984563 0.52925 0.147313 0.835563 0.303031 0.165469 0.938469 0.733063 0.118094 0.669781 0.863344 0.0875625 0.496906 0.952344 0.0529375 0.300344 0.961812 0.0474688 0.269406 0.996437 -0.0145313 -0.0826562 0.999219 0.00671875 0.038125 0.817469 -0.1 -0.567125 0.939031 -0.0596563 -0.338406 0.638031 -0.133656 -0.758219 0.471563 -0.153094 -0.868375 0.385875 -0.160156 -0.9085 -0.0775 -0.173094 -0.981781 -0.541469 -0.145969 -0.827906 -0.727406 -0.119125 -0.675687 -0.831062 -0.0965312 -0.547625 -0.961969 -0.047375 -0.268906 -0.999125 -0.00721875 -0.0410938 0.9965 0.014375 0.0818437 0.948313 -0.0550938 -0.312438 0.959156 -0.0490625 -0.278531 0.748563 -0.115125 -0.652969 0.818656 -0.0996875 -0.565437 0.555094 -0.144375 -0.819094 0.0817188 -0.173063 -0.9815 -0.0736875 -0.173125 -0.982094 -0.42375 -0.15725 -0.892 -0.414 -0.158063 -0.896438 -0.8475 -0.092125 -0.522687 -0.806437 -0.102656 -0.58225 -0.934344 -0.0618125 -0.350844 0 -0.453969 -0.890969 -0.971969 -0.0407812 -0.2315 -0.994219 0.0185 0.105156 -0.999906 0.0015625 0.0088125 -0.813781 0.100906 0.572281 -0.859438 0.0887187 0.503469 -0.47925 0.152344 0.864313 -0.493031 0.151063 0.85675 -0.0955 0.172844 0.98025 -0.07975 0.173094 0.981656 0.0029375 0.173625 0.984781 0 -0.587781 -0.809 -0.035875 0.1735 0.984156 0.605469 0.138156 0.783719 0.563125 0.143469 0.813781 0.877625 0.0832188 0.471938 0.934375 0.0618125 0.350688 0.995 0.0173125 0.0983438 0.962125 -0.0755313 -0.26175 0.851469 -0.145344 -0.50375 0.638969 -0.213188 -0.739031 0.637031 -0.0524688 -0.768969 0.359188 -0.0635312 -0.931063 0.359188 -0.258656 -0.896656 0.900563 -0.174125 -0.39825 0.991625 -0.022 -0.126906 0.833531 -0.242719 -0.496188 0.977531 -0.0365313 -0.207344 0.921063 -0.0675 -0.3835 0.756594 -0.284938 -0.588437 0.8305 -0.09675 -0.548469 0.6405 -0.324531 -0.695969 0.730313 -0.118625 -0.672656 0.52025 -0.351281 -0.778406 0.5615 -0.1435 -0.814875 0.369281 -0.373313 -0.851 0.301469 -0.1655 -0.938969 0.192281 -0.388 -0.901344 0 -0.438188 -0.898844 0.673406 -0.318875 -0.666875 0.607656 -0.420656 -0.673563 0.542313 -0.476219 -0.692156 0.452625 -0.5235 -0.721844 0.364781 -0.55325 -0.748812 0.257688 -0.576781 -0.775156 0.133813 -0.592031 -0.794688 0 -0.674344 -0.738375 0.638969 -0.21325 -0.739031 0.348781 -0.417531 -0.839031 0.312438 -0.550625 -0.774 0.277375 -0.623062 -0.731219 0.2305 -0.682906 -0.693125 0.185375 -0.718813 -0.67 0.13075 -0.745844 -0.653125 0.0678438 -0.762688 -0.643125 0.359188 -0.258719 -0.896656 -0.000125 -0.391531 -0.920125 3.125e-05 -0.499875 -0.866063 0 -0.572656 -0.81975 -3.125e-05 -0.675563 -0.737219 0 -0.763219 -0.646125 0 -0.801219 -0.598281 0 -0.826469 -0.562906 0 -0.857656 -0.514094 3.125e-05 -0.88 -0.474813 3.125e-05 -0.890406 -0.455125 0 -0.4415 -0.897219 -0.254531 -0.384031 -0.887469 -0.330344 -0.163844 -0.929469 -0.423281 -0.366625 -0.828438 -0.605438 -0.138156 -0.78375 -0.563688 -0.342813 -0.751469 -0.731531 -0.118406 -0.671406 -0.673719 -0.315031 -0.668375 -0.826625 -0.09775 -0.554094 -0.756688 -0.284938 -0.588344 -0.955844 -0.0510625 -0.28925 -0.833719 -0.242594 -0.495969 -0.987938 -0.0269063 -0.152469 -0.883469 -0.197719 -0.424625 -0.998344 -0.00990625 -0.0560625 -0.913688 -0.15075 -0.377313 -0.964844 -0.0728438 -0.252469 -0.851469 -0.145344 -0.50375 -0.17725 -0.587969 -0.789156 -0.295781 -0.569656 -0.766719 -0.396156 -0.543938 -0.739656 -0.477562 -0.5125 -0.713531 -0.542313 -0.476156 -0.692125 -0.607813 -0.4205 -0.673563 -0.655438 -0.355188 -0.666438 -0.688031 -0.280313 -0.669281 -0.637031 -0.213719 -0.740562 -0.0898438 -0.758219 -0.645719 -0.150063 -0.737844 -0.658 -0.201438 -0.707781 -0.677063 -0.243469 -0.66925 -0.701937 -0.277438 -0.623031 -0.731313 -0.3125 -0.550438 -0.774156 -0.338688 -0.464563 -0.818125 -0.357031 -0.366969 -0.858938 -0.359188 -0.258719 -0.896656 -3.125e-05 -0.888844 -0.458156 3.125e-05 -0.814 -0.58075 6.25e-05 -0.607938 -0.793938 0 -0.499656 -0.866188 9.375e-05 -0.391531 -0.920125 -0.93325 -0.0244375 -0.358375 -0.770813 -0.043375 -0.635531 -0.637031 -0.213656 -0.740562 -0.524281 -0.0579688 -0.8495 -0.359188 -0.258656 -0.896656 -0.301688 -0.1655 -0.938906 -0.330438 -0.163844 -0.929469 -0.561719 -0.143656 -0.81475 -0.605469 -0.138156 -0.783719 -0.730344 -0.118594 -0.672656 -0.731531 -0.118375 -0.671344 -0.830531 -0.0966875 -0.548406 -0.826688 -0.0976562 -0.554031 -0.921094 -0.0675938 -0.383344 -0.955844 -0.0509688 -0.28925 -0.977594 -0.0365313 -0.207188 -0.987938 -0.0268438 -0.152344 -0.991656 -0.0222812 -0.126656 -0.998344 -0.0098125 -0.0556563 0.998344 -0.0098125 -0.0556563 0.991656 -0.0222812 -0.126656 0.987938 -0.0268438 -0.152344 0.977594 -0.0365313 -0.207188 0.955844 -0.0509688 -0.28925 0.921094 -0.0675938 -0.383344 0.830531 -0.0966875 -0.548406 0.826688 -0.0976562 -0.554031 0.730344 -0.118594 -0.672656 0.731531 -0.118375 -0.671344 0.605469 -0.138156 -0.783719 0.561719 -0.143656 -0.81475 0.301688 -0.1655 -0.938906 0.330438 -0.163844 -0.929469 -0.379969 0 0.924969 -0.451594 0 0.892156 -0.789719 0 0.613375 -0.84125 0 0.540563 0 -0.667094 -0.744906 0.381344 0 0.924375 0.450063 0 0.892969 0.842313 0 0.538938 0.788406 0 0.615094 0 -0.809 -0.587781 0.156406 0.972656 -0.171469 0.195063 0.965875 -0.17025 0.382625 0.909813 -0.160375 0.335656 0.927625 -0.163563 0.532 0.833844 -0.147 0.587781 0.796719 -0.140437 0.810531 0.576688 -0.101656 0.927813 0.367281 -0.06475 0.951031 0.304281 -0.0536563 0.990531 0.135063 -0.0238125 0.999656 -0.0253125 0.00446875 0.996875 -0.0772187 0.0135938 0.963969 -0.261875 0.046125 0.870875 -0.484031 0.0853125 0.809 -0.578844 0.102063 0.758219 -0.642031 0.113156 0.655375 -0.743813 0.131156 0.587781 -0.796719 0.140437 0.475844 -0.866094 0.152719 0.453969 -0.877469 0.154719 0.233406 -0.957563 0.168812 0.27175 -0.947688 0.167094 -0.156406 -0.972656 0.171469 -0.195063 -0.965875 0.17025 -0.382625 -0.909813 0.160375 -0.335656 -0.927625 0.163563 -0.532 -0.833844 0.147 -0.587781 -0.796719 0.140437 -0.810531 -0.576688 0.101656 -0.927813 -0.367281 0.06475 -0.951031 -0.304281 0.0536563 -0.990531 -0.135063 0.0238125 -0.999656 0.0253125 -0.00446875 -0.996875 0.0772187 -0.0135938 -0.963969 0.261875 -0.046125 -0.870875 0.484031 -0.0853125 -0.809 0.578844 -0.102063 -0.758219 0.642031 -0.113156 -0.655344 0.743813 -0.131156 -0.587781 0.796719 -0.140437 -0.475844 0.866094 -0.152719 -0.453969 0.877469 -0.154719 -0.233406 0.957563 -0.168812 -0.27175 0.947688 -0.167094 -0.394188 -0.905031 0.159531 -0.689125 -0.713625 0.125813 -0.724594 -0.678625 0.119625 -0.919 -0.388219 0.0684375 0 -0.799594 -0.600469 0.779375 -0.616969 0.10875 0.459406 -0.874687 0.154188 0.432063 -0.888094 0.156594 0 -0.939219 -0.34325 0.214594 -0.961812 0.169594 0.419156 -0.894094 0.157625 0.617469 -0.774625 0.136531 0.896219 -0.436844 0.077 0.970781 -0.236125 0.041625 0.99975 0.0210625 -0.0036875 0.95975 0.276406 -0.0487188 0.895563 0.438125 -0.0772187 0.779375 0.616969 -0.10875 0.6315 0.763563 -0.134625 0.84625 0.524594 -0.0925 0.421313 0.893094 -0.157469 0.175156 0.969531 -0.170906 -0.202844 0.964281 -0.17 0 -0.951031 -0.308969 -0.397219 0.90375 -0.159313 -0.562156 0.814438 -0.143562 -0.707156 0.69625 -0.122719 -0.857375 0.506813 -0.0893125 -0.956125 0.288406 -0.0508125 -0.991 0.131344 -0.023125 -0.990625 -0.134438 0.0236875 -0.919375 -0.387313 0.06825 -0.834875 -0.541969 0.0955625 -0.774 -0.623469 0.109906 -0.693594 -0.709312 0.125031 -0.529188 -0.835594 0.147313 -0.336313 -0.927406 0.163469 -0.194719 -0.965906 0.170281 -0.982437 0.183437 -0.0323125 0 -0.996875 -0.0784063 -0.73025 0.672719 -0.118594 -0.69325 0.709719 -0.125125 -0.0744063 0.982063 -0.173125 -0.0743125 0.982063 -0.173125 0.323 0.931969 -0.164281 0.423656 0.892031 -0.15725 0.668594 0.732313 -0.129094 0.194719 0.965906 -0.170281 0.467969 0.870281 -0.153406 0.693594 0.709312 -0.125031 0.774 0.623469 -0.109906 0.886688 0.455281 -0.0802813 0.946688 0.317156 -0.0559063 0.995094 0.0969063 -0.0170625 0.991 -0.131344 0.023125 0.956125 -0.288406 0.0508125 0.857375 -0.506813 0.0893437 0.707156 -0.69625 0.122719 0.562156 -0.814438 0.143562 0.397219 -0.90375 0.159313 0.202844 -0.964281 0.17 -0.467969 -0.870281 0.153406 -0.886688 -0.455281 0.0802813 -0.946688 -0.317156 0.0559063 -0.995094 -0.0969063 0.0170625 -0.857375 0.506813 -0.0893437 -0.240281 0.955938 -0.168531 -0.499063 0.853375 -0.150469 0.240281 -0.955938 0.168531 0.499063 -0.853375 0.150469 0.857375 -0.506813 0.0893125 0.991969 0.124438 -0.0219375 0.999125 0.0410625 -0.00721875 0.93325 0.353719 -0.062375 0.903219 0.422563 -0.0745 0.724594 0.678625 -0.119625 0.769188 0.629219 -0.110906 0.424844 0.891469 -0.157188 0.394188 0.905031 -0.159531 0.483375 -0.862063 0.151969 0.0416562 -0.983938 0.173469 0.359188 -0.919031 0.162 0.638969 -0.7575 0.133563 0.78525 -0.609688 0.1075 0.90525 -0.418375 0.0737187 0.964406 -0.260344 0.045875 -0.991969 -0.124438 0.0219375 -0.999125 -0.0410625 0.00721875 -0.93325 -0.353719 0.062375 -0.903188 -0.422563 0.0745 -0.769188 -0.629219 0.110906 -0.424844 -0.891469 0.157188 -0.483375 0.862063 -0.151969 -0.0416562 0.983938 -0.173469 -0.359188 0.919031 -0.162 -0.638969 0.7575 -0.133563 -0.78525 0.609688 -0.1075 -0.90525 0.418375 -0.0737187 -0.964406 0.260344 -0.045875 0 -0.99825 -0.058625 0 -0.987688 0.156406 0 -0.990531 0.137156 0 0.573563 -0.819094 -0.165063 0.554313 -0.81575 -0.107188 0.5655 -0.817688 -0.259469 0.524938 -0.810531 -0.321 0.497656 -0.80575 -0.385062 0.461188 -0.799344 -0.415625 0.440531 -0.795656 -0.510813 0.358719 -0.78125 -0.572031 0.2865 -0.768531 -0.605563 0.236656 -0.75975 -0.644531 0.163563 -0.746844 -0.672437 0.092375 -0.73425 -0.670969 0.0969063 -0.735094 -0.699938 -0.023875 -0.71375 -0.704875 -0.068125 -0.705938 -0.707031 -0.116563 -0.697438 -0.698344 -0.231688 -0.677094 -0.694094 -0.255625 -0.672906 -0.672437 -0.337938 -0.658406 -0.652438 -0.391156 -0.649 -0.571156 -0.533281 -0.623937 -0.572031 -0.532094 -0.624188 -0.457063 -0.654063 -0.602625 -0.415625 -0.686156 -0.597 -0.365969 -0.718594 -0.59125 -0.270594 -0.766125 -0.582875 -0.258938 -0.770719 -0.582094 -0.110594 -0.810531 -0.575063 -0.152719 -0.802688 -0.576469 -0.0331875 -0.818344 -0.573656 0 -0.819094 -0.573563 0 -0.951031 0.308969 0.165063 -0.799906 -0.576937 0.107188 -0.811063 -0.574969 0.259469 -0.770563 -0.582125 0.321 -0.74325 -0.586906 0.385062 -0.706781 -0.593375 0.415625 -0.686156 -0.597 0.510813 -0.60425 -0.611406 0.572031 -0.532094 -0.624188 0.605563 -0.48225 -0.632937 0.644531 -0.409125 -0.645813 0.672437 -0.337938 -0.658406 0.670969 -0.342438 -0.657562 0.699938 -0.221625 -0.678906 0.704875 -0.177406 -0.686719 0.707031 -0.128969 -0.695219 0.698344 -0.0138125 -0.715563 0.694094 0.0100938 -0.719781 0.672437 0.092375 -0.73425 0.652438 0.145531 -0.743656 0.571156 0.287688 -0.76875 0.572031 0.2865 -0.768531 0.457063 0.408469 -0.790031 0.415625 0.440531 -0.795656 0.365969 0.473031 -0.801406 0.270594 0.520563 -0.809781 0.258938 0.525156 -0.810562 0.110594 0.564969 -0.817594 0.152719 0.557094 -0.81625 0.0331875 0.572781 -0.819 0.0294688 -0.818531 -0.573656 0.205094 -0.789156 -0.578844 0.254 -0.772656 -0.581719 0.370688 -0.715719 -0.591781 0.451813 -0.658406 -0.601875 0.514531 -0.600375 -0.612094 0.657438 -0.379 -0.651125 0.640063 -0.418594 -0.644188 0.707094 -0.12275 -0.696344 0.706469 -0.0937188 -0.701469 0.650906 0.149188 -0.744313 0.659844 0.127312 -0.740438 0.543906 0.322156 -0.774813 0.487281 0.381813 -0.785281 0.301781 0.506938 -0.807375 0.300375 0.507594 -0.8075 0.0463438 0.572031 -0.818875 -0.0294688 0.572937 -0.819 -0.205094 0.543594 -0.813812 -0.254 0.527031 -0.810938 -0.370688 0.470156 -0.800875 -0.451813 0.412844 -0.790781 -0.514531 0.354813 -0.780563 -0.657438 0.133406 -0.741531 -0.640063 0.173063 -0.7485 -0.707094 -0.12275 -0.696344 -0.706469 -0.151781 -0.691188 -0.650906 -0.394719 -0.648344 -0.659844 -0.372938 -0.652219 -0.543906 -0.567688 -0.617844 -0.487281 -0.627375 -0.607375 -0.301781 -0.752469 -0.585281 -0.300375 -0.753125 -0.585156 -0.0463438 -0.817656 -0.573781 -0.701594 -0.209469 -0.681063 -0.698344 -0.231688 -0.677156 -0.652438 -0.391094 -0.649 -0.571094 -0.533281 -0.623937 -0.372375 -0.714719 -0.591969 -0.219063 -0.784844 -0.579594 0 -0.927813 0.372969 0.701594 -0.0360625 -0.711594 0.372375 0.469156 -0.800687 0.219063 0.53925 -0.813062 0 -0.809 0.587781 -0.707094 0 0.707094 -0.707094 0.120969 0.696625 -0.707094 0.149875 0.691031 -0.707094 0.238469 0.665656 -0.707094 0.293 0.643531 -0.707094 0.381125 0.595563 -0.707094 0.429844 0.561406 -0.707094 0.503563 0.496406 -0.707094 0.544813 0.450719 -0.707094 0.571688 0.416094 -0.707094 0.605125 0.365656 -0.707094 0.632031 0.317031 -0.707094 0.638219 0.304406 -0.707094 0.687031 0.167187 -0.707094 0.690094 0.154125 -0.707094 0.707031 0.008875 -0.707094 0.707094 -0.0024375 -0.707094 0.691031 -0.149875 -0.707094 0.698875 -0.107406 -0.707094 0.687125 -0.16675 -0.707094 0.667406 -0.233562 -0.707094 0.63975 -0.301031 -0.707094 0.598312 -0.376781 -0.707094 0.555969 -0.436844 -0.707094 0.500094 -0.499875 -0.707094 0.443844 -0.550438 -0.707094 0.420281 -0.568563 -0.707094 0.370094 -0.602437 -0.707094 0.309063 -0.635938 -0.707094 0.158531 -0.689094 -0.707094 0 -0.707094 -0.707094 -0.120969 -0.696625 -0.707094 -0.149875 -0.691031 -0.707094 -0.238469 -0.665656 -0.707094 -0.293 -0.643531 -0.707094 -0.381125 -0.595563 -0.707094 -0.429844 -0.561406 -0.707094 -0.503563 -0.496406 -0.707094 -0.544813 -0.450719 -0.707094 -0.571688 -0.416094 -0.707094 -0.605125 -0.365656 -0.707094 -0.632031 -0.317031 -0.707094 -0.638219 -0.304406 -0.707094 -0.687031 -0.167187 -0.707094 -0.690094 -0.154125 -0.707094 -0.707031 -0.008875 -0.707094 -0.707094 0.0024375 -0.707094 -0.691031 0.149875 -0.707094 -0.698875 0.107406 -0.707094 -0.687125 0.16675 -0.707094 -0.667406 0.233562 -0.707094 -0.63975 0.301031 -0.707094 -0.598312 0.376781 -0.707094 -0.555969 0.436844 -0.707094 -0.500063 0.499875 -0.707094 -0.443844 0.550438 -0.707094 -0.420281 0.568594 -0.707094 -0.370094 0.602437 -0.707094 -0.309063 0.635938 -0.707094 -0.158531 0.689094 0.411719 0 0.91125 0.0378125 0 0.99925 0.344656 0 0.938688 0.635094 0 0.772344 0.772344 0 0.635094 0.91025 0 0.413938 0.772344 0.635094 -0 0.772375 0.635094 -0 0.411719 0.91125 -0 0 1 -0 0.411719 0 -0.91125 0.772344 0 -0.635094 0 -1 -0 0.0378125 -0.99925 -0 0.411719 -0.91125 -0 0.344656 -0.938688 -0 0.635094 -0.772344 -0 0.772344 -0.635094 -0 0.91025 -0.414 -0 0 -0.810531 0.585594 0 -0.156406 0.987688 0 -0.0983438 0.995094 0 -0.266156 0.963875 0 -0.382625 0.923844 0 -0.50075 0.865531 0 -0.587781 0.809 0 -0.7045 0.709656 0 -0.999219 0.0390625 0 -0.991313 -0.131344 0 -0.926094 -0.37725 0 -0.736656 -0.676188 0 -0.610969 -0.791625 0 -0.391438 -0.920156 0 0.0983438 -0.995094 0 0.266094 -0.963875 0 0.50075 -0.865531 0 0.999219 -0.0390625 0 0.991313 0.131344 0 0.926094 0.37725 0 0.736656 0.676188 0 0.610969 0.791625 0 0.391438 0.920156 -0.707094 -0.110594 0.698344 -0.707094 -0.270594 0.653219 -0.707094 -0.415625 0.572031 -0.707094 -0.572031 0.415625 -0.707094 -0.672437 0.2185 -0.707094 -0.707094 -0 -0.707094 -0.672437 -0.2185 -0.707094 -0.572031 -0.415625 -0.707094 -0.415625 -0.572031 -0.707094 -0.321 -0.63 -0.707094 -0.165063 -0.687563 -0.707094 0.110594 -0.698344 -0.707094 0.270594 -0.653281 -0.707094 0.415625 -0.572031 -0.707094 0.572031 -0.415625 -0.707094 0.672437 -0.2185 -0.707094 0.707094 -0 -0.707094 0.672437 0.2185 -0.707094 0.572031 0.415625 -0.707094 0.415625 0.572031 -0.707094 0.321 0.63 -0.707094 0.165063 0.687563 0 -0.195063 0.980781 0 -0.468844 0.883219</float_array>
					<technique_common>
						<accessor count="1395" source="#ID8" stride="3">
							<param name="X" type="float"/>
							<param name="Y" type="float"/>
							<param name="Z" type="float"/>
						</accessor>
					</technique_common>
				</source>
				<source id="ID9">
					<float_array id="ID10" count="2" digits="2490374">0 1</float_array>
					<technique_common>
						<accessor count="1" source="#ID10" stride="2">
							<param name="S" type="float"/>
							<param name="T" type="float"/>
						</accessor>
					</technique_common>
				</source>
				<vertices id="ID11">
					<input semantic="POSITION" source="#ID5"/>
				</vertices>
				<polylist count="4006">
					<input offset="0" semantic="VERTEX" source="#ID11" set="0"/>
					<input offset="1" semantic="NORMAL" source="#ID7" set="0"/>
					<input offset="2" semantic="TEXCOORD" source="#ID9" set="0"/>
					<vcount>3 3 3 3 3 3 3 3 3 3 3 3 3 3 3 3 3 3 3 3 3 3 3 3 3 3 3 3 3 3 3 3 3 3 3 3 3 3 3 3 3 3 3 3 3 3 3 3 3 3 3 3 3 3 3 3 3 3 3 3 3 3 3 3 3 3 3 3 3 3 3 3 3 3 3 3 3 3 3 3 3 3 3 3 3 3 3 3 3 3 3 3 3 3 3 3 3 3 3 3 3 3 3 3 3 3 3 3 3 3 3 3 3 3 3 3 3 3 3 3 3 3 3 3 3 3 3 3 3 3 3 3 3 3 3 3 3 3 3 3 3 3 3 3 3 3 3 3 3 3 3 3 3 3 3 3 3 3 3 3 3 3 3 3 3 3 3 3 3 3 3 3 3 3 3 3 3 3 3 3 3 3 3 3 3 3 3 3 3 3 3 3 3 3 3 3 3 3 3 3 3 3 3 3 3 3 3 3 3 3 3 3 3 3 3 3 3 3 3 3 3 3 3 3 3 3 3 3 3 3 3 3 3 3 3 3 3 3 3 3 3 3 3 3 3 3 3 3 3 3 3 3 3 3 3 3 3 3 3 3 3 3 3 3 3 3 3 3 3 3 3 3 3 3 3 3 3 3 3 3 3 3 3 3 3 3 3 3 3 3 3 3 3 3 3 3 3 3 3 3 3 3 3 3 3 3 3 3 3 3 3 3 3 3 3 3 3 3 3 3 3 3 3 3 3 3 3 3 3 3 3 3 3 3 3 3 3 3 3 3 3 3 3 3 3 3 3 3 3 3 3 3 3 3 3 3 3 3 3 3 3 3 3 3 3 3 3 3 3 3 3 3 3 3 3 3 3 3 3 3 3 3 3 3 3 3 3 3 3 3 3 3 3 3 3 3 3 3 3 3 3 3 3 3 3 3 3 3 3 3 3 3 3 3 3 3 3 3 3 3 3 3 3 3 3 3 3 3 3 3 3 3 3 3 3 3 3 3 3 3 3 3 3 3 3 3 3 3 3 3 3 3 3 3 3 3 3 3 3 3 3 3 3 3 3 3 3 3 3 3 3 3 3 3 3 3 3 3 3 3 3 3 3 3 3 3 3 3 3 3 3 3 3 3 3 3 3 3 3 3 3 3 3 3 3 3 3 3 3 3 3 3 3 3 3 3 3 3 3 3 3 3 3 3 3 3 3 3 3 3 3 3 3 3 3 3 3 3 3 3 3 3 3 3 3 3 3 3 3 3 3 3 3 3 3 3 3 3 3 3 3 3 3 3 3 3 3 3 3 3 3 3 3 3 3 3 3 3 3 3 3 3 3 3 3 3 3 3 3 3 3 3 3 3 3 3 3 3 3 3 3 3 3 3 3 3 3 3 3 3 3 3 3 3 3 3 3 3 3 3 3 3 3 3 3 3 3 3 3 3 3 3 3 3 3 3 3 3 3 3 3 3 3 3 3 3 3 3 3 3 3 3 3 3 3 3 3 3 3 3 3 3 3 3 3 3 3 3 3 3 3 3 3 3 3 3 3 3 3 3 3 3 3 3 3 3 3 3 3 3 3 3 3 3 3 3 3 3 3 3 3 3 3 3 3 3 3 3 3 3 3 3 3 3 3 3 3 3 3 3 3 3 3 3 3 3 3 3 3 3 3 3 3 3 3 3 3 3 3 3 3 3 3 3 3 3 3 3 3 3 3 3 3 3 3 3 3 3 3 3 3 3 3 3 3 3 3 3 3 3 3 3 3 3 3 3 3 3 3 3 3 3 3 3 3 3 3 3 3 3 3 3 3 3 3 3 3 3 3 3 3 3 3 3 3 3 3 3 3 3 3 3 3 3 3 3 3 3 3 3 3 3 3 3 3 3 3 3 3 3 3 3 3 3 3 3 3 3 3 3 3 3 3 3 3 3 3 3 3 3 3 3 3 3 3 3 3 3 3 3 3 3 3 3 3 3 3 3 3 3 3 3 3 3 3 3 3 3 3 3 3 3 3 3 3 3 3 3 3 3 3 3 3 3 3 3 3 3 3 3 3 3 3 3 3 3 3 3 3 3 3 3 3 3 3 3 3 3 3 3 3 3 3 3 3 3 3 3 3 3 3 3 3 3 3 3 3 3 3 3 3 3 3 3 3 3 3 3 3 3 3 3 3 3 3 3 3 3 3 3 3 3 3 3 3 3 3 3 3 3 3 3 3 3 3 3 3 3 3 3 3 3 3 3 3 3 3 3 3 3 3 3 3 3 3 3 3 3 3 3 3 3 3 3 3 3 3 3 3 3 3 3 3 3 3 3 3 3 3 3 3 3 3 3 3 3 3 3 3 3 3 3 3 3 3 3 3 3 3 3 3 3 3 3 3 3 3 3 3 3 3 3 3 3 3 3 3 3 3 3 3 3 3 3 3 3 3 3 3 3 3 3 3 3 3 3 3 3 3 3 3 3 3 3 3 3 3 3 3 3 3 3 3 3 3 3 3 3 3 3 3 3 3 3 3 3 3 3 3 3 3 3 3 3 3 3 3 3 3 3 3 3 3 3 3 3 3 3 3 3 3 3 3 3 3 3 3 3 3 3 3 3 3 3 3 3 3 3 3 3 3 3 3 3 3 3 3 3 3 3 3 3 3 3 3 3 3 3 3 3 3 3 3 3 3 3 3 3 3 3 3 3 3 3 3 3 3 3 3 3 3 3 3 3 3 3 3 3 3 3 3 3 3 3 3 3 3 3 3 3 3 3 3 3 3 3 3 3 3 3 3 3 3 3 3 3 3 3 3 3 3 3 3 3 3 3 3 3 3 3 3 3 3 3 3 3 3 3 3 3 3 3 3 3 3 3 3 3 3 3 3 3 3 3 3 3 3 3 3 3 3 3 3 3 3 3 3 3 3 3 3 3 3 3 3 3 3 3 3 3 3 3 3 3 3 3 3 3 3 3 3 3 3 3 3 3 3 3 3 3 3 3 3 3 3 3 3 3 3 3 3 3 3 3 3 3 3 3 3 3 3 3 3 3 3 3 3 3 3 3 3 3 3 3 3 3 3 3 3 3 3 3 3 3 3 3 3 3 3 3 3 3 3 3 3 3 3 3 3 3 3 3 3 3 3 3 3 3 3 3 3 3 3 3 3 3 3 3 3 3 3 3 3 3 3 3 3 3 3 3 3 3 3 3 3 3 3 3 3 3 3 3 3 3 3 3 3 3 3 3 3 3 3 3 3 3 3 3 3 3 3 3 3 3 3 3 3 3 3 3 3 3 3 3 3 3 3 3 3 3 3 3 3 3 3 3 3 3 3 3 3 3 3 3 3 3 3 3 3 3 3 3 3 3 3 3 3 3 3 3 3 3 3 3 3 3 3 3 3 3 3 3 3 3 3 3 3 3 3 3 3 3 3 3 3 3 3 3 3 3 3 3 3 3 3 3 3 3 3 3 3 3 3 3 3 3 3 3 3 3 3 3 3 3 3 3 3 3 3 3 3 3 3 3 3 3 3 3 3 3 3 3 3 3 3 3 3 3 3 3 3 3 3 3 3 3 3 3 3 3 3 3 3 3 3 3 3 3 3 3 3 3 3 3 3 3 3 3 3 3 3 3 3 3 3 3 3 3 3 3 3 3 3 3 3 3 3 3 3 3 3 3 3 3 3 3 3 3 3 3 3 3 3 3 3 3 3 3 3 3 3 3 3 3 3 3 3 3 3 3 3 3 3 3 3 3 3 3 3 3 3 3 3 3 3 3 3 3 3 3 3 3 3 3 3 3 3 3 3 3 3 3 3 3 3 3 3 3 3 3 3 3 3 3 3 3 3 3 3 3 3 3 3 3 3 3 3 3 3 3 3 3 3 3 3 3 3 3 3 3 3 3 3 3 3 3 3 3 3 3 3 3 3 3 3 3 3 3 3 3 3 3 3 3 3 3 3 3 3 3 3 3 3 3 3 3 3 3 3 3 3 3 3 3 3 3 3 3 3 3 3 3 3 3 3 3 3 3 3 3 3 3 3 3 3 3 3 3 3 3 3 3 3 3 3 3 3 3 3 3 3 3 3 3 3 3 3 3 3 3 3 3 3 3 3 3 3 3 3 3 3 3 3 3 3 3 3 3 3 3 3 3 3 3 3 3 3 3 3 3 3 3 3 3 3 3 3 3 3 3 3 3 3 3 3 3 3 3 3 3 3 3 3 3 3 3 3 3 3 3 3 3 3 3 3 3 3 3 3 3 3 3 3 3 3 3 3 3 3 3 3 3 3 3 3 3 3 3 3 3 3 3 3 3 3 3 3 3 3 3 3 3 3 3 3 3 3 3 3 3 3 3 3 3 3 3 3 3 3 3 3 3 3 3 3 3 3 3 3 3 3 3 3 3 3 3 3 3 3 3 3 3 3 3 3 3 3 3 3 3 3 3 3 3 3 3 3 3 3 3 3 3 3 3 3 3 3 3 3 3 3 3 3 3 3 3 3 3 3 3 3 3 3 3 3 3 3 3 3 3 3 3 3 3 3 3 3 3 3 3 3 3 3 3 3 3 3 3 3 3 3 3 3 3 3 3 3 3 3 3 3 3 3 3 3 3 3 3 3 3 3 3 3 3 3 3 3 3 3 3 3 3 3 3 3 3 3 3 3 3 3 3 3 3 3 3 3 3 3 3 3 3 3 3 3 3 3 3 3 3 3 3 3 3 3 3 3 3 3 3 3 3 3 3 3 3 3 3 3 3 3 3 3 3 3 3 3 3 3 3 3 3 3 3 3 3 3 3 3 3 3 3 3 3 3 3 3 3 3 3 3 3 3 3 3 3 3 3 3 3 3 3 3 3 3 3 3 3 3 3 3 3 3 3 3 3 3 3 3 3 3 3 3 3 3 3 3 3 3 3 3 3 3 3 3 3 3 3 3 3 3 3 3 3 3 3 3 3 3 3 3 3 3 3 3 3 3 3 3 3 3 3 3 3 3 3 3 3 3 3 3 3 3 3 3 3 3 3 3 3 3 3 3 3 3 3 3 3 3 3 3 3 3 3 3 3 3 3 3 3 3 3 3 3 3 3 3 3 3 3 3 3 3 3 3 3 3 3 3 3 3 3 3 3 3 3 3 3 3 3 3 3 3 3 3 3 3 3 3 3 3 3 3 3 3 3 3 3 3 3 3 3 3 3 3 3 3 3 3 3 3 3 3 3 3 3 3 3 3 3 3 3 3 3 3 3 3 3 3 3 3 3 3 3 3 3 3 3 3 3 3 3 3 3 3 3 3 3 3 3 3 3 3 3 3 3 3 3 3 3 3 3 3 3 3 3 3 3 3 3 3 3 3 3 3 3 3 3 3 3 3 3 3 3 3 3 3 3 3 3 3 3 3 3 3 3 3 3 3 3 3 3 3 3 3 3 3 3 3 3 3 3 3 3 3 3 3 3 3 3 3 3 3 3 3 3 3 3 3 3 3 3 3 3 3 3 3 3 3 3 3 3 3 3 3 3 3 3 3 3 3 3 3 3 3 3 3 3 3 3 3 3 3 3 3 3 3 3 3 3 3 3 3 3 3 3 3 3 3 3 3 3 3 3 3 3 3 3 3 3 3 3 3 3 3 3 3 3 3 3 3 3 3 3 3 3 3 3 3 3 3 3 3 3 3 3 3 3 3 3 3 3 3 3 3 3 3 3 3 3 3 3 3 3 3 3 3 3 3 3 3 3 3 3 3 3 3 3 3 3 3 3 3 3 3 3 3 3 3 3 3 3 3 3 3 3 3 3 3 3 3 3 3 3 3 3 3 3 3 3 3 3 3 3 3 3 3 3 3 3 3 3 3 3 3 3 3 3 3 3 3 3 3 3 3 3 3 3 3 3 3 3 3 3 3 3 3 3 3 3 3 3 3 3 3 3 3 3 3 3 3 3 3 3 3 3 3 3 3 3 3 3 3 3 3 3 3 3 3 3 3 3 3 3 3 3 3 3 3 3 3 3 3 3 3 3 3 3 3 3 3 3 3 3 3 3 3 3 3 3 3 3 3 3 3 3 3 3 3 3 3 3 3 3 3 3 3 3 3 3 3 3 3 3 3 3 3 3 3 3 3 3 3 3 3 3 3 3 3 3 3 3 3 3 3 3 3 3 3 3 3 3 3 3 3 3 3 3 3 3 3 3 3 3 3 3 3 3 3 3 3 3 3 3 3 3 3 3 3 3 3 3 3 3 3 3 3 3 3 3 3 3 3 3 3 3 3 3 3 3 3 3 3 3 3 3 3 3 3 3 3 3 3 3 3 3 3 3 3 3 3 3 3 3 3 3 3 3 3 3 3 3 3 3 3 3 3 3 3 3 3 3 3 3 3 3 3 3 3 3 3 3 3 3 3 3 3 3 3 3 3 3 3 3 3 3 3 3 3 3 3 3 3 3 3 3 3 3 3 3 3 3 3 3 3 3 3 3 3 3 3 3 3 3 3 3 3 3 3 3 3 3 3 3 3 3 3 3 3 3 3 3 3 3 3 3 3 3 3 3 3 3 3 3 3 3 3 3 3 3 3 3 3 3 3 3 3 3 3 3 3 3 3 3 3 3 3 3 3 3 3 3 3 3 3 3 3 3 3 3 3 3 3 3 3 3 3 3 3 3 3 3 3 3 3 3 3 3 3 3 3 3 3 3 3 3 3 3 3 3 3 3 3 3 3 3 3 3 3 3 3 3 3 3 3 3 3 3 3 3 3 3 3 3 3 3 3 3 3 3 3 3 3 3 3 3 3 3 3 3 3 3 3 3 3 3 3 3 3 3 3 3 3 3 3 3 3 3 3 3 3 3 3 3 3 3 3 3 3 3 3 3 3 3 3 3 3 3 3 3 3 3 3 3 3 3 3 3 3 3 3 3 3 3 3 3 3 3 3 3 3 3 3 3 3 3 3 3 3 3 3 3 3 3 3 3 3 3 3 3 3 3 3 3 3 3 3 3 3 3 3 3 3 3 3 3 3 3 3 3 3 3 3 3 3 3 3 3 3 3 3 3 3 3 3 3 3 3 3 3 3 3 3 3 3 3 3 3 3 3 3 3 3 3 3 3 3 3 3 3 3 3 3 3 3 3 3 3 3 3 3 3 3 3 3 3 3 3 3 3 3 3 3 3 3 3 3 3 3 3 3 3 3 3 3 3 3 3 3 3 3 3 3 3 3 3 3 3 3 3 3 3 3 3 3 3 3 3 3 3 3 3 3 3 3 3 3 3 3 3 3 3 3 3 3 3 3 3 3 3 3 3 3 3 3 3 3 3 3 3 3 3 3 3 3 3 3 3 3 3 3 3 3 3 3 3 3 3 3 3 3 3 3 3 3 3 3 3 3 3 3 3 3 3 3 3 3 3 3 3 3 3 3 3 3 3 3 3 3 3 3 3 3 3 3 3 3 3 3 3 3 3 3 3 3 3 3 3 3 3 3 3 3 3 3 3 3 3 3 3 3 3 3 3 3 3 3 3 3 3 3 3 3 3 3 3 3 3 3 3 3 3 3 3 3 3 3 3 3 3 3 3 3 3 3 3 3 3 3 3 3 3 3 3 3 3 3 3 3 3 3 3 3 3 3 3 3 3 3 3 3 3 3 3 3 3 3 3 3 3 3 3 3 3 3 3 3 3 3 3 3 3 3 3 3 3 3 3 3 3 3 3 3 3 3 3 3 3 3 3 3 3 3 3 3 3 3 3 3 3 3 3 3 3 3 3 3 3 3 3 3 3 3 3 3 3 3 3 3 3 3 3 3 3 3 3 3 3 3 3 3 3 3 3 3 3 3 3 3 3 3 3 3 3 3 3 3 3 3 3 3 3 3 3 3 3 3 3 3 3 3 3 3 3 3 3 3 3 3 3 3 3 3 3 3 3 3 3 3 3 3 3 3 3 3 3 3 3 3 3 3 3 3 3 3 3 3 3 3 3 3 3 3 3 3 3 3 3 3 3 3 3 3 3 3 3 3 3 3 3 3 3 3 3 3 3 3 3 3 3 3 3 3 3 3 3 3 3 3 3 3 3 3 3 3 3 3 3 3 3 3 3 3 3 3 3 3 3 3 3 3 3 3 3 3 3 3 3 3 3 3 3 3 3 3 3 3 3 3 3 3 3 3 3 3 3 3 3 3 3 3 3 3 3 3 3 3 3 3 3 3 3 3 3 3 3 3 3 3 3 3 3 3 3 3 3 3 3 3 3 3 3 3 3 3 3 3 3 3 3 3 3 3 3 3 3 3 3 3 3 3 3 3 3 3 3 3 3 3 3 3 3 3 3 3 3 3 3 3 3 3 3 3 3 3 3 3 3 3 3 3 3 3 3 3 3 3 3 3 3 3 3 3 3 3 3 3 3 3 3 3 3 3 3 3 3 3 3 3 3 3 3 3 3 3 3 3 3 3 3 3 3 3 3 3 3 3 3 3 3 3 3 3 3 3 3 3 3 3 3 3 3 3 3 3 3 3 3 3 3 3 3 3 3 3 3 3 3 3 3 3 3 3 3 3 3 3 3 3 3 3 3 3 3 3 3 3 3 3 3 3 3 3 3 3 3 3 3 3 3 3 3 3 3 3 3 3 3 3 3 3 3 3 3 3 3 3 3 3 3 3 3 3 3 3 3 3 3 3 3 3 3 3 3 3 3 3 3 3 3 3 3 3 3 3 3 3 3 3 3 3 3 3 3 3 3 3 3 3 3 3 3 3 3 3 3 3 3 3 3 3 3 3 3 3 3 3 3 3 3 3 3 3 3 3 3 3 3 3 3 3 3 3 3 3 3 3 3 3 3 3 3 3 3 3 3 3 3 3 3 3 3 3 3 3 3 3 3 3 3 3 3 3 3 3 3 3 3 3 3 3 3 3 3 3 3 3 3 3 3 3 3 3 3 3 3 3 3 3 3 3 3 3 3 3 3 3 3 3 3 3 3 3 3 3 3 3 3 3 3 3 3 3 3 3 3 3 3 3 3 3 3 3 3 3 3 3 3 3 3 3 3 3 3 3 3 3 3 3 3 3 3 3 3 3 3 3 3 3 3 3 3 3 3 3 3</vcount>
					<p>1 1 0 2 1 0 287 0 0 287 0 0 2 1 0 288 0 0 240 2 0 1128 2 0 37 2 0 240 2 0 37 2 0 436 2 0 147 2 0 782 2 0 146 2 0 146 2 0 782 2 0 771 2 0 771 2 0 782 2 0 781 2 0 771 2 0 781 2 0 780 2 0 771 2 0 780 2 0 772 2 0 772 2 0 780 2 0 793 2 0 772 2 0 793 2 0 759 2 0 152 2 0 791 2 0 813 2 0 813 2 0 791 2 0 160 2 0 160 2 0 791 2 0 159 2 0 159 2 0 791 2 0 816 2 0 816 2 0 791 2 0 817 2 0 817 2 0 791 2 0 808 2 0 808 2 0 791 2 0 155 2 0 155 2 0 791 2 0 800 2 0 336 2 0 12 2 0 332 2 0 171 2 0 172 2 0 847 2 0 847 2 0 172 2 0 185 2 0 185 2 0 172 2 0 173 2 0 185 2 0 173 2 0 174 2 0 185 2 0 174 2 0 917 2 0 917 2 0 174 2 0 866 2 0 917 2 0 866 2 0 176 2 0 1078 2 0 1077 2 0 1018 2 0 1018 2 0 1077 2 0 1013 2 0 886 2 0 1013 2 0 1077 2 0 1077 2 0 1082 2 0 886 2 0 886 2 0 1082 2 0 887 2 0 887 2 0 1082 2 0 1087 2 0 887 2 0 1087 2 0 1092 2 0 234 2 0 887 2 0 1092 2 0 1092 2 0 233 2 0 234 2 0 887 2 0 234 2 0 882 2 0 882 2 0 234 2 0 176 2 0 187 2 0 926 2 0 946 2 0 946 2 0 926 2 0 941 2 0 941 2 0 926 2 0 936 2 0 936 2 0 926 2 0 931 2 0 613 2 0 624 2 0 642 2 0 642 2 0 624 2 0 639 2 0 639 2 0 624 2 0 106 2 0 106 2 0 624 2 0 629 2 0 118 2 0 119 2 0 677 2 0 118 2 0 677 2 0 682 2 0 118 2 0 682 2 0 117 2 0 117 2 0 682 2 0 116 2 0 15 2 0 16 2 0 485 2 0 485 2 0 16 2 0 1135 2 0 485 2 0 1135 2 0 246 2 0 485 2 0 246 2 0 1144 2 0 485 2 0 1144 2 0 248 2 0 485 2 0 248 2 0 237 2 0 485 2 0 237 2 0 227 2 0 485 2 0 227 2 0 1078 2 0 485 2 0 1078 2 0 1018 2 0 485 2 0 1018 2 0 389 2 0 15 2 0 485 2 0 57 2 0 15 2 0 57 2 0 483 2 0 15 2 0 483 2 0 59 2 0 15 2 0 59 2 0 497 2 0 15 2 0 497 2 0 496 2 0 15 2 0 496 2 0 62 2 0 15 2 0 62 2 0 63 2 0 15 2 0 63 2 0 64 2 0 333 2 0 370 2 0 15 2 0 990 2 0 1 2 0 287 2 0 287 2 0 204 2 0 990 2 0 1 2 0 990 2 0 251 2 0 251 2 0 990 2 0 200 2 0 200 2 0 990 2 0 27 2 0 389 2 0 19 2 0 94 2 0 389 2 0 94 2 0 753 2 0 389 2 0 753 2 0 485 2 0 94 2 0 19 2 0 93 2 0 93 2 0 19 2 0 584 2 0 584 2 0 19 2 0 387 2 0 584 2 0 387 2 0 386 2 0 584 2 0 386 2 0 573 2 0 573 2 0 386 2 0 90 2 0 90 2 0 386 2 0 401 2 0 90 2 0 401 2 0 89 2 0 89 2 0 401 2 0 568 2 0 568 2 0 401 2 0 400 2 0 568 2 0 400 2 0 569 2 0 569 2 0 400 2 0 562 2 0 562 2 0 400 2 0 563 2 0 563 2 0 400 2 0 399 2 0 563 2 0 399 2 0 553 2 0 553 2 0 399 2 0 554 2 0 554 2 0 399 2 0 398 2 0 554 2 0 398 2 0 82 2 0 82 2 0 398 2 0 397 2 0 421 2 0 389 2 0 1018 2 0 1018 2 0 1023 2 0 421 2 0 421 2 0 1023 2 0 422 2 0 422 2 0 1023 2 0 33 2 0 33 2 0 1023 2 0 1028 2 0 33 2 0 1028 2 0 214 2 0 33 2 0 214 2 0 424 2 0 424 2 0 214 2 0 1038 2 0 424 2 0 1038 2 0 425 2 0 425 2 0 1038 2 0 30 2 0 30 2 0 1038 2 0 187 2 0 30 2 0 187 2 0 411 2 0 411 2 0 187 2 0 951 2 0 951 2 0 187 2 0 946 2 0 411 2 0 951 2 0 956 2 0 411 2 0 956 2 0 412 2 0 412 2 0 956 2 0 961 2 0 412 2 0 961 2 0 970 2 0 412 2 0 970 2 0 969 2 0 412 2 0 969 2 0 198 2 0 412 2 0 198 2 0 27 2 0 27 2 0 198 2 0 967 2 0 27 2 0 967 2 0 200 2 0 517 2 0 485 2 0 753 2 0 517 2 0 753 2 0 752 2 0 517 2 0 752 2 0 518 2 0 518 2 0 752 2 0 751 2 0 518 2 0 751 2 0 71 2 0 71 2 0 751 2 0 760 2 0 71 2 0 760 2 0 70 2 0 70 2 0 760 2 0 759 2 0 70 2 0 759 2 0 69 2 0 69 2 0 759 2 0 793 2 0 69 2 0 793 2 0 152 2 0 69 2 0 152 2 0 813 2 0 69 2 0 813 2 0 812 2 0 69 2 0 812 2 0 68 2 0 68 2 0 812 2 0 163 2 0 68 2 0 163 2 0 164 2 0 68 2 0 164 2 0 830 2 0 68 2 0 830 2 0 829 2 0 68 2 0 829 2 0 167 2 0 68 2 0 167 2 0 168 2 0 68 2 0 168 2 0 609 2 0 68 2 0 609 2 0 102 2 0 68 2 0 102 2 0 613 2 0 68 2 0 613 2 0 507 2 0 507 2 0 613 2 0 642 2 0 507 2 0 642 2 0 643 2 0 507 2 0 643 2 0 66 2 0 66 2 0 643 2 0 110 2 0 66 2 0 110 2 0 111 2 0 66 2 0 111 2 0 655 2 0 66 2 0 655 2 0 113 2 0 66 2 0 113 2 0 114 2 0 66 2 0 114 2 0 65 2 0 65 2 0 114 2 0 115 2 0 65 2 0 115 2 0 116 2 0 65 2 0 116 2 0 682 2 0 333 2 0 65 2 0 682 2 0 237 2 0 238 2 0 227 2 0 227 2 0 238 2 0 1059 2 0 1059 2 0 238 2 0 1060 2 0 1060 2 0 238 2 0 1061 2 0 1061 2 0 238 2 0 1062 2 0 1062 2 0 238 2 0 1118 2 0 1062 2 0 1118 2 0 222 2 0 222 2 0 1118 2 0 240 2 0 222 2 0 240 2 0 436 2 0 222 2 0 436 2 0 435 2 0 222 2 0 435 2 0 221 2 0 221 2 0 435 2 0 1065 2 0 1065 2 0 435 2 0 434 2 0 1065 2 0 434 2 0 1051 2 0 1051 2 0 434 2 0 449 2 0 1051 2 0 449 2 0 448 2 0 1051 2 0 448 2 0 43 2 0 1051 2 0 43 2 0 446 2 0 1051 2 0 446 2 0 445 2 0 323 2 0 1051 2 0 445 2 0 364 2 0 6 2 0 469 2 0 364 2 0 469 2 0 37 2 0 1136 2 0 1135 2 0 364 2 0 364 2 0 1135 2 0 16 2 0 364 2 0 37 2 0 1136 2 0 1136 2 0 37 2 0 1137 2 0 1137 2 0 37 2 0 1127 2 0 1127 2 0 37 2 0 1128 2 0 469 2 0 6 2 0 53 2 0 53 2 0 6 2 0 471 2 0 471 2 0 6 2 0 472 2 0 472 2 0 6 2 0 467 2 0 467 2 0 6 2 0 458 2 0 458 2 0 6 2 0 313 2 0 458 2 0 313 2 0 48 2 0 48 2 0 313 2 0 323 2 0 48 2 0 323 2 0 460 2 0 460 2 0 323 2 0 444 2 0 445 2 0 444 2 0 323 2 0 1051 2 0 323 2 0 1048 2 0 1048 2 0 323 2 0 990 2 0 990 2 0 323 2 0 123 2 0 1008 2 0 1013 2 0 180 2 0 180 2 0 1013 2 0 886 2 0 1008 2 0 180 2 0 896 2 0 1008 2 0 896 2 0 208 2 0 208 2 0 896 2 0 1001 2 0 1001 2 0 896 2 0 907 2 0 1001 2 0 907 2 0 912 2 0 1001 2 0 912 2 0 917 2 0 1001 2 0 917 2 0 176 2 0 1001 2 0 176 2 0 234 2 0 1001 2 0 234 2 0 235 2 0 1001 2 0 235 2 0 1112 2 0 1001 2 0 1112 2 0 989 2 0 989 2 0 1112 2 0 990 2 0 990 2 0 1112 2 0 1048 2 0 741 2 0 753 2 0 94 2 0 741 2 0 94 2 0 593 2 0 741 2 0 593 2 0 137 2 0 137 2 0 593 2 0 592 2 0 137 2 0 592 2 0 603 2 0 137 2 0 603 2 0 729 2 0 729 2 0 603 2 0 135 2 0 135 2 0 603 2 0 602 2 0 135 2 0 602 2 0 99 2 0 135 2 0 99 2 0 134 2 0 134 2 0 99 2 0 600 2 0 134 2 0 600 2 0 529 2 0 134 2 0 529 2 0 133 2 0 133 2 0 529 2 0 536 2 0 133 2 0 536 2 0 132 2 0 132 2 0 536 2 0 131 2 0 131 2 0 536 2 0 535 2 0 131 2 0 535 2 0 130 2 0 130 2 0 535 2 0 546 2 0 130 2 0 546 2 0 545 2 0 130 2 0 545 2 0 129 2 0 129 2 0 545 2 0 544 2 0 129 2 0 544 2 0 702 2 0 702 2 0 544 2 0 127 2 0 127 2 0 544 2 0 704 2 0 704 2 0 544 2 0 705 2 0 705 2 0 544 2 0 124 2 0 124 2 0 544 2 0 82 2 0 124 2 0 82 2 0 123 2 0 123 2 0 82 2 0 397 2 0 123 2 0 397 2 0 27 2 0 123 2 0 27 2 0 990 2 0 371 2 0 370 2 0 12 2 0 12 2 0 370 2 0 332 2 0 332 2 0 370 2 0 333 2 0 15 2 0 64 2 0 333 2 0 333 2 0 64 2 0 65 2 0 682 2 0 122 2 0 333 2 0 333 2 0 122 2 0 123 2 0 333 2 0 123 2 0 323 2 0 251 3 0 2 3 0 1 3 0 9 4 0 11 4 0 10 4 0 272 3 0 2 3 0 251 3 0 274 2 0 975 2 0 974 2 0 274 2 0 974 2 0 277 2 0 274 2 0 277 2 0 964 2 0 274 2 0 964 2 0 981 2 0 981 2 0 964 2 0 279 2 0 981 2 0 279 2 0 272 2 0 272 2 0 279 2 0 2 2 0 2 2 0 279 2 0 280 2 0 2 2 0 280 2 0 281 2 0 2 2 0 281 2 0 282 2 0 2 2 0 282 2 0 939 2 0 2 2 0 939 2 0 288 2 0 288 2 0 939 2 0 284 2 0 288 2 0 284 2 0 929 2 0 288 2 0 929 2 0 289 2 0 289 2 0 929 2 0 991 2 0 260 2 0 1015 2 0 259 2 0 259 2 0 1015 2 0 1030 2 0 1030 2 0 1015 2 0 257 2 0 257 2 0 1015 2 0 263 2 0 263 2 0 1015 2 0 262 2 0 257 2 0 263 2 0 264 2 0 257 2 0 264 2 0 1003 2 0 257 2 0 1003 2 0 256 2 0 256 2 0 1003 2 0 929 2 0 929 2 0 1003 2 0 997 2 0 929 2 0 997 2 0 991 2 0 991 2 0 997 2 0 267 2 0 288 5 0 289 5 0 287 5 0 287 5 0 289 5 0 204 5 0 1225 6 0 301 6 0 1333 6 0 1191 6 0 1190 6 0 1363 6 0 1363 6 0 1190 6 0 364 6 0 364 6 0 1190 6 0 1217 6 0 364 6 0 1217 6 0 1223 6 0 364 6 0 1223 6 0 6 6 0 6 6 0 1223 6 0 1243 6 0 6 6 0 1243 6 0 1242 6 0 6 6 0 1242 6 0 1317 6 0 6 6 0 1317 6 0 1354 6 0 1317 6 0 1242 6 0 297 6 0 1354 6 0 1317 6 0 1333 6 0 1354 6 0 1333 6 0 301 6 0 1354 6 0 301 6 0 1295 6 0 1354 6 0 1295 6 0 1355 6 0 1295 6 0 1294 6 0 1355 6 0 1355 6 0 1294 6 0 1342 6 0 6 7 0 1354 7 0 313 7 0 313 7 0 1354 7 0 317 7 0 313 6 0 317 6 0 323 6 0 323 6 0 317 6 0 318 6 0 323 7 0 318 7 0 328 7 0 323 7 0 328 7 0 333 7 0 328 7 0 318 7 0 327 7 0 327 7 0 318 7 0 326 7 0 1351 7 0 333 7 0 1388 7 0 1388 7 0 333 7 0 328 7 0 1351 7 0 1388 7 0 326 7 0 1351 7 0 326 7 0 318 7 0 1351 4 0 1350 4 0 332 4 0 1351 4 0 332 4 0 333 4 0 332 7 0 1350 7 0 336 7 0 336 7 0 1350 7 0 346 7 0 341 4 0 1361 4 0 1433 4 0 1433 4 0 1361 4 0 1404 4 0 1404 4 0 1272 4 0 356 4 0 1404 4 0 356 4 0 1435 4 0 1404 4 0 1435 4 0 1434 4 0 1404 4 0 1434 4 0 1433 4 0 1361 4 0 343 4 0 12 4 0 1393 4 0 1396 4 0 351 4 0 351 4 0 1396 4 0 350 4 0 350 4 0 1396 4 0 349 4 0 349 4 0 1396 4 0 1343 4 0 1343 4 0 1396 4 0 1404 4 0 1343 4 0 1404 4 0 1344 4 0 1344 4 0 1404 4 0 346 4 0 346 4 0 1404 4 0 1361 4 0 346 4 0 1361 4 0 12 4 0 346 4 0 12 4 0 336 4 0 1363 7 0 364 7 0 366 7 0 1363 7 0 366 7 0 343 7 0 366 7 0 364 7 0 16 7 0 12 7 0 343 7 0 367 7 0 367 7 0 343 7 0 366 7 0 12 7 0 367 7 0 371 7 0 370 4 0 371 4 0 367 4 0 370 4 0 367 4 0 373 4 0 15 7 0 370 7 0 1447 7 0 1447 7 0 370 7 0 373 7 0 1447 6 0 366 6 0 16 6 0 9 4 0 13 4 0 11 4 0 16 6 0 15 6 0 1447 6 0 401 8 0 386 9 0 394 8 0 394 8 0 386 9 0 393 10 0 393 10 0 386 9 0 387 11 0 393 10 0 387 11 0 1452 12 0 19 13 0 1452 12 0 387 11 0 1452 12 0 19 13 0 391 14 0 389 15 0 391 14 0 19 13 0 391 14 0 389 15 0 390 15 0 27 16 0 397 17 0 414 16 0 414 16 0 397 17 0 406 18 0 398 19 0 406 18 0 397 17 0 398 19 0 405 20 0 406 18 0 404 21 0 405 20 0 398 19 0 399 22 0 404 21 0 398 19 0 1467 23 0 404 21 0 399 22 0 400 24 0 1467 23 0 399 22 0 1467 23 0 400 24 0 394 25 0 394 25 0 400 24 0 401 25 0 8 4 0 13 4 0 9 4 0 426 27 0 425 27 0 1460 26 0 1460 26 0 425 27 0 30 28 0 1460 26 0 30 28 0 411 29 0 1460 26 0 411 29 0 416 30 0 412 31 0 416 30 0 411 29 0 412 31 0 415 32 0 416 30 0 27 33 0 415 32 0 412 31 0 27 33 0 414 33 0 415 32 0 8 4 0 14 4 0 13 4 0 1455 35 0 390 34 0 389 34 0 421 36 0 1455 35 0 389 34 0 1455 35 0 421 36 0 1456 37 0 1456 37 0 421 36 0 422 38 0 428 39 0 1456 37 0 422 38 0 33 40 0 428 39 0 422 38 0 427 41 0 428 39 0 33 40 0 424 42 0 427 41 0 33 40 0 427 41 0 424 42 0 425 43 0 427 41 0 425 43 0 426 43 0 449 8 0 434 9 0 1487 8 0 1487 8 0 434 9 0 1488 10 0 1488 10 0 434 9 0 435 11 0 1488 10 0 435 11 0 1489 12 0 436 13 0 1489 12 0 435 11 0 1489 12 0 436 13 0 439 14 0 37 15 0 439 14 0 436 13 0 439 14 0 37 15 0 438 15 0 444 16 0 445 17 0 455 16 0 455 16 0 445 17 0 454 18 0 446 19 0 454 18 0 445 17 0 446 19 0 453 20 0 454 18 0 1503 21 0 453 20 0 446 19 0 43 22 0 1503 21 0 446 19 0 451 23 0 1503 21 0 43 22 0 448 24 0 451 23 0 43 22 0 451 23 0 448 24 0 1487 25 0 1487 25 0 448 24 0 449 25 0 7 4 0 14 4 0 8 4 0 474 27 0 467 27 0 1497 26 0 1497 26 0 467 27 0 458 28 0 1497 26 0 458 28 0 48 29 0 1497 26 0 48 29 0 464 30 0 460 31 0 464 30 0 48 29 0 460 31 0 1499 32 0 464 30 0 444 33 0 1499 32 0 460 31 0 444 33 0 455 33 0 1499 32 0 7 4 0 18 4 0 14 4 0 1492 35 0 438 34 0 37 34 0 469 36 0 1492 35 0 37 34 0 1492 35 0 469 36 0 1493 37 0 1493 37 0 469 36 0 53 38 0 1494 39 0 1493 37 0 53 38 0 471 40 0 1494 39 0 53 38 0 475 41 0 1494 39 0 471 40 0 472 42 0 475 41 0 471 40 0 475 41 0 472 42 0 467 43 0 475 41 0 467 43 0 474 43 0 497 8 0 59 9 0 1524 8 0 1524 8 0 59 9 0 489 10 0 489 10 0 59 9 0 483 11 0 489 10 0 483 11 0 1526 12 0 57 13 0 1526 12 0 483 11 0 1526 12 0 57 13 0 487 14 0 485 15 0 487 14 0 57 13 0 487 14 0 485 15 0 486 15 0 65 16 0 64 17 0 1537 16 0 1537 16 0 64 17 0 502 18 0 63 19 0 502 18 0 64 17 0 63 19 0 1539 20 0 502 18 0 1540 21 0 1539 20 0 63 19 0 62 22 0 1540 21 0 63 19 0 499 23 0 1540 21 0 62 22 0 496 24 0 499 23 0 62 22 0 499 23 0 496 24 0 1524 25 0 1524 25 0 496 24 0 497 25 0 7 4 0 20 4 0 18 4 0 1533 27 0 69 27 0 513 26 0 513 26 0 69 27 0 68 28 0 513 26 0 68 28 0 507 29 0 513 26 0 507 29 0 512 30 0 66 31 0 512 30 0 507 29 0 66 31 0 511 32 0 512 30 0 65 33 0 511 32 0 66 31 0 65 33 0 1537 33 0 511 32 0 5 4 0 20 4 0 7 4 0 526 35 0 486 34 0 485 34 0 517 36 0 526 35 0 485 34 0 526 35 0 517 36 0 525 37 0 525 37 0 517 36 0 518 38 0 524 39 0 525 37 0 518 38 0 71 40 0 524 39 0 518 38 0 523 41 0 524 39 0 71 40 0 70 42 0 523 41 0 71 40 0 523 41 0 70 42 0 69 43 0 523 41 0 69 43 0 1533 43 0 5 4 0 21 4 0 20 4 0 529 44 0 600 44 0 1561 44 0 600 44 0 1562 44 0 1561 44 0 546 45 0 535 46 0 547 45 0 547 45 0 535 46 0 540 47 0 1584 48 0 540 47 0 535 46 0 536 49 0 1584 48 0 535 46 0 1584 48 0 536 49 0 1561 50 0 1561 50 0 536 49 0 529 50 0 549 52 0 1579 51 0 82 51 0 544 53 0 549 52 0 82 51 0 549 52 0 544 53 0 548 54 0 545 55 0 548 54 0 544 53 0 548 54 0 545 55 0 547 56 0 547 56 0 545 55 0 546 56 0 563 57 0 553 58 0 564 57 0 564 57 0 553 58 0 1577 59 0 554 60 0 1577 59 0 553 58 0 557 61 0 1577 59 0 554 60 0 82 62 0 557 61 0 554 60 0 557 61 0 82 62 0 1579 62 0 565 64 0 1574 63 0 569 63 0 562 65 0 565 64 0 569 63 0 565 64 0 562 65 0 564 66 0 564 66 0 562 65 0 563 66 0 1574 67 0 568 67 0 569 67 0 1573 67 0 568 67 0 1574 67 0 1571 69 0 1570 68 0 573 68 0 90 70 0 1571 69 0 573 68 0 1572 71 0 1571 69 0 90 70 0 89 72 0 1572 71 0 90 70 0 1572 71 0 89 72 0 1573 73 0 1573 73 0 89 72 0 568 73 0 1568 75 0 589 74 0 94 74 0 93 76 0 1568 75 0 94 74 0 587 77 0 1568 75 0 93 76 0 584 78 0 587 77 0 93 76 0 587 77 0 584 78 0 1570 79 0 1570 79 0 584 78 0 573 79 0 603 80 0 592 81 0 1564 80 0 1564 80 0 592 81 0 597 82 0 593 83 0 597 82 0 592 81 0 597 82 0 593 83 0 596 84 0 94 85 0 596 84 0 593 83 0 94 85 0 589 85 0 596 84 0 603 87 0 1564 87 0 602 86 0 602 86 0 1564 87 0 99 88 0 99 88 0 1564 87 0 600 89 0 1563 90 0 1562 89 0 600 89 0 600 89 0 1564 87 0 1563 90 0 609 91 0 615 91 0 102 91 0 609 91 0 1617 91 0 615 91 0 102 93 0 615 93 0 613 92 0 3 4 0 21 4 0 5 4 0 613 92 0 615 93 0 616 92 0 613 94 0 616 94 0 625 94 0 613 94 0 625 94 0 624 94 0 624 96 0 625 96 0 629 95 0 629 95 0 625 96 0 1684 95 0 635 97 0 629 97 0 1684 97 0 106 97 0 629 97 0 635 97 0 639 98 0 635 99 0 640 98 0 106 99 0 635 99 0 639 98 0 640 100 0 642 100 0 639 100 0 0 4 0 21 4 0 3 4 0 641 100 0 642 100 0 640 100 0 642 101 0 1680 101 0 643 101 0 642 101 0 641 101 0 1680 101 0 119 102 0 118 103 0 669 102 0 669 102 0 118 103 0 1671 104 0 1671 104 0 118 103 0 117 105 0 667 106 0 1671 104 0 117 105 0 116 107 0 667 106 0 117 105 0 1673 108 0 667 106 0 116 107 0 115 109 0 1673 108 0 116 107 0 1673 108 0 115 109 0 665 110 0 114 111 0 665 110 0 115 109 0 114 111 0 1675 112 0 665 110 0 1675 112 0 114 111 0 663 113 0 113 114 0 663 113 0 114 111 0 663 113 0 113 114 0 662 115 0 655 116 0 662 115 0 113 114 0 655 116 0 1678 117 0 662 115 0 111 118 0 1678 117 0 655 116 0 111 118 0 1679 119 0 1678 117 0 1679 119 0 111 118 0 110 120 0 1679 119 0 110 120 0 1680 121 0 1680 121 0 110 120 0 643 121 0 119 122 0 1669 122 0 677 122 0 669 122 0 1669 122 0 119 122 0 1669 123 0 679 123 0 677 123 0 677 123 0 679 123 0 682 123 0 682 124 0 688 124 0 122 124 0 682 124 0 679 124 0 688 124 0 0 4 0 22 4 0 21 4 0 123 125 0 122 125 0 1666 125 0 122 125 0 688 125 0 1666 125 0 124 126 0 1666 127 0 1665 126 0 123 127 0 1666 127 0 124 126 0 0 4 0 58 4 0 22 4 0 705 128 0 124 128 0 1665 128 0 706 128 0 705 128 0 1665 128 0 707 130 0 705 129 0 706 129 0 705 129 0 707 130 0 704 131 0 707 130 0 708 132 0 704 131 0 704 131 0 708 132 0 709 133 0 704 131 0 709 133 0 127 134 0 127 134 0 709 133 0 710 135 0 127 134 0 710 135 0 702 136 0 711 137 0 702 136 0 710 135 0 1658 138 0 702 136 0 711 137 0 129 138 0 702 136 0 1658 138 0 1658 139 0 130 139 0 129 139 0 32 4 0 58 4 0 0 4 0 717 139 0 130 139 0 1658 139 0 130 141 0 717 141 0 131 140 0 32 4 0 23 4 0 58 4 0 131 140 0 717 141 0 722 140 0 734 142 0 132 142 0 722 142 0 52 4 0 23 4 0 32 4 0 722 142 0 132 142 0 131 142 0 729 143 0 135 144 0 1651 143 0 1651 143 0 135 144 0 1652 145 0 1652 145 0 135 144 0 134 146 0 1652 145 0 134 146 0 736 147 0 133 148 0 736 147 0 134 146 0 1654 149 0 736 147 0 133 148 0 132 150 0 1654 149 0 133 148 0 1654 149 0 132 150 0 734 150 0 1648 152 0 754 151 0 753 151 0 741 153 0 1648 152 0 753 151 0 741 153 0 746 154 0 1648 152 0 745 155 0 746 154 0 741 153 0 137 156 0 745 155 0 741 153 0 745 155 0 137 156 0 729 157 0 745 155 0 729 157 0 1651 157 0 760 158 0 751 159 0 1644 158 0 1644 158 0 751 159 0 1645 160 0 752 161 0 1645 160 0 751 159 0 1645 160 0 752 161 0 1646 162 0 753 163 0 1646 162 0 752 161 0 1646 162 0 753 163 0 754 163 0 760 164 0 1643 164 0 759 164 0 760 164 0 1644 164 0 1643 164 0 759 7 0 773 7 0 772 7 0 1643 7 0 773 7 0 759 7 0 776 166 0 784 165 0 147 165 0 146 167 0 776 166 0 147 165 0 776 166 0 146 167 0 1640 168 0 1640 168 0 146 167 0 771 169 0 1640 168 0 771 169 0 774 170 0 772 171 0 774 170 0 771 169 0 772 171 0 773 171 0 774 170 0 793 172 0 780 173 0 794 172 0 794 172 0 780 173 0 787 174 0 787 174 0 780 173 0 781 175 0 787 174 0 781 175 0 1636 176 0 782 177 0 1636 176 0 781 175 0 1636 176 0 782 177 0 1637 178 0 147 179 0 1637 178 0 782 177 0 1637 178 0 147 179 0 784 179 0 1632 181 0 1631 180 0 800 180 0 791 181 0 1632 181 0 800 180 0 1633 182 0 1632 181 0 791 181 0 152 183 0 1633 182 0 791 181 0 1633 182 0 152 183 0 793 184 0 1633 182 0 793 184 0 794 184 0 806 185 0 800 185 0 1631 185 0 155 185 0 800 185 0 806 185 0 806 186 0 808 186 0 155 186 0 52 4 0 24 4 0 23 4 0 819 186 0 808 186 0 806 186 0 820 188 0 808 187 0 819 187 0 808 187 0 820 188 0 817 189 0 820 188 0 1627 190 0 817 189 0 1627 190 0 816 191 0 817 189 0 1626 192 0 816 191 0 1627 190 0 816 191 0 1626 192 0 159 193 0 1626 192 0 160 194 0 159 193 0 1625 195 0 160 194 0 1626 192 0 160 194 0 1625 195 0 813 196 0 1625 195 0 1624 197 0 813 196 0 813 196 0 1624 197 0 812 198 0 1624 197 0 1623 199 0 812 198 0 1622 200 0 812 198 0 1623 199 0 1622 200 0 163 201 0 812 198 0 1622 200 0 164 202 0 163 201 0 1621 203 0 164 202 0 1622 200 0 830 203 0 164 202 0 1621 203 0 830 204 0 1620 204 0 829 204 0 830 204 0 1621 204 0 1620 204 0 168 207 0 1620 206 0 1619 205 0 1619 205 0 839 207 0 168 207 0 167 208 0 1620 206 0 168 207 0 829 206 0 1620 206 0 167 208 0 54 4 0 24 4 0 52 4 0 168 209 0 1617 209 0 609 209 0 168 209 0 839 209 0 1617 209 0 1688 210 0 171 210 0 848 210 0 848 210 0 171 210 0 847 210 0 171 211 0 1688 211 0 1703 211 0 171 211 0 1703 211 0 172 211 0 172 213 0 1703 213 0 173 212 0 173 212 0 1703 213 0 1702 212 0 56 4 0 24 4 0 54 4 0 174 4 0 173 4 0 868 4 0 173 4 0 1702 4 0 868 4 0 174 214 0 1700 214 0 866 214 0 174 214 0 868 214 0 1700 214 0 866 215 0 1699 215 0 176 215 0 866 215 0 1700 215 0 1699 215 0 879 216 0 882 216 0 1699 216 0 1699 216 0 882 216 0 176 216 0 882 218 0 879 218 0 887 217 0 56 4 0 25 4 0 24 4 0 887 217 0 879 218 0 884 217 0 889 219 0 886 219 0 884 219 0 884 219 0 886 219 0 887 219 0 889 220 0 180 220 0 886 220 0 1695 220 0 180 220 0 889 220 0 31 4 0 25 4 0 56 4 0 180 221 0 1695 221 0 899 221 0 180 221 0 899 221 0 896 221 0 896 223 0 899 223 0 907 222 0 907 222 0 899 223 0 1693 222 0 907 224 0 1692 224 0 912 224 0 907 224 0 1693 224 0 1692 224 0 912 225 0 918 225 0 917 225 0 912 225 0 1692 225 0 918 225 0 918 226 0 185 226 0 917 226 0 31 4 0 26 4 0 25 4 0 1690 226 0 185 226 0 918 226 0 185 228 0 1690 228 0 847 227 0 31 4 0 28 4 0 26 4 0 847 227 0 1690 228 0 848 227 0 187 229 0 256 229 0 929 229 0 187 229 0 929 229 0 926 229 0 926 231 0 929 231 0 931 230 0 931 230 0 929 231 0 284 230 0 939 232 0 931 232 0 284 232 0 936 232 0 931 232 0 939 232 0 941 233 0 939 234 0 282 233 0 31 4 0 29 4 0 28 4 0 936 234 0 939 234 0 941 233 0 282 235 0 946 235 0 941 235 0 61 237 0 22 236 0 85 236 0 281 235 0 946 235 0 282 235 0 951 238 0 281 239 0 280 238 0 946 239 0 281 239 0 951 238 0 956 240 0 280 241 0 279 240 0 61 237 0 21 242 0 22 236 0 951 241 0 280 241 0 956 240 0 956 243 0 964 243 0 961 243 0 956 243 0 279 243 0 964 243 0 964 244 0 970 245 0 961 244 0 277 246 0 970 245 0 964 244 0 970 245 0 277 246 0 969 247 0 277 246 0 974 248 0 969 247 0 974 248 0 198 249 0 969 247 0 198 249 0 974 248 0 975 250 0 198 249 0 975 250 0 967 251 0 967 251 0 975 250 0 274 252 0 967 251 0 274 252 0 200 253 0 274 252 0 981 253 0 200 253 0 200 254 0 272 254 0 251 254 0 981 254 0 272 254 0 200 254 0 204 255 0 991 255 0 990 255 0 204 255 0 289 255 0 991 255 0 267 256 0 989 256 0 991 256 0 991 256 0 989 256 0 990 256 0 267 257 0 1001 257 0 989 257 0 21 242 0 61 237 0 67 258 0 997 257 0 1001 257 0 267 257 0 208 260 0 263 259 0 1008 259 0 208 260 0 264 261 0 263 259 0 1001 262 0 264 261 0 208 260 0 1001 262 0 1003 263 0 264 261 0 1003 263 0 1001 262 0 997 262 0 263 6 0 1013 6 0 1008 6 0 21 242 0 67 258 0 20 264 0 262 6 0 1013 6 0 263 6 0 262 265 0 1018 265 0 1013 265 0 67 258 0 18 266 0 20 264 0 1015 265 0 1018 265 0 262 265 0 1018 267 0 1015 267 0 260 267 0 1018 267 0 260 267 0 1023 267 0 1028 268 0 260 269 0 259 268 0 72 270 0 18 266 0 67 258 0 1023 269 0 260 269 0 1028 268 0 18 266 0 72 270 0 14 271 0 214 272 0 1028 272 0 1030 272 0 1028 272 0 259 272 0 1030 272 0 214 274 0 1030 274 0 1038 273 0 1038 273 0 1030 274 0 257 273 0 1038 275 0 257 275 0 256 275 0 1038 275 0 256 275 0 187 275 0 72 270 0 73 276 0 14 271 0 1112 277 0 1045 277 0 1048 277 0 1112 277 0 1115 277 0 1045 277 0 14 271 0 73 276 0 75 278 0 1048 7 0 1054 7 0 1051 7 0 1045 7 0 1054 7 0 1048 7 0 1723 279 0 1065 279 0 1054 279 0 1054 279 0 1065 279 0 1051 279 0 1078 280 0 227 281 0 1714 280 0 1714 280 0 227 281 0 1715 282 0 1059 283 0 1715 282 0 227 281 0 1715 282 0 1059 283 0 1716 284 0 1072 285 0 1716 284 0 1059 283 0 1060 286 0 1072 285 0 1059 283 0 1060 286 0 1718 287 0 1072 285 0 1719 288 0 1718 287 0 1060 286 0 1061 289 0 1719 288 0 1060 286 0 1069 290 0 1719 288 0 1061 289 0 1062 291 0 1069 290 0 1061 289 0 1068 292 0 1069 290 0 1062 291 0 222 293 0 1068 292 0 1062 291 0 1067 294 0 1068 292 0 222 293 0 221 295 0 1067 294 0 222 293 0 1067 294 0 221 295 0 1065 296 0 1067 294 0 1065 296 0 1723 296 0 1077 297 0 1714 298 0 1713 297 0 1078 298 0 1714 298 0 1077 297 0 1077 299 0 1712 299 0 1082 299 0 1077 299 0 1713 299 0 1712 299 0 14 271 0 75 278 0 13 300 0 1087 301 0 1082 301 0 1711 301 0 1082 301 0 1712 301 0 1711 301 0 1087 303 0 1711 303 0 1092 302 0 75 278 0 11 304 0 13 300 0 1092 302 0 1711 303 0 1099 302 0 1092 305 0 1099 305 0 1709 305 0 1092 305 0 1709 305 0 233 305 0 1708 306 0 234 306 0 1709 306 0 1709 306 0 234 306 0 233 306 0 234 307 0 1114 307 0 235 307 0 234 307 0 1708 307 0 1114 307 0 235 309 0 1114 309 0 1112 308 0 1112 308 0 1114 309 0 1115 308 0 1727 311 0 1130 310 0 240 310 0 1118 312 0 1727 311 0 240 310 0 1122 313 0 1727 311 0 1118 312 0 238 314 0 1122 313 0 1118 312 0 1122 313 0 238 314 0 1121 315 0 1121 315 0 238 314 0 237 315 0 1137 316 0 1127 317 0 1133 316 0 1133 316 0 1127 317 0 1735 318 0 1128 319 0 1735 318 0 1127 317 0 1735 318 0 1128 319 0 1131 320 0 240 321 0 1131 320 0 1128 319 0 240 321 0 1130 321 0 1131 320 0 76 322 0 11 304 0 75 278 0 1147 324 0 1135 324 0 1733 323 0 1136 325 0 1733 323 0 1135 324 0 1733 323 0 1136 325 0 1133 326 0 1133 326 0 1136 325 0 1137 326 0 11 304 0 76 322 0 10 327 0 1121 329 0 237 329 0 248 328 0 1149 330 0 1121 329 0 248 328 0 1144 331 0 1149 330 0 248 328 0 1149 330 0 1144 331 0 246 332 0 1149 330 0 246 332 0 1731 333 0 1135 334 0 1731 333 0 246 332 0 1731 333 0 1135 334 0 1147 334 0 1174 335 0 1926 336 0 1173 335 0 1173 335 0 1926 336 0 1172 337 0 1172 337 0 1926 336 0 1929 338 0 1944 339 0 1172 337 0 1929 338 0 1738 335 0 1154 340 0 1739 335 0 1739 335 0 1154 340 0 1378 336 0 1378 336 0 1154 340 0 1373 341 0 1364 342 0 1373 341 0 1154 340 0 1944 339 0 1858 343 0 1172 337 0 1858 343 0 1944 339 0 1178 344 0 1858 343 0 1178 344 0 1170 345 0 1860 346 0 1170 345 0 1178 344 0 1823 347 0 1364 342 0 1154 340 0 1364 342 0 1823 347 0 1822 348 0 1364 342 0 1822 348 0 1359 349 0 1821 346 0 1359 349 0 1822 348 0 1179 350 0 1860 346 0 1178 344 0 1860 346 0 1179 350 0 1861 351 0 1861 351 0 1179 350 0 1862 352 0 1180 353 0 1862 352 0 1179 350 0 1359 349 0 1821 346 0 1346 354 0 1346 354 0 1821 346 0 1820 355 0 1346 354 0 1820 355 0 1819 356 0 1346 354 0 1819 356 0 1818 357 0 1346 354 0 1818 357 0 1338 358 0 1817 359 0 1338 358 0 1818 357 0 1338 358 0 1817 359 0 1162 360 0 1338 358 0 1162 360 0 1163 361 0 1862 352 0 1180 353 0 1863 362 0 1863 362 0 1180 353 0 1165 363 0 1165 363 0 1180 353 0 1854 361 0 1854 361 0 1180 353 0 1163 361 0 1163 361 0 1180 353 0 1338 358 0 1338 358 0 1180 353 0 1337 364 0 1337 364 0 1180 353 0 1181 365 0 1991 366 0 1337 364 0 1181 365 0 1991 366 0 1203 367 0 1337 364 0 1202 368 0 1203 367 0 1991 366 0 1990 369 0 1202 368 0 1991 366 0 1202 368 0 1990 369 0 1201 370 0 1201 370 0 1990 369 0 1989 371 0 1185 372 0 1201 370 0 1989 371 0 1185 372 0 1332 373 0 1201 370 0 1332 373 0 1185 372 0 1310 374 0 1186 375 0 1310 374 0 1185 372 0 1310 374 0 1186 375 0 1198 376 0 1198 376 0 1186 375 0 1187 377 0 1198 376 0 1187 377 0 1439 378 0 1439 378 0 1187 377 0 1196 379 0 1191 380 0 1196 379 0 1187 377 0 1188 381 0 1191 380 0 1187 377 0 1191 380 0 1188 381 0 1190 382 0 1190 382 0 1188 381 0 1212 382 0 1196 379 0 1361 380 0 1195 383 0 1196 379 0 1191 380 0 1361 380 0 1195 383 0 1361 380 0 341 382 0 1195 383 0 341 382 0 1194 382 0 1190 384 0 1218 236 0 1217 236 0 1212 384 0 1218 236 0 1190 384 0 1218 236 0 670 385 0 1217 236 0 1217 236 0 670 385 0 1223 386 0 675 387 0 1223 386 0 670 385 0 675 387 0 1243 388 0 1223 386 0 1243 388 0 675 387 0 680 388 0 1257 391 0 1258 390 0 1343 389 0 1257 391 0 1343 389 0 320 391 0 1343 389 0 1258 390 0 349 392 0 1259 393 0 349 392 0 1258 390 0 315 394 0 320 391 0 1342 389 0 1342 389 0 320 391 0 1343 389 0 315 394 0 1342 389 0 1294 395 0 312 396 0 315 394 0 1294 395 0 349 392 0 1259 393 0 350 397 0 350 397 0 1259 393 0 330 398 0 350 397 0 330 398 0 351 399 0 1295 400 0 312 396 0 1294 395 0 310 401 0 312 396 0 1295 400 0 325 402 0 351 399 0 330 398 0 351 399 0 325 402 0 1393 403 0 1393 403 0 325 402 0 870 403 0 1285 405 0 900 404 0 325 402 0 325 402 0 900 404 0 870 403 0 905 406 0 1285 405 0 325 402 0 301 407 0 310 401 0 1295 400 0 310 401 0 301 407 0 1252 408 0 1252 408 0 301 407 0 1225 403 0 1252 408 0 1225 403 0 1226 403 0 1252 408 0 1226 403 0 1227 409 0 1252 408 0 1227 409 0 1228 410 0 1229 411 0 1252 408 0 1228 410 0 321 412 0 905 406 0 325 402 0 905 406 0 321 412 0 910 413 0 910 413 0 321 412 0 306 414 0 910 413 0 306 414 0 930 415 0 930 415 0 306 414 0 1281 416 0 1252 408 0 1229 411 0 1251 417 0 1251 417 0 1229 411 0 581 418 0 1251 417 0 581 418 0 482 415 0 290 419 0 1251 417 0 482 415 0 1264 420 0 1281 416 0 306 414 0 1281 416 0 1264 420 0 1280 421 0 1265 422 0 1280 421 0 1264 420 0 491 423 0 290 419 0 482 415 0 290 419 0 491 423 0 1249 424 0 1249 424 0 491 423 0 504 425 0 508 426 0 1249 424 0 504 425 0 1265 422 0 1279 427 0 1280 421 0 1279 427 0 1265 422 0 1266 428 0 1279 427 0 1266 428 0 826 429 0 713 430 0 826 429 0 1266 428 0 508 426 0 285 431 0 1249 424 0 285 431 0 508 426 0 520 429 0 285 431 0 520 429 0 261 432 0 1236 433 0 261 432 0 520 429 0 261 432 0 1236 433 0 249 434 0 249 434 0 1236 433 0 358 435 0 249 434 0 358 435 0 360 436 0 249 434 0 360 436 0 1239 437 0 249 434 0 1239 437 0 1240 438 0 1267 439 0 713 430 0 1266 428 0 713 430 0 1267 439 0 1276 440 0 1276 440 0 1267 439 0 728 441 0 739 442 0 728 441 0 1267 439 0 1268 443 0 739 442 0 1267 439 0 1268 443 0 823 438 0 739 442 0 356 444 0 1272 438 0 823 438 0 236 445 0 1240 438 0 297 438 0 236 445 0 249 434 0 1240 438 0 1268 443 0 356 444 0 823 438 0 356 444 0 1268 443 0 1269 388 0 356 444 0 1269 388 0 1435 388 0 1242 444 0 236 445 0 297 438 0 236 445 0 1242 444 0 1243 388 0 236 445 0 1243 388 0 680 388 0 1240 2 0 379 2 0 297 2 0 297 2 0 379 2 0 1317 2 0 527 7 0 537 7 0 1323 7 0 527 7 0 1323 7 0 1324 7 0 527 7 0 1324 7 0 1325 7 0 1323 7 0 537 7 0 1322 7 0 1322 7 0 537 7 0 1321 7 0 1321 7 0 537 7 0 1320 7 0 1320 7 0 537 7 0 1319 7 0 1319 7 0 537 7 0 1235 7 0 379 7 0 1305 7 0 1317 7 0 76 322 0 77 446 0 10 327 0 1327 7 0 1284 7 0 1317 7 0 1317 7 0 1284 7 0 1333 7 0 1317 7 0 1305 7 0 1327 7 0 1327 7 0 1305 7 0 1306 7 0 1327 7 0 1306 7 0 429 7 0 1327 7 0 429 7 0 443 7 0 1327 7 0 443 7 0 1309 7 0 1309 7 0 443 7 0 527 7 0 1309 7 0 527 7 0 1325 7 0 1333 7 0 1284 7 0 1248 7 0 1333 7 0 1248 7 0 1330 7 0 1333 7 0 1330 7 0 1331 7 0 1333 7 0 1331 7 0 1235 7 0 1333 7 0 1235 7 0 537 7 0 1333 7 0 537 7 0 542 7 0 1333 7 0 542 7 0 1312 7 0 1333 7 0 1312 7 0 1313 7 0 1333 7 0 1313 7 0 560 7 0 1333 7 0 560 7 0 1315 7 0 1315 447 0 1226 447 0 1333 447 0 1333 447 0 1226 447 0 1225 447 0 1355 7 0 1342 7 0 1356 7 0 1356 7 0 1342 7 0 1339 7 0 1339 7 0 1342 7 0 1387 7 0 1347 7 0 1387 7 0 1344 7 0 1344 7 0 1387 7 0 1343 7 0 1343 7 0 1387 7 0 1342 7 0 1354 447 0 1355 447 0 317 447 0 318 447 0 317 447 0 1351 447 0 1351 447 0 317 447 0 1357 447 0 1357 447 0 317 447 0 1356 447 0 1356 447 0 317 447 0 1355 447 0 1350 447 0 1351 447 0 1405 447 0 1405 447 0 1351 447 0 1357 447 0 1350 447 0 1405 447 0 1347 447 0 1350 447 0 1347 447 0 346 447 0 346 447 0 1347 447 0 1344 447 0 1361 2 0 1191 2 0 343 2 0 343 2 0 1191 2 0 1363 2 0 326 447 0 1370 447 0 327 447 0 1366 447 0 1367 447 0 327 447 0 327 447 0 1370 447 0 1806 447 0 327 447 0 1806 447 0 1366 447 0 1806 447 0 1372 447 0 1366 447 0 1366 447 0 1372 447 0 1426 447 0 328 6 0 327 6 0 1367 6 0 328 6 0 1367 6 0 1449 6 0 1790 2 0 1758 2 0 1789 2 0 1789 2 0 1758 2 0 1436 2 0 1381 2 0 1388 2 0 1758 2 0 1758 2 0 1388 2 0 1436 2 0 1436 2 0 1388 2 0 1449 2 0 1449 2 0 1388 2 0 328 2 0 326 4 0 1388 4 0 1381 4 0 326 4 0 1381 4 0 1370 4 0 1396 447 0 1393 447 0 840 447 0 840 447 0 1393 447 0 870 447 0 1398 7 0 1399 7 0 1422 7 0 1422 7 0 1399 7 0 1734 7 0 1734 7 0 1399 7 0 1732 7 0 1732 7 0 1399 7 0 1745 7 0 1398 7 0 1422 7 0 1423 7 0 1398 7 0 1423 7 0 1424 7 0 1398 7 0 1424 7 0 1425 7 0 1398 7 0 1425 7 0 1736 7 0 1404 7 0 1396 7 0 1750 7 0 1404 7 0 1750 7 0 1751 7 0 1404 7 0 1751 7 0 1403 7 0 1403 7 0 1751 7 0 712 7 0 712 7 0 1751 7 0 1401 7 0 1401 7 0 1751 7 0 1752 7 0 1401 7 0 1752 7 0 1400 7 0 1400 7 0 1752 7 0 1399 7 0 1399 7 0 1752 7 0 1745 7 0 1750 7 0 1396 7 0 1747 7 0 1747 7 0 1396 7 0 1414 7 0 1414 7 0 1396 7 0 1413 7 0 1413 7 0 1396 7 0 1736 7 0 1736 7 0 1396 7 0 1398 7 0 1398 7 0 1396 7 0 1410 7 0 1410 7 0 1396 7 0 1409 7 0 1409 7 0 1396 7 0 1408 7 0 1408 7 0 1396 7 0 828 7 0 828 7 0 1396 7 0 840 7 0 1272 2 0 1404 2 0 823 2 0 823 2 0 1404 2 0 1403 2 0 1438 448 0 1707 236 0 1433 236 0 1437 449 0 1438 448 0 1433 236 0 1434 450 0 1437 449 0 1433 236 0 1437 449 0 1434 450 0 1435 388 0 1437 449 0 1435 388 0 1269 388 0 1707 236 0 341 384 0 1433 236 0 1194 384 0 341 384 0 1707 236 0 77 446 0 9 451 0 10 327 0 373 2 0 367 2 0 1447 2 0 1447 2 0 367 2 0 366 2 0 1467 2 0 394 2 0 393 2 0 1467 2 0 393 2 0 1677 2 0 1677 2 0 393 2 0 1452 2 0 1467 2 0 1677 2 0 1668 2 0 1677 2 0 1452 2 0 1479 2 0 1479 2 0 1452 2 0 391 2 0 1479 2 0 391 2 0 1676 2 0 1676 2 0 391 2 0 390 2 0 1676 2 0 390 2 0 1674 2 0 1674 2 0 390 2 0 1455 2 0 1674 2 0 1455 2 0 1476 2 0 1476 2 0 1455 2 0 1691 2 0 1691 2 0 1455 2 0 1456 2 0 1691 2 0 1456 2 0 1689 2 0 1689 2 0 1456 2 0 428 2 0 1689 2 0 428 2 0 427 2 0 1689 2 0 427 2 0 1686 2 0 1686 2 0 427 2 0 1701 2 0 404 2 0 1467 2 0 1670 2 0 1670 2 0 1467 2 0 1482 2 0 1482 2 0 1467 2 0 1668 2 0 404 2 0 1670 2 0 1484 2 0 404 2 0 1484 2 0 405 2 0 405 2 0 1484 2 0 1485 2 0 405 2 0 1485 2 0 406 2 0 406 2 0 1485 2 0 1469 2 0 406 2 0 1469 2 0 414 2 0 414 2 0 1469 2 0 1470 2 0 414 2 0 1470 2 0 415 2 0 415 2 0 1470 2 0 1698 2 0 415 2 0 1698 2 0 416 2 0 416 2 0 1698 2 0 1701 2 0 416 2 0 1701 2 0 1460 2 0 1460 2 0 1701 2 0 427 2 0 1460 2 0 427 2 0 426 2 0 451 2 0 1487 2 0 1488 2 0 451 2 0 1488 2 0 1649 2 0 1649 2 0 1488 2 0 1489 2 0 451 2 0 1649 2 0 1650 2 0 1649 2 0 1489 2 0 1516 2 0 1516 2 0 1489 2 0 439 2 0 1516 2 0 439 2 0 1647 2 0 1647 2 0 439 2 0 438 2 0 1647 2 0 438 2 0 1661 2 0 1661 2 0 438 2 0 1492 2 0 1661 2 0 1492 2 0 1513 2 0 1513 2 0 1492 2 0 1512 2 0 1512 2 0 1492 2 0 1493 2 0 1512 2 0 1493 2 0 1660 2 0 1660 2 0 1493 2 0 1494 2 0 1660 2 0 1494 2 0 475 2 0 1660 2 0 475 2 0 1659 2 0 1659 2 0 475 2 0 1657 2 0 1503 2 0 451 2 0 1635 2 0 1635 2 0 451 2 0 1634 2 0 1634 2 0 451 2 0 1650 2 0 1503 2 0 1635 2 0 1521 2 0 1503 2 0 1521 2 0 453 2 0 453 2 0 1521 2 0 1522 2 0 453 2 0 1522 2 0 454 2 0 454 2 0 1522 2 0 1506 2 0 454 2 0 1506 2 0 455 2 0 455 2 0 1506 2 0 1664 2 0 455 2 0 1664 2 0 1499 2 0 1499 2 0 1664 2 0 1508 2 0 1499 2 0 1508 2 0 464 2 0 464 2 0 1508 2 0 1657 2 0 464 2 0 1657 2 0 1497 2 0 1497 2 0 1657 2 0 475 2 0 1497 2 0 475 2 0 474 2 0 499 2 0 1524 2 0 489 2 0 499 2 0 489 2 0 1554 2 0 1554 2 0 489 2 0 1526 2 0 499 2 0 1554 2 0 1606 2 0 1554 2 0 1526 2 0 1603 2 0 1603 2 0 1526 2 0 487 2 0 1603 2 0 487 2 0 1552 2 0 1552 2 0 487 2 0 486 2 0 1552 2 0 486 2 0 1601 2 0 1601 2 0 486 2 0 526 2 0 1601 2 0 526 2 0 1550 2 0 1550 2 0 526 2 0 1549 2 0 1549 2 0 526 2 0 525 2 0 1549 2 0 525 2 0 1548 2 0 1548 2 0 525 2 0 524 2 0 1548 2 0 524 2 0 523 2 0 1548 2 0 523 2 0 1611 2 0 1611 2 0 523 2 0 1629 2 0 1540 2 0 499 2 0 1589 2 0 1589 2 0 499 2 0 1556 2 0 1556 2 0 499 2 0 1606 2 0 1540 2 0 1589 2 0 1590 2 0 1540 2 0 1590 2 0 1539 2 0 1539 2 0 1590 2 0 1559 2 0 1539 2 0 1559 2 0 502 2 0 502 2 0 1559 2 0 1543 2 0 502 2 0 1543 2 0 1537 2 0 1537 2 0 1543 2 0 1544 2 0 1537 2 0 1544 2 0 511 2 0 511 2 0 1544 2 0 1545 2 0 511 2 0 1545 2 0 512 2 0 512 2 0 1545 2 0 1629 2 0 512 2 0 1629 2 0 513 2 0 513 2 0 1629 2 0 523 2 0 513 2 0 523 2 0 1533 2 0 540 2 0 1584 2 0 547 2 0 547 2 0 1584 2 0 548 2 0 548 2 0 1584 2 0 1531 2 0 1531 2 0 1584 2 0 1511 2 0 1511 2 0 1584 2 0 1561 2 0 1511 2 0 1561 2 0 1510 2 0 549 2 0 548 2 0 1602 2 0 1602 2 0 548 2 0 1531 2 0 549 2 0 1602 2 0 1532 2 0 549 2 0 1532 2 0 1604 2 0 549 2 0 1604 2 0 1579 2 0 1579 2 0 1604 2 0 1605 2 0 1579 2 0 1605 2 0 557 2 0 557 2 0 1605 2 0 1528 2 0 557 2 0 1528 2 0 1577 2 0 1577 2 0 1528 2 0 1529 2 0 1577 2 0 1529 2 0 1608 2 0 1564 2 0 597 2 0 1563 2 0 1563 2 0 597 2 0 1594 2 0 1594 2 0 597 2 0 1593 2 0 1593 2 0 597 2 0 596 2 0 1593 2 0 596 2 0 1592 2 0 1592 2 0 596 2 0 1591 2 0 1591 2 0 596 2 0 589 2 0 1591 2 0 589 2 0 1576 2 0 1576 2 0 589 2 0 1568 2 0 1576 2 0 1568 2 0 1582 2 0 1582 2 0 1568 2 0 1588 2 0 1588 2 0 1568 2 0 587 2 0 1588 2 0 587 2 0 1587 2 0 1587 2 0 587 2 0 1546 2 0 1609 2 0 1517 2 0 1573 2 0 1609 2 0 1573 2 0 1574 2 0 1609 2 0 1574 2 0 1608 2 0 1608 2 0 1574 2 0 565 2 0 1608 2 0 565 2 0 1577 2 0 1577 2 0 565 2 0 564 2 0 1562 2 0 1563 2 0 1555 2 0 1555 2 0 1563 2 0 1594 2 0 1562 2 0 1555 2 0 1557 2 0 1562 2 0 1557 2 0 1561 2 0 1561 2 0 1557 2 0 1510 2 0 1510 2 0 1557 2 0 1509 2 0 1509 2 0 1557 2 0 1541 2 0 1509 2 0 1541 2 0 1518 2 0 1518 2 0 1541 2 0 1598 2 0 1518 2 0 1598 2 0 1517 2 0 1517 2 0 1598 2 0 1573 2 0 1573 2 0 1598 2 0 1572 2 0 1572 2 0 1598 2 0 1599 2 0 1572 2 0 1599 2 0 1546 2 0 1572 2 0 1546 2 0 587 2 0 1572 2 0 587 2 0 1570 2 0 1572 2 0 1570 2 0 1571 2 0 1675 2 0 663 2 0 662 2 0 1675 2 0 662 2 0 1678 2 0 1675 2 0 1678 2 0 665 2 0 665 2 0 1678 2 0 1673 2 0 1673 2 0 1678 2 0 1679 2 0 1673 2 0 1679 2 0 667 2 0 667 2 0 1679 2 0 1680 2 0 667 2 0 1680 2 0 1671 2 0 1671 2 0 1680 2 0 669 2 0 669 2 0 1680 2 0 641 2 0 669 2 0 641 2 0 1669 2 0 1669 2 0 641 2 0 640 2 0 1669 2 0 640 2 0 635 2 0 1669 2 0 635 2 0 679 2 0 679 2 0 635 2 0 1684 2 0 679 2 0 1684 2 0 625 2 0 679 2 0 625 2 0 688 2 0 773 2 0 1643 2 0 1644 2 0 773 2 0 1644 2 0 774 2 0 774 2 0 1644 2 0 1645 2 0 774 2 0 1645 2 0 1640 2 0 1640 2 0 1645 2 0 776 2 0 776 2 0 1645 2 0 1646 2 0 776 2 0 1646 2 0 784 2 0 784 2 0 1646 2 0 754 2 0 784 2 0 754 2 0 1637 2 0 1637 2 0 754 2 0 1648 2 0 1637 2 0 1648 2 0 1636 2 0 1636 2 0 1648 2 0 746 2 0 1636 2 0 746 2 0 787 2 0 787 2 0 746 2 0 745 2 0 1619 2 0 1620 2 0 839 2 0 839 2 0 1620 2 0 1617 2 0 1617 2 0 1620 2 0 1621 2 0 1617 2 0 1621 2 0 615 2 0 615 2 0 1621 2 0 1622 2 0 615 2 0 1622 2 0 616 2 0 616 2 0 1622 2 0 1623 2 0 616 2 0 1623 2 0 1624 2 0 616 2 0 1624 2 0 1625 2 0 616 2 0 1625 2 0 1626 2 0 616 2 0 1626 2 0 1627 2 0 616 2 0 1627 2 0 820 2 0 616 2 0 820 2 0 819 2 0 616 2 0 819 2 0 734 2 0 734 2 0 819 2 0 806 2 0 616 2 0 734 2 0 722 2 0 616 2 0 722 2 0 625 2 0 625 2 0 722 2 0 717 2 0 625 2 0 717 2 0 688 2 0 688 2 0 717 2 0 1666 2 0 1666 2 0 717 2 0 1665 2 0 1665 2 0 717 2 0 706 2 0 706 2 0 717 2 0 1658 2 0 706 2 0 1658 2 0 711 2 0 706 2 0 711 2 0 710 2 0 706 2 0 710 2 0 707 2 0 707 2 0 710 2 0 709 2 0 707 2 0 709 2 0 708 2 0 806 2 0 1631 2 0 734 2 0 734 2 0 1631 2 0 1654 2 0 1654 2 0 1631 2 0 1632 2 0 1654 2 0 1632 2 0 1633 2 0 1654 2 0 1633 2 0 736 2 0 736 2 0 1633 2 0 1652 2 0 1652 2 0 1633 2 0 794 2 0 1652 2 0 794 2 0 787 2 0 1652 2 0 787 2 0 745 2 0 1652 2 0 745 2 0 1651 2 0 1699 2 0 1700 2 0 868 2 0 1692 2 0 1693 2 0 918 2 0 918 2 0 1693 2 0 1690 2 0 1690 2 0 1693 2 0 899 2 0 1690 2 0 899 2 0 848 2 0 848 2 0 899 2 0 1695 2 0 848 2 0 1695 2 0 1688 2 0 1688 2 0 1695 2 0 889 2 0 1688 2 0 889 2 0 1703 2 0 1703 2 0 889 2 0 884 2 0 1703 2 0 884 2 0 1702 2 0 1702 2 0 884 2 0 868 2 0 868 2 0 884 2 0 1699 2 0 1699 2 0 884 2 0 879 2 0 1054 2 0 1067 2 0 1723 2 0 1054 2 0 1068 2 0 1067 2 0 1054 2 0 1069 2 0 1068 2 0 1054 2 0 1719 2 0 1069 2 0 1054 2 0 1718 2 0 1719 2 0 1054 2 0 1072 2 0 1718 2 0 1054 2 0 1716 2 0 1072 2 0 1045 2 0 1716 2 0 1054 2 0 78 452 0 9 451 0 77 446 0 1045 2 0 1715 2 0 1716 2 0 1045 2 0 1714 2 0 1715 2 0 1045 2 0 1713 2 0 1714 2 0 1115 2 0 1713 2 0 1045 2 0 1115 2 0 1712 2 0 1713 2 0 1115 2 0 1709 2 0 1712 2 0 1115 2 0 1708 2 0 1709 2 0 1115 2 0 1114 2 0 1708 2 0 1099 2 0 1712 2 0 1709 2 0 1711 2 0 1712 2 0 1099 2 0 1131 2 0 1133 2 0 1735 2 0 1131 2 0 1733 2 0 1133 2 0 1130 2 0 1733 2 0 1131 2 0 1130 2 0 1147 2 0 1733 2 0 1727 2 0 1147 2 0 1130 2 0 1727 2 0 1731 2 0 1147 2 0 1727 2 0 1149 2 0 1731 2 0 1122 2 0 1149 2 0 1727 2 0 1121 2 0 1149 2 0 1122 2 0 1941 453 0 1940 454 0 230 453 0 230 453 0 1940 454 0 1021 455 0 1006 456 0 1021 455 0 1940 454 0 1756 457 0 1006 456 0 1940 454 0 1006 456 0 1756 457 0 999 458 0 999 458 0 1756 457 0 1938 459 0 1937 460 0 999 458 0 1938 459 0 1937 460 0 1749 461 0 999 458 0 1748 462 0 1749 461 0 1937 460 0 1936 463 0 1748 462 0 1937 460 0 1748 462 0 1936 463 0 983 464 0 983 464 0 1936 463 0 1935 465 0 1443 466 0 983 464 0 1935 465 0 1761 467 0 1443 466 0 1935 465 0 1443 466 0 1761 467 0 1483 468 0 1483 468 0 1761 467 0 1481 469 0 1481 469 0 1761 467 0 1780 470 0 1779 471 0 1780 470 0 1761 467 0 1778 472 0 1779 471 0 1761 467 0 983 464 0 1784 466 0 979 473 0 983 464 0 1443 466 0 1784 466 0 979 473 0 1784 466 0 1785 474 0 979 473 0 1785 474 0 1418 475 0 979 473 0 1418 475 0 1419 476 0 1420 477 0 979 473 0 1419 476 0 1762 478 0 1778 472 0 1761 467 0 1778 472 0 1762 478 0 1777 479 0 1777 479 0 1762 478 0 1763 480 0 1777 479 0 1763 480 0 1480 481 0 1764 482 0 1480 481 0 1763 480 0 979 473 0 1420 477 0 978 483 0 978 483 0 1420 477 0 1421 479 0 978 483 0 1421 479 0 1744 484 0 1744 484 0 1421 479 0 1427 485 0 1791 486 0 1744 484 0 1427 485 0 1764 482 0 1478 487 0 1480 481 0 1478 487 0 1764 482 0 1477 488 0 1765 489 0 1477 488 0 1764 482 0 1791 486 0 955 490 0 1744 484 0 955 490 0 1791 486 0 1428 491 0 955 490 0 1428 491 0 949 492 0 1765 489 0 1773 493 0 1477 488 0 1773 493 0 1765 489 0 1766 494 0 1773 493 0 1766 494 0 1772 495 0 1767 496 0 1772 495 0 1766 494 0 1429 497 0 949 492 0 1428 491 0 949 492 0 1429 497 0 940 498 0 940 498 0 1429 497 0 1348 495 0 1349 220 0 940 498 0 1348 495 0 1767 496 0 1771 220 0 1772 495 0 1771 220 0 1767 496 0 1770 499 0 1770 499 0 1767 496 0 1174 335 0 1770 499 0 1174 335 0 1173 335 0 1349 220 0 935 500 0 940 498 0 935 500 0 1349 220 0 1796 499 0 935 500 0 1796 499 0 1739 335 0 1739 335 0 1796 499 0 1738 335 0 1846 502 0 1803 501 0 1353 4 0 1318 503 0 1846 502 0 1353 4 0 1846 502 0 1318 503 0 1845 504 0 1845 504 0 1318 503 0 1326 505 0 1328 506 0 1845 504 0 1326 505 0 1845 504 0 1328 506 0 1844 507 0 1329 508 0 1844 507 0 1328 506 0 1844 507 0 1329 508 0 1843 509 0 1809 510 0 1843 509 0 1329 508 0 1843 509 0 1809 510 0 1842 511 0 1810 512 0 1842 511 0 1809 510 0 1842 511 0 1810 512 0 1841 513 0 1334 514 0 1841 513 0 1810 512 0 1841 513 0 1334 514 0 1840 515 0 1335 220 0 1840 515 0 1334 514 0 1813 516 0 1840 515 0 1335 220 0 1803 501 0 1846 502 0 1802 517 0 1802 517 0 1846 502 0 1839 518 0 1846 502 0 1845 504 0 1839 518 0 1839 518 0 1845 504 0 1838 519 0 1845 504 0 1844 507 0 1838 519 0 1838 519 0 1844 507 0 1837 520 0 1844 507 0 1843 509 0 1837 520 0 1837 520 0 1843 509 0 1836 521 0 1843 509 0 1842 511 0 1836 521 0 1836 521 0 1842 511 0 1835 522 0 1842 511 0 1841 513 0 1835 522 0 1835 522 0 1841 513 0 1834 523 0 1841 513 0 1840 515 0 1834 523 0 1834 523 0 1840 515 0 1833 524 0 1813 516 0 1833 524 0 1840 515 0 1814 525 0 1833 524 0 1813 516 0 1802 517 0 1839 518 0 1352 526 0 1352 526 0 1839 518 0 1832 527 0 1839 518 0 1838 519 0 1832 527 0 1832 527 0 1838 519 0 1831 528 0 1838 519 0 1837 520 0 1831 528 0 1831 528 0 1837 520 0 1830 529 0 1837 520 0 1836 521 0 1830 529 0 1830 529 0 1836 521 0 1829 530 0 1836 521 0 1835 522 0 1829 530 0 1829 530 0 1835 522 0 1828 531 0 1835 522 0 1834 523 0 1828 531 0 1828 531 0 1834 523 0 1827 532 0 1834 523 0 1833 524 0 1827 532 0 1827 532 0 1833 524 0 1826 533 0 1814 525 0 1826 533 0 1833 524 0 1163 361 0 1826 533 0 1814 525 0 1352 526 0 1832 527 0 1800 534 0 1800 534 0 1832 527 0 1796 499 0 1796 499 0 1832 527 0 1738 535 0 1738 535 0 1832 527 0 1154 536 0 1832 527 0 1831 528 0 1154 536 0 1154 536 0 1831 528 0 1823 537 0 1823 537 0 1831 528 0 1822 538 0 1831 528 0 1830 529 0 1822 538 0 1822 538 0 1830 529 0 1821 346 0 1830 529 0 1829 530 0 1821 346 0 1821 346 0 1829 530 0 1820 539 0 1829 530 0 1828 531 0 1820 539 0 1820 539 0 1828 531 0 1819 356 0 1819 356 0 1828 531 0 1818 540 0 1828 531 0 1827 532 0 1818 540 0 1818 540 0 1827 532 0 1817 541 0 1827 532 0 1826 533 0 1817 541 0 1817 541 0 1826 533 0 1162 542 0 1163 361 0 1162 542 0 1826 533 0 1851 220 0 1852 543 0 1335 220 0 1335 220 0 1852 543 0 1813 516 0 1814 525 0 1813 516 0 1852 543 0 1853 525 0 1814 525 0 1852 543 0 1814 525 0 1853 525 0 1163 361 0 1163 361 0 1853 525 0 1854 361 0 9 451 0 78 452 0 8 544 0 1869 546 0 1906 545 0 1851 220 0 1906 545 0 1869 546 0 1905 547 0 1870 548 0 1905 547 0 1869 546 0 1905 547 0 1870 548 0 1904 549 0 1871 550 0 1904 549 0 1870 548 0 1904 549 0 1871 550 0 1903 551 0 1872 552 0 1903 551 0 1871 550 0 1903 551 0 1872 552 0 1902 553 0 1873 554 0 1902 553 0 1872 552 0 1902 553 0 1873 554 0 1901 555 0 1874 556 0 1901 555 0 1873 554 0 1901 555 0 1874 556 0 1900 557 0 1875 558 0 1900 557 0 1874 556 0 1900 557 0 1875 558 0 1899 559 0 1159 6 0 1899 559 0 1875 558 0 1878 561 0 1899 559 0 1507 560 0 1899 559 0 1159 6 0 1507 560 0 1851 220 0 1906 545 0 1852 543 0 1852 543 0 1906 545 0 1898 562 0 1906 545 0 1905 547 0 1898 562 0 1898 562 0 1905 547 0 1897 563 0 1905 547 0 1904 549 0 1897 563 0 1897 563 0 1904 549 0 1896 564 0 1904 549 0 1903 551 0 1896 564 0 1896 564 0 1903 551 0 1895 565 0 1903 551 0 1902 553 0 1895 565 0 1895 565 0 1902 553 0 1894 566 0 1902 553 0 1901 555 0 1894 566 0 1894 566 0 1901 555 0 1893 567 0 1901 555 0 1900 557 0 1893 567 0 1893 567 0 1900 557 0 1892 568 0 1900 557 0 1899 559 0 1892 568 0 1892 568 0 1899 559 0 1891 569 0 1878 561 0 1891 569 0 1899 559 0 1879 570 0 1891 569 0 1878 561 0 1852 543 0 1898 562 0 1853 525 0 1853 525 0 1898 562 0 1890 571 0 1898 562 0 1897 563 0 1890 571 0 1890 571 0 1897 563 0 1889 572 0 1897 563 0 1896 564 0 1889 572 0 1889 572 0 1896 564 0 1888 573 0 1896 564 0 1895 565 0 1888 573 0 1888 573 0 1895 565 0 1887 574 0 1895 565 0 1894 566 0 1887 574 0 1887 574 0 1894 566 0 1886 575 0 1894 566 0 1893 567 0 1886 575 0 1886 575 0 1893 567 0 1885 576 0 1893 567 0 1892 568 0 1885 576 0 1885 576 0 1892 568 0 1884 577 0 1892 568 0 1891 569 0 1884 577 0 1884 577 0 1891 569 0 1883 578 0 1879 570 0 1883 578 0 1891 569 0 1880 579 0 1883 578 0 1879 570 0 1853 525 0 1890 571 0 1854 361 0 1854 361 0 1890 571 0 1165 580 0 1165 580 0 1890 571 0 1863 362 0 1890 571 0 1889 572 0 1863 362 0 1863 362 0 1889 572 0 1862 352 0 1889 572 0 1888 573 0 1862 352 0 1862 352 0 1888 573 0 1861 581 0 1888 573 0 1887 574 0 1861 581 0 1861 581 0 1887 574 0 1860 346 0 1887 574 0 1886 575 0 1860 346 0 1860 346 0 1886 575 0 1170 345 0 1886 575 0 1885 576 0 1170 345 0 1170 345 0 1885 576 0 1858 582 0 1858 582 0 1885 576 0 1172 583 0 1885 576 0 1884 577 0 1172 583 0 1884 577 0 1883 578 0 1172 583 0 1172 583 0 1883 578 0 1173 584 0 1880 579 0 1173 584 0 1883 578 0 1880 579 0 1770 499 0 1173 584 0 1925 587 0 1960 586 0 1963 585 0 1963 585 0 1960 586 0 1964 4 0 1964 4 0 1960 586 0 1138 4 0 1138 4 0 1960 586 0 1132 4 0 1960 586 0 1959 588 0 1132 4 0 1132 4 0 1959 588 0 1920 4 0 1920 4 0 1959 588 0 1919 4 0 1959 588 0 1958 589 0 1919 4 0 1919 4 0 1958 589 0 1918 4 0 1918 4 0 1958 589 0 1129 4 0 1958 589 0 1957 590 0 1129 4 0 1129 4 0 1957 590 0 1916 4 0 1916 4 0 1957 590 0 1915 4 0 1957 590 0 1956 591 0 1915 4 0 1915 4 0 1956 591 0 1914 4 0 1956 591 0 1955 592 0 1914 4 0 1914 4 0 1955 592 0 1913 4 0 1913 4 0 1955 592 0 1126 4 0 1955 592 0 1954 593 0 1126 4 0 1126 4 0 1954 593 0 1911 4 0 1911 4 0 1954 593 0 1910 4 0 1954 593 0 1953 594 0 1910 4 0 1910 4 0 1953 594 0 1909 4 0 1909 4 0 1953 594 0 1908 4 0 1907 4 0 1908 4 0 1953 594 0 1926 336 0 1952 595 0 1925 587 0 1925 587 0 1952 595 0 1960 586 0 1952 595 0 1951 596 0 1960 586 0 1960 586 0 1951 596 0 1959 588 0 1951 596 0 1950 597 0 1959 588 0 1959 588 0 1950 597 0 1958 589 0 1950 597 0 1949 598 0 1958 589 0 1958 589 0 1949 598 0 1957 590 0 1949 598 0 1948 599 0 1957 590 0 1957 590 0 1948 599 0 1956 591 0 1948 599 0 1947 600 0 1956 591 0 1956 591 0 1947 600 0 1955 592 0 1947 600 0 1946 601 0 1955 592 0 1955 592 0 1946 601 0 1954 593 0 1946 601 0 1945 602 0 1954 593 0 1954 593 0 1945 602 0 1953 594 0 1093 603 0 1953 594 0 1945 602 0 1907 4 0 1953 594 0 1093 603 0 1926 336 0 1174 335 0 1952 595 0 1952 595 0 1174 335 0 1767 496 0 1766 494 0 1952 595 0 1767 496 0 1952 595 0 1766 494 0 1951 596 0 1951 596 0 1766 494 0 1765 489 0 1764 482 0 1951 596 0 1765 489 0 1951 596 0 1764 482 0 1950 597 0 1763 480 0 1950 597 0 1764 482 0 1950 597 0 1763 480 0 1949 598 0 1949 598 0 1763 480 0 1762 478 0 1761 467 0 1949 598 0 1762 478 0 1949 598 0 1761 467 0 1948 599 0 1935 465 0 1948 599 0 1761 467 0 1948 599 0 1935 465 0 1947 600 0 1947 600 0 1935 465 0 1936 463 0 1937 460 0 1947 600 0 1936 463 0 1947 600 0 1937 460 0 1946 601 0 1938 459 0 1946 601 0 1937 460 0 1946 601 0 1938 459 0 1945 602 0 1945 602 0 1938 459 0 1756 457 0 1940 454 0 1945 602 0 1756 457 0 1093 603 0 1945 602 0 1091 604 0 1945 602 0 1940 454 0 1091 604 0 1940 454 0 1941 453 0 1091 604 0 1982 607 0 1687 606 0 685 605 0 685 605 0 1687 606 0 1980 4 0 1980 4 0 1687 606 0 1979 4 0 1979 4 0 1687 606 0 1978 4 0 1687 606 0 1697 608 0 1978 4 0 1978 4 0 1697 608 0 1145 4 0 1145 4 0 1697 608 0 1143 4 0 1697 608 0 1704 609 0 1143 4 0 1143 4 0 1704 609 0 1975 4 0 1975 4 0 1704 609 0 1974 4 0 1704 609 0 1724 610 0 1974 4 0 1974 4 0 1724 610 0 1973 4 0 1973 4 0 1724 610 0 1972 4 0 1724 610 0 1730 611 0 1972 4 0 1972 4 0 1730 611 0 1971 4 0 1730 611 0 1737 612 0 1971 4 0 1971 4 0 1737 612 0 1142 4 0 1142 4 0 1737 612 0 1141 4 0 1737 612 0 1746 613 0 1141 4 0 1141 4 0 1746 613 0 1968 4 0 1968 4 0 1746 613 0 1140 4 0 1746 613 0 1757 614 0 1140 4 0 1140 4 0 1757 614 0 1139 4 0 1139 4 0 1757 614 0 1965 4 0 1963 585 0 1965 4 0 1757 614 0 1963 585 0 1964 4 0 1965 4 0 695 616 0 1760 615 0 1982 607 0 1982 607 0 1760 615 0 1687 606 0 1760 615 0 1788 617 0 1687 606 0 1687 606 0 1788 617 0 1697 608 0 1788 617 0 1797 618 0 1697 608 0 1697 608 0 1797 618 0 1704 609 0 1797 618 0 1804 619 0 1704 609 0 1704 609 0 1804 619 0 1724 610 0 1804 619 0 1808 620 0 1724 610 0 1724 610 0 1808 620 0 1730 611 0 1808 620 0 1825 621 0 1730 611 0 1730 611 0 1825 621 0 1737 612 0 1825 621 0 1864 622 0 1737 612 0 1737 612 0 1864 622 0 1746 613 0 1864 622 0 1882 623 0 1746 613 0 1746 613 0 1882 623 0 1757 614 0 1925 587 0 1757 614 0 1882 623 0 1963 585 0 1757 614 0 1925 587 0 1212 382 0 1188 381 0 695 616 0 695 616 0 1188 381 0 1760 615 0 1187 377 0 1760 615 0 1188 381 0 1760 615 0 1187 377 0 1788 617 0 1788 617 0 1187 377 0 1186 375 0 1185 372 0 1788 617 0 1186 375 0 1788 617 0 1185 372 0 1797 618 0 1989 371 0 1797 618 0 1185 372 0 1797 618 0 1989 371 0 1804 619 0 1804 619 0 1989 371 0 1990 369 0 1991 366 0 1804 619 0 1990 369 0 1804 619 0 1991 366 0 1808 620 0 1181 365 0 1808 620 0 1991 366 0 1808 620 0 1181 365 0 1825 621 0 1825 621 0 1181 365 0 1180 353 0 1179 350 0 1825 621 0 1180 353 0 1825 621 0 1179 350 0 1864 622 0 1178 344 0 1864 622 0 1179 350 0 1864 622 0 1178 344 0 1882 623 0 1882 623 0 1178 344 0 1944 339 0 1929 338 0 1882 623 0 1944 339 0 1925 587 0 1882 623 0 1926 336 0 1882 623 0 1929 338 0 1926 336 0 1194 382 0 1710 624 0 1195 383 0 1195 383 0 1710 624 0 1527 625 0 1615 626 0 1527 625 0 1710 624 0 1527 625 0 1615 626 0 1530 627 0 1717 628 0 1530 627 0 1615 626 0 1581 6 0 1530 627 0 1585 6 0 1530 627 0 1717 628 0 1585 6 0 1195 383 0 1527 625 0 1196 379 0 1196 379 0 1527 625 0 1553 629 0 1527 625 0 1530 627 0 1553 629 0 1553 629 0 1530 627 0 1500 630 0 1581 6 0 1500 630 0 1530 627 0 1581 6 0 1575 6 0 1500 630 0 78 452 0 79 631 0 8 544 0 1468 632 0 1439 378 0 1196 379 0 1553 629 0 1468 632 0 1196 379 0 1431 633 0 1468 632 0 1553 629 0 1500 630 0 1431 633 0 1553 629 0 1431 633 0 1500 630 0 1057 6 0 1057 6 0 1500 630 0 1575 6 0 1297 634 0 1057 6 0 1058 6 0 1297 634 0 1431 635 0 1057 6 0 1431 635 0 1297 634 0 1468 632 0 1297 634 0 1302 636 0 1468 632 0 1468 632 0 1302 636 0 1439 378 0 1302 636 0 1198 376 0 1439 378 0 1302 636 0 1036 637 0 1198 376 0 1198 376 0 1036 637 0 1310 374 0 1310 374 0 1036 637 0 1332 373 0 1036 637 0 1040 638 0 1332 373 0 1332 373 0 1040 638 0 1201 370 0 1201 370 0 1040 638 0 1202 368 0 1040 638 0 1042 639 0 1202 368 0 1202 368 0 1042 639 0 1203 367 0 1042 639 0 1046 640 0 1203 367 0 1203 367 0 1046 640 0 1337 364 0 1337 364 0 1046 640 0 1338 358 0 1046 640 0 1056 641 0 1338 358 0 1338 358 0 1056 641 0 1346 354 0 1056 641 0 1076 642 0 1346 354 0 1346 354 0 1076 642 0 1359 349 0 1359 349 0 1076 642 0 1364 342 0 1076 642 0 1081 643 0 1364 342 0 1364 342 0 1081 643 0 1373 341 0 1378 336 0 1373 341 0 1081 643 0 1297 645 0 1086 644 0 1302 636 0 1302 636 0 1086 644 0 1036 637 0 1086 644 0 1094 646 0 1036 637 0 1036 637 0 1094 646 0 1040 638 0 1094 646 0 1101 647 0 1040 638 0 1040 638 0 1101 647 0 1042 639 0 1101 647 0 1106 648 0 1042 639 0 1042 639 0 1106 648 0 1046 640 0 1106 648 0 1111 649 0 1046 640 0 1046 640 0 1111 649 0 1056 641 0 1111 649 0 1116 650 0 1056 641 0 1056 641 0 1116 650 0 1076 642 0 1116 650 0 1124 651 0 1076 642 0 1076 642 0 1124 651 0 1081 643 0 915 652 0 1081 643 0 1124 651 0 1378 336 0 1081 643 0 915 652 0 1058 6 0 1063 6 0 1297 645 0 1297 645 0 1063 6 0 1086 644 0 1064 6 0 1086 644 0 1063 6 0 1086 644 0 1064 6 0 1094 646 0 1094 646 0 1064 6 0 1066 6 0 1066 6 0 1216 6 0 1094 646 0 1094 646 0 1216 6 0 1101 647 0 1211 6 0 1101 647 0 1216 6 0 1101 647 0 1211 6 0 1106 648 0 1106 648 0 1211 6 0 1207 6 0 1207 6 0 1167 6 0 1106 648 0 1106 648 0 1167 6 0 1111 649 0 1070 6 0 1111 649 0 1167 6 0 1111 649 0 1070 6 0 1116 650 0 1116 650 0 1070 6 0 1134 6 0 1134 6 0 1071 6 0 1116 650 0 1116 650 0 1071 6 0 1124 651 0 1073 6 0 1124 651 0 1071 6 0 915 652 0 1124 651 0 1392 653 0 1124 651 0 1073 6 0 1392 653 0 1073 6 0 1074 6 0 1392 653 0 915 652 0 749 654 0 1378 336 0 1378 336 0 749 654 0 1739 335 0 1739 335 0 749 654 0 935 500 0 935 500 0 749 654 0 940 498 0 749 654 0 758 655 0 940 498 0 940 498 0 758 655 0 949 492 0 949 492 0 758 655 0 955 490 0 758 655 0 761 656 0 955 490 0 955 490 0 761 656 0 1744 484 0 761 656 0 763 657 0 1744 484 0 1744 484 0 763 657 0 978 483 0 978 483 0 763 657 0 979 473 0 763 657 0 768 658 0 979 473 0 979 473 0 768 658 0 983 464 0 768 658 0 775 659 0 983 464 0 983 464 0 775 659 0 1748 462 0 1748 462 0 775 659 0 1749 461 0 775 659 0 778 660 0 1749 461 0 1749 461 0 778 660 0 999 458 0 778 660 0 785 661 0 999 458 0 999 458 0 785 661 0 1006 456 0 1006 456 0 785 661 0 1021 455 0 1035 662 0 1021 455 0 785 661 0 1035 662 0 230 453 0 1021 455 0 1392 653 0 789 663 0 915 652 0 915 652 0 789 663 0 749 654 0 789 663 0 795 664 0 749 654 0 749 654 0 795 664 0 758 655 0 795 664 0 797 665 0 758 655 0 758 655 0 797 665 0 761 656 0 797 665 0 798 666 0 761 656 0 761 656 0 798 666 0 763 657 0 798 666 0 803 667 0 763 657 0 763 657 0 803 667 0 768 658 0 803 667 0 804 668 0 768 658 0 768 658 0 804 668 0 775 659 0 804 668 0 810 669 0 775 659 0 775 659 0 810 669 0 778 660 0 810 669 0 822 670 0 778 660 0 778 660 0 822 670 0 785 661 0 1034 671 0 785 661 0 822 670 0 1035 662 0 785 661 0 1034 671 0 1074 6 0 1075 6 0 1392 653 0 1392 653 0 1075 6 0 789 663 0 893 6 0 789 663 0 1075 6 0 789 663 0 893 6 0 795 664 0 795 664 0 893 6 0 890 6 0 880 6 0 795 664 0 890 6 0 795 664 0 880 6 0 797 665 0 797 665 0 880 6 0 875 6 0 1079 6 0 797 665 0 875 6 0 797 665 0 1079 6 0 798 666 0 798 666 0 1079 6 0 864 6 0 860 6 0 798 666 0 864 6 0 798 666 0 860 6 0 803 667 0 855 6 0 803 667 0 860 6 0 803 667 0 855 6 0 804 668 0 804 668 0 855 6 0 850 6 0 843 6 0 804 668 0 850 6 0 804 668 0 843 6 0 810 669 0 810 669 0 843 6 0 1080 6 0 833 6 0 810 669 0 1080 6 0 810 669 0 833 6 0 822 670 0 822 670 0 833 6 0 1083 6 0 1084 6 0 822 670 0 1083 6 0 1034 671 0 822 670 0 1085 6 0 822 670 0 1084 6 0 1085 6 0 637 674 0 1982 673 0 685 672 0 8 544 0 79 631 0 39 675 0 1982 673 0 637 674 0 719 676 0 1982 673 0 719 676 0 695 677 0 1218 236 0 695 677 0 719 676 0 1212 384 0 695 677 0 1218 236 0 1218 236 0 719 676 0 670 385 0 670 385 0 719 676 0 590 678 0 637 674 0 590 678 0 719 676 0 590 678 0 637 674 0 599 679 0 685 672 0 599 679 0 637 674 0 622 4 0 599 679 0 1980 4 0 599 679 0 685 672 0 1980 4 0 670 385 0 590 678 0 675 387 0 675 387 0 590 678 0 680 388 0 680 388 0 590 678 0 607 680 0 590 678 0 599 679 0 607 680 0 607 680 0 599 679 0 220 681 0 622 4 0 220 681 0 599 679 0 622 4 0 217 4 0 220 681 0 482 6 0 581 682 0 537 6 0 537 6 0 581 682 0 542 683 0 1229 684 0 542 683 0 581 682 0 1229 684 0 1312 685 0 542 683 0 1312 685 0 1229 684 0 1313 686 0 1228 687 0 1313 686 0 1229 684 0 1313 686 0 1228 687 0 560 688 0 560 688 0 1228 687 0 1227 689 0 560 688 0 1227 689 0 1315 447 0 1315 447 0 1227 689 0 1226 447 0 520 6 0 508 6 0 527 6 0 527 6 0 508 6 0 537 6 0 537 6 0 508 6 0 504 6 0 537 6 0 504 6 0 491 6 0 537 6 0 491 6 0 482 6 0 527 6 0 443 690 0 520 6 0 520 6 0 443 690 0 1236 691 0 1236 691 0 443 690 0 429 692 0 1236 691 0 429 692 0 358 693 0 1306 694 0 358 693 0 429 692 0 360 695 0 358 693 0 1306 694 0 1305 696 0 360 695 0 1306 694 0 360 695 0 1305 696 0 1239 697 0 1239 697 0 1305 696 0 379 2 0 1239 697 0 379 2 0 1240 2 0 226 698 0 1157 4 0 1088 4 0 1089 699 0 226 698 0 1088 4 0 1157 4 0 226 698 0 1156 4 0 226 698 0 216 700 0 1156 4 0 1156 4 0 216 700 0 60 4 0 60 4 0 216 700 0 74 4 0 216 700 0 215 701 0 74 4 0 74 4 0 215 701 0 1155 4 0 1155 4 0 215 701 0 1153 4 0 215 701 0 195 702 0 1153 4 0 1153 4 0 195 702 0 1152 4 0 1152 4 0 195 702 0 158 4 0 195 702 0 181 703 0 158 4 0 158 4 0 181 703 0 169 4 0 169 4 0 181 703 0 1151 4 0 181 703 0 128 704 0 1151 4 0 1151 4 0 128 704 0 182 4 0 182 4 0 128 704 0 186 4 0 128 704 0 100 705 0 186 4 0 186 4 0 100 705 0 1150 4 0 1150 4 0 100 705 0 1148 4 0 1146 4 0 1148 4 0 100 705 0 220 681 0 1146 4 0 100 705 0 220 681 0 217 4 0 1146 4 0 86 706 0 226 698 0 1089 699 0 1090 707 0 86 706 0 1089 699 0 86 706 0 55 708 0 226 698 0 226 698 0 55 708 0 216 700 0 55 708 0 40 709 0 216 700 0 216 700 0 40 709 0 215 701 0 40 709 0 4 710 0 215 701 0 215 701 0 4 710 0 195 702 0 4 710 0 17 711 0 195 702 0 195 702 0 17 711 0 181 703 0 17 711 0 34 712 0 181 703 0 181 703 0 34 712 0 128 704 0 34 712 0 36 713 0 128 704 0 128 704 0 36 713 0 100 705 0 607 680 0 100 705 0 36 713 0 220 681 0 100 705 0 607 680 0 86 706 0 1090 707 0 320 391 0 86 706 0 320 391 0 315 394 0 312 396 0 86 706 0 315 394 0 86 706 0 312 396 0 55 708 0 310 401 0 55 708 0 312 396 0 55 708 0 310 401 0 40 709 0 40 709 0 310 401 0 1252 408 0 1251 417 0 40 709 0 1252 408 0 40 709 0 1251 417 0 4 710 0 290 419 0 4 710 0 1251 417 0 4 710 0 290 419 0 17 711 0 17 711 0 290 419 0 1249 424 0 285 431 0 17 711 0 1249 424 0 17 711 0 285 431 0 34 712 0 261 432 0 34 712 0 285 431 0 34 712 0 261 432 0 36 713 0 36 713 0 261 432 0 249 434 0 236 445 0 36 713 0 249 434 0 607 680 0 36 713 0 680 388 0 36 713 0 236 445 0 680 388 0 1941 236 0 230 236 0 320 236 0 320 236 0 230 236 0 1257 236 0 1039 716 0 694 715 0 1037 714 0 1037 714 0 694 715 0 1257 391 0 1257 391 0 694 715 0 1258 390 0 1258 390 0 694 715 0 1259 393 0 694 715 0 668 717 0 1259 393 0 1259 393 0 668 717 0 330 398 0 330 398 0 668 717 0 325 402 0 668 717 0 647 718 0 325 402 0 325 402 0 647 718 0 321 412 0 647 718 0 632 719 0 321 412 0 321 412 0 632 719 0 306 414 0 306 414 0 632 719 0 1264 420 0 632 719 0 627 720 0 1264 420 0 1264 420 0 627 720 0 1265 422 0 627 720 0 619 721 0 1265 422 0 1265 422 0 619 721 0 1266 428 0 619 721 0 612 722 0 1266 428 0 1266 428 0 612 722 0 1267 439 0 1267 439 0 612 722 0 1268 443 0 1269 388 0 1268 443 0 612 722 0 1043 6 0 583 723 0 1039 716 0 1039 716 0 583 723 0 694 715 0 583 723 0 580 724 0 694 715 0 694 715 0 580 724 0 668 717 0 580 724 0 574 725 0 668 717 0 668 717 0 574 725 0 647 718 0 574 725 0 572 726 0 647 718 0 647 718 0 572 726 0 632 719 0 572 726 0 567 727 0 632 719 0 632 719 0 567 727 0 627 720 0 567 727 0 561 728 0 627 720 0 627 720 0 561 728 0 619 721 0 561 728 0 551 729 0 619 721 0 619 721 0 551 729 0 612 722 0 300 730 0 612 722 0 551 729 0 1269 388 0 612 722 0 300 730 0 1043 6 0 1044 6 0 583 723 0 583 723 0 1044 6 0 335 6 0 340 6 0 583 723 0 335 6 0 583 723 0 340 6 0 580 724 0 580 724 0 340 6 0 369 6 0 369 6 0 374 6 0 580 724 0 580 724 0 374 6 0 574 725 0 574 725 0 374 6 0 1047 6 0 1049 6 0 574 725 0 1047 6 0 574 725 0 1049 6 0 572 726 0 572 726 0 1049 6 0 1050 6 0 1050 6 0 1052 6 0 572 726 0 572 726 0 1052 6 0 567 727 0 567 727 0 1052 6 0 1053 6 0 1055 6 0 567 727 0 1053 6 0 567 727 0 1055 6 0 561 728 0 561 728 0 1055 6 0 395 6 0 395 6 0 408 6 0 561 728 0 561 728 0 408 6 0 551 729 0 551 729 0 408 6 0 456 6 0 539 6 0 551 729 0 456 6 0 300 730 0 551 729 0 1728 731 0 551 729 0 539 6 0 1728 731 0 539 6 0 1726 6 0 1728 731 0 826 4 0 713 732 0 1399 4 0 1399 4 0 713 732 0 1400 733 0 1276 734 0 1400 733 0 713 732 0 1400 733 0 1276 734 0 1401 735 0 728 736 0 1401 735 0 1276 734 0 1401 735 0 728 736 0 712 737 0 712 737 0 728 736 0 1403 2 0 1403 2 0 728 736 0 739 738 0 1403 2 0 739 738 0 823 2 0 1398 4 0 930 4 0 1281 4 0 1281 4 0 1280 4 0 1398 4 0 1398 4 0 1280 4 0 1279 4 0 1398 4 0 1279 4 0 826 4 0 1398 4 0 826 4 0 1399 4 0 870 447 0 900 739 0 840 447 0 840 447 0 900 739 0 828 740 0 828 740 0 900 739 0 1285 741 0 828 740 0 1285 741 0 1408 742 0 905 743 0 1408 742 0 1285 741 0 1409 744 0 1408 742 0 905 743 0 910 745 0 1409 744 0 905 743 0 1409 744 0 910 745 0 1410 746 0 1410 746 0 910 745 0 930 4 0 1410 746 0 930 4 0 1398 4 0 1224 447 0 965 747 0 1235 447 0 1235 447 0 965 747 0 1319 748 0 1320 749 0 1319 748 0 965 747 0 988 750 0 1320 749 0 965 747 0 1320 749 0 988 750 0 1321 751 0 993 752 0 1321 751 0 988 750 0 1321 751 0 993 752 0 1322 753 0 1322 753 0 993 752 0 1024 754 0 1322 753 0 1024 754 0 1323 755 0 1024 754 0 1125 756 0 1323 755 0 1323 755 0 1125 756 0 1324 757 0 1025 758 0 1324 757 0 1125 756 0 1324 757 0 1025 758 0 1325 2 0 1325 2 0 1025 758 0 1026 2 0 1026 2 0 1027 759 0 1325 2 0 1325 2 0 1027 759 0 1309 760 0 1327 761 0 1309 760 0 1027 759 0 1029 762 0 1327 761 0 1027 759 0 1327 761 0 1029 762 0 1284 763 0 1031 764 0 1284 763 0 1029 762 0 1284 763 0 1031 764 0 1248 765 0 1248 765 0 1031 764 0 1032 766 0 1248 765 0 1032 766 0 1330 767 0 1032 766 0 1033 768 0 1330 767 0 1330 767 0 1033 768 0 1331 769 0 1158 770 0 1331 769 0 1033 768 0 1331 769 0 1158 770 0 1235 447 0 1235 447 0 1158 770 0 1224 447 0 1411 447 0 1339 447 0 1397 447 0 1397 447 0 1339 447 0 1387 447 0 1357 6 0 1356 6 0 1339 6 0 1357 6 0 1339 6 0 1411 6 0 1397 4 0 1387 4 0 1347 4 0 1397 4 0 1347 4 0 1405 4 0 1357 7 0 1411 7 0 1405 7 0 1405 7 0 1411 7 0 1397 7 0 1436 6 0 1366 6 0 1789 6 0 1789 6 0 1366 6 0 1426 6 0 1449 7 0 1367 7 0 1009 7 0 1449 7 0 1009 7 0 1523 7 0 1449 7 0 1523 7 0 1538 7 0 1449 7 0 1538 7 0 1010 7 0 1449 7 0 1010 7 0 1542 7 0 1011 7 0 1436 7 0 1449 7 0 1449 7 0 1542 7 0 1011 7 0 1436 7 0 1011 7 0 1560 7 0 1009 7 0 1367 7 0 1505 7 0 1505 7 0 1367 7 0 1486 7 0 1486 7 0 1367 7 0 1007 7 0 1007 7 0 1367 7 0 1005 7 0 1005 7 0 1367 7 0 1004 7 0 1004 7 0 1367 7 0 1475 7 0 1475 7 0 1367 7 0 1002 7 0 1002 7 0 1367 7 0 1000 7 0 1000 7 0 1367 7 0 987 7 0 1366 7 0 1436 7 0 1986 7 0 1986 7 0 1436 7 0 984 7 0 984 7 0 1436 7 0 982 7 0 982 7 0 1436 7 0 1663 7 0 1663 7 0 1436 7 0 1628 7 0 1628 7 0 1436 7 0 1600 7 0 1600 7 0 1436 7 0 980 7 0 980 7 0 1436 7 0 1560 7 0 1366 7 0 1986 7 0 985 7 0 1366 7 0 985 7 0 1994 7 0 1366 7 0 1994 7 0 1993 7 0 1366 7 0 1993 7 0 986 7 0 1366 7 0 986 7 0 1992 7 0 1366 7 0 1992 7 0 1988 7 0 1366 7 0 1988 7 0 1987 7 0 1366 7 0 1987 7 0 987 7 0 1366 7 0 987 7 0 1367 7 0 957 7 0 1981 7 0 1758 7 0 1758 7 0 1981 7 0 1977 7 0 938 7 0 1381 7 0 1758 7 0 1758 7 0 1977 7 0 938 7 0 1758 7 0 1759 7 0 957 7 0 957 7 0 1759 7 0 971 7 0 971 7 0 1759 7 0 1985 7 0 971 7 0 1985 7 0 1984 7 0 971 7 0 1984 7 0 1983 7 0 1983 7 0 1984 7 0 968 7 0 865 7 0 867 7 0 1859 7 0 1859 7 0 867 7 0 1811 7 0 1811 7 0 867 7 0 842 7 0 842 7 0 867 7 0 1877 7 0 842 7 0 1877 7 0 1812 7 0 1812 7 0 1877 7 0 869 7 0 1812 7 0 869 7 0 1815 7 0 1815 7 0 869 7 0 871 7 0 1815 7 0 871 7 0 1816 7 0 1816 7 0 871 7 0 872 7 0 1816 7 0 872 7 0 1876 7 0 1816 7 0 1876 7 0 1824 7 0 1824 7 0 1876 7 0 841 7 0 841 7 0 1876 7 0 1868 7 0 841 7 0 1868 7 0 838 7 0 838 7 0 1868 7 0 873 7 0 838 7 0 873 7 0 874 7 0 838 7 0 874 7 0 837 7 0 837 7 0 874 7 0 836 7 0 836 7 0 874 7 0 1867 7 0 836 7 0 1867 7 0 835 7 0 835 7 0 1867 7 0 834 7 0 834 7 0 1867 7 0 1866 7 0 834 7 0 1866 7 0 876 7 0 834 7 0 876 7 0 1847 7 0 1847 7 0 876 7 0 1865 7 0 1847 7 0 1865 7 0 863 7 0 1970 7 0 1969 7 0 1881 7 0 1881 7 0 1969 7 0 903 7 0 903 7 0 1969 7 0 902 7 0 902 7 0 1969 7 0 1967 7 0 902 7 0 1967 7 0 901 7 0 901 7 0 1967 7 0 1912 7 0 1912 7 0 1967 7 0 942 7 0 1912 7 0 942 7 0 943 7 0 1912 7 0 943 7 0 1917 7 0 1917 7 0 943 7 0 1966 7 0 1917 7 0 1966 7 0 898 7 0 898 7 0 1966 7 0 944 7 0 898 7 0 944 7 0 897 7 0 897 7 0 944 7 0 1962 7 0 897 7 0 1962 7 0 1921 7 0 1921 7 0 1962 7 0 1922 7 0 1922 7 0 1962 7 0 1961 7 0 1922 7 0 1961 7 0 1923 7 0 1923 7 0 1961 7 0 1943 7 0 1923 7 0 1943 7 0 1924 7 0 1924 7 0 1943 7 0 1942 7 0 1924 7 0 1942 7 0 1927 7 0 1927 7 0 1942 7 0 895 7 0 895 7 0 1942 7 0 945 7 0 895 7 0 945 7 0 894 7 0 894 7 0 945 7 0 947 7 0 894 7 0 947 7 0 1928 7 0 1930 7 0 920 7 0 1931 7 0 1931 7 0 920 7 0 1932 7 0 1932 7 0 920 7 0 921 7 0 1932 7 0 921 7 0 1933 7 0 1933 7 0 921 7 0 1805 7 0 1933 7 0 1805 7 0 1806 7 0 1933 7 0 1806 7 0 1934 7 0 1934 7 0 1806 7 0 966 7 0 966 7 0 1806 7 0 948 7 0 1856 7 0 1370 7 0 1381 7 0 858 7 0 1381 7 0 857 7 0 857 7 0 1381 7 0 856 7 0 856 7 0 1381 7 0 1857 7 0 1857 7 0 1381 7 0 854 7 0 854 7 0 1381 7 0 1859 7 0 1859 7 0 1381 7 0 938 7 0 1859 7 0 938 7 0 1976 7 0 1859 7 0 1976 7 0 1970 7 0 1859 7 0 1970 7 0 1881 7 0 1859 7 0 1881 7 0 865 7 0 1381 7 0 858 7 0 1856 7 0 1370 7 0 1856 7 0 859 7 0 1370 7 0 859 7 0 1855 7 0 1370 7 0 1855 7 0 1850 7 0 1370 7 0 1850 7 0 861 7 0 1370 7 0 861 7 0 862 7 0 1370 7 0 862 7 0 1849 7 0 1370 7 0 1849 7 0 1848 7 0 1370 7 0 1848 7 0 863 7 0 1370 7 0 863 7 0 1865 7 0 1370 7 0 1865 7 0 1928 7 0 1370 7 0 1928 7 0 947 7 0 1370 7 0 947 7 0 1939 7 0 1370 7 0 1939 7 0 948 7 0 1370 7 0 948 7 0 1806 7 0 1806 4 0 1805 4 0 1372 4 0 1372 4 0 1805 4 0 1807 4 0 954 7 0 972 7 0 973 7 0 954 7 0 973 7 0 976 7 0 950 7 0 1798 7 0 1799 7 0 1799 7 0 1798 7 0 919 7 0 919 7 0 1798 7 0 916 7 0 1789 7 0 1426 7 0 818 7 0 1789 7 0 818 7 0 821 7 0 1789 7 0 821 7 0 1776 7 0 807 7 0 1790 7 0 1789 7 0 1789 7 0 1776 7 0 807 7 0 818 7 0 1426 7 0 1781 7 0 1781 7 0 1426 7 0 1782 7 0 1782 7 0 1426 7 0 1783 7 0 1783 7 0 1426 7 0 825 7 0 825 7 0 1426 7 0 1786 7 0 1786 7 0 1426 7 0 1787 7 0 1787 7 0 1426 7 0 783 7 0 783 7 0 1426 7 0 779 7 0 802 7 0 1792 7 0 1790 7 0 801 7 0 1790 7 0 809 7 0 809 7 0 1790 7 0 807 7 0 1790 7 0 801 7 0 802 7 0 1792 7 0 802 7 0 1775 7 0 1792 7 0 1775 7 0 1774 7 0 1792 7 0 1774 7 0 796 7 0 1792 7 0 796 7 0 790 7 0 1792 7 0 790 7 0 1793 7 0 1793 7 0 790 7 0 977 7 0 977 7 0 790 7 0 976 7 0 976 7 0 790 7 0 954 7 0 954 7 0 790 7 0 953 7 0 953 7 0 790 7 0 952 7 0 952 7 0 790 7 0 1794 7 0 1794 7 0 790 7 0 1795 7 0 1795 7 0 790 7 0 1798 7 0 1798 7 0 790 7 0 916 7 0 916 7 0 790 7 0 1801 7 0 1801 7 0 790 7 0 1807 7 0 1807 7 0 790 7 0 1372 7 0 1372 7 0 790 7 0 792 7 0 1372 7 0 792 7 0 1769 7 0 1372 7 0 1769 7 0 1768 7 0 1372 7 0 1768 7 0 779 7 0 1372 7 0 779 7 0 1426 7 0 1759 4 0 1758 4 0 1792 4 0 1792 4 0 1758 4 0 1790 4 0 1755 447 0 1754 747 0 1736 447 0 1736 447 0 1754 747 0 1413 748 0 1414 749 0 1413 748 0 1754 747 0 762 750 0 1414 749 0 1754 747 0 1414 749 0 762 750 0 1747 771 0 764 752 0 1747 771 0 762 750 0 1747 771 0 764 752 0 1750 753 0 1750 753 0 764 752 0 765 754 0 1750 753 0 765 754 0 1751 772 0 765 754 0 1753 756 0 1751 772 0 1751 772 0 1753 756 0 1752 773 0 766 758 0 1752 773 0 1753 756 0 1752 773 0 766 758 0 1745 2 0 1745 2 0 766 758 0 767 2 0 767 2 0 769 759 0 1745 2 0 1745 2 0 769 759 0 1732 760 0 1734 761 0 1732 760 0 769 759 0 1743 762 0 1734 761 0 769 759 0 1734 761 0 1743 762 0 1422 774 0 770 764 0 1422 774 0 1743 762 0 1422 774 0 770 764 0 1423 765 0 1423 765 0 770 764 0 1742 766 0 1423 765 0 1742 766 0 1424 775 0 1742 766 0 1741 768 0 1424 775 0 1424 775 0 1741 768 0 1425 776 0 1740 770 0 1425 776 0 1741 768 0 1425 776 0 1740 770 0 1736 447 0 1736 447 0 1740 770 0 1755 447 0 1585 6 0 1717 778 0 1721 777 0 1729 779 0 1721 777 0 1717 778 0 1721 777 0 1729 779 0 1722 780 0 1720 781 0 1722 780 0 1729 779 0 1437 449 0 1722 780 0 1438 448 0 1722 780 0 1720 781 0 1438 448 0 1720 781 0 1707 236 0 1438 448 0 1585 6 0 1721 777 0 1725 6 0 1725 6 0 1721 777 0 1726 6 0 1726 6 0 1721 777 0 1728 731 0 1728 731 0 1721 777 0 300 730 0 1721 777 0 1722 780 0 300 730 0 300 730 0 1722 780 0 1269 388 0 1722 780 0 1437 449 0 1269 388 0 1710 782 0 1194 384 0 1707 236 0 8 544 0 39 675 0 7 783 0 1720 781 0 1710 782 0 1707 236 0 1710 782 0 1720 781 0 1615 784 0 1720 781 0 1729 779 0 1615 784 0 1729 779 0 1717 778 0 1615 784 0 1470 786 0 1469 785 0 1706 785 0 742 787 0 1470 786 0 1706 785 0 1470 786 0 742 787 0 1698 788 0 1698 788 0 742 787 0 1705 789 0 1685 790 0 1698 788 0 1705 789 0 1685 790 0 1701 790 0 1698 788 0 38 791 0 7 783 0 39 675 0 1686 793 0 1701 792 0 1685 792 0 1696 794 0 1686 793 0 1685 792 0 1689 795 0 1686 793 0 1696 794 0 743 796 0 1689 795 0 1696 794 0 1689 795 0 743 796 0 1691 797 0 1691 797 0 743 796 0 744 798 0 1694 799 0 1691 797 0 744 798 0 1694 799 0 1476 800 0 1691 797 0 747 801 0 1476 800 0 1694 799 0 1476 800 0 747 801 0 1674 802 0 1674 802 0 747 801 0 1683 802 0 5 803 0 7 783 0 38 791 0 1683 804 0 748 805 0 1674 804 0 1674 804 0 748 805 0 1676 806 0 1682 807 0 1676 806 0 748 805 0 1682 807 0 1479 808 0 1676 806 0 1677 809 0 1479 808 0 1682 807 0 750 810 0 1677 809 0 1682 807 0 1677 809 0 750 810 0 1681 811 0 1677 809 0 1681 811 0 1668 811 0 35 812 0 5 803 0 38 791 0 1681 813 0 1672 814 0 1668 813 0 1668 813 0 1672 814 0 1482 815 0 1482 815 0 1672 814 0 1670 816 0 1670 816 0 1672 814 0 755 817 0 1670 816 0 755 817 0 1484 818 0 756 819 0 1484 818 0 755 817 0 756 819 0 1485 820 0 1484 818 0 757 821 0 1485 820 0 756 819 0 1485 820 0 757 821 0 1469 822 0 1469 822 0 757 821 0 1706 822 0 1664 786 0 1506 785 0 740 785 0 1667 787 0 1664 786 0 740 785 0 1664 786 0 1667 787 0 1508 788 0 1508 788 0 1667 787 0 730 789 0 1656 790 0 1508 788 0 730 789 0 1656 790 0 1657 790 0 1508 788 0 35 812 0 3 823 0 5 803 0 1659 793 0 1657 792 0 1656 792 0 1662 794 0 1659 793 0 1656 792 0 1660 795 0 1659 793 0 1662 794 0 731 796 0 1660 795 0 1662 794 0 1660 795 0 731 796 0 1512 797 0 1512 797 0 731 796 0 732 798 0 733 799 0 1512 797 0 732 798 0 733 799 0 1513 800 0 1512 797 0 735 801 0 1513 800 0 733 799 0 1513 800 0 735 801 0 1661 802 0 1661 802 0 735 801 0 1642 802 0 80 336 0 3 823 0 35 812 0 1642 804 0 737 805 0 1661 804 0 1661 804 0 737 805 0 1647 806 0 1655 807 0 1647 806 0 737 805 0 1655 807 0 1516 808 0 1647 806 0 1649 809 0 1516 808 0 1655 807 0 1653 810 0 1649 809 0 1655 807 0 1649 809 0 1653 810 0 1630 811 0 1649 809 0 1630 811 0 1650 811 0 0 336 0 3 823 0 80 336 0 1630 813 0 1641 814 0 1650 813 0 1650 813 0 1641 814 0 1634 815 0 1634 815 0 1641 814 0 1635 816 0 1635 816 0 1641 814 0 738 817 0 1635 816 0 738 817 0 1521 818 0 1639 819 0 1521 818 0 738 817 0 1639 819 0 1522 820 0 1521 818 0 1638 821 0 1522 820 0 1639 819 0 1522 820 0 1638 821 0 1506 822 0 1506 822 0 1638 821 0 740 822 0 1544 786 0 1543 785 0 1595 785 0 720 787 0 1544 786 0 1595 785 0 1544 786 0 720 787 0 1545 788 0 1545 788 0 720 787 0 721 789 0 1618 790 0 1545 788 0 721 789 0 1618 790 0 1629 790 0 1545 788 0 51 824 0 0 336 0 80 336 0 1611 793 0 1629 792 0 1618 792 0 1616 794 0 1611 793 0 1618 792 0 1548 795 0 1611 793 0 1616 794 0 723 796 0 1548 795 0 1616 794 0 1548 795 0 723 796 0 1549 797 0 1549 797 0 723 796 0 1614 798 0 1613 799 0 1549 797 0 1614 798 0 1613 799 0 1550 800 0 1549 797 0 1612 801 0 1550 800 0 1613 799 0 1550 800 0 1612 801 0 1601 802 0 1601 802 0 1612 801 0 1597 802 0 51 824 0 32 825 0 0 336 0 1597 804 0 724 805 0 1601 804 0 1601 804 0 724 805 0 1552 806 0 1610 807 0 1552 806 0 724 805 0 1610 807 0 1603 808 0 1552 806 0 1554 809 0 1603 808 0 1610 807 0 1607 810 0 1554 809 0 1610 807 0 1554 809 0 1607 810 0 1586 811 0 1554 809 0 1586 811 0 1606 811 0 32 825 0 51 824 0 50 826 0 1586 813 0 725 814 0 1606 813 0 1606 813 0 725 814 0 1556 815 0 1556 815 0 725 814 0 1589 816 0 1589 816 0 725 814 0 1596 817 0 1589 816 0 1596 817 0 1590 818 0 726 819 0 1590 818 0 1596 817 0 726 819 0 1559 820 0 1590 818 0 727 821 0 1559 820 0 726 819 0 1559 820 0 727 821 0 1543 822 0 1543 822 0 727 821 0 1595 822 0 1547 827 0 1583 828 0 1546 827 0 1546 827 0 1583 828 0 1587 829 0 1588 830 0 1587 829 0 1583 828 0 716 831 0 1588 830 0 1583 828 0 1588 830 0 716 831 0 1582 832 0 718 833 0 1582 832 0 716 831 0 1582 832 0 718 833 0 1576 833 0 1591 835 0 1576 834 0 718 834 0 1580 836 0 1591 835 0 718 834 0 1591 835 0 1580 836 0 1578 837 0 1592 838 0 1591 835 0 1578 837 0 1569 839 0 1592 838 0 1578 837 0 1592 838 0 1569 839 0 1593 839 0 1569 840 0 1567 841 0 1593 840 0 1593 840 0 1567 841 0 1594 842 0 1566 843 0 1594 842 0 1567 841 0 1566 843 0 1555 844 0 1594 842 0 1565 845 0 1555 844 0 1566 843 0 1565 845 0 1557 846 0 1555 844 0 1558 847 0 1557 846 0 1565 845 0 1557 846 0 1558 847 0 1541 230 0 1541 230 0 1558 847 0 714 230 0 714 848 0 715 849 0 1541 848 0 1541 848 0 715 849 0 1598 850 0 1551 851 0 1598 850 0 715 849 0 1599 852 0 1598 850 0 1551 851 0 1547 853 0 1599 852 0 1551 851 0 1599 852 0 1547 853 0 1546 853 0 1536 854 0 1535 855 0 1531 854 0 1531 854 0 1535 855 0 1602 856 0 1532 857 0 1602 856 0 1535 855 0 1534 858 0 1532 857 0 1535 855 0 701 859 0 1532 857 0 1534 858 0 1532 857 0 701 859 0 1604 860 0 1604 860 0 701 859 0 703 860 0 1605 862 0 1604 861 0 703 861 0 696 863 0 1605 862 0 703 861 0 1528 864 0 1605 862 0 696 863 0 697 865 0 1528 864 0 696 863 0 1528 864 0 697 865 0 698 866 0 1528 864 0 698 866 0 1529 866 0 32 825 0 50 826 0 52 867 0 698 868 0 699 869 0 1529 868 0 1529 868 0 699 869 0 1608 870 0 1525 871 0 1608 870 0 699 869 0 1525 871 0 1609 872 0 1608 870 0 1520 873 0 1609 872 0 1525 871 0 1520 873 0 1517 874 0 1609 872 0 1519 875 0 1517 874 0 1520 873 0 1519 875 0 1518 876 0 1517 874 0 1518 876 0 1519 875 0 1515 877 0 1518 876 0 1515 877 0 1509 877 0 50 826 0 54 878 0 52 867 0 1510 880 0 1509 879 0 1515 879 0 700 881 0 1510 880 0 1515 879 0 1510 880 0 700 881 0 1514 882 0 1510 880 0 1514 882 0 1511 883 0 1536 884 0 1511 883 0 1514 882 0 1511 883 0 1536 884 0 1531 884 0 1496 6 0 1504 885 0 1159 6 0 1159 6 0 1504 885 0 1507 560 0 1878 561 0 1507 560 0 1504 885 0 1502 886 0 1878 561 0 1504 885 0 1878 561 0 1502 886 0 1501 887 0 1878 561 0 1501 887 0 1879 888 0 1880 889 0 1879 888 0 1501 887 0 1498 890 0 1880 889 0 1501 887 0 1880 889 0 1498 890 0 1772 495 0 1771 220 0 1770 499 0 1880 889 0 1880 889 0 1772 495 0 1771 220 0 1444 891 0 1504 885 0 1496 6 0 1495 892 0 1444 891 0 1496 6 0 1444 891 0 1495 892 0 1445 893 0 1445 893 0 1495 892 0 1160 894 0 1161 895 0 1445 893 0 1160 894 0 1445 893 0 1161 895 0 1446 896 0 1164 897 0 1446 896 0 1161 895 0 1446 896 0 1164 897 0 1448 898 0 1166 899 0 1448 898 0 1164 897 0 1448 898 0 1166 899 0 1450 900 0 1491 901 0 1450 900 0 1166 899 0 1450 900 0 1491 901 0 1451 902 0 1490 903 0 1451 902 0 1491 901 0 1451 902 0 1490 903 0 1453 904 0 1440 220 0 1453 904 0 1490 903 0 1441 905 0 1453 904 0 1440 220 0 1504 885 0 1444 891 0 1502 886 0 1502 886 0 1444 891 0 1454 906 0 1444 891 0 1445 893 0 1454 906 0 1454 906 0 1445 893 0 1457 907 0 1445 893 0 1446 896 0 1457 907 0 1457 907 0 1446 896 0 1458 908 0 1446 896 0 1448 898 0 1458 908 0 1458 908 0 1448 898 0 1459 909 0 1448 898 0 1450 900 0 1459 909 0 1459 909 0 1450 900 0 1461 910 0 1450 900 0 1451 902 0 1461 910 0 1461 910 0 1451 902 0 1462 911 0 1451 902 0 1453 904 0 1462 911 0 1462 911 0 1453 904 0 1463 912 0 1441 905 0 1463 912 0 1453 904 0 1442 913 0 1463 912 0 1441 905 0 1502 886 0 1454 906 0 1501 914 0 1501 914 0 1454 906 0 1464 915 0 1454 906 0 1457 907 0 1464 915 0 1464 915 0 1457 907 0 1465 916 0 1457 907 0 1458 908 0 1465 916 0 1465 916 0 1458 908 0 1466 917 0 1458 908 0 1459 909 0 1466 917 0 1466 917 0 1459 909 0 1471 918 0 1459 909 0 1461 910 0 1471 918 0 1471 918 0 1461 910 0 1472 919 0 1461 910 0 1462 911 0 1472 919 0 1472 919 0 1462 911 0 1473 920 0 1462 911 0 1463 912 0 1473 920 0 1473 920 0 1463 912 0 1474 921 0 1442 913 0 1474 921 0 1463 912 0 1443 466 0 1474 921 0 1442 913 0 1501 914 0 1464 915 0 1498 922 0 1498 922 0 1464 915 0 1772 495 0 1772 495 0 1464 915 0 1773 923 0 1773 923 0 1464 915 0 1477 924 0 1464 915 0 1465 916 0 1477 924 0 1477 924 0 1465 916 0 1478 925 0 1478 925 0 1465 916 0 1480 926 0 1465 916 0 1466 917 0 1480 926 0 1480 926 0 1466 917 0 1777 927 0 1466 917 0 1471 918 0 1777 927 0 1777 927 0 1471 918 0 1778 928 0 1471 918 0 1472 919 0 1778 928 0 1778 928 0 1472 919 0 1779 929 0 1779 929 0 1472 919 0 1780 930 0 1472 919 0 1473 920 0 1780 930 0 1780 930 0 1473 920 0 1481 931 0 1473 920 0 1474 921 0 1481 931 0 1481 931 0 1474 921 0 1483 932 0 1443 466 0 1483 932 0 1474 921 0 1443 466 0 1442 913 0 1784 466 0 1784 466 0 1442 913 0 1417 913 0 1441 905 0 1417 913 0 1442 913 0 1441 905 0 1416 933 0 1417 913 0 1416 933 0 1441 905 0 1336 220 0 1336 220 0 1441 905 0 1440 220 0 1311 935 0 1358 934 0 1336 220 0 1358 934 0 1311 935 0 1360 936 0 1415 937 0 1360 936 0 1311 935 0 1360 936 0 1415 937 0 1362 938 0 1412 939 0 1362 938 0 1415 937 0 1362 938 0 1412 939 0 1365 940 0 1314 941 0 1365 940 0 1412 939 0 1365 940 0 1314 941 0 1368 942 0 1316 943 0 1368 942 0 1314 941 0 1368 942 0 1316 943 0 1369 944 0 1407 945 0 1369 944 0 1316 943 0 1369 944 0 1407 945 0 1371 946 0 1406 947 0 1371 946 0 1407 945 0 1371 946 0 1406 947 0 1374 948 0 1432 4 0 1374 948 0 1406 947 0 1341 950 0 1374 948 0 1340 949 0 1374 948 0 1432 4 0 1340 949 0 1336 220 0 1358 934 0 1416 933 0 1416 933 0 1358 934 0 1375 951 0 1358 934 0 1360 936 0 1375 951 0 1375 951 0 1360 936 0 1376 952 0 1360 936 0 1362 938 0 1376 952 0 1376 952 0 1362 938 0 1377 953 0 1362 938 0 1365 940 0 1377 953 0 1377 953 0 1365 940 0 1379 954 0 1365 940 0 1368 942 0 1379 954 0 1379 954 0 1368 942 0 1380 955 0 1368 942 0 1369 944 0 1380 955 0 1380 955 0 1369 944 0 1382 956 0 1369 944 0 1371 946 0 1382 956 0 1382 956 0 1371 946 0 1383 957 0 1371 946 0 1374 948 0 1383 957 0 1383 957 0 1374 948 0 1384 958 0 1341 950 0 1384 958 0 1374 948 0 1430 959 0 1384 958 0 1341 950 0 1416 933 0 1375 951 0 1417 913 0 1417 913 0 1375 951 0 1385 960 0 1375 951 0 1376 952 0 1385 960 0 1385 960 0 1376 952 0 1386 961 0 1376 952 0 1377 953 0 1386 961 0 1386 961 0 1377 953 0 1389 962 0 1377 953 0 1379 954 0 1389 962 0 1389 962 0 1379 954 0 1390 963 0 1379 954 0 1380 955 0 1390 963 0 1390 963 0 1380 955 0 1391 964 0 1380 955 0 1382 956 0 1391 964 0 1391 964 0 1382 956 0 1394 965 0 1382 956 0 1383 957 0 1394 965 0 1394 965 0 1383 957 0 1395 966 0 1383 957 0 1384 958 0 1395 966 0 1395 966 0 1384 958 0 1402 967 0 1430 959 0 1402 967 0 1384 958 0 1345 968 0 1402 967 0 1430 959 0 1417 913 0 1385 960 0 1784 466 0 1784 466 0 1385 960 0 1785 969 0 1785 969 0 1385 960 0 1418 475 0 1385 960 0 1386 961 0 1418 475 0 1418 475 0 1386 961 0 1419 476 0 1386 961 0 1389 962 0 1419 476 0 1419 476 0 1389 962 0 1420 970 0 1389 962 0 1390 963 0 1420 970 0 1420 970 0 1390 963 0 1421 927 0 1390 963 0 1391 964 0 1421 927 0 1421 927 0 1391 964 0 1427 485 0 1391 964 0 1394 965 0 1427 485 0 1427 485 0 1394 965 0 1791 971 0 1394 965 0 1395 966 0 1791 971 0 1791 971 0 1395 966 0 1428 972 0 1395 966 0 1402 967 0 1428 972 0 1428 972 0 1402 967 0 1429 973 0 1345 968 0 1429 973 0 1402 967 0 1345 968 0 1348 495 0 1429 973 0 1353 4 0 1803 974 0 1432 4 0 1432 4 0 1803 974 0 1340 949 0 1341 950 0 1340 949 0 1803 974 0 1802 975 0 1341 950 0 1803 974 0 1341 950 0 1802 975 0 1430 976 0 1430 976 0 1802 975 0 1352 977 0 1345 978 0 1430 976 0 1352 977 0 1800 534 0 1345 978 0 1352 977 0 1345 978 0 1800 534 0 1348 495 0 1349 220 0 1348 495 0 1800 534 0 1800 534 0 1796 499 0 1349 220 0 1335 220 0 1334 979 0 1336 220 0 1336 220 0 1334 979 0 1311 980 0 1810 981 0 1311 980 0 1334 979 0 1810 981 0 1415 982 0 1311 980 0 1415 982 0 1810 981 0 1809 983 0 1415 982 0 1809 983 0 1412 984 0 1412 984 0 1809 983 0 1329 985 0 1412 984 0 1329 985 0 1314 986 0 1328 987 0 1314 986 0 1329 985 0 1328 987 0 1316 988 0 1314 986 0 1316 988 0 1328 987 0 1326 989 0 1316 988 0 1326 989 0 1407 990 0 1407 990 0 1326 989 0 1318 991 0 1407 990 0 1318 991 0 1406 992 0 1406 992 0 1318 991 0 1353 4 0 1406 992 0 1353 4 0 1432 4 0 495 220 0 1220 220 0 1183 220 0 495 220 0 1183 220 0 1182 220 0 495 220 0 1182 220 0 1177 220 0 495 220 0 1177 220 0 1221 220 0 1221 220 0 1177 220 0 1176 220 0 1221 220 0 1176 220 0 1222 220 0 1222 220 0 1176 220 0 382 220 0 1222 220 0 382 220 0 1230 220 0 1230 220 0 382 220 0 383 220 0 1230 220 0 383 220 0 494 220 0 494 220 0 383 220 0 384 220 0 494 220 0 384 220 0 385 220 0 494 220 0 385 220 0 493 220 0 493 220 0 385 220 0 388 220 0 493 220 0 388 220 0 392 220 0 493 220 0 392 220 0 492 220 0 492 220 0 392 220 0 396 220 0 492 220 0 396 220 0 490 220 0 490 220 0 396 220 0 1231 220 0 1231 220 0 396 220 0 1175 220 0 1231 220 0 1175 220 0 488 220 0 488 220 0 1175 220 0 484 220 0 484 220 0 1175 220 0 402 220 0 484 220 0 402 220 0 1232 220 0 1232 220 0 402 220 0 1171 220 0 1232 220 0 1171 220 0 1169 220 0 1232 220 0 1169 220 0 1233 220 0 1233 220 0 1169 220 0 1168 220 0 1233 220 0 1168 220 0 1234 220 0 1336 220 0 1234 220 0 1168 220 0 1271 220 0 1270 220 0 1219 220 0 1271 220 0 1219 220 0 1215 220 0 1271 220 0 1215 220 0 1214 220 0 1271 220 0 1214 220 0 1273 220 0 1273 220 0 1214 220 0 459 220 0 1273 220 0 459 220 0 630 220 0 630 220 0 459 220 0 461 220 0 630 220 0 461 220 0 1213 220 0 630 220 0 1213 220 0 1274 220 0 1274 220 0 1213 220 0 462 220 0 1274 220 0 462 220 0 628 220 0 628 220 0 462 220 0 463 220 0 628 220 0 463 220 0 465 220 0 628 220 0 465 220 0 626 220 0 626 220 0 465 220 0 466 220 0 626 220 0 466 220 0 623 220 0 623 220 0 466 220 0 468 220 0 623 220 0 468 220 0 621 220 0 621 220 0 468 220 0 1275 220 0 1275 220 0 468 220 0 1210 220 0 1275 220 0 1210 220 0 1277 220 0 1277 220 0 1210 220 0 620 220 0 620 220 0 1210 220 0 1209 220 0 620 220 0 1209 220 0 470 220 0 620 220 0 470 220 0 1278 220 0 1278 220 0 470 220 0 473 220 0 1278 220 0 473 220 0 1282 220 0 1282 220 0 473 220 0 1208 220 0 1282 220 0 1208 220 0 506 220 0 576 220 0 577 220 0 1298 220 0 576 220 0 1298 220 0 646 220 0 1298 220 0 577 220 0 1299 220 0 1299 220 0 577 220 0 684 220 0 684 220 0 577 220 0 571 220 0 684 220 0 571 220 0 683 220 0 683 220 0 571 220 0 1300 220 0 1300 220 0 571 220 0 681 220 0 681 220 0 571 220 0 678 220 0 678 220 0 571 220 0 566 220 0 678 220 0 566 220 0 676 220 0 676 220 0 566 220 0 1301 220 0 1301 220 0 566 220 0 1303 220 0 1303 220 0 566 220 0 1304 220 0 1304 220 0 566 220 0 674 220 0 674 220 0 566 220 0 1307 220 0 1307 220 0 566 220 0 673 220 0 673 220 0 566 220 0 672 220 0 672 220 0 566 220 0 555 220 0 672 220 0 555 220 0 671 220 0 671 220 0 555 220 0 1308 220 0 1308 220 0 555 220 0 556 220 0 1308 220 0 556 220 0 657 220 0 510 220 0 514 220 0 585 220 0 510 220 0 585 220 0 1262 220 0 510 220 0 1262 220 0 586 220 0 510 220 0 586 220 0 509 220 0 509 220 0 586 220 0 1261 220 0 509 220 0 1261 220 0 1260 220 0 509 220 0 1260 220 0 1256 220 0 509 220 0 1256 220 0 1255 220 0 509 220 0 1255 220 0 588 220 0 509 220 0 588 220 0 521 220 0 521 220 0 588 220 0 591 220 0 521 220 0 591 220 0 594 220 0 521 220 0 594 220 0 595 220 0 521 220 0 595 220 0 598 220 0 521 220 0 598 220 0 601 220 0 521 220 0 601 220 0 604 220 0 521 220 0 604 220 0 605 220 0 521 220 0 605 220 0 1241 220 0 1241 220 0 605 220 0 1254 220 0 1241 220 0 1254 220 0 1253 220 0 1241 220 0 1253 220 0 534 220 0 534 220 0 1253 220 0 1250 220 0 534 220 0 1250 220 0 644 220 0 1335 220 0 1336 220 0 1193 220 0 1335 220 0 1193 220 0 433 220 0 1335 220 0 433 220 0 437 220 0 1335 220 0 437 220 0 1192 220 0 1335 220 0 1192 220 0 1189 220 0 1335 220 0 1189 220 0 1184 220 0 1335 220 0 1184 220 0 1851 220 0 1851 220 0 1184 220 0 1237 220 0 1851 220 0 1237 220 0 582 220 0 1237 220 0 1184 220 0 1238 220 0 1238 220 0 1184 220 0 514 220 0 514 220 0 1184 220 0 1263 220 0 514 220 0 1263 220 0 585 220 0 1263 220 0 1184 220 0 631 220 0 631 220 0 1184 220 0 1183 220 0 631 220 0 1183 220 0 1270 220 0 1270 220 0 1183 220 0 1219 220 0 1219 220 0 1183 220 0 1220 220 0 1193 220 0 1336 220 0 1197 220 0 1197 220 0 1336 220 0 1199 220 0 1199 220 0 1336 220 0 1200 220 0 1200 220 0 1336 220 0 1204 220 0 1204 220 0 1336 220 0 432 220 0 432 220 0 1336 220 0 431 220 0 431 220 0 1336 220 0 1205 220 0 1205 220 0 1336 220 0 1206 220 0 1206 220 0 1336 220 0 430 220 0 430 220 0 1336 220 0 457 220 0 1168 220 0 457 220 0 1336 220 0 1234 220 0 1336 220 0 506 220 0 506 220 0 1336 220 0 1282 220 0 1282 220 0 1336 220 0 1283 220 0 1283 220 0 1336 220 0 644 220 0 644 220 0 1336 220 0 534 220 0 534 220 0 1336 220 0 533 220 0 533 220 0 1336 220 0 1244 220 0 1244 220 0 1336 220 0 532 220 0 532 220 0 1336 220 0 559 220 0 1440 220 0 1851 220 0 1290 220 0 1290 220 0 1851 220 0 1291 220 0 1291 220 0 1851 220 0 1292 220 0 1292 220 0 1851 220 0 1293 220 0 1293 220 0 1851 220 0 649 220 0 649 220 0 1851 220 0 648 220 0 648 220 0 1851 220 0 1296 220 0 575 220 0 1296 220 0 1851 220 0 1247 220 0 1851 220 0 582 220 0 1851 220 0 1247 220 0 575 220 0 1296 220 0 575 220 0 1246 220 0 1296 220 0 1246 220 0 646 220 0 646 220 0 1246 220 0 576 220 0 1440 220 0 1290 220 0 1289 220 0 1440 220 0 1289 220 0 1288 220 0 1440 220 0 1288 220 0 650 220 0 1440 220 0 650 220 0 651 220 0 1440 220 0 651 220 0 1287 220 0 1440 220 0 1287 220 0 1286 220 0 1440 220 0 1286 220 0 652 220 0 1440 220 0 652 220 0 653 220 0 1440 220 0 653 220 0 654 220 0 1440 220 0 654 220 0 656 220 0 1440 220 0 656 220 0 657 220 0 1440 220 0 657 220 0 556 220 0 1440 220 0 556 220 0 558 220 0 1440 220 0 558 220 0 1245 220 0 1440 220 0 1245 220 0 559 220 0 1440 220 0 559 220 0 1336 220 0 1159 6 0 1875 993 0 1496 6 0 1496 6 0 1875 993 0 1495 994 0 1495 994 0 1875 993 0 1874 995 0 1495 994 0 1874 995 0 1160 996 0 1160 996 0 1874 995 0 1873 997 0 1160 996 0 1873 997 0 1161 998 0 1164 999 0 1161 998 0 1873 997 0 1872 1000 0 1164 999 0 1873 997 0 1164 999 0 1872 1000 0 1166 1001 0 1166 1001 0 1872 1000 0 1871 1002 0 1166 1001 0 1871 1002 0 1870 1003 0 1166 1001 0 1870 1003 0 1491 1004 0 1490 1005 0 1491 1004 0 1870 1003 0 1869 1006 0 1490 1005 0 1870 1003 0 1490 1005 0 1869 1006 0 1851 220 0 1490 1005 0 1851 220 0 1440 220 0 1152 4 0 158 4 0 169 4 0 1152 4 0 169 4 0 1151 4 0 1152 4 0 1151 4 0 1153 4 0 1153 4 0 1151 4 0 182 4 0 1153 4 0 182 4 0 1155 4 0 1155 4 0 182 4 0 186 4 0 1155 4 0 186 4 0 74 4 0 74 4 0 186 4 0 1150 4 0 74 4 0 1150 4 0 60 4 0 60 4 0 1150 4 0 1148 4 0 60 4 0 1148 4 0 1156 4 0 1156 4 0 1148 4 0 1146 4 0 1156 4 0 1146 4 0 1157 4 0 1157 4 0 1146 4 0 217 4 0 1157 4 0 217 4 0 372 4 0 1157 4 0 372 4 0 1088 4 0 1088 4 0 372 4 0 1102 4 0 1088 4 0 1102 4 0 322 4 0 1088 4 0 322 4 0 1907 4 0 1907 4 0 322 4 0 1908 4 0 1908 4 0 322 4 0 1100 4 0 1908 4 0 1100 4 0 1098 4 0 1908 4 0 1098 4 0 324 4 0 1908 4 0 324 4 0 1909 4 0 1909 4 0 324 4 0 329 4 0 1909 4 0 329 4 0 331 4 0 1909 4 0 331 4 0 1910 4 0 1910 4 0 331 4 0 334 4 0 1910 4 0 334 4 0 1911 4 0 1911 4 0 334 4 0 337 4 0 1911 4 0 337 4 0 338 4 0 1911 4 0 338 4 0 1126 4 0 1126 4 0 338 4 0 339 4 0 1126 4 0 339 4 0 1913 4 0 1913 4 0 339 4 0 342 4 0 1913 4 0 342 4 0 344 4 0 1913 4 0 344 4 0 1914 4 0 1914 4 0 344 4 0 345 4 0 1914 4 0 345 4 0 347 4 0 1914 4 0 347 4 0 1915 4 0 1915 4 0 347 4 0 1097 4 0 1915 4 0 1097 4 0 1096 4 0 1915 4 0 1096 4 0 1916 4 0 1916 4 0 1096 4 0 1095 4 0 1916 4 0 1095 4 0 348 4 0 217 4 0 622 4 0 372 4 0 372 4 0 622 4 0 368 4 0 368 4 0 622 4 0 365 4 0 365 4 0 622 4 0 1980 4 0 365 4 0 1980 4 0 363 4 0 363 4 0 1980 4 0 1979 4 0 363 4 0 1979 4 0 362 4 0 362 4 0 1979 4 0 1978 4 0 362 4 0 1978 4 0 1103 4 0 1103 4 0 1978 4 0 1104 4 0 1104 4 0 1978 4 0 1105 4 0 1105 4 0 1978 4 0 1145 4 0 1105 4 0 1145 4 0 1107 4 0 1107 4 0 1145 4 0 1143 4 0 1107 4 0 1143 4 0 361 4 0 361 4 0 1143 4 0 1975 4 0 361 4 0 1975 4 0 1108 4 0 1108 4 0 1975 4 0 1109 4 0 1109 4 0 1975 4 0 1974 4 0 1109 4 0 1974 4 0 1110 4 0 1110 4 0 1974 4 0 1113 4 0 1113 4 0 1974 4 0 1973 4 0 1113 4 0 1973 4 0 1117 4 0 1117 4 0 1973 4 0 1972 4 0 1117 4 0 1972 4 0 1119 4 0 1119 4 0 1972 4 0 1120 4 0 1120 4 0 1972 4 0 359 4 0 359 4 0 1972 4 0 1971 4 0 359 4 0 1971 4 0 1123 4 0 1123 4 0 1971 4 0 348 4 0 348 4 0 1971 4 0 1916 4 0 1916 4 0 1971 4 0 1129 4 0 1129 4 0 1971 4 0 1142 4 0 1129 4 0 1142 4 0 1918 4 0 1918 4 0 1142 4 0 1141 4 0 1918 4 0 1141 4 0 1919 4 0 1919 4 0 1141 4 0 1968 4 0 1919 4 0 1968 4 0 1920 4 0 1920 4 0 1968 4 0 1140 4 0 1920 4 0 1140 4 0 1132 4 0 1132 4 0 1140 4 0 1139 4 0 1132 4 0 1139 4 0 1138 4 0 1138 4 0 1139 4 0 1965 4 0 1138 4 0 1965 4 0 1964 4 0 320 236 0 1090 1007 0 1941 236 0 1941 236 0 1090 1007 0 1091 1008 0 1093 1009 0 1091 1008 0 1090 1007 0 1089 1010 0 1093 1009 0 1090 1007 0 1093 1009 0 1089 1010 0 1907 4 0 1088 4 0 1907 4 0 1089 1010 0 49 1011 0 54 878 0 50 826 0 311 6 0 1043 6 0 1085 6 0 1050 6 0 1049 6 0 1052 6 0 1052 6 0 1049 6 0 1053 6 0 1053 6 0 1049 6 0 1047 6 0 1053 6 0 1047 6 0 1055 6 0 1055 6 0 1047 6 0 374 6 0 1055 6 0 374 6 0 395 6 0 395 6 0 374 6 0 369 6 0 395 6 0 369 6 0 408 6 0 408 6 0 369 6 0 340 6 0 408 6 0 340 6 0 456 6 0 456 6 0 340 6 0 335 6 0 456 6 0 335 6 0 539 6 0 539 6 0 335 6 0 1044 6 0 539 6 0 1044 6 0 1726 6 0 1726 6 0 1044 6 0 304 6 0 304 6 0 1044 6 0 1043 6 0 304 6 0 1043 6 0 311 6 0 1085 6 0 1084 6 0 311 6 0 311 6 0 1084 6 0 1083 6 0 311 6 0 1083 6 0 833 6 0 311 6 0 833 6 0 1080 6 0 311 6 0 1080 6 0 843 6 0 311 6 0 843 6 0 850 6 0 311 6 0 850 6 0 855 6 0 311 6 0 855 6 0 860 6 0 311 6 0 860 6 0 864 6 0 311 6 0 864 6 0 1041 6 0 1725 6 0 1726 6 0 299 6 0 299 6 0 1726 6 0 304 6 0 1725 6 0 299 6 0 1041 6 0 1725 6 0 1041 6 0 1585 6 0 1585 6 0 1041 6 0 1581 6 0 1581 6 0 1041 6 0 1575 6 0 1575 6 0 1041 6 0 1057 6 0 1057 6 0 1041 6 0 1058 6 0 1058 6 0 1041 6 0 1063 6 0 1063 6 0 1041 6 0 1064 6 0 1064 6 0 1041 6 0 1066 6 0 1066 6 0 1041 6 0 1216 6 0 1216 6 0 1041 6 0 1211 6 0 1211 6 0 1041 6 0 1207 6 0 1207 6 0 1041 6 0 864 6 0 1207 6 0 864 6 0 1079 6 0 1207 6 0 1079 6 0 1167 6 0 1167 6 0 1079 6 0 875 6 0 1167 6 0 875 6 0 1070 6 0 1070 6 0 875 6 0 880 6 0 1070 6 0 880 6 0 1134 6 0 1134 6 0 880 6 0 890 6 0 1134 6 0 890 6 0 1071 6 0 1071 6 0 890 6 0 893 6 0 1071 6 0 893 6 0 1073 6 0 1073 6 0 893 6 0 1075 6 0 1073 6 0 1075 6 0 1074 6 0 230 236 0 1035 1012 0 1257 236 0 1257 236 0 1035 1012 0 1037 1013 0 1034 1014 0 1037 1013 0 1035 1012 0 1037 1013 0 1034 1014 0 1039 1015 0 1085 6 0 1039 1015 0 1034 1014 0 1039 1015 0 1085 6 0 1043 6 0 54 878 0 49 1011 0 56 1016 0 1027 7 0 1026 7 0 1025 7 0 1027 7 0 1025 7 0 1125 7 0 1027 7 0 1125 7 0 1029 7 0 1029 7 0 1125 7 0 1024 7 0 1029 7 0 1024 7 0 1031 7 0 1031 7 0 1024 7 0 993 7 0 1031 7 0 993 7 0 1032 7 0 1032 7 0 993 7 0 988 7 0 1032 7 0 988 7 0 1033 7 0 1033 7 0 988 7 0 965 7 0 1033 7 0 965 7 0 1158 7 0 1158 7 0 965 7 0 1224 7 0 1022 447 0 658 1017 0 987 447 0 987 447 0 658 1017 0 1000 1018 0 1000 1018 0 658 1017 0 1020 1019 0 1000 1018 0 1020 1019 0 1002 1020 0 1002 1020 0 1020 1019 0 1475 1021 0 1020 1019 0 659 1022 0 1475 1021 0 1475 1021 0 659 1022 0 1004 749 0 1019 750 0 1004 749 0 659 1022 0 1019 750 0 1005 1023 0 1004 749 0 1007 1024 0 1005 1023 0 1019 750 0 1017 1025 0 1007 1024 0 1019 750 0 1007 1024 0 1017 1025 0 1486 1026 0 1486 1026 0 1017 1025 0 660 752 0 1505 1027 0 1486 1026 0 660 752 0 661 1028 0 1505 1027 0 660 752 0 1505 1027 0 661 1028 0 1009 1029 0 1009 1029 0 661 1028 0 1016 754 0 1523 1030 0 1009 1029 0 1016 754 0 1014 1031 0 1523 1030 0 1016 754 0 1523 1030 0 1014 1031 0 1538 1032 0 1010 1033 0 1538 1032 0 1014 1031 0 664 1034 0 1010 1033 0 1014 1031 0 1010 1033 0 664 1034 0 1542 1035 0 1542 1035 0 664 1034 0 1012 1036 0 666 1037 0 1542 1035 0 1012 1036 0 666 1037 0 1011 1038 0 1542 1035 0 1011 1038 0 666 1037 0 1560 2 0 1560 2 0 666 1037 0 645 2 0 645 2 0 686 1039 0 1560 2 0 1560 2 0 686 1039 0 980 1040 0 980 1040 0 686 1039 0 998 1041 0 980 1040 0 998 1041 0 1600 1042 0 1600 1042 0 998 1041 0 1628 1043 0 998 1041 0 687 1044 0 1628 1043 0 1628 1043 0 687 1044 0 1663 761 0 996 762 0 1663 761 0 687 1044 0 996 762 0 982 1045 0 1663 761 0 984 1046 0 982 1045 0 996 762 0 689 1047 0 984 1046 0 996 762 0 984 1046 0 689 1047 0 1986 1048 0 1986 1048 0 689 1047 0 995 764 0 985 1049 0 1986 1048 0 995 764 0 690 1050 0 985 1049 0 995 764 0 985 1049 0 690 1050 0 1994 1051 0 1994 1051 0 690 1050 0 691 766 0 1993 1052 0 1994 1051 0 691 766 0 692 1053 0 1993 1052 0 691 766 0 1993 1052 0 692 1053 0 986 1054 0 1992 1055 0 986 1054 0 692 1053 0 994 1056 0 1992 1055 0 692 1053 0 1992 1055 0 994 1056 0 1988 1057 0 1988 1057 0 994 1056 0 992 1058 0 693 1059 0 1988 1057 0 992 1058 0 693 1059 0 1987 1060 0 1988 1057 0 1987 1060 0 693 1059 0 987 447 0 987 447 0 693 1059 0 1022 447 0 977 1061 0 976 2 0 968 2 0 1984 1062 0 977 1061 0 968 2 0 1984 1062 0 1793 1063 0 977 1061 0 1985 1064 0 1793 1063 0 1984 1062 0 1793 1063 0 1985 1064 0 1792 4 0 1792 4 0 1985 1064 0 1759 4 0 49 1011 0 81 1065 0 56 1016 0 971 1066 0 1983 1067 0 972 1066 0 972 1066 0 1983 1067 0 973 1068 0 968 2 0 973 1068 0 1983 1067 0 973 1068 0 968 2 0 976 2 0 56 1016 0 81 1065 0 47 1069 0 938 2 0 1977 1070 0 633 2 0 633 2 0 1977 1070 0 618 1037 0 958 1036 0 618 1037 0 1977 1070 0 1981 1071 0 958 1036 0 1977 1070 0 958 1036 0 1981 1071 0 957 1072 0 958 1036 0 957 1072 0 959 1034 0 972 1066 0 959 1034 0 957 1072 0 971 1066 0 972 1066 0 957 1072 0 959 1034 0 972 1066 0 617 1031 0 617 1031 0 972 1066 0 954 1073 0 617 1031 0 954 1073 0 960 754 0 953 1074 0 960 754 0 954 1073 0 960 754 0 953 1074 0 614 1028 0 952 1075 0 614 1028 0 953 1074 0 614 1028 0 952 1075 0 611 752 0 611 752 0 952 1075 0 1794 1076 0 611 752 0 1794 1076 0 962 1025 0 1795 1077 0 962 1025 0 1794 1076 0 1933 1079 0 950 1078 0 1932 1078 0 962 1025 0 1795 1077 0 610 750 0 610 750 0 1795 1077 0 1798 1080 0 610 750 0 1798 1080 0 950 1078 0 610 750 0 950 1078 0 608 1022 0 1933 1079 0 608 1022 0 950 1078 0 608 1022 0 1933 1079 0 1934 1081 0 608 1022 0 1934 1081 0 963 1019 0 966 1082 0 963 1019 0 1934 1081 0 963 1019 0 966 1082 0 606 1017 0 606 1017 0 966 1082 0 948 447 0 606 1017 0 948 447 0 922 447 0 948 447 0 1939 1083 0 922 447 0 56 1016 0 47 1069 0 31 1084 0 922 447 0 1939 1083 0 638 1059 0 923 1058 0 638 1059 0 1939 1083 0 947 1085 0 923 1058 0 1939 1083 0 923 1058 0 947 1085 0 945 1086 0 923 1058 0 945 1086 0 924 1056 0 1942 1087 0 924 1056 0 945 1086 0 1942 1087 0 636 1053 0 924 1056 0 636 1053 0 1942 1087 0 1943 1088 0 925 766 0 636 1053 0 1943 1088 0 1961 1089 0 925 766 0 1943 1088 0 925 766 0 1961 1089 0 927 1050 0 927 1050 0 1961 1089 0 1962 1090 0 944 1091 0 927 1050 0 1962 1090 0 944 1091 0 928 764 0 927 1050 0 932 1047 0 928 764 0 944 1091 0 1966 1092 0 932 1047 0 944 1091 0 932 1047 0 1966 1092 0 634 762 0 634 762 0 1966 1092 0 943 1093 0 634 762 0 943 1093 0 942 1094 0 1967 1095 0 634 762 0 942 1094 0 1967 1095 0 933 1044 0 634 762 0 933 1044 0 1967 1095 0 1969 1096 0 933 1044 0 1969 1096 0 934 1041 0 1970 1097 0 934 1041 0 1969 1096 0 934 1041 0 1970 1097 0 937 1039 0 937 1039 0 1970 1097 0 1976 1098 0 937 1039 0 1976 1098 0 938 2 0 937 1039 0 938 2 0 633 2 0 1805 4 0 921 1099 0 1807 4 0 47 1069 0 29 1100 0 31 1084 0 1801 1101 0 1807 4 0 921 1099 0 920 1102 0 1801 1101 0 921 1099 0 916 1103 0 1801 1101 0 920 1102 0 1930 1104 0 916 1103 0 920 1102 0 919 1105 0 916 1103 0 1930 1104 0 1931 1106 0 919 1105 0 1930 1104 0 919 1105 0 1931 1106 0 1799 1107 0 1799 1107 0 1931 1106 0 1932 1078 0 1799 1107 0 1932 1078 0 950 1078 0 914 447 0 913 1017 0 1928 447 0 1928 447 0 913 1017 0 894 1108 0 894 1108 0 913 1017 0 476 1019 0 894 1108 0 476 1019 0 895 1109 0 476 1019 0 477 1022 0 895 1109 0 895 1109 0 477 1022 0 1927 1110 0 911 750 0 1927 1110 0 477 1022 0 911 750 0 1924 1111 0 1927 1110 0 1924 1111 0 911 750 0 1923 1112 0 909 1025 0 1923 1112 0 911 750 0 909 1025 0 1922 1113 0 1923 1112 0 1922 1113 0 909 1025 0 1921 1114 0 1921 1114 0 909 1025 0 908 752 0 906 1028 0 1921 1114 0 908 752 0 906 1028 0 897 1115 0 1921 1114 0 897 1115 0 906 1028 0 478 754 0 897 1115 0 478 754 0 898 1116 0 904 1031 0 898 1116 0 478 754 0 904 1031 0 1917 1117 0 898 1116 0 1917 1117 0 904 1031 0 1912 1118 0 479 1034 0 1912 1118 0 904 1031 0 479 1034 0 901 1119 0 1912 1118 0 901 1119 0 479 1034 0 480 1036 0 901 1119 0 480 1036 0 902 1120 0 481 1037 0 902 1120 0 480 1036 0 481 1037 0 903 1121 0 902 1120 0 903 1121 0 481 1037 0 498 2 0 903 1121 0 498 2 0 1881 2 0 498 2 0 892 1039 0 1881 2 0 1881 2 0 892 1039 0 865 1098 0 865 1098 0 892 1039 0 891 1041 0 865 1098 0 891 1041 0 867 1122 0 891 1041 0 500 1044 0 867 1122 0 867 1122 0 500 1044 0 1877 1095 0 888 762 0 1877 1095 0 500 1044 0 888 762 0 869 1094 0 1877 1095 0 869 1094 0 888 762 0 871 1123 0 885 1047 0 871 1123 0 888 762 0 885 1047 0 872 1124 0 871 1123 0 872 1124 0 885 1047 0 1876 1125 0 1876 1125 0 885 1047 0 501 764 0 503 1050 0 1876 1125 0 501 764 0 503 1050 0 1868 1090 0 1876 1125 0 1868 1090 0 503 1050 0 883 766 0 1868 1090 0 883 766 0 873 1089 0 881 1053 0 873 1089 0 883 766 0 881 1053 0 874 1126 0 873 1089 0 874 1126 0 881 1053 0 1867 1087 0 505 1056 0 1867 1087 0 881 1053 0 505 1056 0 1866 1086 0 1867 1087 0 1866 1086 0 505 1056 0 878 1058 0 1866 1086 0 878 1058 0 876 1085 0 877 1059 0 876 1085 0 878 1058 0 877 1059 0 1865 1083 0 876 1085 0 1865 1083 0 877 1059 0 914 447 0 1865 1083 0 914 447 0 1928 447 0 863 447 0 1848 1127 0 403 447 0 403 447 0 1848 1127 0 452 1059 0 844 1058 0 452 1059 0 1848 1127 0 1849 1128 0 844 1058 0 1848 1127 0 844 1058 0 1849 1128 0 845 1056 0 862 1087 0 845 1056 0 1849 1128 0 862 1087 0 450 1053 0 845 1056 0 450 1053 0 862 1087 0 861 1126 0 846 766 0 450 1053 0 861 1126 0 1850 1089 0 846 766 0 861 1126 0 846 766 0 1850 1089 0 849 1050 0 849 1050 0 1850 1089 0 1855 1090 0 859 1125 0 849 1050 0 1855 1090 0 859 1125 0 851 764 0 849 1050 0 851 764 0 859 1125 0 1856 1124 0 851 764 0 1856 1124 0 852 1047 0 858 1123 0 852 1047 0 1856 1124 0 852 1047 0 858 1123 0 447 762 0 447 762 0 858 1123 0 857 1094 0 856 1095 0 447 762 0 857 1094 0 856 1095 0 853 1044 0 447 762 0 853 1044 0 856 1095 0 1857 1122 0 853 1044 0 1857 1122 0 442 1041 0 854 1098 0 442 1041 0 1857 1122 0 442 1041 0 854 1098 0 441 1039 0 441 1039 0 854 1098 0 1859 2 0 441 1039 0 1859 2 0 440 2 0 1859 2 0 1811 1129 0 440 2 0 440 2 0 1811 1129 0 827 1037 0 423 1036 0 827 1037 0 1811 1129 0 842 1130 0 423 1036 0 1811 1129 0 423 1036 0 842 1130 0 420 1034 0 1812 1118 0 420 1034 0 842 1130 0 1812 1118 0 419 1031 0 420 1034 0 419 1031 0 1812 1118 0 1815 1131 0 418 754 0 419 1031 0 1815 1131 0 1816 1116 0 418 754 0 1815 1131 0 418 754 0 1816 1116 0 831 1028 0 831 1028 0 1816 1116 0 1824 1115 0 841 1114 0 831 1028 0 1824 1115 0 841 1114 0 417 752 0 831 1028 0 417 752 0 841 1114 0 838 1113 0 417 752 0 838 1113 0 413 1025 0 837 1112 0 413 1025 0 838 1113 0 413 1025 0 837 1112 0 410 750 0 410 750 0 837 1112 0 836 1111 0 832 1022 0 410 750 0 836 1111 0 835 1110 0 832 1022 0 836 1111 0 832 1022 0 835 1110 0 834 1109 0 832 1022 0 834 1109 0 409 1019 0 1847 1108 0 409 1019 0 834 1109 0 409 1019 0 1847 1108 0 407 1017 0 407 1017 0 1847 1108 0 863 447 0 407 1017 0 863 447 0 403 447 0 1782 6 0 1783 1132 0 552 6 0 552 6 0 1783 1132 0 550 1133 0 550 1133 0 1783 1132 0 824 1134 0 824 1134 0 1783 1132 0 825 1135 0 1786 1136 0 824 1134 0 825 1135 0 1786 1136 0 543 1137 0 824 1134 0 541 1138 0 543 1137 0 1786 1136 0 1787 1139 0 541 1138 0 1786 1136 0 541 1138 0 1787 1139 0 777 447 0 777 447 0 1787 1139 0 783 447 0 1781 6 0 1782 6 0 570 6 0 570 6 0 1782 6 0 552 6 0 807 2 0 1776 1140 0 811 2 0 811 2 0 1776 1140 0 814 1141 0 814 1141 0 1776 1140 0 579 1142 0 578 1143 0 579 1142 0 1776 1140 0 821 1144 0 578 1143 0 1776 1140 0 578 1143 0 821 1144 0 815 1145 0 818 1146 0 815 1145 0 821 1144 0 815 1145 0 818 1146 0 570 6 0 570 6 0 818 1146 0 1781 6 0 807 2 0 811 2 0 809 2 0 809 2 0 811 2 0 805 2 0 796 4 0 1774 1147 0 522 4 0 522 4 0 1774 1147 0 519 1148 0 519 1148 0 1774 1147 0 516 1149 0 516 1149 0 1774 1147 0 1775 1150 0 802 1063 0 516 1149 0 1775 1150 0 802 1063 0 799 1151 0 516 1149 0 515 1152 0 799 1151 0 802 1063 0 801 1061 0 515 1152 0 802 1063 0 515 1152 0 801 1061 0 805 2 0 805 2 0 801 1061 0 809 2 0 790 4 0 796 4 0 528 4 0 528 4 0 796 4 0 522 4 0 779 447 0 1768 1153 0 538 447 0 538 447 0 1768 1153 0 786 1154 0 786 1154 0 1768 1153 0 788 1155 0 531 1156 0 788 1155 0 1768 1153 0 1769 1157 0 531 1156 0 1768 1153 0 531 1156 0 1769 1157 0 530 1158 0 792 1159 0 530 1158 0 1769 1157 0 530 1158 0 792 1159 0 528 4 0 528 4 0 792 1159 0 790 4 0 777 447 0 783 447 0 538 447 0 538 447 0 783 447 0 779 447 0 769 7 0 767 7 0 766 7 0 769 7 0 766 7 0 1753 7 0 769 7 0 1753 7 0 1743 7 0 1743 7 0 1753 7 0 765 7 0 1743 7 0 765 7 0 770 7 0 770 7 0 765 7 0 764 7 0 770 7 0 764 7 0 1742 7 0 1742 7 0 764 7 0 762 7 0 1742 7 0 762 7 0 1741 7 0 1741 7 0 762 7 0 1754 7 0 1741 7 0 1754 7 0 1740 7 0 1740 7 0 1754 7 0 1755 7 0 748 2 0 1683 2 0 747 2 0 748 2 0 747 2 0 1694 2 0 748 2 0 1694 2 0 1682 2 0 1682 2 0 1694 2 0 744 2 0 1682 2 0 744 2 0 743 2 0 1682 2 0 743 2 0 750 2 0 750 2 0 743 2 0 1696 2 0 750 2 0 1696 2 0 1681 2 0 1681 2 0 1696 2 0 1685 2 0 1681 2 0 1685 2 0 1672 2 0 1672 2 0 1685 2 0 1705 2 0 1672 2 0 1705 2 0 755 2 0 755 2 0 1705 2 0 756 2 0 756 2 0 1705 2 0 742 2 0 756 2 0 742 2 0 757 2 0 757 2 0 742 2 0 1706 2 0 46 1160 0 29 1100 0 47 1069 0 737 2 0 1642 2 0 735 2 0 737 2 0 735 2 0 733 2 0 737 2 0 733 2 0 1655 2 0 1655 2 0 733 2 0 732 2 0 1655 2 0 732 2 0 731 2 0 1655 2 0 731 2 0 1653 2 0 1653 2 0 731 2 0 1662 2 0 1653 2 0 1662 2 0 1630 2 0 1630 2 0 1662 2 0 1656 2 0 1630 2 0 1656 2 0 1641 2 0 1641 2 0 1656 2 0 730 2 0 1641 2 0 730 2 0 738 2 0 738 2 0 730 2 0 1639 2 0 1639 2 0 730 2 0 1667 2 0 1639 2 0 1667 2 0 1638 2 0 1638 2 0 1667 2 0 740 2 0 724 2 0 1597 2 0 1612 2 0 724 2 0 1612 2 0 1613 2 0 724 2 0 1613 2 0 1610 2 0 1610 2 0 1613 2 0 1614 2 0 1610 2 0 1614 2 0 723 2 0 1610 2 0 723 2 0 1607 2 0 1607 2 0 723 2 0 1616 2 0 1607 2 0 1616 2 0 1586 2 0 1586 2 0 1616 2 0 1618 2 0 1586 2 0 1618 2 0 725 2 0 725 2 0 1618 2 0 721 2 0 725 2 0 721 2 0 1596 2 0 1596 2 0 721 2 0 726 2 0 726 2 0 721 2 0 720 2 0 726 2 0 720 2 0 727 2 0 727 2 0 720 2 0 1595 2 0 718 2 0 716 2 0 1580 2 0 1580 2 0 716 2 0 1578 2 0 1578 2 0 716 2 0 1583 2 0 1578 2 0 1583 2 0 1569 2 0 1569 2 0 1583 2 0 1547 2 0 1569 2 0 1547 2 0 1567 2 0 1567 2 0 1547 2 0 1551 2 0 1567 2 0 1551 2 0 1566 2 0 1566 2 0 1551 2 0 715 2 0 1566 2 0 715 2 0 1565 2 0 1565 2 0 715 2 0 1558 2 0 1558 2 0 715 2 0 714 2 0 700 2 0 1515 2 0 1519 2 0 700 2 0 1519 2 0 1520 2 0 700 2 0 1520 2 0 1525 2 0 700 2 0 1525 2 0 1514 2 0 1514 2 0 1525 2 0 699 2 0 1514 2 0 699 2 0 1536 2 0 1536 2 0 699 2 0 698 2 0 1536 2 0 698 2 0 1535 2 0 1535 2 0 698 2 0 697 2 0 1535 2 0 697 2 0 1534 2 0 1534 2 0 697 2 0 701 2 0 701 2 0 697 2 0 696 2 0 701 2 0 696 2 0 703 2 0 29 1100 0 46 1160 0 28 1161 0 46 1160 0 45 1162 0 28 1161 0 1022 1163 0 693 1164 0 657 1163 0 657 1163 0 693 1164 0 1308 1165 0 671 1166 0 1308 1165 0 693 1164 0 992 1167 0 671 1166 0 693 1164 0 671 1166 0 992 1167 0 672 1168 0 672 1168 0 992 1167 0 994 1169 0 673 1170 0 672 1168 0 994 1169 0 692 1171 0 673 1170 0 994 1169 0 673 1170 0 692 1171 0 1307 1172 0 674 1173 0 1307 1172 0 692 1171 0 691 1174 0 674 1173 0 692 1171 0 674 1173 0 691 1174 0 1304 1175 0 1303 1176 0 1304 1175 0 691 1174 0 690 1177 0 1303 1176 0 691 1174 0 1303 1176 0 690 1177 0 1301 1178 0 1301 1178 0 690 1177 0 995 1179 0 1301 1178 0 995 1179 0 676 1180 0 689 1181 0 676 1180 0 995 1179 0 676 1180 0 689 1181 0 678 1182 0 681 1183 0 678 1182 0 689 1181 0 996 1184 0 681 1183 0 689 1181 0 1300 1185 0 681 1183 0 996 1184 0 687 1186 0 1300 1185 0 996 1184 0 1300 1185 0 687 1186 0 683 1187 0 683 1187 0 687 1186 0 998 1188 0 683 1187 0 998 1188 0 684 1189 0 686 1190 0 684 1189 0 998 1188 0 686 1190 0 1299 1191 0 684 1189 0 1299 1191 0 686 1190 0 1298 1192 0 1298 1192 0 686 1190 0 645 1193 0 1298 1192 0 645 1193 0 646 1193 0 45 1162 0 26 1194 0 28 1161 0 645 1193 0 666 1195 0 646 1193 0 646 1193 0 666 1195 0 1296 1196 0 648 1197 0 1296 1196 0 666 1195 0 1012 1198 0 648 1197 0 666 1195 0 648 1197 0 1012 1198 0 649 1199 0 649 1199 0 1012 1198 0 664 1200 0 1293 1201 0 649 1199 0 664 1200 0 1014 1202 0 1293 1201 0 664 1200 0 1293 1201 0 1014 1202 0 1292 1203 0 1291 1204 0 1292 1203 0 1014 1202 0 1016 1205 0 1291 1204 0 1014 1202 0 1291 1204 0 1016 1205 0 1290 1206 0 1289 1207 0 1290 1206 0 1016 1205 0 661 1208 0 1289 1207 0 1016 1205 0 1289 1207 0 661 1208 0 1288 1209 0 1288 1209 0 661 1208 0 660 1210 0 1288 1209 0 660 1210 0 650 1211 0 1017 1212 0 650 1211 0 660 1210 0 650 1211 0 1017 1212 0 651 1213 0 1287 1214 0 651 1213 0 1017 1212 0 1019 1215 0 1287 1214 0 1017 1212 0 1286 1216 0 1287 1214 0 1019 1215 0 659 1217 0 1286 1216 0 1019 1215 0 1286 1216 0 659 1217 0 652 1218 0 652 1218 0 659 1217 0 1020 1219 0 652 1218 0 1020 1219 0 653 1220 0 658 1221 0 653 1220 0 1020 1219 0 658 1221 0 654 1222 0 653 1220 0 654 1222 0 658 1221 0 656 1223 0 656 1223 0 658 1221 0 1022 1163 0 656 1223 0 1022 1163 0 657 1163 0 922 1163 0 638 1164 0 644 1163 0 644 1163 0 638 1164 0 1283 1165 0 1282 1166 0 1283 1165 0 638 1164 0 923 1167 0 1282 1166 0 638 1164 0 1282 1166 0 923 1167 0 1278 1168 0 1278 1168 0 923 1167 0 924 1169 0 620 1170 0 1278 1168 0 924 1169 0 636 1171 0 620 1170 0 924 1169 0 620 1170 0 636 1171 0 1277 1172 0 1275 1173 0 1277 1172 0 636 1171 0 925 1174 0 1275 1173 0 636 1171 0 1275 1173 0 925 1174 0 621 1175 0 623 1176 0 621 1175 0 925 1174 0 927 1177 0 623 1176 0 925 1174 0 623 1176 0 927 1177 0 626 1178 0 626 1178 0 927 1177 0 928 1179 0 626 1178 0 928 1179 0 628 1180 0 932 1181 0 628 1180 0 928 1179 0 628 1180 0 932 1181 0 1274 1182 0 630 1183 0 1274 1182 0 932 1181 0 634 1184 0 630 1183 0 932 1181 0 1273 1185 0 630 1183 0 634 1184 0 933 1186 0 1273 1185 0 634 1184 0 1273 1185 0 933 1186 0 1271 1187 0 1271 1187 0 933 1186 0 934 1188 0 1271 1187 0 934 1188 0 1270 1189 0 937 1190 0 1270 1189 0 934 1188 0 937 1190 0 631 1191 0 1270 1189 0 631 1191 0 937 1190 0 1263 1192 0 1263 1192 0 937 1190 0 633 1193 0 1263 1192 0 633 1193 0 585 1193 0 633 1193 0 618 1195 0 585 1193 0 585 1193 0 618 1195 0 1262 1196 0 586 1197 0 1262 1196 0 618 1195 0 958 1198 0 586 1197 0 618 1195 0 586 1197 0 958 1198 0 1261 1199 0 1261 1199 0 958 1198 0 959 1200 0 1260 1201 0 1261 1199 0 959 1200 0 617 1202 0 1260 1201 0 959 1200 0 1260 1201 0 617 1202 0 1256 1203 0 1255 1204 0 1256 1203 0 617 1202 0 960 1205 0 1255 1204 0 617 1202 0 1255 1204 0 960 1205 0 588 1206 0 591 1207 0 588 1206 0 960 1205 0 614 1208 0 591 1207 0 960 1205 0 591 1207 0 614 1208 0 594 1209 0 594 1209 0 614 1208 0 611 1210 0 594 1209 0 611 1210 0 595 1211 0 962 1212 0 595 1211 0 611 1210 0 595 1211 0 962 1212 0 598 1213 0 601 1214 0 598 1213 0 962 1212 0 610 1215 0 601 1214 0 962 1212 0 604 1216 0 601 1214 0 610 1215 0 608 1217 0 604 1216 0 610 1215 0 604 1216 0 608 1217 0 605 1218 0 605 1218 0 608 1217 0 963 1219 0 605 1218 0 963 1219 0 1254 1220 0 606 1221 0 1254 1220 0 963 1219 0 606 1221 0 1253 1222 0 1254 1220 0 1253 1222 0 606 1221 0 1250 1223 0 1250 1223 0 606 1221 0 922 1163 0 1250 1223 0 922 1163 0 644 1163 0 805 1193 0 811 1193 0 582 1193 0 582 1193 0 811 1193 0 1247 1193 0 811 1193 0 814 1224 0 1247 1193 0 1247 1193 0 814 1224 0 575 1225 0 575 1225 0 814 1224 0 579 1226 0 1246 1227 0 575 1225 0 579 1226 0 578 1228 0 1246 1227 0 579 1226 0 1246 1227 0 578 1228 0 576 1229 0 577 1230 0 576 1229 0 578 1228 0 815 1231 0 577 1230 0 578 1228 0 577 1230 0 815 1231 0 570 1232 0 577 1230 0 570 1232 0 571 1232 0 571 1232 0 570 1232 0 566 1232 0 566 1232 0 570 1232 0 552 1232 0 552 1232 0 550 1233 0 566 1232 0 566 1232 0 550 1233 0 555 1234 0 555 1234 0 550 1233 0 824 1235 0 543 1236 0 555 1234 0 824 1235 0 543 1236 0 556 1237 0 555 1234 0 558 1238 0 556 1237 0 543 1236 0 541 1239 0 558 1238 0 543 1236 0 558 1238 0 541 1239 0 1245 1240 0 1245 1240 0 541 1239 0 777 1163 0 1245 1240 0 777 1163 0 559 1163 0 538 1163 0 532 1163 0 777 1163 0 777 1163 0 532 1163 0 559 1163 0 538 1163 0 786 1241 0 532 1163 0 532 1163 0 786 1241 0 1244 1242 0 1244 1242 0 786 1241 0 788 1243 0 533 1244 0 1244 1242 0 788 1243 0 531 1245 0 533 1244 0 788 1243 0 533 1244 0 531 1245 0 534 1246 0 1241 1247 0 534 1246 0 531 1245 0 530 1248 0 1241 1247 0 531 1245 0 1241 1247 0 530 1248 0 528 1249 0 1241 1247 0 528 1249 0 521 1249 0 528 1249 0 522 1249 0 509 1249 0 528 1249 0 509 1249 0 521 1249 0 522 1249 0 519 1250 0 509 1249 0 509 1249 0 519 1250 0 510 1251 0 510 1251 0 519 1250 0 516 1252 0 799 1253 0 510 1251 0 516 1252 0 799 1253 0 514 1254 0 510 1251 0 1238 1255 0 514 1254 0 799 1253 0 515 1256 0 1238 1255 0 799 1253 0 1238 1255 0 515 1256 0 1237 1257 0 1237 1257 0 515 1256 0 805 1193 0 1237 1257 0 805 1193 0 582 1193 0 914 1163 0 877 1164 0 506 1163 0 506 1163 0 877 1164 0 1234 1165 0 1234 1165 0 877 1164 0 1233 1166 0 878 1167 0 1233 1166 0 877 1164 0 1233 1166 0 878 1167 0 1232 1168 0 1232 1168 0 878 1167 0 505 1169 0 484 1170 0 1232 1168 0 505 1169 0 881 1171 0 484 1170 0 505 1169 0 484 1170 0 881 1171 0 488 1172 0 1231 1173 0 488 1172 0 881 1171 0 883 1174 0 1231 1173 0 881 1171 0 883 1174 0 490 1175 0 1231 1173 0 490 1175 0 883 1174 0 492 1176 0 492 1176 0 883 1174 0 503 1177 0 493 1258 0 492 1176 0 503 1177 0 501 1259 0 493 1258 0 503 1177 0 493 1258 0 501 1259 0 885 1181 0 493 1258 0 885 1181 0 494 1260 0 888 1184 0 494 1260 0 885 1181 0 494 1260 0 888 1184 0 1230 1261 0 1222 1185 0 1230 1261 0 888 1184 0 500 1186 0 1222 1185 0 888 1184 0 1222 1185 0 500 1186 0 1221 1262 0 1221 1262 0 500 1186 0 891 1188 0 1221 1262 0 891 1188 0 495 1263 0 891 1188 0 892 1190 0 495 1263 0 495 1263 0 892 1190 0 1220 1192 0 1220 1192 0 892 1190 0 498 1193 0 1220 1192 0 498 1193 0 1219 1193 0 44 1264 0 26 1194 0 45 1162 0 498 1193 0 481 1195 0 1219 1193 0 1219 1193 0 481 1195 0 1215 1196 0 1215 1196 0 481 1195 0 1214 1197 0 480 1198 0 1214 1197 0 481 1195 0 1214 1197 0 480 1198 0 459 1199 0 459 1199 0 480 1198 0 479 1200 0 461 1201 0 459 1199 0 479 1200 0 904 1202 0 461 1201 0 479 1200 0 461 1201 0 904 1202 0 1213 1203 0 462 1204 0 1213 1203 0 904 1202 0 478 1205 0 462 1204 0 904 1202 0 478 1205 0 463 1206 0 462 1204 0 463 1206 0 478 1205 0 465 1207 0 465 1207 0 478 1205 0 906 1208 0 466 1265 0 465 1207 0 906 1208 0 908 1210 0 466 1265 0 906 1208 0 466 1265 0 908 1210 0 909 1212 0 466 1265 0 909 1212 0 468 1213 0 911 1215 0 468 1213 0 909 1212 0 468 1213 0 911 1215 0 1210 1214 0 1209 1216 0 1210 1214 0 911 1215 0 477 1217 0 1209 1216 0 911 1215 0 1209 1216 0 477 1217 0 470 1266 0 470 1266 0 477 1217 0 476 1219 0 470 1266 0 476 1219 0 473 1267 0 476 1219 0 913 1221 0 473 1267 0 473 1267 0 913 1221 0 1208 1223 0 1208 1223 0 913 1221 0 914 1163 0 1208 1223 0 914 1163 0 506 1163 0 403 1163 0 452 1164 0 457 1163 0 457 1163 0 452 1164 0 430 1165 0 430 1165 0 452 1164 0 1206 1166 0 844 1167 0 1206 1166 0 452 1164 0 1206 1166 0 844 1167 0 1205 1168 0 1205 1168 0 844 1167 0 845 1169 0 431 1170 0 1205 1168 0 845 1169 0 450 1171 0 431 1170 0 845 1169 0 431 1170 0 450 1171 0 432 1172 0 1204 1173 0 432 1172 0 450 1171 0 846 1174 0 1204 1173 0 450 1171 0 846 1174 0 1200 1175 0 1204 1173 0 1200 1175 0 846 1174 0 1199 1176 0 1199 1176 0 846 1174 0 849 1177 0 1197 1258 0 1199 1176 0 849 1177 0 851 1259 0 1197 1258 0 849 1177 0 1197 1258 0 851 1259 0 852 1181 0 1197 1258 0 852 1181 0 1193 1260 0 447 1184 0 1193 1260 0 852 1181 0 1193 1260 0 447 1184 0 433 1183 0 437 1185 0 433 1183 0 447 1184 0 853 1186 0 437 1185 0 447 1184 0 437 1185 0 853 1186 0 1192 1262 0 1192 1262 0 853 1186 0 442 1188 0 1192 1262 0 442 1188 0 1189 1263 0 442 1188 0 441 1190 0 1189 1263 0 1189 1263 0 441 1190 0 1184 1192 0 1184 1192 0 441 1190 0 440 1193 0 1184 1192 0 440 1193 0 1183 1193 0 26 1194 0 44 1264 0 25 1268 0 440 1193 0 827 1195 0 1183 1193 0 1183 1193 0 827 1195 0 1182 1196 0 1182 1196 0 827 1195 0 1177 1197 0 423 1198 0 1177 1197 0 827 1195 0 1177 1197 0 423 1198 0 1176 1199 0 1176 1199 0 423 1198 0 420 1200 0 382 1201 0 1176 1199 0 420 1200 0 419 1202 0 382 1201 0 420 1200 0 382 1201 0 419 1202 0 383 1203 0 384 1204 0 383 1203 0 419 1202 0 418 1205 0 384 1204 0 419 1202 0 418 1205 0 385 1206 0 384 1204 0 385 1206 0 418 1205 0 388 1207 0 388 1207 0 418 1205 0 831 1208 0 392 1265 0 388 1207 0 831 1208 0 417 1210 0 392 1265 0 831 1208 0 392 1265 0 417 1210 0 413 1212 0 392 1265 0 413 1212 0 396 1213 0 410 1215 0 396 1213 0 413 1212 0 396 1213 0 410 1215 0 1175 1214 0 402 1216 0 1175 1214 0 410 1215 0 832 1217 0 402 1216 0 410 1215 0 402 1216 0 832 1217 0 1171 1266 0 1171 1266 0 832 1217 0 409 1219 0 1171 1266 0 409 1219 0 1169 1267 0 409 1219 0 407 1221 0 1169 1267 0 1169 1267 0 407 1221 0 1168 1223 0 1168 1223 0 407 1221 0 403 1163 0 1168 1223 0 403 1163 0 457 1163 0 372 1269 0 368 1270 0 275 1269 0 275 1269 0 368 1270 0 273 1271 0 365 1272 0 273 1271 0 368 1270 0 365 1272 0 375 1273 0 273 1271 0 375 1273 0 365 1272 0 363 1274 0 375 1273 0 363 1274 0 376 1275 0 362 1276 0 376 1275 0 363 1274 0 376 1275 0 362 1276 0 377 1277 0 377 1277 0 362 1276 0 1103 1278 0 1104 1279 0 377 1277 0 1103 1278 0 1104 1279 0 271 1280 0 377 1277 0 271 1280 0 1104 1279 0 1105 1281 0 270 1282 0 271 1280 0 1105 1281 0 1107 1283 0 270 1282 0 1105 1281 0 270 1282 0 1107 1283 0 269 1284 0 361 1285 0 269 1284 0 1107 1283 0 269 1284 0 361 1285 0 378 1286 0 378 1286 0 361 1285 0 1108 1287 0 378 1286 0 1108 1287 0 1109 1288 0 1110 1289 0 378 1286 0 1109 1288 0 378 1286 0 1110 1289 0 380 1290 0 380 1290 0 1110 1289 0 1113 1291 0 380 1290 0 1113 1291 0 268 1292 0 1117 1293 0 268 1292 0 1113 1291 0 268 1292 0 1117 1293 0 266 1294 0 266 1294 0 1117 1293 0 1119 1295 0 1120 1296 0 266 1294 0 1119 1295 0 266 1294 0 1120 1296 0 265 1297 0 265 1297 0 1120 1296 0 359 1297 0 381 1298 0 265 1297 0 359 1297 0 1123 1298 0 381 1298 0 359 1297 0 381 1298 0 1123 1298 0 348 1299 0 381 1298 0 348 1299 0 295 1299 0 348 1299 0 1095 1300 0 295 1299 0 295 1299 0 1095 1300 0 294 1301 0 1096 1302 0 294 1301 0 1095 1300 0 1096 1302 0 293 1303 0 294 1301 0 293 1303 0 1096 1302 0 1097 1304 0 293 1303 0 1097 1304 0 352 1305 0 347 1306 0 352 1305 0 1097 1304 0 352 1305 0 347 1306 0 353 1307 0 353 1307 0 347 1306 0 345 1308 0 344 1309 0 353 1307 0 345 1308 0 344 1309 0 292 1310 0 353 1307 0 292 1310 0 344 1309 0 342 1311 0 291 1312 0 292 1310 0 342 1311 0 339 1313 0 291 1312 0 342 1311 0 291 1312 0 339 1313 0 286 1314 0 338 1315 0 286 1314 0 339 1313 0 286 1314 0 338 1315 0 283 1316 0 283 1316 0 338 1315 0 337 1317 0 283 1316 0 337 1317 0 334 1318 0 331 1319 0 283 1316 0 334 1318 0 283 1316 0 331 1319 0 278 1320 0 278 1320 0 331 1319 0 329 1321 0 278 1320 0 329 1321 0 354 1322 0 324 1323 0 354 1322 0 329 1321 0 354 1322 0 324 1323 0 355 1324 0 355 1324 0 324 1323 0 1098 1325 0 1100 1326 0 355 1324 0 1098 1325 0 355 1324 0 1100 1326 0 357 1327 0 357 1327 0 1100 1326 0 322 1327 0 276 1328 0 357 1327 0 322 1327 0 1102 1328 0 276 1328 0 322 1327 0 276 1328 0 1102 1328 0 372 1269 0 276 1328 0 372 1269 0 275 1269 0 307 236 0 308 1329 0 229 236 0 229 236 0 308 1329 0 314 1330 0 314 1330 0 308 1329 0 316 1331 0 319 1332 0 316 1331 0 308 1329 0 309 1333 0 319 1332 0 308 1329 0 319 1332 0 309 1333 0 296 1334 0 311 6 0 296 1334 0 309 1333 0 296 1334 0 311 6 0 1041 6 0 303 1335 0 304 6 0 311 6 0 309 1336 0 303 1335 0 311 6 0 302 1337 0 303 1335 0 309 1336 0 308 1337 0 302 1337 0 309 1336 0 302 1337 0 308 1337 0 307 1338 0 302 1337 0 307 1338 0 224 1338 0 218 336 0 305 1339 0 224 336 0 224 336 0 305 1339 0 302 1339 0 298 1340 0 302 1339 0 305 1339 0 298 1340 0 303 1340 0 302 1339 0 299 6 0 303 1340 0 298 1340 0 299 6 0 304 6 0 303 1340 0 229 1341 0 314 1342 0 218 1341 0 218 1341 0 314 1342 0 305 1343 0 305 1343 0 314 1342 0 316 1344 0 319 1345 0 305 1343 0 316 1344 0 305 1343 0 319 1345 0 298 1346 0 296 1347 0 298 1346 0 319 1345 0 298 1346 0 296 1347 0 299 6 0 299 6 0 296 1347 0 1041 6 0 44 1264 0 42 1348 0 25 1268 0 270 4 0 269 4 0 378 4 0 270 4 0 378 4 0 380 4 0 270 4 0 380 4 0 271 4 0 271 4 0 380 4 0 268 4 0 271 4 0 268 4 0 242 4 0 242 4 0 268 4 0 243 4 0 243 4 0 268 4 0 189 4 0 189 4 0 268 4 0 266 4 0 189 4 0 266 4 0 188 4 0 188 4 0 266 4 0 184 4 0 184 4 0 266 4 0 265 4 0 184 4 0 265 4 0 183 4 0 183 4 0 265 4 0 381 4 0 183 4 0 381 4 0 244 4 0 244 4 0 381 4 0 295 4 0 244 4 0 295 4 0 245 4 0 245 4 0 295 4 0 207 4 0 207 4 0 295 4 0 294 4 0 207 4 0 294 4 0 206 4 0 206 4 0 294 4 0 205 4 0 205 4 0 294 4 0 293 4 0 205 4 0 293 4 0 247 4 0 247 4 0 293 4 0 352 4 0 247 4 0 352 4 0 250 4 0 250 4 0 352 4 0 353 4 0 250 4 0 353 4 0 252 4 0 252 4 0 353 4 0 253 4 0 253 4 0 353 4 0 292 4 0 253 4 0 292 4 0 254 4 0 254 4 0 292 4 0 203 4 0 377 4 0 271 4 0 190 4 0 190 4 0 271 4 0 242 4 0 377 4 0 190 4 0 191 4 0 377 4 0 191 4 0 241 4 0 377 4 0 241 4 0 376 4 0 376 4 0 241 4 0 239 4 0 376 4 0 239 4 0 232 4 0 376 4 0 232 4 0 375 4 0 375 4 0 232 4 0 231 4 0 375 4 0 231 4 0 273 4 0 273 4 0 231 4 0 192 4 0 273 4 0 192 4 0 275 4 0 275 4 0 192 4 0 193 4 0 275 4 0 193 4 0 258 4 0 275 4 0 258 4 0 276 4 0 276 4 0 258 4 0 255 4 0 276 4 0 255 4 0 196 4 0 276 4 0 196 4 0 357 4 0 357 4 0 196 4 0 197 4 0 357 4 0 197 4 0 355 4 0 355 4 0 197 4 0 199 4 0 355 4 0 199 4 0 354 4 0 354 4 0 199 4 0 201 4 0 354 4 0 201 4 0 202 4 0 354 4 0 202 4 0 278 4 0 278 4 0 202 4 0 203 4 0 278 4 0 203 4 0 292 4 0 278 4 0 292 4 0 291 4 0 278 4 0 291 4 0 283 4 0 283 4 0 291 4 0 286 4 0 223 236 0 307 236 0 228 236 0 228 236 0 307 236 0 229 236 0 307 1338 0 223 1338 0 224 1338 0 224 1338 0 223 1338 0 225 1338 0 218 336 0 224 336 0 219 336 0 219 336 0 224 336 0 225 336 0 229 1341 0 218 1341 0 228 1341 0 228 1341 0 218 1341 0 219 1341 0 194 236 0 161 1349 0 193 236 0 193 236 0 161 1349 0 258 1350 0 258 1350 0 161 1349 0 255 1351 0 162 1352 0 255 1351 0 161 1349 0 255 1351 0 162 1352 0 196 1353 0 196 1353 0 162 1352 0 213 1354 0 196 1353 0 213 1354 0 197 1355 0 165 1268 0 197 1355 0 213 1354 0 197 1355 0 165 1268 0 199 1348 0 166 1194 0 199 1348 0 165 1268 0 166 1194 0 201 1264 0 199 1348 0 202 1162 0 201 1264 0 166 1194 0 170 1341 0 202 1162 0 166 1194 0 202 1162 0 170 1341 0 203 1356 0 203 1356 0 170 1341 0 254 1357 0 212 1084 0 254 1357 0 170 1341 0 212 1084 0 253 1358 0 254 1357 0 252 1065 0 253 1358 0 212 1084 0 211 1016 0 252 1065 0 212 1084 0 250 1359 0 252 1065 0 211 1016 0 247 1360 0 250 1359 0 211 1016 0 210 878 0 247 1360 0 211 1016 0 247 1360 0 210 878 0 205 1361 0 205 1361 0 210 878 0 175 867 0 209 825 0 205 1361 0 175 867 0 209 825 0 206 824 0 205 1361 0 206 824 0 209 825 0 157 336 0 206 824 0 157 336 0 207 336 0 157 336 0 136 823 0 207 336 0 207 336 0 136 823 0 245 1362 0 245 1362 0 136 823 0 244 1363 0 138 803 0 244 1363 0 136 823 0 244 1363 0 138 803 0 183 1364 0 183 1364 0 138 803 0 139 783 0 183 1364 0 139 783 0 184 675 0 140 544 0 184 675 0 139 783 0 184 675 0 140 544 0 188 631 0 141 451 0 188 631 0 140 544 0 141 451 0 189 452 0 188 631 0 243 446 0 189 452 0 141 451 0 142 1338 0 243 446 0 141 451 0 243 446 0 142 1338 0 242 1365 0 242 1365 0 142 1338 0 190 1366 0 143 300 0 190 1366 0 142 1338 0 143 300 0 191 1367 0 190 1366 0 241 276 0 191 1367 0 143 300 0 144 271 0 241 276 0 143 300 0 239 1368 0 241 276 0 144 271 0 232 1369 0 239 1368 0 144 271 0 145 266 0 232 1369 0 144 271 0 232 1369 0 145 266 0 231 1370 0 231 1370 0 145 266 0 148 264 0 149 242 0 231 1370 0 148 264 0 149 242 0 192 237 0 231 1370 0 192 237 0 149 242 0 194 236 0 192 237 0 194 236 0 193 236 0 225 6 0 223 6 0 219 6 0 219 6 0 223 6 0 228 6 0 101 1269 0 161 1371 0 194 1269 0 103 1328 0 161 1371 0 101 1269 0 161 1371 0 103 1328 0 104 1327 0 161 1371 0 104 1327 0 162 1372 0 104 1327 0 213 1373 0 162 1372 0 105 1324 0 213 1373 0 104 1327 0 213 1373 0 105 1324 0 165 1374 0 105 1324 0 107 1322 0 165 1374 0 165 1374 0 107 1322 0 108 1320 0 165 1374 0 108 1320 0 166 1375 0 109 1316 0 166 1375 0 108 1320 0 166 1375 0 109 1316 0 170 1376 0 109 1316 0 112 1314 0 170 1376 0 170 1376 0 112 1314 0 120 1312 0 170 1376 0 120 1312 0 212 1377 0 121 1310 0 212 1377 0 120 1312 0 212 1377 0 121 1310 0 211 1378 0 121 1310 0 125 1307 0 211 1378 0 211 1378 0 125 1307 0 126 1305 0 211 1378 0 126 1305 0 210 1379 0 126 1305 0 175 1380 0 210 1379 0 179 1303 0 175 1380 0 126 1305 0 175 1380 0 179 1303 0 209 1381 0 179 1303 0 178 1301 0 209 1381 0 177 1299 0 209 1381 0 178 1301 0 157 1299 0 209 1381 0 177 1299 0 177 1299 0 136 1382 0 157 1299 0 87 1298 0 136 1382 0 177 1299 0 136 1382 0 87 1298 0 88 1297 0 136 1382 0 88 1297 0 138 1383 0 88 1297 0 139 1384 0 138 1383 0 91 1294 0 139 1384 0 88 1297 0 139 1384 0 91 1294 0 140 1385 0 91 1294 0 156 1292 0 140 1385 0 140 1385 0 156 1292 0 154 1290 0 140 1385 0 154 1290 0 141 1386 0 153 1286 0 141 1386 0 154 1290 0 141 1386 0 153 1286 0 142 1387 0 153 1286 0 92 1284 0 142 1387 0 142 1387 0 92 1284 0 95 1282 0 142 1387 0 95 1282 0 143 1388 0 96 1280 0 143 1388 0 95 1282 0 143 1388 0 96 1280 0 144 1389 0 96 1280 0 97 1277 0 144 1389 0 144 1389 0 97 1277 0 151 1275 0 144 1389 0 151 1275 0 145 1390 0 151 1275 0 148 1391 0 145 1390 0 150 1273 0 148 1391 0 151 1275 0 148 1391 0 150 1273 0 149 1392 0 150 1273 0 98 1271 0 149 1392 0 101 1269 0 149 1392 0 98 1271 0 194 1269 0 149 1392 0 101 1269 0 95 4 0 92 4 0 153 4 0 95 4 0 153 4 0 154 4 0 95 4 0 154 4 0 96 4 0 96 4 0 154 4 0 156 4 0 96 4 0 156 4 0 45 4 0 96 4 0 45 4 0 46 4 0 45 4 0 156 4 0 44 4 0 44 4 0 156 4 0 91 4 0 44 4 0 91 4 0 42 4 0 42 4 0 91 4 0 83 4 0 83 4 0 91 4 0 88 4 0 83 4 0 88 4 0 84 4 0 84 4 0 88 4 0 87 4 0 84 4 0 87 4 0 41 4 0 41 4 0 87 4 0 177 4 0 41 4 0 177 4 0 85 4 0 85 4 0 177 4 0 178 4 0 85 4 0 178 4 0 61 4 0 61 4 0 178 4 0 67 4 0 67 4 0 178 4 0 179 4 0 67 4 0 179 4 0 72 4 0 72 4 0 179 4 0 126 4 0 72 4 0 126 4 0 73 4 0 73 4 0 126 4 0 125 4 0 73 4 0 125 4 0 75 4 0 75 4 0 125 4 0 121 4 0 75 4 0 121 4 0 76 4 0 97 4 0 96 4 0 46 4 0 97 4 0 46 4 0 47 4 0 97 4 0 47 4 0 81 4 0 97 4 0 81 4 0 151 4 0 151 4 0 81 4 0 49 4 0 151 4 0 49 4 0 150 4 0 150 4 0 49 4 0 50 4 0 150 4 0 50 4 0 98 4 0 98 4 0 50 4 0 51 4 0 98 4 0 51 4 0 101 4 0 101 4 0 51 4 0 80 4 0 101 4 0 80 4 0 35 4 0 101 4 0 35 4 0 103 4 0 103 4 0 35 4 0 38 4 0 103 4 0 38 4 0 104 4 0 104 4 0 38 4 0 39 4 0 104 4 0 39 4 0 105 4 0 105 4 0 39 4 0 79 4 0 105 4 0 79 4 0 107 4 0 107 4 0 79 4 0 78 4 0 107 4 0 78 4 0 77 4 0 107 4 0 77 4 0 108 4 0 108 4 0 77 4 0 76 4 0 108 4 0 76 4 0 121 4 0 108 4 0 121 4 0 120 4 0 108 4 0 120 4 0 109 4 0 109 4 0 120 4 0 112 4 0 22 236 0 58 1349 0 85 236 0 85 236 0 58 1349 0 41 1393 0 41 1393 0 58 1349 0 23 1352 0 41 1393 0 23 1352 0 84 1394 0 23 1352 0 24 1354 0 84 1394 0 84 1394 0 24 1354 0 83 1355 0 25 1268 0 83 1355 0 24 1354 0 25 1268 0 42 1348 0 83 1355 0</p>
				</polylist>
			</mesh>
		</geometry>
	</library_geometries>
	<library_visual_scenes>
		<visual_scene id="ID1">
			<node id="ID2" name="X1-50_摄像头前壳_v1.0__1030103807_.STEP">
				<translate sid="translate">0 0 -0</translate>
				<rotate sid="rotateY">0 1 0 -0</rotate>
				<rotate sid="rotateX">1 0 0 0</rotate>
				<rotate sid="rotateZ">0 0 1 -0</rotate>
				<scale sid="scale">1 1 1</scale>
				<node id="ID3" name="ÇÐ_ý-À_Éì14">
					<translate sid="translate">0 -33.9568 -2.91925</translate>
					<rotate sid="rotateY">0 1 0 -0</rotate>
					<rotate sid="rotateX">1 0 0 0</rotate>
					<rotate sid="rotateZ">0 0 1 -0</rotate>
					<scale sid="scale">1 1 1</scale>
					<instance_geometry url="#ID4"/>
				</node>
			</node>
		</visual_scene>
	</library_visual_scenes>
	<scene>
		<instance_visual_scene url="#ID1"/>
	</scene>
</COLLADA>
