<?xml version="1.0" encoding="UTF-8"?>
<COLLADA xmlns="http://www.collada.org/2008/03/COLLADASchema" version="1.5.0">
	<asset>
		<contributor>
			<authoring_tool>Cinema 4D 2023.103 COLLADA Exporter</authoring_tool>
		</contributor>
		<created>2025-07-30T06:06:06Z</created>
		<modified>2025-07-30T06:06:06Z</modified>
		<unit meter="0.01" name="centimeter"/>
		<up_axis>Y_UP</up_axis>
	</asset>
	<library_geometries>
		<geometry id="ID4">
			<mesh>
				<source id="ID5">
					<float_array id="ID6" count="2109" digits="2490374">2.7 -2.11619e-29 6.61309e-16 -2.65709 1.58476 1.62971 2.56785 -2.66991e-14 0.834346 -1.96422 1.96673 3.97 -2.2316 2.32915 3.90609 1.90919 -6.1094e-14 1.90919 -2.21325 2.5588 3.8656 -1.73678 2.89972 3.80549 0.834346 -8.21713e-14 2.56785 0.422373 -8.53363e-14 2.66676 -4.95982e-16 -8.64e-14 2.7 -0.422373 -8.53363e-14 2.66676 -1.24195 2.48352 3.87887 -1.38252 2.05746 3.954 -1.58702 -6.98991e-14 2.18435 -1.90919 -6.1094e-14 1.90919 -2.18435 -5.07846e-14 1.58702 -1.58196 1.9371 3.97522 -1.73678 1.91296 3.97948 -2.89001 1.73101 1.85356 1.50933 1.96673 3.97 1.33146 2.11633 3.94362 1.24195 2.32915 3.90609 1.2603 2.5588 3.8656 1.38252 2.75521 3.83097 1.96422 2.84594 3.81497 -1.90919 0.15 1.90919 2.2316 2.48352 3.87887 -1.22577 0.15 2.40572 1.89159 1.9371 3.97522 1.73678 1.91296 3.97948 -4.95982e-16 0.15 2.7 -2.50035 1.22043 1.25034 -1.28861 2.73104 4.44449 -1.25176 2.38691 4.50517 1.58702 0.15 2.18435 -1.33616 2.21426 4.53561 2.18435 0.15 1.58702 -1.48099 2.08629 4.55817 2.56785 0.15 0.834346 2.66676 0.15 0.422373 -1.2603 2.25387 3.91937 -3.15557 1.78373 2.01198 -1.33146 2.69634 3.84135 -1.50933 2.84594 3.81497 -2.60952 1.29172 0.867698 -1.92765 2.05435 4.5638 -2.18494 2.29001 4.52225 -1.93747 6.15458e-14 -1.92331 -2.22179 2.63414 4.46157 -1.80915 2.99873 4.39729 -1.89159 2.87557 3.80975 -0.374536 8.6534e-14 -2.70419 -2.09103 2.75521 3.83097 0.126963 8.72658e-14 -2.72706 0.530507 8.56947e-14 -2.67796 -2.14209 2.11633 3.94362 1.63931 6.98565e-14 -2.18302 1.84611 6.43576e-14 -2.01118 -2.65743 1.61967 0.707512 2.26314 4.88574e-14 -1.52679 2.23303 2.57821 4.47143 1.80915 2.02232 4.56945 2.09103 2.05746 3.954 2.21325 2.25387 3.91937 2.14209 2.69634 3.84135 -3.45159 1.75927 2.11672 2.31816 -4.61407e-14 1.4419 1.93747 -6.15458e-14 1.92331 1.5459 2.05435 4.5638 1.38382 2.16037 4.54511 1.28861 2.29001 4.52225 0.374536 -8.6534e-14 2.70419 1.24052 2.44284 4.4953 -0.126963 -8.72658e-14 2.72706 1.25176 2.63414 4.46157 1.33616 2.80679 4.43113 -1.63931 -6.98565e-14 2.18302 -1.84611 -6.43576e-14 2.01118 -2.01134 -5.907e-14 1.84594 1.6644 2.99873 4.39729 1.73678 3.00391 4.39637 1.73678 2.89972 3.80549 -3.58609 1.98154 1.91506 1.58196 2.87557 3.80975 2.68691 8.49916e-15 -0.265599 -2.91856 2.42706 1.36664 -1.6644 2.02232 4.56945 2.29269 4.56337e-14 -1.42605 1.91618 6.08694e-14 -1.90217 -1.24052 2.57821 4.47143 1.44502 7.29847e-14 -2.28077 -1.38382 2.86068 4.42163 0.370421 8.5583e-14 -2.67447 0.105538 8.63342e-14 -2.69794 -1.5459 2.9667 4.40293 -1.73678 3.00391 4.39637 -1.99256 2.93476 4.40857 -2.13739 2.80679 4.43113 -2.23303 2.44284 4.4953 -1.98923 5.84209e-14 -1.82565 -2.08973 2.16037 4.54511 -1.73678 2.01714 4.57037 -2.66547 1.91845 1.04416 -2.7 1.05809e-29 -3.30655e-16 -2.66676 -1.35159e-14 0.422373 -2.56785 -2.66991e-14 0.834346 -2.40572 -3.92248e-14 1.22577 1.99256 2.08629 4.55817 2.13739 2.21426 4.53561 2.22179 2.38691 4.50517 -1.22577 -7.6983e-14 2.40572 -0.834346 -8.21713e-14 2.56785 2.18494 2.73104 4.44449 2.08973 2.86068 4.42163 1.92765 2.9667 4.40293 1.48099 2.93476 4.40857 1.22577 -7.6983e-14 2.40572 1.58702 -6.98991e-14 2.18435 1.73678 2.01714 4.57037 2.18435 -5.07846e-14 1.58702 2.40572 -3.92248e-14 1.22577 -2.86311 2.07835 1.43595 2.66676 -1.35159e-14 0.422373 -3.23009 2.16448 1.71171 4 11.6031 2.88011 4.27247 11.5658 2.88668 -2.67168 1.24812e-14 -0.390038 -2.51704 3.12643e-14 -0.977008 -2.23827 4.83205e-14 -1.51002 4.52432 11.4568 2.90589 -1.82582 6.36504e-14 -1.98907 -1.6213 6.90888e-14 -2.15903 -1.09803 7.89329e-14 -2.46665 -0.524677 8.4753e-14 -2.64853 -0.125567 8.63069e-14 -2.69709 -5 1.75498 4.61659 -5 10.6183 3.05376 0.930413 8.11081e-14 -2.53463 -4.96216 10.8866 3.00644 1.75414 6.56818e-14 -2.05256 -4 11.6031 2.88011 -2.00313 1.14296 1.92749 2.55151 2.82584e-14 -0.883076 2.65436 1.58208e-14 -0.494401 -0.908221 1.53158 2.73763 -0.993403 1.53707 2.70251 -1.08644 1.53586 2.70967 2.2169 1.1246 1.67052 2.56785 0.15 -0.834346 -1.22499 1.5204 2.89765 -1.225 1.5204 2.9 1.90919 0.15 -1.90919 1.58702 0.15 -2.18435 -1.19122 1.52602 3.01123 -1.05663 1.5379 3.09748 -0.963176 1.53663 3.0902 2.56341e-15 0.15 -2.7 -0.834824 1.52219 2.96191 -0.834346 0.15 -2.56785 -1.22577 0.15 -2.40572 -1.35029 1.45805 2.86248 -1.90919 0.15 -1.90919 1.20231 1.52394 2.80748 1.22499 1.5204 2.89765 -1.50375 1.46129 2.86371 0.825 1.5204 2.9 -1.67348 1.46427 2.87131 2.7 0.15 5.46131e-15 0.858781 1.52602 3.01123 0.907486 1.53218 3.06183 2.40572 0.15 1.22577 0.993366 1.5379 3.09748 1.90919 0.15 1.90919 1.08682 1.53663 3.0902 1.22577 0.15 2.40572 0.834346 0.15 2.56785 0.422373 0.15 2.66676 1.16701 1.52934 3.04083 -0.422373 0.15 2.66676 -0.834346 0.15 2.56785 1.21518 1.52219 2.96191 -1.58702 0.15 2.18435 -1.84623 1.4672 2.88654 -2.18435 0.15 1.58702 -2.40572 0.15 1.22577 -2.56785 0.15 0.834346 -2.66676 0.15 0.422373 -2.7 0.15 2.07126e-15 -2.66676 0.15 -0.422373 -2.56785 0.15 -0.834346 -2.40572 0.15 -1.22577 -2.18435 0.15 -1.58702 5 1.48863 3.10603 -1.58702 0.15 -2.18435 -5 1.48863 3.10603 5 1.75498 4.61659 -0.422373 0.15 -2.66676 0.580631 1.45062 2.89932 0.422373 0.15 -2.66676 0.834346 0.15 -2.56785 1.22577 0.15 -2.40572 4.26437 11.0933 0.193954 4.45145 11.0223 0.206478 2.18435 0.15 -1.58702 2.40572 0.15 -1.22577 4.69391 10.8526 0.236387 2.66676 0.15 -0.422373 0.290339 1.45104 2.91034 2.73 -2.01948e-29 7.10543e-16 2.70136 1.26199e-14 -0.394372 2.54501 3.16116e-14 -0.987864 4.87541 10.6196 0.277485 2.01134 5.907e-14 -1.84594 4.93325 10.972 2.99138 4.76923 11.2475 2.9428 1.11023 7.981e-14 -2.49406 -0.00726859 1.4512 2.91358 4 11.1283 0.187776 -0.106711 8.72935e-14 -2.72792 -0.308648 1.45103 2.90989 -0.940751 8.20093e-14 -2.56279 -1.46108 7.37957e-14 -2.30611 -1.77363 6.64116e-14 -2.07536 -4.87473 10.6208 0.27727 -2.31816 4.61407e-14 -1.4419 -2.57986 2.85724e-14 -0.892888 -2.68385 1.59966e-14 -0.499895 -2.71677 8.59359e-15 -0.26855 -4.68914 10.8571 0.235593 -4.42911 11.033 0.204576 -4.12638 11.1204 0.189168 -4.35923 11.5373 2.8917 -4.63897 11.3758 2.92018 -2.3219 0.02 -1.47352 -2.03979 0.02 -1.84439 -1.69911 0.02 -2.16229 -1.17089 0.02 -2.48827 -0.58302 0.02 -2.68749 -0.275995 0.02 -2.73612 0.189915 0.02 -2.74343 -4.85152 11.1346 2.96271 1.23305 0.02 -2.45806 1.75292 0.02 -2.11891 -0.602401 1.45061 2.89826 2.27447 0.02 -1.54573 2.50279 0.02 -1.13953 1.81476 1.46659 2.88321 2.75 0.02 1.31324e-15 1.65384 1.46395 2.87018 -2.75 0.02 -3.70654e-16 -2.73 1.00974e-29 -3.55271e-16 -2.70136 -1.26199e-14 0.394372 -2.54501 -3.16116e-14 0.987864 -2.26314 -4.88574e-14 1.52679 5 10.6183 3.05376 1.4954 1.46114 2.86368 -1.21458 1.52203 2.8363 -1.11023 -7.981e-14 2.49406 -0.530507 -8.56947e-14 2.67796 -1.16574 1.52892 2.7579 0.106711 -8.72935e-14 2.72792 -0.847687 1.52394 2.80748 0.940751 -8.20093e-14 2.56279 1.46108 -7.37957e-14 2.30611 1.77363 -6.64116e-14 2.07536 -0.825014 1.5204 2.89765 -0.825 1.5204 2.9 2.57986 -2.85724e-14 0.892888 2.68385 -1.59966e-14 0.499895 2.71677 -8.59359e-15 0.26855 -0.825 1.45557 2.9 -0.879496 1.39318 2.76279 2.73243 0.02 0.310355 2.64081 0.02 0.767226 -1.09643 1.39391 2.71317 2.3219 0.02 1.47352 -1.17314 1.42635 2.76563 1.3379 1.45782 2.86275 1.17089 0.02 2.48827 0.58302 0.02 2.68749 0.275995 0.02 2.73612 -0.855917 1.47537 3.00682 -0.882989 1.52934 3.04083 -1.14251 1.53218 3.06183 -1.75292 0.02 2.11891 -1.98085 0.02 1.90755 -1.19408 1.47538 3.00682 -2.50279 0.02 1.13953 -2.68749 0.02 0.58302 -1.17889 1.41933 2.74517 -2.75 6.05 1.93599e-13 -1.33406 1.42994 2.73212 -2.61541 6.05 -0.849797 0.825014 1.5204 2.89765 0.835415 1.52203 2.8363 -1.94454 6.05 -1.94454 0.884261 1.52892 2.7579 -1.24847 6.05 -2.45027 0.963559 1.53586 2.70967 -0.430195 6.05 -2.71614 -1.38963e-15 6.05 -2.75 1.0566 1.53707 2.70251 0.849797 6.05 -2.61541 1.14178 1.53158 2.73763 0.868499 1.4004 2.77547 1.94454 6.05 -1.94454 0.829703 1.44063 2.85695 2.45027 6.05 -1.24847 -1.48873 1.44076 2.72319 2.71614 6.05 -0.430195 1.04403 1.48743 3.09909 1.19408 1.47538 3.00682 2.68749 0.02 -0.58302 1.225 1.46178 2.9 1.225 1.5204 2.9 1.98085 0.02 -1.90755 0.855917 1.47538 3.00682 -1.65883 1.45146 2.71921 0.650372 0.02 -2.67199 -5 2.0514 1.86962 -5 1.75499 2.12174 -5 1.55484 2.45546 -5 1.47656 2.77615 5 1.49266 2.66759 5 1.6282 2.30282 5 1.87333 2.0006 -2.47336 0.02 -1.20207 -2.64081 0.02 -0.767226 -2.73243 0.02 -0.310355 5 2.14791 1.81737 -1.83185 1.46035 2.72259 0.1 0.675 -2.74818 3.67805 2.46202 1.71588 0.033029 0.76938 -2.7498 3.63745 2.15427 1.81429 -0.0676492 0.748648 -2.74917 2.85058 1.51924 2.55879 2.70699 1.49934 2.63568 1.84162 1.47537 3.00682 1.35686 1.47536 3.00681 -0.033029 0.18062 -2.7498 1.12984 1.48289 3.07032 0.937196 1.48428 3.07967 0.0917176 0.235079 -2.74847 0.1 0.275 -2.74818 -2.19289 1.47396 2.75551 0.181347 1.47539 3.0069 2.75 6.05 1.93262e-13 -0.920159 1.48289 3.07032 -1.00597 1.48743 3.09909 2.69723 2.28837 0.536119 -1.11281 1.48428 3.07967 -1.84162 1.47537 3.00682 -2.06248 1.47073 2.92563 -2.28091 1.47196 2.83635 -2.44106 1.47772 2.76524 1.49657 0.999924 2.30711 1.09644 0.999947 2.52197 0.545009 1.00017 2.69545 0.171062 1.00012 2.74467 -2.59474 1.48812 2.69218 -2.74672 1.50418 2.61489 -1.10821 0.999946 2.51682 -3.21102 1.61128 2.33349 -3.6448 2.18967 1.79815 -2.17656 0.999993 1.68079 -3.67805 2.46202 1.71588 -2.78707 6.87618 0.429831 -2.5001 7.56305 0.308718 -2.04206 8.15315 0.204668 -1.4443 8.60608 0.124804 -0.747737 8.89085 0.0745907 -1.91863e-14 8.98799 0.0574618 0.747737 8.89085 0.0745907 1.4443 8.60608 0.124804 2.04206 8.15315 0.204668 2.5001 7.56305 0.308718 -2.27447 0.02 1.54573 2.78707 6.87618 0.429831 -3.14087 7.03212 0.774005 -1.23305 0.02 2.45806 -0.650372 0.02 2.67199 -0.189915 0.02 2.74343 -2.81747 7.80619 0.637517 -2.30128 8.47119 0.520259 -1.62764 8.98162 0.430256 1.69911 0.02 2.16229 2.03979 0.02 1.84439 -0.842657 9.30254 0.373669 2.47336 0.02 1.20207 -2.10996e-14 9.41202 0.354366 0.842657 9.30254 0.373669 -2.38983 1.4761 2.78068 1.62764 8.98162 0.430256 -2.74955 6.05 0.0497164 2.30128 8.47119 0.520259 2.81747 7.80619 0.637517 3.14087 7.03212 0.774005 -2.22748 7.64597 -0.231697 -1.94729 7.97019 -0.288865 0.860169 1.4027 2.78044 -1.15081 8.5177 -0.38546 -0.65557 8.6882 -0.41547 3.7323 6.58766 0.988417 3.62709 7.17072 0.885608 -0.170679 8.76107 -0.428319 3.47268 7.62747 0.805072 0.176925 8.76068 -0.42825 3.31802 7.9548 0.747355 2.6651 8.83246 0.592599 2.23044 9.20329 0.527211 1.27629 8.4569 -0.374686 1.64225 8.23025 -0.33472 0.209241 9.92194 0.400495 2.24433 7.62279 -0.227609 2.46557 7.25701 -0.163112 2.62585 6.86161 -0.0933914 -0.0586017 9.92724 0.39956 2.74955 6.05 0.0497164 -0.524056 9.89144 0.405872 -2.15888 9.25418 0.518238 2.61541 6.05 -0.849797 -2.94767 8.51721 0.648186 2.2248 6.05 -1.61641 -3.15988 8.22282 0.700096 1.61641 6.05 -2.2248 1.24847 6.05 -2.45027 -3.42173 7.74489 0.784366 0.430195 6.05 -2.71614 -3.61089 7.22961 0.875225 -3.71541 6.73134 0.963083 -0.849797 6.05 -2.61541 -3.48677 6.21837 1.01789 -1.61641 6.05 -2.2248 -3.22507 6.19949 0.906095 -2.2248 6.05 -1.61641 -2.45027 6.05 -1.24847 -1.61885 8.25012 -0.320145 -2.71614 6.05 -0.430195 0.576602 1.39414 2.81116 -2.54388 6.81964 -0.706259 -2.23727 6.81964 -1.4017 -1.74523 6.81964 -1.98099 -1.10857 6.81964 -2.39609 -0.380016 6.81964 -2.61261 0.380016 6.81964 -2.61261 1.10857 6.81964 -2.39609 1.74523 6.81964 -1.98099 2.23727 6.81964 -1.4017 2.54388 6.81964 -0.706259 -2.23468 7.52777 -0.620414 -1.96533 7.52777 -1.23132 -1.5331 7.52777 -1.7402 -0.973824 7.52777 -2.10484 -0.333825 7.52777 -2.29505 0.333825 7.52777 -2.29505 0.973824 7.52777 -2.10484 1.5331 7.52777 -1.7402 1.96533 7.52777 -1.23132 2.23468 7.52777 -0.620414 -1.74686 8.11779 -0.484982 -1.53632 8.11779 -0.962536 -1.19844 8.11779 -1.36033 -0.761246 8.11779 -1.64537 -0.260954 8.11779 -1.79406 0.260954 8.11779 -1.79406 0.761246 8.11779 -1.64537 1.19844 8.11779 -1.36033 1.53632 8.11779 -0.962536 1.74686 8.11779 -0.484982 -0.984511 8.54254 -0.616817 -0.76799 8.54254 -0.871732 -0.487826 8.54254 -1.0544 -0.167226 8.54254 -1.14968 0.167226 8.54254 -1.14968 0.487826 8.54254 -1.0544 0.76799 8.54254 -0.871732 0.984511 8.54254 -0.616817 -0.1 0.675 -2.72 -0.1 0.675 -2.74818 -0.0917176 0.714921 -2.74847 -1.25051 8.47296 -0.359437 -0.023396 0.772228 -2.7499 -0.851255 8.63618 -0.388219 0.082568 0.731415 -2.74876 -1.11525e-14 8.76923 -0.411678 0.1 0.675 -2.72 2.22736 7.64897 -0.214147 0.0587785 0.755902 -2.72 2.61697 6.89183 -0.0806419 -0.0309017 0.770106 -2.72 2.74939 6.05309 0.0672499 2.89787 6.14368 0.583684 0.294236 1.3895 2.83007 3.11252 6.18585 0.826709 3.39016 6.21317 0.986671 -0.00721306 1.38795 2.83613 -0.1 0.275 -2.72 -0.312827 1.38973 2.82931 4.96835 10.3893 0.318083 -4 11.1283 0.187776 -4.97934 10.3427 0.326305 0.0676492 0.201352 -2.74917 0.023396 0.177772 -2.7499 -5 10.1435 0.361424 -0.082568 0.218585 -2.74876 -0.1 0.275 -2.74818 -5 2.46202 1.71588 -0.0891007 0.229601 -2.72 -2.62117 8.87548 0.585014 -2.41361 9.06091 0.552318 -1.84619 9.44904 0.48388 -1.20409 9.7321 0.433967 0.515413 9.89263 0.405662 -0.598451 1.39462 2.80927 0.1 0.275 -2.72 1.20009 9.73344 0.433732 1.83859 9.45326 0.483135 2.43995 9.03887 0.556203 3.02604 8.41548 0.666124 3.74939 6.22365 1.0526 3.68791 6.90132 0.933111 5 2.46202 1.71588 5 10.1435 0.361424 2.91912 2.42715 1.36729 2.75164 2.38501 1.09497 2.68206 2.33658 0.806509 2.37784 1.47618 2.77912 2.73423 4.16017 0.294084 -0.0587785 0.194098 -2.72 -0.0156434 0.176231 -2.72 2.78459 6.09865 0.326244 0.0309017 0.179894 -2.72 0.0707107 0.204289 -2.72 0.0951057 0.244098 -2.72 2.08401 1.47067 2.74246 3.33913 4.32288 1.30765 2.98503 4.28562 1.05798 2.77151 4.22374 0.68423 0.0891007 0.720399 -2.72 0.0156434 0.773769 -2.72 -0.0707107 0.745711 -2.72 -0.0951057 0.705902 -2.72 3.16465 2.45481 1.57293 3.42295 2.46494 1.68173 1.80031 1.45884 2.72157 -2.71692 6.47453 -0.0251405 3.56779 1.93835 1.9468 3.45159 1.75927 2.11672 3.22276 1.78489 2.04152 -2.61712 6.88878 -0.0981839 -2.45262 7.28251 -0.167608 -1.61895 8.24715 -0.337701 2.50019 1.20757 1.23909 -0.401273 8.7373 -0.424124 2.63103 1.41471 0.800107 2.68193 1.9204 0.608066 1.63936 1.45031 2.71977 2.58948 1.53931 1.21026 2.77907 1.78511 1.57039 3.14316 1.91316 1.84808 2.66573 1.92017 1.04353 2.86338 2.07973 1.43544 3.23039 2.16567 1.71122 -0.283692 8.75185 -0.426661 3.3209 1.66138 2.24811 3.12831 1.58266 2.39085 0.00312949 8.76629 -0.429239 0.275421 8.75268 -0.426805 2.5441 1.48411 2.7168 2.19412 1.47064 2.87289 0.377149 8.7407 -0.424727 1.67874 1.47539 3.00684 1.51785 1.47538 3.00682 0.811182 8.64576 -0.408036 1.27579 1.47537 3.00681 1.96761 7.9499 -0.285287 2.72121 6.44634 -0.0201696 1.1835 1.43131 2.77802 1.07247 1.3852 2.70572 1.00787 1.36919 2.70073 0.945425 1.3688 2.71652 2.71676 6.4776 -0.00760268 2.45248 7.28553 -0.150062 0.825 1.45558 2.9 1.94717 7.97317 -0.271312 0.503517 1.47538 3.00683 1.61885 8.25012 -0.320145 -0.134985 1.47538 3.00688 -0.45331 1.47538 3.00682 1.25051 8.47296 -0.359437 0.851255 8.63618 -0.388219 -0.839392 1.42685 2.82548 0.430954 8.73576 -0.405777 -0.926045 1.37307 2.7262 -0.993315 1.36777 2.70251 -0.430954 8.73576 -0.405777 -1.94717 7.97317 -0.271312 -1.225 1.46177 2.9 -2.22736 7.64897 -0.214147 -1.35689 1.47536 3.00681 -1.51785 1.47538 3.00682 -1.67871 1.47539 3.00684 -2.45248 7.28553 -0.150062 -2.61697 6.89183 -0.0806419 -2.71676 6.4776 -0.00760268 -2.74939 6.05309 0.0672499 -2.77151 4.22374 0.68423 -2.98503 4.28562 1.05798 -2.902 1.52815 2.52987 -3.33913 4.32288 1.30765 1.48077 1.44025 2.72414 -3.41424 2.46483 1.67937 -3.14817 2.45361 1.56289 -2.75844 2.38762 1.11118 -2.53493 1.39656 1.4163 -2.68278 2.33799 0.81464 -2.53117 1 1.07503 -2.4266 0.999989 1.29388 -2.69723 2.28837 0.536119 -1.86545 1.00001 2.02054 -1.50739 0.999911 2.30006 -2.73243 4.03482 0.31035 -0.666753 1.00009 2.66795 -0.206103 1.00009 2.74227 -2.81614 6.11526 0.421057 -2.97872 6.16304 0.694932 -3.74939 6.22365 1.0526 -3.16104 1.95087 1.82298 1.85588 1 2.02934 2.2395 0.999788 1.59598 2.53124 1 1.07487 -2.79583 1.82909 1.54585 2.56794 1.46669 1.48999 2.68563 1.61138 1.66469 2.937 1.74655 1.88701 -2.60477 1.59638 1.17933 1.32227 1.42918 2.73358 2.37409 1.03889 1.39325 1.16306 1.41838 2.74718 -2.38193 1.05395 1.38441 2.99462 1.59346 2.34613 2.3538 1.23704 1.59976 2.51067 1.38201 1.53543 -2.53706 1.41698 1.52171 -2.36533 1.24653 1.59494 -2.18625 1.09579 1.69262 1.82578 1.01774 2.05695 2.06983 1.1843 1.88978 2.35231 1.33699 1.78319 2.51342 1.4372 1.74279 2.65309 1.56403 1.70722 -2.66317 1.5753 1.70448 -2.54448 1.46117 1.73524 -2.36404 1.34344 1.78006 -2.17284 1.2425 1.84241 -1.85147 1.03703 2.03564 1.354 1.01807 2.39387 1.49548 1.08071 2.31537 1.63881 1.14765 2.23881 1.78818 1.2167 2.16818 2.06231 1.32799 2.07252 2.35167 1.42758 2.01686 2.51693 1.48943 1.99855 2.6743 1.56166 1.98327 2.93395 1.7135 1.94876 -2.81702 1.64039 1.96673 -2.68641 1.56794 1.98204 -2.55023 1.50363 1.99531 -2.36321 1.43188 2.01531 -2.1702 1.36616 2.04701 -1.81808 1.22994 2.15549 -1.65682 1.15612 2.22961 -1.50306 1.08421 2.31113 -1.3654 1.02293 2.38757 -3.17652 1.62106 2.31311 -2.86093 1.57307 2.3595 -2.71507 1.54978 2.36481 -2.56778 1.52539 2.36329 -2.37338 1.49363 2.35737 -2.1771 1.46256 2.35622 -1.81329 1.39733 2.38795 -1.6408 1.35951 2.41872 -1.47205 1.31871 2.45673 -1.32093 1.28115 2.49611 -1.17307 1.24554 2.53835 -0.892456 1.1873 2.62197 -0.608565 1.14494 2.69224 -0.313736 1.1186 2.73782 -0.00751217 1.10932 2.75421 0.295133 1.11753 2.73966 0.587079 1.14249 2.69647 0.874223 1.18415 2.62712 1.15792 1.24205 2.54362 1.30972 1.27828 2.50033 1.46456 1.31667 2.45977 1.6217 1.35491 2.42362 1.78192 1.39086 2.39339 2.06726 1.44434 2.36068 2.36162 1.4915 2.35702 2.53251 1.51939 2.36224 2.70177 1.54756 2.36481</float_array>
					<technique_common>
						<accessor count="703" source="#ID6" stride="3">
							<param name="X" type="float"/>
							<param name="Y" type="float"/>
							<param name="Z" type="float"/>
						</accessor>
					</technique_common>
				</source>
				<source id="ID7">
					<float_array id="ID8" count="2061" digits="2490374">1 0 -0 0.987688 0 -0.156406 0.951031 0 -0.308969 0.890969 0 -0.453969 0.809 0 -0.587781 0.707094 0 -0.707094 0.587781 0 -0.809 0.453969 0 -0.890969 0.308969 0 -0.951031 0.156406 0 -0.987688 0 0 -1 -0.156406 0 -0.987688 -0.308969 0 -0.951031 -0.453969 0 -0.890969 -0.587781 0 -0.809 -0.707094 0 -0.707094 -0.809 0 -0.587781 -0.890969 0 -0.453969 -0.951031 0 -0.308969 -0.987688 0 -0.156406 -1 0 -0 0 -1 -0 -0.995094 0 0.0983438 -0.987688 0 0.156406 -0.983063 0 0.183094 -0.951031 0 0.308969 -0.944969 0 0.327031 -0.890969 0 0.453969 -0.849125 0 0.528125 -0.809 0 0.587781 -0.709656 0 0.7045 -0.707094 0 0.707094 -0.649625 0 0.760188 -0.587781 0 0.809 -0.535156 0 0.844719 -0.453969 0 0.890969 -0.344594 0 0.93875 -0.308969 0 0.951031 -0.137156 0 0.990531 -0.156406 0 0.987688 -0.0390625 0 0.999219 0 0 1 0.0465 0 0.998906 0.156406 0 0.987688 0.194281 0 0.980906 0.308969 0 0.951031 0.406625 0 0.913531 0.453969 0 0.890969 0.587781 0 0.809 0.600469 0 0.799594 0.676188 0 0.736656 0.707094 0 0.707094 0.73675 0 0.676125 0.809 0 0.587781 0.828969 0 0.559219 0.890969 0 0.453969 0.932187 0 0.361844 0.951031 0 0.308969 0.989469 0 0.144438 0.987688 0 0.156406 0.707094 -0.707094 -0 0.699656 -0.707094 -0.102094 0.691031 -0.707094 -0.149875 0.659156 -0.707094 -0.255844 0.643531 -0.707094 -0.293 0.586125 -0.707094 -0.395438 0.584813 -0.707094 -0.397438 0.509313 -0.707094 -0.490438 0.520938 -0.707094 -0.478063 0.478125 -0.707094 -0.520906 0.450719 -0.707094 -0.544813 0.424563 -0.707094 -0.565406 0.317031 -0.707094 -0.632031 0.287531 -0.707094 -0.645938 0.167187 -0.707094 -0.687031 0.137375 -0.707094 -0.693594 0.0488125 -0.707094 -0.705375 0.032875 -0.707094 -0.706281 -0.027625 -0.707094 -0.706563 -0.0709063 -0.707094 -0.703531 -0.097 -0.707094 -0.700406 -0.149875 -0.707094 -0.691031 -0.243625 -0.707094 -0.66375 -0.301031 -0.707094 -0.63975 -0.378406 -0.707094 -0.597313 -0.436844 -0.707094 -0.555969 -0.459344 -0.707094 -0.537531 -0.501813 -0.707094 -0.498125 -0.524469 -0.707094 -0.474219 -0.600375 -0.707094 -0.373469 -0.597 -0.707094 -0.378844 -0.635938 -0.707094 -0.309063 -0.668156 -0.707094 -0.23125 -0.679 -0.707094 -0.197219 -0.695094 -0.707094 -0.129469 -0.702563 -0.707094 -0.07975 -0.703656 -0.707094 -0.0695 -0.707094 -0.707094 -0 -0.699656 -0.707094 0.102094 -0.691031 -0.707094 0.149875 -0.659156 -0.707094 0.255844 -0.643531 -0.707094 0.293 -0.586125 -0.707094 0.395438 -0.584813 -0.707094 0.397438 -0.509313 -0.707094 0.490438 -0.520938 -0.707094 0.478063 -0.478125 -0.707094 0.520906 -0.450719 -0.707094 0.544813 -0.424563 -0.707094 0.565406 -0.317031 -0.707094 0.632031 -0.287531 -0.707094 0.645938 -0.167187 -0.707094 0.687031 -0.137375 -0.707094 0.693594 -0.0488125 -0.707094 0.705375 -0.032875 -0.707094 0.706281 0.027625 -0.707094 0.706563 0.0709063 -0.707094 0.703531 0.097 -0.707094 0.700406 0.149875 -0.707094 0.691031 0.243625 -0.707094 0.66375 0.301031 -0.707094 0.63975 0.378406 -0.707094 0.597313 0.436844 -0.707094 0.555969 0.459344 -0.707094 0.537531 0.501813 -0.707094 0.498125 0.524469 -0.707094 0.474219 0.600375 -0.707094 0.373469 0.597 -0.707094 0.378844 0.635938 -0.707094 0.309063 0.668156 -0.707094 0.23125 0.679 -0.707094 0.197219 0.695094 -0.707094 0.129469 0.702563 -0.707094 0.07975 0.703656 -0.707094 0.0695 0.977219 0 -0.211969 0.910062 0 -0.414375 0.827031 0 -0.562063 0.72025 0 -0.693594 0.637375 0 -0.7705 0.448344 0 -0.893781 0.236437 0 -0.971594 0.0690313 0 -0.997594 0.0333438 0 -0.999438 0.0245938 0 -0.999656 0.0363125 0 -0.999313 0.0085 0 -0.999906 -0.012 0 -0.999875 0.0299687 0 -0.999531 0.012 0 -0.999875 -0.0085 0 -0.999906 -0.100313 0 -0.994906 -0.0299687 0 -0.999531 -0.0363125 0 -0.999313 -0.0245938 0 -0.999656 -0.0333438 0 -0.999438 -0.211969 0 -0.977219 -0.425719 0 -0.904813 -0.617813 0 -0.78625 -0.741719 0 -0.670656 -0.844281 0 -0.535781 -0.899406 0 -0.437094 -0.960281 0 -0.278969 -0.993594 0 -0.112844 -0.977219 0 0.211969 -0.999781 0 0.0180625 -0.993594 0 0.112844 -0.980781 0 0.194906 -0.966313 0 0.25725 -0.948875 0 0.315469 -0.910062 0 0.414375 -0.920375 0 0.390875 -0.882375 0 0.470469 -0.827031 0 0.562063 -0.791438 0 0.611188 -0.72025 0 0.693594 -0.678344 0 0.734688 -0.637375 0 0.7705 -0.548125 0 0.836344 -0.448344 0 0.893781 -0.402969 0 0.915156 -0.242406 0 0.970156 -0.236437 0 0.971594 -0.0749375 0 0.997156 -0.0690313 0 0.997594 0.0621875 0 0.998031 0.100313 0 0.994906 0.198156 0 0.980125 0.211969 0 0.977219 0.398688 0 0.917063 0.425719 0 0.904813 0.544156 0 0.838938 0.617813 0 0.78625 0.674812 0 0.737938 0.741719 0 0.670656 0.814344 0 0.580312 0.844281 0 0.535781 0.920438 0 0.390812 0.899406 0 0.437094 0.960281 0 0.278969 0.956688 0 0.290938 0.97525 0 0.221062 0.993594 0 0.112844 0.980781 0 0.194906 0.994219 0 0.106906 0.999781 0 0.0180625 0.294969 0.943875 -0.148375 0.358 0.906344 -0.224281 0.464063 0.875188 -0.136219 0.279219 0.906344 -0.316938 0.137125 0.978406 -0.154406 0.177375 0.906344 -0.383406 0.100094 0.98275 -0.155188 0.0643125 0.985656 -0.155687 0.0607813 0.906344 -0.418063 0.00109375 0.987719 -0.156031 -0.0607813 0.906344 -0.418063 -0.0620313 0.985844 -0.15575 -0.177375 0.906344 -0.383406 -0.103156 0.982437 -0.155125 -0.279219 0.906344 -0.316938 -0.145906 0.977188 -0.154188 -0.358 0.906344 -0.224281 -0.238344 0.959312 -0.151063 0.597125 0.792813 -0.121688 0.635188 0.751906 -0.176344 0.715469 0.690844 -0.103719 0.558656 0.751906 -0.349969 0.43575 0.751906 -0.494656 0.276781 0.751906 -0.598281 0.094875 0.751906 -0.652344 -0.094875 0.751906 -0.652344 -0.276781 0.751906 -0.598281 -0.43575 0.751906 -0.494656 -0.558656 0.751906 -0.349969 -0.635188 0.751906 -0.176344 -0.418438 0.897344 -0.140156 -0.588656 0.798906 -0.12275 0.816063 0.571906 -0.08275 0.812594 0.537313 -0.225562 0.896563 0.438906 -0.0593125 0.714625 0.537313 -0.44775 0.557469 0.537313 -0.632781 0.354094 0.537313 -0.765375 0.121375 0.537313 -0.834531 -0.121375 0.537313 -0.834531 -0.354094 0.537313 -0.765375 -0.557469 0.537313 -0.632781 -0.714625 0.537313 -0.44775 -0.812594 0.537313 -0.225562 -0.708094 0.698219 -0.105031 -0.809969 0.580312 -0.08425 0.954844 0.295125 -0.0339063 0.925 0.279813 -0.256813 0.989531 0.144094 -0.00728125 0.813531 0.279813 -0.509656 0.634625 0.279813 -0.720344 0.403094 0.279813 -0.871281 0.138156 0.279813 -0.95 -0.138156 0.279813 -0.95 -0.403094 0.279813 -0.871281 -0.634625 0.279813 -0.720344 -0.813531 0.279813 -0.509656 -0.925 0.279813 -0.256813 -0.951625 0.305 -0.0356563 -0.891813 0.448125 -0.0609375 -0.987938 0.154375 -0.00909375 -0.890969 -0.453969 -0 -0.825625 -0.564125 -0 -0.587781 -0.809 -0 -0.330281 -0.943812 -0 -0.156406 -0.987688 -0 0.233938 -0.972219 -0 0.308969 -0.951031 -0 0.676437 -0.736406 -0 0.916875 -0.399063 -0 0.951031 -0.308969 -0 0.890969 0.453969 -0 0.825625 0.564125 -0 0.587781 0.809 -0 0.330281 0.943812 -0 0.156406 0.987688 -0 -0.233938 0.972219 -0 -0.308969 0.951031 -0 -0.676437 0.736406 -0 -0.707094 0.707094 -0 -0.916875 0.399063 -0 -0.951031 0.308969 -0 0 0.173625 0.984781 0.956875 -0.0679375 -0.282375 0.995969 -0.0481875 -0.0754063 0.999969 -0.00303125 0.00053125 0.96475 -0.0485937 -0.258438 0.851469 -0.093625 -0.515844 0.926406 -0.096625 -0.363875 0.743344 -0.129781 -0.656125 0.636813 -0.135844 -0.758875 0.758875 -0.13875 -0.636156 0.389188 -0.167094 -0.905813 0.513344 -0.166375 -0.841812 0.359188 -0.163156 -0.918844 0.255094 -0.176563 -0.950625 0 -0.173625 -0.984781 0.254312 -0.176531 -0.950844 0.409219 -0.4235 -0.808156 3.125e-05 -0.430438 -0.902562 0.51525 -0.166344 -0.840688 0.77625 -0.3375 -0.532344 0.758344 -0.138812 -0.636813 0.925781 -0.09675 -0.365375 0.973938 -0.178062 -0.140344 0.996063 -0.0480938 -0.0744375 0.975219 0 0.221188 0.980812 0 0.194719 6.25e-05 -0.610125 -0.792281 0.407687 -0.648938 -0.642344 0 -0.759219 -0.650719 0.771781 -0.520844 -0.364625 0.961375 -0.275094 -0.0045 0.956688 0 0.290906 0.228344 -0.784938 -0.575906 0.516469 -0.746312 -0.419688 0.766375 -0.611094 -0.197844 0.884 -0.466781 -0.0253125 0.951688 -0.206594 0.227031 0.920438 0 0.390781 0.853063 -0.134813 0.504 0.951187 -0.208375 0.227437 0.920156 0.001625 0.391438 -0.916188 -0.397438 0.050875 -0.834 -0.543844 0.0925 -0.848625 -0.179688 0.497438 -0.950625 -0.221062 0.217688 -0.664375 -0.633 0.397344 -0.79175 0.00115625 0.610781 -0.750656 -0.305531 0.585719 -0.678375 0.0004375 0.734688 0.663156 -0.625094 0.411656 0.793938 -0.58375 0.169781 0.884094 -0.466563 -0.0241875 0.612719 -0.770719 0.174719 -0.794375 -0.584938 -0.1635 -0.73 -0.672719 -0.12025 -0.641031 -0.757344 0.124375 -0.5205 -0.775469 0.357188 -0.559156 -0.650906 0.513344 0.674906 0.0005 0.737844 0.663094 -0.0423438 0.747281 0.616719 -0.513781 0.596313 0.730656 -0.394906 0.556813 0.814188 -0.0028125 0.580531 0.518438 -0.772656 0.36625 0.765938 -0.611406 -0.198594 0.725125 -0.681594 -0.0975625 0.451063 -0.892125 -0.0243125 -0.561719 -0.730656 -0.387906 -0.477313 -0.853312 -0.2095 -0.454531 -0.889844 -0.0388438 -0.401469 -0.908969 0.111906 -0.34725 -0.899188 0.265938 -0.371406 -0.839156 0.397281 -0.649906 -0.397781 0.647563 -0.669344 -0.0922813 0.737156 -0.514094 -0.552063 0.656375 -0.548063 -0.0004375 0.836344 -0.545812 -0.348281 0.762031 -0.532781 -0.163813 0.830156 -0.495594 -0.0376563 0.867719 -0.402875 0.00109375 0.915219 0.544156 -0.0003125 0.838938 0.531375 -0.157063 0.832375 0.546625 -0.326594 0.771031 0.491781 -0.0295312 0.870188 0.524063 -0.516563 0.677063 0.410406 -0.779594 0.472969 0.346219 -0.897219 0.273969 0.388656 -0.910156 0.143219 0.514719 -0.746719 -0.421219 0.465156 -0.804219 -0.369844 0.228406 -0.785875 -0.574562 -0.0365313 -0.893844 -0.446813 -0.295625 -0.784406 -0.545156 0.0001875 -0.758969 -0.651062 -0.134438 -0.964063 -0.228938 -0.158781 -0.978406 -0.131906 -0.165031 -0.985219 -0.0445938 -0.155219 -0.986437 0.0524688 -0.160688 -0.975875 0.147656 -0.239781 -0.89325 0.380125 -0.292625 -0.805031 0.515906 -0.329094 -0.687906 0.646781 -0.345187 -0.56325 0.750656 -0.346344 -0.433969 0.831656 -0.242375 0.00084375 0.970156 -0.306094 -0.237094 0.921969 -0.214844 -0.150469 0.964938 -0.109594 -0.0999375 0.988906 -0.0749063 0.00025 0.997156 -0.00253125 -0.0792188 0.996844 0.062125 0.00040625 0.998031 0.103156 -0.0970313 0.989906 0.198188 0.00059375 0.980125 0.20725 -0.144781 0.967469 0.300344 -0.22925 0.925844 0.398594 0.001 0.917094 0.343344 -0.423969 0.838 0.344594 -0.555656 0.756594 0.330594 -0.683219 0.651031 0.29925 -0.793375 0.530031 0.251719 -0.879438 0.403844 0.175156 -0.962188 0.208469 0.155344 -0.986094 0.0585938 0.164687 -0.986 -0.02525 0.1605 -0.97925 -0.12325 0.0985625 -0.941469 -0.322313 0.001 -0.907 -0.421 0.00071875 -0.84125 -0.540594 -0.0001875 -0.758969 -0.651062 -0.0010625 -0.883219 -0.468906 -0.00025 -0.952031 -0.305813 -0.00021875 -0.971906 -0.235188 -3.125e-05 -0.985219 -0.171062 3.125e-05 -0.993875 -0.110281 -0.0028125 -0.995875 -0.0906563 -0.0293125 -0.999 -0.032875 -0.0445938 -0.998 0.0444375 -0.0570313 -0.993031 0.102906 -0.0743125 -0.980125 0.183906 -0.0870313 -0.959281 0.268594 -0.0943438 -0.928594 0.358813 -0.1345 -0.862469 0.487844 -0.0795625 -0.939969 0.331688 -0.166781 -0.768531 0.617625 -0.150469 -0.765031 0.626094 -0.114188 -0.809875 0.575281 -0.0813125 -0.730375 0.678125 -0.0420938 -0.643469 0.764219 -0.0009375 -0.608938 0.793156 0.0397813 -0.639875 0.767375 0.0788125 -0.723063 0.686219 0.096625 -0.831656 0.54675 0.100844 -0.827344 0.552469 0.0370312 -0.925094 0.377906 0.158094 -0.757906 0.632812 0.165281 -0.776031 0.608594 0.14675 -0.835063 0.530156 0.0946563 -0.924375 0.369406 0.0875937 -0.956937 0.276625 0.0748125 -0.979125 0.188938 0.058875 -0.991969 0.111625 0.0465 -0.9975 0.0528125 0.0350313 -0.999344 -0.0083125 0.00515625 -0.996188 -0.0864375 0 -0.988563 -0.150656 -0.00040625 -0.99975 -0.0209688 9.375e-05 -0.975906 -0.217937 0.0004375 -0.959437 -0.281781 -0.0003125 -0.998688 -0.050875 -0.0144687 -0.998688 0.0485 -0.0109063 -0.997187 0.0735625 -0.016875 -0.993813 0.109563 -0.0227187 -0.987938 0.152875 -0.0140313 -0.986313 0.16425 -0.058375 -0.892125 0.447969 -0.0189375 -0.928813 0.369938 -0.0093125 -0.909375 0.415844 -0.00025 -0.902 0.431625 0.00875 -0.9085 0.41775 0.0183438 -0.927094 0.374219 0.017 -0.958844 0.283344 0.0705 -0.948438 0.308844 0.023 -0.987375 0.156656 0.0170313 -0.993563 0.11175 0.0112813 -0.996938 0.0772813 0.0132813 -0.998469 0.0525625 0.0004375 -0.995969 0.0890938 0.00021875 -0.99975 0.0219688 -0.0004375 -0.995969 0.0890938 0.000125 -0.99575 0.09175 -0.0001875 -0.995844 0.0907812 3.125e-05 -0.995844 0.090875 9.375e-05 -0.995844 0.0908438 -0.0171875 -0.958844 0.283281 0 -0.995844 0.0909375 0 -0.995844 0.0909688 0 -0.995844 0.09075 0 -0.995875 0.0906563 -9.375e-05 -0.995844 0.0909375 0.0140938 -0.986313 0.164062 -9.375e-05 -0.995844 0.0908438 -3.125e-05 -0.995844 0.090875 0.0001875 -0.995844 0.09075 -0.000125 -0.99575 0.0916875 -0.882375 -0.0028125 0.470469 -0.92025 0.001625 0.391219 -0.295938 -0.783719 -0.545969 -0.408719 -0.614812 -0.674438 -6.25e-05 -0.574094 -0.818781 -0.561719 -0.730594 -0.388 -0.773938 -0.493031 -0.397281 -0.794469 -0.584719 -0.163719 -0.964969 -0.260344 -0.0307813 -0.91675 -0.396375 0.0494375 -0.951406 -0.220031 0.215188 -0.409281 -0.424313 -0.807719 -3.125e-05 -0.400531 -0.916219 -0.77625 -0.338156 -0.531906 -0.973938 -0.17825 -0.140156 -0.26375 -0.176406 -0.94825 -0.529844 -0.16525 -0.831813 -0.759438 -0.138688 -0.635531 -0.919594 -0.09925 -0.380094 -0.995219 -0.049625 -0.0835625 -0.999969 -0.00303125 0.00053125 -0.956875 -0.0679375 -0.282375 -0.993594 0 0.112719 -0.995219 -0.0495938 -0.0835625 -0.933219 -0.06525 -0.353219 -0.743344 -0.129781 -0.656125 -0.770625 -0.113031 -0.627125 -0.759438 -0.138625 -0.635531 -0.524281 -0.149438 -0.838281 -0.389188 -0.167094 -0.905813 -0.529844 -0.165219 -0.831813 -0.262563 -0.168344 -0.950063 0.988125 0.151281 -0.026625 0.951813 0.301906 -0.0531875 0.892 0.445125 -0.0784375 0.810094 0.577344 -0.10175 0.708188 0.695219 -0.122594 0.58875 0.795969 -0.140344 0.454781 0.877031 -0.154594 0.309563 0.936406 -0.165063 0.294969 0.943875 -0.148344 0.156687 0.972625 -0.171469 0 0.984781 -0.173625 -0.103156 0.982437 -0.155156 -0.156687 0.972625 -0.171469 -0.309563 0.936406 -0.165063 -0.418438 0.897344 -0.140125 -0.454781 0.877031 -0.154594 -0.58875 0.795969 -0.140344 -0.708188 0.695219 -0.122594 -0.810094 0.577344 -0.10175 -0.892 0.445125 -0.0784375 -0.951813 0.301906 -0.0531875 -0.988125 0.151281 -0.026625 -0.837094 0.13175 -0.530906 -0.750844 0.338031 -0.567281 -0.613281 0.515281 -0.598531 -0.43375 0.651281 -0.6225 -0.224531 0.736844 -0.637594 0 0.766031 -0.642781 0.224531 0.736844 -0.637594 0.43375 0.651281 -0.6225 0.613281 0.515281 -0.598531 0.750844 0.338031 -0.567281 0.837094 0.13175 -0.530906 -0.483281 -0.0241563 -0.875094 -0.433531 0.094875 -0.896062 -0.354094 0.197219 -0.914156 -0.250406 0.27575 -0.927969 -0.129656 0.325125 -0.936719 0 0.342 -0.939656 0.129656 0.325125 -0.936719 0.250406 0.27575 -0.927969 0.354094 0.197219 -0.914156 0.433531 0.094875 -0.896062 0.483281 -0.0241563 -0.875094 0 -0.988375 0.151656 0 -0.985781 0.167812 0 -0.989563 0.143875 0 -0.994812 -0.10125 0 -0.984781 0.173625 0 -0.999687 0.0232813 0 -0.998688 -0.0510313 0 -0.993875 -0.110312 0 -0.985219 -0.171188 0 -0.971844 -0.235594 0 -0.981438 -0.191656 0 -0.999781 -0.020625 0 -0.988563 -0.150688 0 -0.975812 -0.218313 0 -0.929594 -0.368469 0 -0.951813 -0.306469 0 -0.882594 -0.470094 0 -0.868469 -0.495688 0 -0.959281 -0.282375 0 -0.906438 -0.422281 0 -0.840813 -0.541219 0 -0.762781 -0.646563 0 -0.574 -0.818781 0 -0.515813 -0.856656 0 -0.664156 -0.7475 0 -0.61 -0.792313 0 -0.435375 -0.900187 0 -0.400594 -0.916219 0 -0.430063 -0.90275 0.845375 0 -0.534063 0.831062 0 -0.556094 0.439063 0 -0.898438 0.587563 0 -0.809125 0.158125 0 -0.987406 -0.0950937 0 -0.995438 -0.309063 0 -0.950969 -0.524188 0 -0.851562 -0.710031 0 -0.704094 -0.845375 0 -0.534063 -0.950844 0 -0.3095 -0.999875 0 0.0117188 -0.886563 0 0.462594 -0.583875 0 0.811813 -0.792437 0 0.609875 -0.157937 0 0.987406 -0.237312 0 0.971375 0.0855938 0 0.996281 0.307156 0 0.951594 0.703656 0 0.7105 0.397875 0 0.917406 0.7825 0 0.622594 0.976531 0 0.21525 0.947906 0 0.318437 0.999875 0 0.0117188 -0.927938 0 0.372594 -0.7275 0 0.686063 -0.494781 0 0.869 -0.158375 0 0.987312 0.357125 0 0.934 0.740656 0 0.671781 -0.126375 0.976875 -0.17225 -0.359188 0.919031 -0.162 -0.429062 0.8895 -0.156844 -0.689125 0.713562 -0.125813 -0.638969 0.7575 -0.133563 -0.851469 0.516344 -0.0910313 -0.874687 0.47725 -0.0840937 -0.962125 0.268313 -0.0473125 -0.979281 0.199156 -0.0350938 0.968313 0.24575 -0.0433125 0.93325 0.353719 -0.062375 0.875406 0.476 -0.0839375 0.693875 0.709063 -0.125 0.769188 0.629219 -0.110906 0.524281 0.838531 -0.147813 0.451438 0.878688 -0.154938 0.272438 0.9475 -0.167063 0.264313 0.94975 -0.167469 0 -0.999969 0.002 0 -0.998438 0.0558437 0 -0.995094 0.0987813 0 -0.992188 0.1245 0 -0.98975 0.14275 0 -0.985875 0.167375 0 -0.984781 0.17375 0 -0.986531 -0.163438 0 -0.990219 -0.139125 0 -0.985438 -0.169656 0 -0.992531 -0.1215 0 -0.996875 -0.0784063 0 -0.998563 -0.0533438 0.453969 0.877469 -0.154719 0.380937 0.9105 -0.160531 0.7045 0.698875 -0.123219 0.809 0.578844 -0.102063 0.894531 0.440094 -0.0775938 0.987688 0.154 -0.0271563 0.990531 0.135063 -0.0238125 0.951031 -0.304281 0.0536563 0.968094 -0.246688 0.0434688 0.799594 -0.591344 0.104219 0.707094 -0.696344 0.12275 0.5105 -0.846781 0.14925 0.308969 -0.936594 0.165094 0.144438 -0.974469 0.171813 -0.453969 -0.877469 0.154719 -0.380937 -0.9105 0.160531 -0.7045 -0.698875 0.123219 -0.809 -0.578844 0.102063 -0.894531 -0.440094 0.0775938 -0.987688 -0.154 0.0271563 -0.990531 -0.135063 0.0238125 -0.951031 0.304281 -0.0536563 -0.968094 0.246688 -0.0434688 -0.799594 0.591344 -0.104219 -0.707094 0.696344 -0.12275 -0.5105 0.846781 -0.14925 -0.308969 0.936594 -0.165094 -0.144438 0.974469 -0.171813</float_array>
					<technique_common>
						<accessor count="687" source="#ID8" stride="3">
							<param name="X" type="float"/>
							<param name="Y" type="float"/>
							<param name="Z" type="float"/>
						</accessor>
					</technique_common>
				</source>
				<source id="ID9">
					<float_array id="ID10" count="2" digits="2490374">0 1</float_array>
					<technique_common>
						<accessor count="1" source="#ID10" stride="2">
							<param name="S" type="float"/>
							<param name="T" type="float"/>
						</accessor>
					</technique_common>
				</source>
				<vertices id="ID11">
					<input semantic="POSITION" source="#ID5"/>
				</vertices>
				<polylist count="1402">
					<input offset="0" semantic="VERTEX" source="#ID11" set="0"/>
					<input offset="1" semantic="NORMAL" source="#ID7" set="0"/>
					<input offset="2" semantic="TEXCOORD" source="#ID9" set="0"/>
					<vcount>3 3 3 3 3 3 3 3 3 3 3 3 3 3 3 3 3 3 3 3 3 3 3 3 3 3 3 3 3 3 3 3 3 3 3 3 3 3 3 3 3 3 3 3 3 3 3 3 3 3 3 3 3 3 3 3 3 3 3 3 3 3 3 3 3 3 3 3 3 3 3 3 3 3 3 3 3 3 3 3 3 3 3 3 3 3 3 3 3 3 3 3 3 3 3 3 3 3 3 3 3 3 3 3 3 3 3 3 3 3 3 3 3 3 3 3 3 3 3 3 3 3 3 3 3 3 3 3 3 3 3 3 3 3 3 3 3 3 3 3 3 3 3 3 3 3 3 3 3 3 3 3 3 3 3 3 3 3 3 3 3 3 3 3 3 3 3 3 3 3 3 3 3 3 3 3 3 3 3 3 3 3 3 3 3 3 3 3 3 3 3 3 3 3 3 3 3 3 3 3 3 3 3 3 3 3 3 3 3 3 3 3 3 3 3 3 3 3 3 3 3 3 3 3 3 3 3 3 3 3 3 3 3 3 3 3 3 3 3 3 3 3 3 3 3 3 3 3 3 3 3 3 3 3 3 3 3 3 3 3 3 3 3 3 3 3 3 3 3 3 3 3 3 3 3 3 3 3 3 3 3 3 3 3 3 3 3 3 3 3 3 3 3 3 3 3 3 3 3 3 3 3 3 3 3 3 3 3 3 3 3 3 3 3 3 3 3 3 3 3 3 3 3 3 3 3 3 3 3 3 3 3 3 3 3 3 3 3 3 3 3 3 3 3 3 3 3 3 3 3 3 3 3 3 3 3 3 3 3 3 3 3 3 3 3 3 3 3 3 3 3 3 3 3 3 3 3 3 3 3 3 3 3 3 3 3 3 3 3 3 3 3 3 3 3 3 3 3 3 3 3 3 3 3 3 3 3 3 3 3 3 3 3 3 3 3 3 3 3 3 3 3 3 3 3 3 3 3 3 3 3 3 3 3 3 3 3 3 3 3 3 3 3 3 3 3 3 3 3 3 3 3 3 3 3 3 3 3 3 3 3 3 3 3 3 3 3 3 3 3 3 3 3 3 3 3 3 3 3 3 3 3 3 3 3 3 3 3 3 3 3 3 3 3 3 3 3 3 3 3 3 3 3 3 3 3 3 3 3 3 3 3 3 3 3 3 3 3 3 3 3 3 3 3 3 3 3 3 3 3 3 3 3 3 3 3 3 3 3 3 3 3 3 3 3 3 3 3 3 3 3 3 3 3 3 3 3 3 3 3 3 3 3 3 3 3 3 3 3 3 3 3 3 3 3 3 3 3 3 3 3 3 3 3 3 3 3 3 3 3 3 3 3 3 3 3 3 3 3 3 3 3 3 3 3 3 3 3 3 3 3 3 3 3 3 3 3 3 3 3 3 3 3 3 3 3 3 3 3 3 3 3 3 3 3 3 3 3 3 3 3 3 3 3 3 3 3 3 3 3 3 3 3 3 3 3 3 3 3 3 3 3 3 3 3 3 3 3 3 3 3 3 3 3 3 3 3 3 3 3 3 3 3 3 3 3 3 3 3 3 3 3 3 3 3 3 3 3 3 3 3 3 3 3 3 3 3 3 3 3 3 3 3 3 3 3 3 3 3 3 3 3 3 3 3 3 3 3 3 3 3 3 3 3 3 3 3 3 3 3 3 3 3 3 3 3 3 3 3 3 3 3 3 3 3 3 3 3 3 3 3 3 3 3 3 3 3 3 3 3 3 3 3 3 3 3 3 3 3 3 3 3 3 3 3 3 3 3 3 3 3 3 3 3 3 3 3 3 3 3 3 3 3 3 3 3 3 3 3 3 3 3 3 3 3 3 3 3 3 3 3 3 3 3 3 3 3 3 3 3 3 3 3 3 3 3 3 3 3 3 3 3 3 3 3 3 3 3 3 3 3 3 3 3 3 3 3 3 3 3 3 3 3 3 3 3 3 3 3 3 3 3 3 3 3 3 3 3 3 3 3 3 3 3 3 3 3 3 3 3 3 3 3 3 3 3 3 3 3 3 3 3 3 3 3 3 3 3 3 3 3 3 3 3 3 3 3 3 3 3 3 3 3 3 3 3 3 3 3 3 3 3 3 3 3 3 3 3 3 3 3 3 3 3 3 3 3 3 3 3 3 3 3 3 3 3 3 3 3 3 3 3 3 3 3 3 3 3 3 3 3 3 3 3 3 3 3 3 3 3 3 3 3 3 3 3 3 3 3 3 3 3 3 3 3 3 3 3 3 3 3 3 3 3 3 3 3 3 3 3 3 3 3 3 3 3 3 3 3 3 3 3 3 3 3 3 3 3 3 3 3 3 3 3 3 3 3 3 3 3 3 3 3 3 3 3 3 3 3 3 3 3 3 3 3 3 3 3 3 3 3 3 3 3 3 3 3 3 3 3 3 3 3 3 3 3 3 3 3 3 3 3 3 3 3 3 3 3 3 3 3 3 3 3 3 3 3 3 3 3 3 3 3 3 3 3 3 3 3 3 3 3 3 3 3 3 3 3 3 3 3 3 3 3 3 3 3 3 3 3 3 3 3 3 3 3 3 3 3 3 3 3 3 3 3 3 3 3 3 3 3 3 3 3 3 3 3 3 3 3 3 3 3 3 3 3 3 3 3 3 3 3 3 3 3 3 3 3 3 3 3 3 3 3 3 3 3 3 3 3 3 3 3 3 3 3 3 3 3 3 3 3 3 3 3 3 3 3 3 3 3 3 3 3 3 3 3 3 3 3 3 3 3 3 3 3 3 3 3 3 3 3 3 3 3 3 3 3 3 3 3 3 3 3 3 3 3 3 3 3 3 3 3 3 3 3 3 3 3 3 3 3 3 3 3 3 3 3 3 3 3 3 3 3 3 3 3 3 3 3 3 3 3 3 3 3 3 3 3 3 3 3 3 3 3 3 3 3 3 3 3 3 3 3 3 3 3 3 3 3 3 3 3 3 3 3 3 3 3 3 3 3 3 3 3 3 3 3 3 3 3 3 3 3 3 3 3 3 3 3 3 3 3 3 3 3 3 3 3 3 3 3 3 3 3 3 3 3 3 3 3 3 3 3 3 3 3 3 3 3 3 3 3 3 3 3 3 3 3 3 3 3 3 3 3 3 3 3 3 3 3 3 3 3 3 3 3 3 3 3 3 3</vcount>
					<p>187 1 0 104 0 0 188 0 0 187 1 0 105 1 0 104 0 0 186 2 0 105 1 0 187 1 0 106 2 0 105 1 0 186 2 0 185 3 0 106 2 0 186 2 0 185 3 0 107 3 0 106 2 0 184 4 0 107 3 0 185 3 0 16 4 0 107 3 0 184 4 0 26 5 0 16 4 0 184 4 0 26 5 0 15 5 0 16 4 0 182 6 0 15 5 0 26 5 0 14 6 0 15 5 0 182 6 0 28 7 0 14 6 0 182 6 0 28 7 0 111 7 0 14 6 0 180 8 0 111 7 0 28 7 0 112 8 0 111 7 0 180 8 0 179 9 0 112 8 0 180 8 0 179 9 0 11 9 0 112 8 0 31 10 0 11 9 0 179 9 0 10 10 0 11 9 0 31 10 0 177 11 0 10 10 0 31 10 0 177 11 0 9 11 0 10 10 0 176 12 0 9 11 0 177 11 0 8 12 0 9 11 0 176 12 0 175 13 0 8 12 0 176 12 0 175 13 0 117 13 0 8 12 0 35 14 0 117 13 0 175 13 0 118 14 0 117 13 0 35 14 0 173 15 0 118 14 0 35 14 0 173 15 0 5 15 0 118 14 0 37 16 0 5 15 0 173 15 0 120 16 0 5 15 0 37 16 0 171 17 0 120 16 0 37 16 0 171 17 0 121 17 0 120 16 0 39 18 0 121 17 0 171 17 0 2 18 0 121 17 0 39 18 0 40 19 0 2 18 0 39 18 0 40 19 0 123 19 0 2 18 0 168 20 0 123 19 0 40 19 0 0 20 0 123 19 0 168 20 0 210 21 0 209 21 0 270 21 0 210 21 0 270 21 0 0 21 0 0 21 0 270 21 0 269 21 0 0 21 0 269 21 0 123 21 0 123 21 0 269 21 0 268 21 0 123 21 0 268 21 0 2 21 0 121 21 0 2 21 0 268 21 0 268 21 0 67 21 0 121 21 0 121 21 0 67 21 0 120 21 0 120 21 0 67 21 0 68 21 0 120 21 0 68 21 0 5 21 0 5 21 0 68 21 0 265 21 0 5 21 0 265 21 0 118 21 0 118 21 0 265 21 0 264 21 0 118 21 0 264 21 0 117 21 0 117 21 0 264 21 0 263 21 0 117 21 0 263 21 0 8 21 0 8 21 0 263 21 0 72 21 0 8 21 0 72 21 0 9 21 0 9 21 0 72 21 0 10 21 0 10 21 0 72 21 0 261 21 0 10 21 0 261 21 0 74 21 0 10 21 0 74 21 0 11 21 0 11 21 0 74 21 0 259 21 0 11 21 0 259 21 0 112 21 0 112 21 0 259 21 0 258 21 0 112 21 0 258 21 0 111 21 0 111 21 0 258 21 0 77 21 0 111 21 0 77 21 0 14 21 0 14 21 0 77 21 0 15 21 0 15 21 0 77 21 0 78 21 0 15 21 0 78 21 0 79 21 0 15 21 0 79 21 0 16 21 0 16 21 0 79 21 0 254 21 0 16 21 0 254 21 0 107 21 0 107 21 0 254 21 0 253 21 0 107 21 0 253 21 0 106 21 0 106 21 0 253 21 0 252 21 0 106 21 0 252 21 0 105 21 0 105 21 0 252 21 0 104 21 0 211 21 0 210 21 0 144 21 0 144 21 0 210 21 0 85 21 0 85 21 0 210 21 0 0 21 0 211 21 0 144 21 0 143 21 0 211 21 0 143 21 0 88 21 0 211 21 0 88 21 0 60 21 0 60 21 0 88 21 0 89 21 0 60 21 0 89 21 0 213 21 0 213 21 0 89 21 0 58 21 0 58 21 0 89 21 0 140 21 0 58 21 0 140 21 0 57 21 0 57 21 0 140 21 0 91 21 0 57 21 0 91 21 0 216 21 0 216 21 0 91 21 0 138 21 0 216 21 0 138 21 0 55 21 0 55 21 0 138 21 0 93 21 0 55 21 0 93 21 0 54 21 0 54 21 0 93 21 0 94 21 0 54 21 0 94 21 0 219 21 0 219 21 0 94 21 0 135 21 0 219 21 0 135 21 0 52 21 0 52 21 0 135 21 0 134 21 0 52 21 0 134 21 0 221 21 0 221 21 0 134 21 0 133 21 0 221 21 0 133 21 0 222 21 0 222 21 0 133 21 0 132 21 0 222 21 0 132 21 0 223 21 0 223 21 0 132 21 0 131 21 0 223 21 0 131 21 0 48 21 0 48 21 0 131 21 0 100 21 0 48 21 0 100 21 0 225 21 0 225 21 0 100 21 0 129 21 0 225 21 0 129 21 0 128 21 0 225 21 0 128 21 0 226 21 0 226 21 0 128 21 0 127 21 0 226 21 0 127 21 0 227 21 0 227 21 0 127 21 0 104 21 0 227 21 0 104 21 0 228 21 0 228 21 0 104 21 0 252 21 0 228 21 0 252 21 0 251 21 0 168 20 0 85 22 0 0 20 0 207 23 0 85 22 0 168 20 0 207 23 0 144 24 0 85 22 0 149 25 0 144 24 0 207 23 0 144 24 0 149 25 0 143 26 0 205 27 0 143 26 0 149 25 0 205 27 0 88 28 0 143 26 0 204 29 0 88 28 0 205 27 0 88 28 0 204 29 0 89 30 0 152 31 0 89 30 0 204 29 0 152 31 0 140 32 0 89 30 0 153 33 0 140 32 0 152 31 0 140 32 0 153 33 0 91 34 0 201 35 0 91 34 0 153 33 0 201 35 0 138 36 0 91 34 0 200 37 0 138 36 0 201 35 0 138 36 0 200 37 0 93 38 0 200 37 0 199 39 0 93 38 0 199 39 0 94 40 0 93 38 0 157 41 0 94 40 0 199 39 0 94 40 0 157 41 0 135 42 0 197 43 0 135 42 0 157 41 0 197 43 0 134 44 0 135 42 0 159 45 0 134 44 0 197 43 0 134 44 0 159 45 0 133 46 0 160 47 0 133 46 0 159 45 0 194 48 0 133 46 0 160 47 0 133 46 0 194 48 0 132 49 0 194 48 0 131 50 0 132 49 0 162 51 0 131 50 0 194 48 0 162 51 0 100 52 0 131 50 0 192 53 0 100 52 0 162 51 0 100 52 0 192 53 0 129 54 0 191 55 0 129 54 0 192 53 0 191 55 0 128 56 0 129 54 0 190 57 0 128 56 0 191 55 0 128 56 0 190 57 0 127 58 0 190 57 0 189 59 0 127 58 0 188 0 0 127 58 0 189 59 0 104 0 0 127 58 0 188 0 0 197 21 0 157 21 0 199 21 0 197 21 0 199 21 0 200 21 0 197 21 0 200 21 0 159 21 0 159 21 0 200 21 0 201 21 0 159 21 0 201 21 0 160 21 0 160 21 0 201 21 0 153 21 0 160 21 0 153 21 0 194 21 0 194 21 0 153 21 0 162 21 0 162 21 0 153 21 0 152 21 0 162 21 0 152 21 0 204 21 0 162 21 0 204 21 0 192 21 0 192 21 0 204 21 0 205 21 0 192 21 0 205 21 0 191 21 0 191 21 0 205 21 0 149 21 0 191 21 0 149 21 0 190 21 0 190 21 0 149 21 0 207 21 0 190 21 0 207 21 0 189 21 0 189 21 0 207 21 0 188 21 0 188 21 0 207 21 0 168 21 0 188 21 0 168 21 0 40 21 0 188 21 0 40 21 0 187 21 0 187 21 0 40 21 0 186 21 0 186 21 0 40 21 0 39 21 0 186 21 0 39 21 0 171 21 0 186 21 0 171 21 0 185 21 0 185 21 0 171 21 0 37 21 0 185 21 0 37 21 0 184 21 0 184 21 0 37 21 0 173 21 0 184 21 0 173 21 0 26 21 0 26 21 0 173 21 0 35 21 0 26 21 0 35 21 0 182 21 0 182 21 0 35 21 0 28 21 0 28 21 0 35 21 0 175 21 0 28 21 0 175 21 0 176 21 0 28 21 0 176 21 0 180 21 0 180 21 0 176 21 0 177 21 0 180 21 0 177 21 0 179 21 0 179 21 0 177 21 0 31 21 0 210 61 0 248 60 0 209 60 0 210 61 0 313 62 0 248 60 0 313 62 0 210 61 0 211 63 0 313 62 0 211 63 0 246 64 0 60 65 0 246 64 0 211 63 0 60 65 0 245 66 0 246 64 0 245 66 0 60 65 0 316 67 0 60 65 0 213 68 0 316 67 0 58 69 0 316 67 0 213 68 0 58 69 0 243 70 0 316 67 0 57 71 0 243 70 0 58 69 0 243 70 0 57 71 0 242 72 0 57 71 0 216 73 0 242 72 0 242 72 0 216 73 0 319 74 0 216 73 0 55 75 0 319 74 0 55 75 0 240 76 0 319 74 0 54 77 0 240 76 0 55 75 0 240 76 0 54 77 0 219 78 0 240 76 0 219 78 0 239 79 0 52 80 0 239 79 0 219 78 0 52 80 0 238 81 0 239 79 0 238 81 0 52 80 0 221 82 0 238 81 0 221 82 0 237 83 0 222 84 0 237 83 0 221 82 0 237 83 0 222 84 0 236 85 0 222 84 0 223 86 0 236 85 0 48 87 0 236 85 0 223 86 0 48 87 0 235 88 0 236 85 0 235 88 0 48 87 0 225 89 0 235 88 0 225 89 0 234 90 0 225 89 0 327 91 0 234 90 0 226 92 0 327 91 0 225 89 0 327 91 0 226 92 0 328 93 0 227 94 0 328 93 0 226 92 0 227 94 0 329 95 0 328 93 0 228 96 0 329 95 0 227 94 0 251 97 0 329 95 0 228 96 0 250 97 0 329 95 0 251 97 0 252 98 0 250 97 0 251 97 0 252 98 0 289 99 0 250 97 0 289 99 0 252 98 0 253 100 0 289 99 0 253 100 0 288 101 0 254 102 0 288 101 0 253 100 0 254 102 0 378 103 0 288 101 0 378 103 0 254 102 0 286 104 0 254 102 0 79 105 0 286 104 0 78 106 0 286 104 0 79 105 0 78 106 0 285 107 0 286 104 0 77 108 0 285 107 0 78 106 0 285 107 0 77 108 0 381 109 0 77 108 0 258 110 0 381 109 0 381 109 0 258 110 0 382 111 0 258 110 0 259 112 0 382 111 0 259 112 0 383 113 0 382 111 0 74 114 0 383 113 0 259 112 0 383 113 0 74 114 0 261 115 0 383 113 0 261 115 0 281 116 0 72 117 0 281 116 0 261 115 0 72 117 0 280 118 0 281 116 0 280 118 0 72 117 0 263 119 0 280 118 0 263 119 0 279 120 0 264 121 0 279 120 0 263 119 0 279 120 0 264 121 0 387 122 0 264 121 0 265 123 0 387 122 0 68 124 0 387 122 0 265 123 0 68 124 0 388 125 0 387 122 0 388 125 0 68 124 0 67 126 0 388 125 0 67 126 0 276 127 0 67 126 0 390 128 0 276 127 0 268 129 0 390 128 0 67 126 0 390 128 0 268 129 0 274 130 0 269 131 0 274 130 0 268 129 0 269 131 0 273 132 0 274 130 0 270 133 0 273 132 0 269 131 0 209 60 0 273 132 0 270 133 0 248 60 0 273 132 0 209 60 0 248 0 0 313 134 0 348 0 0 348 0 0 313 134 0 310 1 0 310 1 0 313 134 0 422 2 0 246 135 0 422 2 0 313 134 0 422 2 0 246 135 0 308 3 0 308 3 0 246 135 0 245 136 0 308 3 0 245 136 0 424 4 0 316 137 0 424 4 0 245 136 0 424 4 0 316 137 0 306 5 0 306 5 0 316 137 0 243 138 0 306 5 0 243 138 0 426 6 0 242 139 0 426 6 0 243 138 0 426 6 0 242 139 0 427 7 0 427 7 0 242 139 0 303 8 0 319 140 0 303 8 0 242 139 0 503 143 0 344 142 0 240 141 0 240 141 0 344 142 0 345 144 0 504 145 0 503 143 0 240 141 0 341 146 0 504 145 0 240 141 0 303 8 0 319 140 0 429 9 0 429 9 0 319 140 0 240 141 0 429 9 0 240 141 0 301 10 0 301 10 0 240 141 0 332 144 0 332 144 0 240 141 0 345 144 0 301 10 0 332 144 0 485 147 0 301 10 0 485 147 0 334 148 0 483 149 0 301 10 0 334 148 0 239 150 0 341 146 0 240 141 0 341 146 0 239 150 0 506 151 0 506 151 0 239 150 0 507 152 0 507 152 0 239 150 0 480 152 0 301 10 0 483 149 0 300 11 0 300 11 0 483 149 0 336 153 0 300 11 0 336 153 0 481 154 0 300 11 0 481 154 0 480 152 0 300 11 0 480 152 0 239 150 0 300 11 0 239 150 0 238 155 0 300 11 0 238 155 0 432 12 0 237 156 0 432 12 0 238 155 0 432 12 0 237 156 0 298 13 0 434 14 0 298 13 0 237 156 0 236 157 0 434 14 0 237 156 0 434 14 0 236 157 0 296 15 0 296 15 0 236 157 0 235 158 0 296 15 0 235 158 0 436 16 0 234 159 0 436 16 0 235 158 0 436 16 0 234 159 0 437 17 0 437 17 0 234 159 0 327 160 0 437 17 0 327 160 0 293 18 0 328 161 0 293 18 0 327 160 0 293 18 0 328 161 0 439 19 0 439 19 0 328 161 0 329 162 0 439 19 0 329 162 0 291 20 0 291 20 0 329 162 0 250 20 0 250 20 0 289 163 0 291 20 0 291 20 0 289 163 0 395 164 0 395 164 0 289 163 0 623 165 0 623 165 0 289 163 0 620 166 0 620 166 0 289 163 0 59 167 0 45 168 0 59 167 0 289 163 0 288 169 0 45 168 0 289 163 0 45 168 0 288 169 0 618 170 0 618 170 0 288 169 0 619 171 0 619 171 0 288 169 0 378 172 0 619 171 0 378 172 0 366 173 0 286 174 0 366 173 0 378 172 0 366 173 0 286 174 0 621 175 0 621 175 0 286 174 0 285 176 0 622 177 0 621 175 0 285 176 0 381 178 0 622 177 0 285 176 0 622 177 0 381 178 0 363 179 0 624 180 0 363 179 0 381 178 0 382 181 0 624 180 0 381 178 0 624 180 0 382 181 0 625 182 0 625 182 0 382 181 0 383 183 0 360 184 0 625 182 0 383 183 0 281 185 0 360 184 0 383 183 0 360 184 0 281 185 0 359 186 0 359 186 0 281 185 0 280 187 0 358 188 0 359 186 0 280 187 0 279 189 0 358 188 0 280 187 0 358 188 0 279 189 0 357 190 0 387 191 0 357 190 0 279 189 0 357 190 0 387 191 0 630 192 0 630 192 0 387 191 0 388 193 0 631 194 0 630 192 0 388 193 0 276 195 0 631 194 0 388 193 0 631 194 0 276 195 0 632 196 0 632 196 0 276 195 0 390 197 0 274 198 0 632 196 0 390 197 0 632 196 0 274 198 0 556 199 0 556 199 0 274 198 0 557 200 0 557 200 0 274 198 0 273 201 0 557 200 0 273 201 0 351 202 0 351 202 0 273 201 0 529 203 0 529 203 0 273 201 0 248 0 0 529 203 0 248 0 0 419 204 0 419 204 0 248 0 0 348 0 0 412 207 0 478 206 0 575 205 0 575 205 0 478 206 0 477 208 0 575 205 0 477 208 0 572 209 0 572 209 0 477 208 0 476 210 0 572 209 0 476 210 0 569 211 0 569 211 0 476 210 0 408 212 0 476 210 0 475 213 0 408 212 0 408 212 0 475 213 0 568 214 0 475 213 0 474 215 0 568 214 0 568 214 0 474 215 0 406 216 0 474 215 0 473 217 0 406 216 0 406 216 0 473 217 0 565 218 0 473 217 0 472 219 0 565 218 0 565 218 0 472 219 0 555 220 0 472 219 0 471 221 0 555 220 0 555 220 0 471 221 0 403 222 0 577 225 0 470 224 0 413 223 0 413 223 0 470 224 0 469 226 0 413 223 0 469 226 0 412 207 0 412 207 0 469 226 0 478 206 0 469 226 0 468 227 0 478 206 0 478 206 0 468 227 0 477 208 0 468 227 0 467 228 0 477 208 0 477 208 0 467 228 0 476 210 0 467 228 0 466 229 0 476 210 0 476 210 0 466 229 0 475 213 0 466 229 0 465 230 0 475 213 0 475 213 0 465 230 0 474 215 0 465 230 0 464 231 0 474 215 0 474 215 0 464 231 0 473 217 0 464 231 0 463 232 0 473 217 0 473 217 0 463 232 0 472 219 0 463 232 0 462 233 0 472 219 0 472 219 0 462 233 0 471 221 0 462 233 0 461 234 0 471 221 0 403 222 0 471 221 0 402 235 0 471 221 0 461 234 0 402 235 0 402 235 0 461 234 0 553 236 0 416 239 0 460 238 0 415 237 0 415 237 0 460 238 0 577 225 0 577 225 0 460 238 0 470 224 0 460 238 0 459 240 0 470 224 0 470 224 0 459 240 0 469 226 0 459 240 0 458 241 0 469 226 0 469 226 0 458 241 0 468 227 0 458 241 0 457 242 0 468 227 0 468 227 0 457 242 0 467 228 0 457 242 0 456 243 0 467 228 0 467 228 0 456 243 0 466 229 0 456 243 0 455 244 0 466 229 0 466 229 0 455 244 0 465 230 0 455 244 0 454 245 0 465 230 0 465 230 0 454 245 0 464 231 0 454 245 0 453 246 0 464 231 0 464 231 0 453 246 0 463 232 0 453 246 0 452 247 0 463 232 0 463 232 0 452 247 0 462 233 0 452 247 0 451 248 0 462 233 0 462 233 0 451 248 0 461 234 0 553 236 0 461 234 0 400 249 0 461 234 0 451 248 0 400 249 0 399 250 0 400 249 0 451 248 0 578 253 0 450 252 0 417 251 0 417 251 0 450 252 0 416 239 0 416 239 0 450 252 0 460 238 0 450 252 0 449 254 0 460 238 0 460 238 0 449 254 0 459 240 0 449 254 0 448 255 0 459 240 0 459 240 0 448 255 0 458 241 0 448 255 0 447 256 0 458 241 0 458 241 0 447 256 0 457 242 0 447 256 0 446 257 0 457 242 0 457 242 0 446 257 0 456 243 0 446 257 0 445 258 0 456 243 0 456 243 0 445 258 0 455 244 0 445 258 0 444 259 0 455 244 0 455 244 0 444 259 0 454 245 0 444 259 0 443 260 0 454 245 0 454 245 0 443 260 0 453 246 0 443 260 0 442 261 0 453 246 0 453 246 0 442 261 0 452 247 0 442 261 0 441 262 0 452 247 0 452 247 0 441 262 0 451 248 0 551 263 0 451 248 0 441 262 0 399 250 0 451 248 0 552 264 0 551 263 0 552 264 0 451 248 0 578 253 0 419 204 0 348 0 0 578 253 0 348 0 0 310 1 0 578 253 0 310 1 0 450 252 0 422 2 0 450 252 0 310 1 0 450 252 0 422 2 0 449 254 0 449 254 0 422 2 0 308 3 0 424 4 0 449 254 0 308 3 0 449 254 0 424 4 0 448 255 0 448 255 0 424 4 0 306 5 0 426 6 0 448 255 0 306 5 0 448 255 0 426 6 0 447 256 0 447 256 0 426 6 0 427 7 0 303 8 0 447 256 0 427 7 0 447 256 0 303 8 0 446 257 0 446 257 0 303 8 0 429 9 0 301 10 0 446 257 0 429 9 0 446 257 0 301 10 0 445 258 0 300 11 0 445 258 0 301 10 0 445 258 0 300 11 0 444 259 0 444 259 0 300 11 0 432 12 0 298 13 0 444 259 0 432 12 0 444 259 0 298 13 0 443 260 0 443 260 0 298 13 0 434 14 0 296 15 0 443 260 0 434 14 0 443 260 0 296 15 0 442 261 0 442 261 0 296 15 0 436 16 0 437 17 0 442 261 0 436 16 0 442 261 0 437 17 0 441 262 0 441 262 0 437 17 0 293 18 0 439 19 0 441 262 0 293 18 0 551 263 0 441 262 0 547 265 0 441 262 0 439 19 0 547 265 0 439 19 0 291 20 0 547 265 0 547 265 0 291 20 0 395 164 0 540 266 0 332 20 0 487 20 0 540 266 0 485 267 0 332 20 0 489 268 0 485 267 0 540 266 0 485 267 0 489 268 0 334 269 0 541 270 0 334 269 0 489 268 0 334 269 0 541 270 0 483 271 0 491 272 0 483 271 0 541 270 0 483 271 0 491 272 0 336 273 0 542 60 0 336 273 0 491 272 0 336 273 0 542 60 0 481 274 0 543 275 0 481 274 0 542 60 0 479 0 0 481 274 0 543 275 0 480 0 0 481 274 0 479 0 0 480 0 0 498 0 0 507 0 0 479 0 0 498 0 0 480 0 0 509 276 0 507 0 0 498 0 0 509 276 0 506 277 0 507 0 0 530 278 0 506 277 0 509 276 0 506 277 0 530 278 0 341 279 0 531 280 0 341 279 0 530 278 0 341 279 0 531 280 0 504 281 0 533 282 0 504 281 0 531 280 0 504 281 0 533 282 0 503 283 0 534 284 0 503 283 0 533 282 0 503 283 0 534 284 0 344 285 0 535 286 0 344 285 0 534 284 0 516 20 0 344 285 0 535 286 0 345 20 0 344 285 0 516 20 0 516 20 0 332 20 0 345 20 0 43 287 0 41 287 0 12 287 0 487 20 0 332 20 0 516 20 0 529 203 0 539 288 0 351 202 0 351 202 0 539 288 0 527 289 0 419 204 0 492 290 0 529 203 0 529 203 0 492 290 0 539 288 0 539 288 0 492 290 0 532 291 0 493 292 0 539 288 0 532 291 0 527 289 0 539 288 0 526 293 0 539 288 0 538 294 0 526 293 0 539 288 0 493 292 0 538 294 0 495 295 0 538 294 0 493 292 0 526 293 0 538 294 0 525 296 0 538 294 0 537 297 0 525 296 0 525 296 0 537 297 0 544 298 0 538 294 0 495 295 0 537 297 0 496 299 0 537 297 0 495 295 0 544 298 0 537 297 0 545 300 0 537 297 0 496 299 0 545 300 0 545 300 0 496 299 0 521 301 0 545 300 0 521 301 0 333 301 0 564 303 0 545 302 0 333 301 0 335 304 0 564 303 0 333 301 0 545 302 0 564 303 0 544 305 0 564 303 0 563 306 0 544 305 0 544 305 0 563 306 0 525 307 0 525 307 0 563 306 0 526 308 0 563 306 0 562 309 0 526 308 0 526 308 0 562 309 0 527 310 0 557 311 0 527 310 0 562 309 0 557 311 0 351 312 0 527 310 0 549 315 0 561 314 0 548 313 0 548 313 0 561 314 0 335 304 0 564 303 0 335 304 0 561 314 0 561 314 0 560 316 0 564 303 0 564 303 0 560 316 0 563 306 0 560 316 0 559 317 0 563 306 0 563 306 0 559 317 0 562 309 0 556 318 0 562 309 0 559 317 0 557 311 0 562 309 0 556 318 0 549 315 0 550 319 0 561 314 0 636 320 0 561 314 0 550 319 0 561 314 0 636 320 0 560 316 0 635 321 0 560 316 0 636 320 0 560 316 0 635 321 0 559 317 0 559 317 0 635 321 0 634 322 0 554 323 0 559 317 0 634 322 0 556 318 0 559 317 0 632 324 0 559 317 0 554 323 0 632 324 0 632 327 0 554 326 0 639 325 0 641 330 0 645 329 0 616 328 0 32 331 0 641 330 0 616 328 0 646 332 0 645 329 0 641 330 0 366 333 0 646 332 0 641 330 0 366 333 0 647 334 0 646 332 0 621 335 0 647 334 0 366 333 0 644 337 0 643 336 0 639 325 0 634 338 0 644 337 0 639 325 0 651 339 0 644 337 0 634 338 0 645 329 0 653 341 0 1 340 0 616 328 0 645 329 0 1 340 0 654 342 0 653 341 0 645 329 0 646 332 0 654 342 0 645 329 0 655 343 0 654 342 0 646 332 0 647 334 0 655 343 0 646 332 0 656 344 0 655 343 0 647 334 0 649 347 0 648 346 0 630 345 0 148 348 0 649 347 0 630 345 0 631 349 0 148 348 0 630 345 0 643 336 0 649 347 0 148 348 0 650 350 0 649 347 0 643 336 0 644 337 0 650 350 0 643 336 0 651 339 0 650 350 0 644 337 0 635 351 0 651 339 0 634 338 0 635 351 0 652 352 0 651 339 0 665 353 0 652 352 0 635 351 0 653 341 0 667 355 0 19 354 0 1 340 0 653 341 0 19 354 0 668 356 0 667 355 0 653 341 0 654 342 0 668 356 0 653 341 0 669 357 0 668 356 0 654 342 0 655 343 0 669 357 0 654 342 0 670 358 0 669 357 0 655 343 0 656 344 0 670 358 0 655 343 0 671 359 0 670 358 0 656 344 0 142 360 0 671 359 0 656 344 0 657 361 0 671 359 0 142 360 0 672 362 0 671 359 0 657 361 0 622 363 0 672 362 0 657 361 0 622 363 0 673 364 0 672 362 0 622 363 0 674 365 0 673 364 0 675 366 0 674 365 0 622 363 0 363 367 0 675 366 0 622 363 0 660 370 0 659 369 0 357 368 0 659 369 0 658 371 0 357 368 0 648 346 0 660 370 0 357 368 0 630 345 0 648 346 0 357 368 0 661 372 0 660 370 0 648 346 0 649 347 0 661 372 0 648 346 0 662 373 0 661 372 0 649 347 0 650 350 0 662 373 0 649 347 0 663 374 0 662 373 0 650 350 0 651 339 0 663 374 0 650 350 0 664 375 0 663 374 0 651 339 0 652 352 0 664 375 0 651 339 0 665 353 0 664 375 0 652 352 0 636 376 0 665 353 0 635 351 0 636 376 0 666 377 0 665 353 0 550 378 0 666 377 0 636 376 0 66 381 0 42 380 0 676 379 0 667 355 0 676 379 0 42 380 0 19 354 0 667 355 0 42 380 0 677 382 0 676 379 0 667 355 0 668 356 0 677 382 0 667 355 0 678 383 0 677 382 0 668 356 0 669 357 0 678 383 0 668 356 0 679 384 0 678 383 0 669 357 0 670 358 0 679 384 0 669 357 0 680 385 0 679 384 0 670 358 0 671 359 0 680 385 0 670 358 0 681 386 0 680 385 0 671 359 0 672 362 0 681 386 0 671 359 0 682 387 0 681 386 0 672 362 0 673 364 0 682 387 0 672 362 0 683 388 0 682 387 0 673 364 0 674 365 0 683 388 0 673 364 0 684 389 0 683 388 0 674 365 0 675 366 0 684 389 0 674 365 0 685 390 0 684 389 0 675 366 0 363 367 0 685 390 0 675 366 0 363 367 0 686 391 0 685 390 0 624 392 0 686 391 0 363 367 0 624 392 0 687 393 0 686 391 0 688 394 0 687 393 0 624 392 0 689 395 0 688 394 0 624 392 0 625 396 0 689 395 0 624 392 0 690 397 0 689 395 0 625 396 0 360 398 0 690 397 0 625 396 0 691 399 0 690 397 0 360 398 0 359 400 0 691 399 0 360 398 0 692 401 0 691 399 0 359 400 0 693 402 0 692 401 0 359 400 0 358 403 0 693 402 0 359 400 0 694 404 0 693 402 0 358 403 0 658 371 0 694 404 0 358 403 0 357 368 0 658 371 0 358 403 0 695 405 0 694 404 0 658 371 0 659 369 0 695 405 0 658 371 0 696 406 0 695 405 0 659 369 0 660 370 0 696 406 0 659 369 0 697 407 0 696 406 0 660 370 0 661 372 0 697 407 0 660 370 0 698 408 0 697 407 0 661 372 0 662 373 0 698 408 0 661 372 0 699 409 0 698 408 0 662 373 0 663 374 0 699 409 0 662 373 0 700 410 0 699 409 0 663 374 0 664 375 0 700 410 0 663 374 0 701 411 0 700 410 0 664 375 0 665 353 0 701 411 0 664 375 0 702 412 0 701 411 0 665 353 0 666 377 0 702 412 0 665 353 0 642 413 0 702 412 0 666 377 0 550 378 0 642 413 0 666 377 0 567 414 0 642 413 0 550 378 0 567 414 0 550 378 0 566 415 0 550 378 0 549 416 0 566 415 0 66 381 0 676 379 0 364 417 0 364 417 0 676 379 0 610 418 0 677 382 0 610 418 0 676 379 0 610 418 0 677 382 0 362 419 0 678 383 0 362 419 0 677 382 0 362 419 0 678 383 0 361 420 0 679 384 0 361 420 0 678 383 0 361 420 0 679 384 0 356 421 0 356 421 0 679 384 0 680 385 0 356 421 0 680 385 0 393 422 0 681 386 0 393 422 0 680 385 0 346 423 0 393 422 0 681 386 0 682 387 0 346 423 0 681 386 0 331 424 0 346 423 0 682 387 0 683 388 0 331 424 0 682 387 0 318 425 0 331 424 0 683 388 0 684 389 0 318 425 0 683 388 0 309 426 0 318 425 0 684 389 0 685 390 0 309 426 0 684 389 0 292 427 0 309 426 0 685 390 0 686 391 0 292 427 0 685 390 0 290 428 0 292 427 0 686 391 0 277 430 0 290 428 0 275 429 0 290 428 0 686 391 0 275 429 0 686 391 0 596 431 0 275 429 0 686 391 0 595 432 0 596 431 0 686 391 0 272 433 0 595 432 0 687 393 0 272 433 0 686 391 0 272 433 0 687 393 0 688 394 0 272 433 0 688 394 0 515 434 0 689 395 0 515 434 0 688 394 0 499 435 0 515 434 0 689 395 0 690 397 0 499 435 0 689 395 0 497 436 0 499 435 0 690 397 0 691 399 0 497 436 0 690 397 0 494 437 0 497 436 0 691 399 0 692 401 0 494 437 0 691 399 0 440 438 0 494 437 0 692 401 0 693 402 0 440 438 0 692 401 0 401 439 0 440 438 0 693 402 0 307 441 0 401 439 0 305 440 0 401 439 0 693 402 0 305 440 0 693 402 0 582 442 0 305 440 0 693 402 0 581 443 0 582 442 0 693 402 0 580 444 0 581 443 0 580 444 0 693 402 0 694 404 0 580 444 0 694 404 0 640 445 0 695 405 0 640 445 0 694 404 0 638 446 0 640 445 0 695 405 0 696 406 0 638 446 0 695 405 0 612 447 0 638 446 0 696 406 0 697 407 0 612 447 0 696 406 0 558 448 0 612 447 0 697 407 0 698 408 0 558 448 0 697 407 0 546 449 0 558 448 0 698 408 0 699 409 0 546 449 0 698 408 0 536 450 0 546 449 0 699 409 0 700 410 0 536 450 0 699 409 0 528 451 0 536 450 0 700 410 0 571 453 0 528 451 0 570 452 0 528 451 0 700 410 0 570 452 0 701 411 0 570 452 0 700 410 0 570 452 0 701 411 0 338 454 0 702 412 0 338 454 0 701 411 0 338 454 0 702 412 0 337 455 0 642 413 0 337 455 0 702 412 0 337 455 0 642 413 0 567 414 0 356 421 0 393 422 0 355 456 0 346 423 0 355 456 0 393 422 0 355 456 0 346 423 0 183 457 0 346 423 0 331 424 0 183 457 0 318 425 0 183 457 0 331 424 0 167 458 0 183 457 0 318 425 0 309 426 0 167 458 0 318 425 0 165 459 0 167 458 0 309 426 0 292 427 0 165 459 0 309 426 0 161 460 0 165 459 0 292 427 0 599 461 0 161 460 0 292 427 0 599 461 0 292 427 0 277 430 0 292 427 0 290 428 0 277 430 0 272 433 0 515 434 0 593 462 0 593 462 0 515 434 0 244 463 0 499 435 0 244 463 0 515 434 0 220 464 0 244 463 0 499 435 0 497 436 0 220 464 0 499 435 0 217 465 0 220 464 0 497 436 0 494 437 0 217 465 0 497 436 0 208 466 0 217 465 0 494 437 0 440 438 0 208 466 0 494 437 0 198 467 0 208 466 0 440 438 0 585 468 0 198 467 0 307 441 0 198 467 0 440 438 0 307 441 0 401 439 0 307 441 0 440 438 0 640 445 0 638 446 0 579 469 0 580 444 0 640 445 0 579 469 0 579 469 0 638 446 0 278 470 0 612 447 0 278 470 0 638 446 0 256 471 0 278 470 0 612 447 0 558 448 0 256 471 0 612 447 0 249 472 0 256 471 0 558 448 0 546 449 0 249 472 0 558 448 0 247 473 0 249 472 0 546 449 0 339 474 0 247 473 0 571 453 0 247 473 0 546 449 0 536 450 0 247 473 0 536 450 0 571 453 0 528 451 0 571 453 0 536 450 0 355 456 0 183 457 0 354 475 0 354 475 0 183 457 0 353 476 0 167 458 0 353 476 0 183 457 0 353 476 0 167 458 0 603 477 0 165 459 0 603 477 0 167 458 0 603 477 0 165 459 0 602 478 0 161 460 0 602 478 0 165 459 0 602 478 0 161 460 0 601 479 0 161 460 0 599 461 0 601 479 0 601 479 0 599 461 0 287 480 0 244 463 0 282 482 0 271 481 0 593 462 0 244 463 0 271 481 0 282 482 0 244 463 0 590 483 0 220 464 0 590 483 0 244 463 0 590 483 0 220 464 0 589 484 0 217 465 0 589 484 0 220 464 0 589 484 0 217 465 0 347 485 0 208 466 0 347 485 0 217 465 0 347 485 0 208 466 0 587 482 0 198 467 0 587 482 0 208 466 0 587 482 0 198 467 0 317 482 0 198 467 0 585 468 0 317 482 0 312 488 0 314 487 0 576 486 0 278 470 0 576 486 0 314 487 0 579 469 0 278 470 0 314 487 0 576 486 0 278 470 0 340 489 0 256 471 0 340 489 0 278 470 0 340 489 0 256 471 0 574 490 0 249 472 0 574 490 0 256 471 0 574 490 0 249 472 0 573 491 0 247 473 0 573 491 0 249 472 0 573 491 0 247 473 0 339 474 0 618 493 0 619 492 0 32 331 0 32 331 0 619 492 0 641 330 0 366 333 0 641 330 0 619 492 0 634 338 0 639 325 0 554 326 0 639 325 0 148 348 0 631 349 0 632 327 0 639 325 0 631 349 0 643 336 0 148 348 0 639 325 0 142 360 0 656 344 0 647 334 0 621 335 0 142 360 0 647 334 0 657 361 0 142 360 0 621 335 0 622 363 0 657 361 0 621 335 0 629 495 0 42 494 0 66 315 0 83 496 0 629 495 0 66 315 0 42 494 0 629 495 0 19 497 0 629 495 0 633 498 0 19 497 0 19 497 0 633 498 0 1 499 0 633 498 0 637 500 0 1 499 0 1 499 0 637 500 0 616 501 0 616 501 0 637 500 0 32 502 0 45 168 0 32 502 0 637 500 0 618 170 0 32 502 0 45 168 0 365 504 0 124 503 0 83 496 0 629 495 0 83 496 0 124 503 0 124 503 0 122 505 0 629 495 0 629 495 0 122 505 0 633 498 0 122 505 0 103 506 0 633 498 0 633 498 0 103 506 0 637 500 0 59 167 0 637 500 0 103 506 0 45 168 0 637 500 0 59 167 0 367 301 0 613 507 0 365 504 0 365 504 0 613 507 0 124 503 0 614 508 0 124 503 0 613 507 0 124 503 0 614 508 0 122 505 0 122 505 0 614 508 0 86 509 0 615 510 0 122 505 0 86 509 0 122 505 0 615 510 0 103 506 0 617 511 0 103 506 0 615 510 0 59 167 0 103 506 0 620 166 0 103 506 0 617 511 0 620 166 0 608 513 0 607 512 0 395 164 0 623 514 0 608 513 0 395 164 0 620 166 0 617 515 0 623 514 0 608 513 0 623 514 0 617 515 0 615 510 0 608 513 0 617 515 0 607 512 0 608 513 0 626 516 0 608 513 0 609 517 0 626 516 0 626 516 0 609 517 0 627 518 0 608 513 0 615 510 0 609 517 0 86 519 0 609 517 0 615 510 0 627 518 0 609 517 0 435 520 0 609 517 0 611 521 0 435 520 0 609 517 0 86 519 0 611 521 0 611 521 0 86 519 0 614 522 0 613 507 0 611 521 0 614 522 0 435 520 0 611 521 0 433 523 0 611 521 0 613 507 0 433 523 0 433 523 0 613 507 0 628 301 0 628 301 0 613 507 0 367 301 0 578 253 0 492 290 0 419 204 0 578 253 0 583 524 0 492 290 0 417 251 0 583 524 0 578 253 0 490 525 0 583 524 0 417 251 0 416 239 0 490 525 0 417 251 0 416 239 0 584 526 0 490 525 0 415 237 0 584 526 0 416 239 0 488 527 0 584 526 0 415 237 0 577 225 0 488 527 0 415 237 0 577 225 0 586 528 0 488 527 0 413 223 0 586 528 0 577 225 0 588 529 0 586 528 0 413 223 0 412 207 0 588 529 0 413 223 0 412 207 0 591 530 0 588 529 0 592 531 0 591 530 0 412 207 0 575 532 0 592 531 0 412 207 0 575 532 0 594 533 0 592 531 0 572 209 0 594 533 0 575 532 0 569 211 0 594 533 0 572 209 0 408 212 0 594 533 0 569 211 0 568 214 0 594 533 0 408 212 0 486 534 0 594 533 0 568 214 0 406 216 0 486 534 0 568 214 0 565 535 0 486 534 0 406 216 0 555 220 0 486 534 0 565 535 0 555 220 0 597 536 0 486 534 0 403 222 0 597 536 0 555 220 0 484 537 0 597 536 0 403 222 0 402 538 0 484 537 0 403 222 0 402 538 0 482 539 0 484 537 0 553 236 0 482 539 0 402 538 0 438 540 0 482 539 0 553 236 0 400 249 0 438 540 0 553 236 0 400 249 0 598 541 0 438 540 0 399 250 0 598 541 0 400 249 0 600 542 0 598 541 0 399 250 0 552 264 0 600 542 0 399 250 0 552 264 0 604 543 0 600 542 0 551 263 0 604 543 0 552 264 0 605 544 0 604 543 0 551 263 0 547 265 0 605 544 0 551 263 0 547 265 0 606 545 0 605 544 0 395 164 0 606 545 0 547 265 0 607 512 0 606 545 0 395 164 0 541 10 0 489 10 0 491 10 0 491 10 0 489 10 0 542 10 0 542 10 0 489 10 0 540 10 0 542 10 0 540 10 0 543 10 0 543 10 0 540 10 0 487 10 0 543 10 0 487 10 0 479 10 0 479 10 0 487 10 0 516 10 0 479 10 0 516 10 0 498 10 0 498 10 0 516 10 0 535 10 0 498 10 0 535 10 0 509 10 0 509 10 0 535 10 0 534 10 0 509 10 0 534 10 0 530 10 0 530 10 0 534 10 0 533 10 0 530 10 0 533 10 0 531 10 0 218 301 0 202 301 0 501 301 0 501 301 0 202 301 0 231 301 0 231 301 0 202 301 0 230 301 0 230 301 0 202 301 0 203 301 0 230 301 0 203 301 0 229 301 0 229 301 0 203 301 0 206 301 0 229 301 0 206 301 0 224 301 0 224 301 0 206 301 0 212 301 0 224 301 0 212 301 0 502 301 0 502 301 0 212 301 0 500 301 0 502 301 0 500 301 0 524 301 0 502 301 0 524 301 0 505 301 0 505 301 0 524 301 0 414 301 0 414 301 0 524 301 0 514 301 0 514 301 0 524 301 0 517 301 0 517 301 0 524 301 0 518 301 0 518 301 0 524 301 0 411 301 0 411 301 0 524 301 0 519 301 0 519 301 0 524 301 0 410 301 0 410 301 0 524 301 0 520 301 0 520 301 0 524 301 0 409 301 0 409 301 0 524 301 0 407 301 0 407 301 0 524 301 0 405 301 0 405 301 0 524 301 0 523 301 0 505 301 0 414 301 0 418 301 0 405 301 0 523 301 0 522 301 0 522 301 0 523 301 0 404 301 0 404 301 0 523 301 0 521 301 0 521 301 0 523 301 0 333 301 0 508 301 0 505 301 0 430 301 0 430 301 0 505 301 0 428 301 0 428 301 0 505 301 0 425 301 0 425 301 0 505 301 0 423 301 0 423 301 0 505 301 0 510 301 0 510 301 0 505 301 0 511 301 0 511 301 0 505 301 0 421 301 0 421 301 0 505 301 0 512 301 0 512 301 0 505 301 0 513 301 0 513 301 0 505 301 0 420 301 0 420 301 0 505 301 0 418 301 0 508 301 0 430 301 0 431 301 0 508 301 0 431 301 0 628 301 0 508 301 0 628 301 0 367 301 0 627 518 0 368 546 0 626 516 0 626 516 0 368 546 0 607 512 0 607 512 0 368 546 0 606 545 0 606 545 0 368 546 0 605 544 0 368 546 0 369 547 0 605 544 0 605 544 0 369 547 0 604 543 0 604 543 0 369 547 0 600 542 0 369 547 0 370 548 0 600 542 0 600 542 0 370 548 0 598 541 0 370 548 0 371 549 0 598 541 0 598 541 0 371 549 0 438 540 0 438 540 0 371 549 0 482 539 0 371 549 0 372 550 0 482 539 0 482 539 0 372 550 0 484 537 0 484 537 0 372 550 0 597 536 0 372 550 0 373 551 0 597 536 0 597 536 0 373 551 0 486 534 0 373 551 0 374 552 0 486 534 0 486 534 0 374 552 0 594 533 0 594 533 0 374 552 0 592 531 0 374 552 0 375 553 0 592 531 0 592 531 0 375 553 0 591 530 0 591 530 0 375 553 0 588 529 0 375 553 0 376 554 0 588 529 0 588 529 0 376 554 0 586 528 0 376 554 0 377 555 0 586 528 0 586 528 0 377 555 0 488 527 0 488 527 0 377 555 0 584 526 0 377 555 0 379 556 0 584 526 0 584 526 0 379 556 0 490 525 0 490 525 0 379 556 0 583 524 0 532 291 0 583 524 0 379 556 0 532 291 0 492 290 0 583 524 0 433 523 0 380 557 0 435 520 0 435 520 0 380 557 0 627 518 0 627 518 0 380 557 0 368 546 0 380 557 0 384 558 0 368 546 0 368 546 0 384 558 0 369 547 0 384 558 0 385 559 0 369 547 0 369 547 0 385 559 0 370 548 0 385 559 0 386 560 0 370 548 0 370 548 0 386 560 0 371 549 0 386 560 0 389 561 0 371 549 0 371 549 0 389 561 0 372 550 0 389 561 0 391 562 0 372 550 0 372 550 0 391 562 0 373 551 0 391 562 0 392 563 0 373 551 0 373 551 0 392 563 0 374 552 0 392 563 0 394 564 0 374 552 0 374 552 0 394 564 0 375 553 0 394 564 0 396 565 0 375 553 0 375 553 0 396 565 0 376 554 0 396 565 0 397 566 0 376 554 0 376 554 0 397 566 0 377 555 0 397 566 0 398 567 0 377 555 0 377 555 0 398 567 0 379 556 0 495 295 0 379 556 0 398 567 0 532 291 0 379 556 0 493 292 0 379 556 0 495 295 0 493 292 0 628 301 0 431 301 0 433 523 0 433 523 0 431 301 0 380 557 0 430 301 0 380 557 0 431 301 0 380 557 0 430 301 0 384 558 0 384 558 0 430 301 0 428 301 0 425 301 0 384 558 0 428 301 0 384 558 0 425 301 0 385 559 0 385 559 0 425 301 0 423 301 0 510 301 0 385 559 0 423 301 0 385 559 0 510 301 0 386 560 0 386 560 0 510 301 0 511 301 0 386 560 0 511 301 0 421 301 0 512 301 0 386 560 0 421 301 0 386 560 0 512 301 0 389 561 0 389 561 0 512 301 0 513 301 0 420 301 0 389 561 0 513 301 0 389 561 0 420 301 0 391 562 0 391 562 0 420 301 0 418 301 0 414 301 0 391 562 0 418 301 0 391 562 0 414 301 0 392 563 0 392 563 0 414 301 0 514 301 0 517 301 0 392 563 0 514 301 0 392 563 0 517 301 0 394 564 0 394 564 0 517 301 0 518 301 0 411 301 0 394 564 0 518 301 0 394 564 0 411 301 0 396 565 0 396 565 0 411 301 0 519 301 0 410 301 0 396 565 0 519 301 0 396 565 0 410 301 0 397 566 0 397 566 0 410 301 0 520 301 0 409 301 0 397 566 0 520 301 0 397 566 0 409 301 0 398 567 0 398 567 0 409 301 0 407 301 0 405 301 0 398 567 0 407 301 0 495 295 0 398 567 0 496 299 0 398 567 0 405 301 0 522 301 0 398 567 0 522 301 0 404 301 0 398 567 0 404 301 0 496 299 0 404 301 0 521 301 0 496 299 0 601 483 0 287 483 0 352 568 0 352 568 0 353 483 0 603 483 0 352 568 0 603 483 0 602 483 0 352 568 0 602 483 0 601 483 0 350 569 0 349 570 0 311 569 0 311 569 0 349 570 0 343 568 0 343 568 0 349 570 0 317 483 0 587 483 0 317 483 0 349 570 0 347 483 0 587 483 0 349 570 0 349 570 0 282 483 0 590 483 0 349 570 0 590 483 0 589 483 0 349 570 0 589 483 0 347 483 0 195 572 0 323 571 0 350 569 0 195 572 0 350 569 0 193 572 0 350 569 0 323 571 0 352 568 0 352 568 0 323 571 0 353 483 0 353 483 0 323 571 0 354 573 0 354 573 0 323 571 0 355 574 0 355 574 0 323 571 0 356 575 0 361 576 0 356 575 0 323 571 0 362 577 0 361 576 0 323 571 0 339 483 0 324 578 0 193 572 0 311 569 0 193 572 0 350 569 0 342 570 0 339 483 0 193 572 0 193 572 0 311 569 0 342 570 0 573 483 0 339 483 0 342 570 0 342 570 0 312 483 0 576 483 0 342 570 0 576 483 0 340 483 0 342 570 0 340 483 0 574 483 0 342 570 0 574 483 0 573 483 0 324 578 0 339 483 0 571 579 0 324 578 0 571 579 0 570 580 0 338 581 0 324 578 0 570 580 0 322 582 0 362 577 0 323 571 0 362 577 0 322 582 0 610 583 0 610 583 0 322 582 0 364 584 0 66 315 0 364 584 0 322 582 0 324 578 0 338 581 0 325 585 0 325 585 0 338 581 0 337 586 0 325 585 0 337 586 0 567 587 0 325 585 0 567 587 0 566 588 0 549 315 0 325 585 0 566 588 0 321 589 0 66 315 0 322 582 0 83 590 0 66 315 0 321 589 0 320 591 0 83 590 0 321 589 0 325 585 0 549 315 0 326 592 0 326 592 0 549 315 0 548 593 0 330 594 0 326 592 0 548 593 0 83 590 0 320 591 0 365 595 0 365 595 0 320 591 0 508 301 0 365 595 0 508 301 0 367 301 0 335 596 0 330 594 0 548 593 0 330 594 0 335 596 0 523 301 0 523 301 0 335 596 0 333 301 0 166 0 0 317 597 0 585 0 0 169 598 0 317 597 0 166 0 0 317 597 0 169 598 0 343 599 0 169 598 0 170 600 0 343 599 0 172 601 0 343 599 0 170 600 0 343 599 0 172 601 0 311 602 0 174 603 0 311 602 0 172 601 0 174 603 0 342 604 0 311 602 0 178 605 0 342 604 0 174 603 0 342 604 0 178 605 0 312 606 0 181 607 0 312 606 0 178 605 0 315 20 0 312 606 0 181 607 0 314 20 0 312 606 0 315 20 0 164 608 0 314 20 0 315 20 0 163 609 0 314 20 0 164 608 0 314 20 0 163 609 0 304 610 0 314 20 0 304 610 0 579 611 0 302 612 0 579 611 0 304 610 0 579 611 0 302 612 0 580 613 0 302 612 0 581 614 0 580 613 0 299 615 0 581 614 0 302 612 0 297 616 0 581 614 0 299 615 0 581 614 0 297 616 0 582 617 0 297 616 0 305 618 0 582 617 0 305 618 0 297 616 0 307 619 0 297 616 0 295 620 0 307 619 0 294 621 0 307 619 0 295 620 0 166 0 0 307 619 0 294 621 0 585 0 0 307 619 0 166 0 0 151 0 0 287 597 0 599 0 0 154 598 0 287 597 0 151 0 0 287 597 0 154 598 0 352 599 0 154 598 0 284 600 0 352 599 0 352 599 0 284 600 0 350 602 0 284 600 0 155 601 0 350 602 0 156 603 0 350 602 0 155 601 0 350 602 0 156 603 0 349 604 0 283 605 0 349 604 0 156 603 0 158 607 0 349 604 0 283 605 0 349 604 0 158 607 0 282 606 0 267 20 0 282 606 0 158 607 0 271 20 0 282 606 0 267 20 0 266 608 0 271 20 0 267 20 0 266 608 0 593 622 0 271 20 0 262 609 0 593 622 0 266 608 0 145 610 0 593 622 0 262 609 0 593 622 0 145 610 0 272 623 0 145 610 0 595 624 0 272 623 0 146 612 0 595 624 0 145 610 0 595 624 0 146 612 0 596 625 0 147 615 0 596 625 0 146 612 0 596 625 0 147 615 0 275 626 0 260 616 0 275 626 0 147 615 0 260 616 0 277 627 0 275 626 0 277 627 0 260 616 0 599 0 0 260 616 0 257 620 0 599 0 0 257 620 0 150 621 0 599 0 0 150 621 0 151 0 0 599 0 0 255 0 0 196 0 0 193 0 0 255 0 0 193 0 0 324 0 0 255 0 0 324 0 0 524 0 0 524 0 0 324 0 0 325 0 0 524 0 0 325 0 0 326 0 0 524 0 0 326 0 0 330 0 0 524 0 0 330 0 0 523 0 0 136 20 0 137 20 0 505 20 0 136 20 0 505 20 0 508 20 0 136 20 0 508 20 0 320 20 0 136 20 0 320 20 0 321 20 0 136 20 0 321 20 0 322 20 0 136 20 0 322 20 0 195 20 0 195 20 0 322 20 0 323 20 0 501 534 0 231 628 0 141 534 0 141 534 0 231 628 0 232 629 0 232 629 0 231 628 0 230 630 0 229 631 0 232 629 0 230 630 0 229 631 0 233 632 0 232 629 0 233 632 0 229 631 0 241 633 0 224 634 0 241 633 0 229 631 0 241 633 0 224 634 0 139 635 0 139 635 0 224 634 0 502 636 0 139 635 0 502 636 0 137 20 0 137 20 0 502 636 0 505 20 0 125 534 0 218 534 0 141 534 0 141 534 0 218 534 0 501 534 0 524 0 0 500 637 0 255 0 0 255 0 0 500 637 0 214 638 0 214 638 0 500 637 0 212 639 0 206 640 0 214 638 0 212 639 0 206 640 0 215 641 0 214 638 0 215 641 0 206 640 0 130 642 0 203 643 0 130 642 0 206 640 0 130 642 0 203 643 0 126 644 0 126 644 0 203 643 0 202 645 0 126 644 0 202 645 0 125 534 0 125 534 0 202 645 0 218 534 0 136 572 0 195 572 0 196 572 0 196 572 0 195 572 0 193 572 0 164 21 0 315 646 0 294 21 0 294 21 0 315 646 0 166 646 0 166 646 0 315 646 0 181 647 0 166 646 0 181 647 0 169 648 0 169 648 0 181 647 0 178 649 0 169 648 0 178 649 0 170 650 0 170 650 0 178 649 0 174 651 0 170 650 0 174 651 0 172 652 0 302 655 0 304 654 0 299 653 0 299 653 0 304 654 0 297 656 0 297 656 0 304 654 0 163 657 0 297 656 0 163 657 0 295 658 0 295 658 0 163 657 0 164 21 0 295 658 0 164 21 0 294 21 0 266 21 0 267 646 0 150 21 0 150 21 0 267 646 0 151 646 0 151 646 0 267 646 0 158 647 0 151 646 0 158 647 0 154 648 0 154 648 0 158 647 0 283 649 0 154 648 0 283 649 0 284 650 0 284 650 0 283 649 0 156 651 0 284 650 0 156 651 0 155 652 0 146 655 0 145 654 0 147 653 0 147 653 0 145 654 0 260 656 0 260 656 0 145 654 0 262 657 0 260 656 0 262 657 0 257 658 0 257 658 0 262 657 0 266 21 0 257 658 0 266 21 0 150 21 0 141 287 0 232 287 0 125 287 0 125 287 0 232 287 0 126 287 0 126 287 0 232 287 0 130 287 0 130 287 0 232 287 0 233 287 0 130 287 0 233 287 0 215 287 0 215 287 0 233 287 0 241 287 0 215 287 0 241 287 0 214 287 0 214 287 0 241 287 0 139 287 0 214 287 0 139 287 0 255 287 0 255 287 0 139 287 0 137 287 0 255 287 0 137 287 0 136 287 0 255 287 0 136 287 0 97 287 0 255 287 0 97 287 0 50 287 0 255 287 0 50 287 0 96 287 0 97 287 0 136 287 0 98 287 0 98 287 0 136 287 0 49 287 0 49 287 0 136 287 0 99 287 0 99 287 0 136 287 0 47 287 0 47 287 0 136 287 0 101 287 0 101 287 0 136 287 0 46 287 0 46 287 0 136 287 0 102 287 0 102 287 0 136 287 0 119 287 0 255 287 0 96 287 0 95 287 0 255 287 0 95 287 0 80 287 0 80 287 0 95 287 0 116 287 0 116 287 0 95 287 0 92 287 0 116 287 0 92 287 0 76 287 0 76 287 0 92 287 0 33 287 0 76 287 0 33 287 0 75 287 0 75 287 0 33 287 0 90 287 0 75 287 0 90 287 0 73 287 0 73 287 0 90 287 0 34 287 0 73 287 0 34 287 0 71 287 0 71 287 0 34 287 0 36 287 0 71 287 0 36 287 0 70 287 0 70 287 0 36 287 0 38 287 0 70 287 0 38 287 0 69 287 0 69 287 0 38 287 0 87 287 0 69 287 0 87 287 0 119 287 0 119 287 0 87 287 0 102 287 0 114 287 0 196 287 0 255 287 0 115 287 0 255 287 0 81 287 0 80 287 0 81 287 0 255 287 0 255 287 0 115 287 0 114 287 0 196 287 0 114 287 0 113 287 0 196 287 0 113 287 0 61 287 0 196 287 0 61 287 0 110 287 0 196 287 0 110 287 0 109 287 0 196 287 0 109 287 0 108 287 0 196 287 0 108 287 0 62 287 0 196 287 0 62 287 0 119 287 0 196 287 0 119 287 0 136 287 0 30 534 0 20 659 0 119 534 0 119 534 0 20 659 0 69 660 0 70 661 0 69 660 0 20 659 0 21 662 0 70 661 0 20 659 0 70 661 0 21 662 0 71 663 0 22 664 0 71 663 0 21 662 0 22 664 0 73 665 0 71 663 0 73 665 0 22 664 0 23 666 0 73 665 0 23 666 0 75 667 0 75 667 0 23 666 0 76 668 0 23 666 0 24 669 0 76 668 0 116 670 0 76 668 0 24 669 0 84 671 0 116 670 0 24 669 0 116 670 0 84 671 0 80 672 0 80 672 0 84 671 0 82 572 0 80 672 0 82 572 0 81 572 0 82 572 0 25 673 0 81 572 0 81 572 0 25 673 0 115 674 0 114 675 0 115 674 0 25 673 0 65 676 0 114 675 0 25 673 0 114 675 0 65 676 0 113 677 0 27 678 0 113 677 0 65 676 0 27 678 0 61 679 0 113 677 0 61 679 0 27 678 0 64 680 0 61 679 0 64 680 0 110 681 0 110 681 0 64 680 0 109 682 0 64 680 0 63 683 0 109 682 0 108 684 0 109 682 0 63 683 0 29 685 0 108 684 0 63 683 0 108 684 0 29 685 0 62 686 0 62 686 0 29 685 0 30 534 0 62 686 0 30 534 0 119 534 0 18 534 0 3 659 0 102 534 0 102 534 0 3 659 0 46 660 0 101 661 0 46 660 0 3 659 0 56 662 0 101 661 0 3 659 0 101 661 0 56 662 0 47 663 0 4 664 0 47 663 0 56 662 0 4 664 0 99 665 0 47 663 0 99 665 0 4 664 0 6 666 0 99 665 0 6 666 0 49 667 0 49 667 0 6 666 0 98 668 0 6 666 0 53 669 0 98 668 0 97 670 0 98 668 0 53 669 0 51 671 0 97 670 0 53 669 0 97 670 0 51 671 0 50 672 0 50 672 0 51 671 0 7 572 0 50 672 0 7 572 0 96 572 0 7 572 0 44 673 0 96 572 0 96 572 0 44 673 0 95 674 0 92 675 0 95 674 0 44 673 0 43 676 0 92 675 0 44 673 0 92 675 0 43 676 0 33 677 0 12 678 0 33 677 0 43 676 0 12 678 0 90 679 0 33 677 0 90 679 0 12 678 0 41 680 0 90 679 0 41 680 0 34 681 0 34 681 0 41 680 0 36 682 0 41 680 0 13 683 0 36 682 0 38 684 0 36 682 0 13 683 0 17 685 0 38 684 0 13 683 0 38 684 0 17 685 0 87 686 0 87 686 0 17 685 0 18 534 0 87 686 0 18 534 0 102 534 0 25 287 0 82 287 0 84 287 0 25 287 0 84 287 0 24 287 0 25 287 0 24 287 0 65 287 0 65 287 0 24 287 0 23 287 0 65 287 0 23 287 0 27 287 0 27 287 0 23 287 0 22 287 0 27 287 0 22 287 0 64 287 0 64 287 0 22 287 0 21 287 0 64 287 0 21 287 0 63 287 0 63 287 0 21 287 0 20 287 0 63 287 0 20 287 0 29 287 0 29 287 0 20 287 0 30 287 0 4 287 0 56 287 0 6 287 0 6 287 0 56 287 0 53 287 0 53 287 0 56 287 0 3 287 0 53 287 0 3 287 0 51 287 0 51 287 0 3 287 0 18 287 0 51 287 0 18 287 0 7 287 0 7 287 0 18 287 0 17 287 0 7 287 0 17 287 0 44 287 0 44 287 0 17 287 0 13 287 0 44 287 0 13 287 0 43 287 0 43 287 0 13 287 0 41 287 0</p>
				</polylist>
			</mesh>
		</geometry>
		<geometry id="ID13">
			<mesh>
				<source id="ID14">
					<float_array id="ID15" count="252" digits="2490374">10.4575 5.14245 4.6627 -11.0755 4.70314 4.72239 -10.8005 17.8257 2.40853 -10.9852 4.51375 4.75578 -10.8255 4.45694 4.7658 -10.8255 4.45998 4.78303 -10.9317 4.4833 4.77892 9.8605 16.9595 2.65011 11.0586 4.61728 4.7553 9.8605 5.66867 4.64099 10.4575 17.8287 2.42576 10.3145 5.23789 4.6281 -10.8005 17.8287 2.42576 11.1255 17.8977 2.41361 -10.7005 5.24093 4.64533 -10.7005 5.23789 4.6281 10.9978 4.52474 4.75385 -10.9978 18.073 2.36491 -10.8255 18.1408 2.35296 10.8255 18.1408 2.35296 10.9689 18.0964 2.3608 11.0586 17.9835 2.3807 11.0755 17.8946 2.39637 11.0755 4.70314 4.72239 11.0553 4.60608 4.7395 -10.7005 17.3629 2.5079 10.8255 4.45694 4.7658 -10.7005 17.3599 2.49066 11.1255 17.9098 2.48254 -11.0518 4.59854 4.74083 11.1255 4.71833 4.80856 10.3145 5.24093 4.64533 -10.8005 5.13941 4.64546 10.4575 5.13941 4.64546 10.4575 17.8257 2.40853 11.1255 4.70618 4.73962 10.3145 17.3629 2.5079 10.3145 17.3599 2.49066 11.0172 4.49107 4.84863 10.8255 4.45998 4.78303 11.0755 4.70618 4.73962 -9.8605 16.9595 2.65011 -9.8605 5.66867 4.64099 11.1012 4.5897 4.76016 10.8255 4.42289 4.86065 11.0971 4.59281 4.83069 -10.953 4.45088 4.85572 -10.9975 4.46405 4.78232 -11.1053 4.5995 4.75843 -11.1255 4.70618 4.73962 -11.1255 17.8977 2.41361 -11.1012 18.0142 2.39307 -11.1255 4.71833 4.80856 -11.1255 17.9098 2.48254 -11.0971 18.0354 2.46041 -10.8255 18.2053 2.43045 11.1053 18.0044 2.39479 10.8255 4.41074 4.79172 11.0322 4.49209 4.77737 -11.0755 4.70618 4.73962 -11.0178 4.54886 4.76736 -10.8255 4.42289 4.86065 -10.8005 5.14245 4.6627 -10.8255 4.41074 4.79172 10.9688 4.50441 4.7752 10.9975 18.1398 2.37091 11.0563 18.0986 2.44925 10.953 18.1773 2.43538 11.0553 17.9947 2.39649 10.9978 18.0761 2.38215 10.8255 18.1439 2.37019 -10.8255 18.1439 2.37019 -11.0563 4.52956 4.84185 -11.0586 17.9866 2.39793 11.0755 17.8977 2.41361 10.8255 18.1931 2.36151 10.8255 18.2053 2.43045 -11.0172 18.1371 2.44247 -11.0553 17.9917 2.37926 -11.0755 17.8946 2.39637 -11.0755 17.8977 2.41361 -11.0322 18.1118 2.37586 -10.9688 18.0995 2.37803 -10.8255 18.1931 2.36151</float_array>
					<technique_common>
						<accessor count="84" source="#ID15" stride="3">
							<param name="X" type="float"/>
							<param name="Y" type="float"/>
							<param name="Z" type="float"/>
						</accessor>
					</technique_common>
				</source>
				<source id="ID16">
					<float_array id="ID17" count="93" digits="2490374">0 -0.984781 0.173625 -0.424844 -0.891469 0.157188 -0.638969 -0.7575 0.133563 -0.769188 -0.629219 0.110906 -0.90525 -0.418375 0.0737187 -1 0 -0 0 -0.173625 -0.984781 -0.9325 0.355563 -0.0626875 -0.919 0.388219 -0.0684375 -0.689125 0.713562 -0.125813 -0.573156 0.806938 -0.14225 0 0.984781 -0.173625 0.689125 0.713562 -0.125813 0.573438 0.806719 -0.14225 0.919 0.388219 -0.0684375 0.9325 0.355563 -0.0626875 1 0 -0 0.9325 -0.355563 0.0626875 0.919 -0.388219 0.0684375 0.689125 -0.713562 0.125813 0.573156 -0.806938 0.14225 0.638969 -0.7575 0.133563 0.90525 -0.418375 0.0737187 -0.9325 -0.355563 0.0626875 -0.573156 -0.806938 0.14225 -0.638969 0.7575 -0.133563 -0.90525 0.418375 -0.0737187 0.769188 0.629219 -0.110906 0.573156 0.806938 -0.14225 0.424844 0.891469 -0.157188 0 0.173625 0.984781</float_array>
					<technique_common>
						<accessor count="31" source="#ID17" stride="3">
							<param name="X" type="float"/>
							<param name="Y" type="float"/>
							<param name="Z" type="float"/>
						</accessor>
					</technique_common>
				</source>
				<source id="ID18">
					<float_array id="ID19" count="2" digits="2490374">0 1</float_array>
					<technique_common>
						<accessor count="1" source="#ID19" stride="2">
							<param name="S" type="float"/>
							<param name="T" type="float"/>
						</accessor>
					</technique_common>
				</source>
				<vertices id="ID20">
					<input semantic="POSITION" source="#ID14"/>
				</vertices>
				<polylist count="164">
					<input offset="0" semantic="VERTEX" source="#ID20" set="0"/>
					<input offset="1" semantic="NORMAL" source="#ID16" set="0"/>
					<input offset="2" semantic="TEXCOORD" source="#ID18" set="0"/>
					<vcount>3 3 3 3 3 3 3 3 3 3 3 3 3 3 3 3 3 3 3 3 3 3 3 3 3 3 3 3 3 3 3 3 3 3 3 3 3 3 3 3 3 3 3 3 3 3 3 3 3 3 3 3 3 3 3 3 3 3 3 3 3 3 3 3 3 3 3 3 3 3 3 3 3 3 3 3 3 3 3 3 3 3 3 3 3 3 3 3 3 3 3 3 3 3 3 3 3 3 3 3 3 3 3 3 3 3 3 3 3 3 3 3 3 3 3 3 3 3 3 3 3 3 3 3 3 3 3 3 3 3 3 3 3 3 3 3 3 3 3 3 3 3 3 3 3 3 3 3 3 3 3 3 3 3 3 3 3 3 3 3 3 3 3 3</vcount>
					<p>6 1 0 4 0 0 5 0 0 4 0 0 6 1 0 3 2 0 60 3 0 3 2 0 6 1 0 3 2 0 60 3 0 29 4 0 59 5 0 29 4 0 60 3 0 1 5 0 29 4 0 59 5 0 59 5 0 80 5 0 79 5 0 59 5 0 79 5 0 1 5 0 79 6 0 78 6 0 1 6 0 1 6 0 78 6 0 29 6 0 29 6 0 78 6 0 17 6 0 29 6 0 17 6 0 3 6 0 3 6 0 17 6 0 18 6 0 3 6 0 18 6 0 4 6 0 4 6 0 18 6 0 2 6 0 2 6 0 18 6 0 19 6 0 2 6 0 19 6 0 34 6 0 34 6 0 19 6 0 33 6 0 26 6 0 4 6 0 32 6 0 32 6 0 4 6 0 2 6 0 26 6 0 32 6 0 33 6 0 26 6 0 33 6 0 19 6 0 26 6 0 19 6 0 20 6 0 26 6 0 20 6 0 16 6 0 16 6 0 20 6 0 21 6 0 16 6 0 21 6 0 24 6 0 24 6 0 21 6 0 23 6 0 23 6 0 21 6 0 22 6 0 4 0 0 39 0 0 5 0 0 26 0 0 39 0 0 4 0 0 75 6 0 65 6 0 70 6 0 75 6 0 70 6 0 83 6 0 70 6 0 65 6 0 69 6 0 69 6 0 65 6 0 56 6 0 69 6 0 56 6 0 68 6 0 68 6 0 56 6 0 13 6 0 68 6 0 13 6 0 74 6 0 74 6 0 13 6 0 35 6 0 43 6 0 40 6 0 74 6 0 74 6 0 35 6 0 43 6 0 40 6 0 43 6 0 8 6 0 8 6 0 43 6 0 64 6 0 64 6 0 43 6 0 58 6 0 64 6 0 58 6 0 39 6 0 39 6 0 58 6 0 57 6 0 39 6 0 57 6 0 5 6 0 81 6 0 83 6 0 71 6 0 71 6 0 83 6 0 70 6 0 81 6 0 71 6 0 82 6 0 81 6 0 82 6 0 51 6 0 51 6 0 82 6 0 73 6 0 51 6 0 73 6 0 50 6 0 50 6 0 73 6 0 80 6 0 50 6 0 80 6 0 59 6 0 50 6 0 59 6 0 49 6 0 49 6 0 59 6 0 60 6 0 49 6 0 60 6 0 48 6 0 48 6 0 60 6 0 47 6 0 47 6 0 60 6 0 6 6 0 47 6 0 6 6 0 5 6 0 47 6 0 5 6 0 63 6 0 63 6 0 5 6 0 57 6 0 73 7 0 79 5 0 80 5 0 73 7 0 78 8 0 79 5 0 78 8 0 73 7 0 17 9 0 73 7 0 82 10 0 17 9 0 17 9 0 82 10 0 18 11 0 82 10 0 71 11 0 18 11 0 71 11 0 19 11 0 18 11 0 70 11 0 19 11 0 71 11 0 19 11 0 70 11 0 69 12 0 19 11 0 69 12 0 20 13 0 20 13 0 69 12 0 68 14 0 20 13 0 68 14 0 21 15 0 74 16 0 21 15 0 68 14 0 22 16 0 21 15 0 74 16 0 74 16 0 40 16 0 23 16 0 74 16 0 23 16 0 22 16 0 8 17 0 23 16 0 40 16 0 8 17 0 24 18 0 23 16 0 24 18 0 8 17 0 16 19 0 8 17 0 64 20 0 16 19 0 16 19 0 64 20 0 26 0 0 64 20 0 39 0 0 26 0 0 12 16 0 62 16 0 32 16 0 12 16 0 32 16 0 2 16 0 62 11 0 33 11 0 32 11 0 0 11 0 33 11 0 62 11 0 0 5 0 10 5 0 34 5 0 0 5 0 34 5 0 33 5 0 15 6 0 37 6 0 11 6 0 2 0 0 10 0 0 12 0 0 34 0 0 10 0 0 2 0 0 28 16 0 30 16 0 35 16 0 28 16 0 35 16 0 13 16 0 44 0 0 57 0 0 58 19 0 44 0 0 58 19 0 38 21 0 38 21 0 58 19 0 43 18 0 38 21 0 43 18 0 45 22 0 35 16 0 45 22 0 43 18 0 27 6 0 37 6 0 15 6 0 30 16 0 45 22 0 35 16 0 63 0 0 44 0 0 61 0 0 57 0 0 44 0 0 63 0 0 48 23 0 52 5 0 49 5 0 52 5 0 48 23 0 72 3 0 47 24 0 72 3 0 48 23 0 72 3 0 47 24 0 46 1 0 63 0 0 46 1 0 47 24 0 61 0 0 46 1 0 63 0 0 52 5 0 53 5 0 50 5 0 52 5 0 50 5 0 49 5 0 55 11 0 83 11 0 81 9 0 55 11 0 81 9 0 77 25 0 77 25 0 81 9 0 51 8 0 77 25 0 51 8 0 54 26 0 50 5 0 54 26 0 51 8 0 53 5 0 54 26 0 50 5 0 55 11 0 75 11 0 83 11 0 76 11 0 75 11 0 55 11 0 56 15 0 28 16 0 13 16 0 28 16 0 56 15 0 66 27 0 65 28 0 66 27 0 56 15 0 66 27 0 65 28 0 67 29 0 75 11 0 67 29 0 65 28 0 76 11 0 67 29 0 75 11 0 10 6 0 0 6 0 36 6 0 10 6 0 36 6 0 12 6 0 36 6 0 0 6 0 31 6 0 31 6 0 0 6 0 14 6 0 62 6 0 12 6 0 25 6 0 25 6 0 12 6 0 36 6 0 62 6 0 25 6 0 14 6 0 62 6 0 14 6 0 0 6 0 55 30 0 77 30 0 76 30 0 76 30 0 77 30 0 67 30 0 67 30 0 77 30 0 66 30 0 66 30 0 77 30 0 54 30 0 66 30 0 54 30 0 28 30 0 28 30 0 54 30 0 53 30 0 28 30 0 53 30 0 41 30 0 41 30 0 53 30 0 52 30 0 41 30 0 52 30 0 42 30 0 42 30 0 52 30 0 9 30 0 30 30 0 28 30 0 7 30 0 7 30 0 28 30 0 41 30 0 30 30 0 7 30 0 9 30 0 30 30 0 9 30 0 52 30 0 30 30 0 52 30 0 72 30 0 30 30 0 72 30 0 45 30 0 45 30 0 72 30 0 38 30 0 38 30 0 72 30 0 46 30 0 38 30 0 46 30 0 44 30 0 44 30 0 46 30 0 61 30 0 36 16 0 31 16 0 37 16 0 37 16 0 31 16 0 11 16 0 37 11 0 25 11 0 36 11 0 27 11 0 25 11 0 37 11 0 14 5 0 25 5 0 15 5 0 15 5 0 25 5 0 27 5 0 31 0 0 15 0 0 11 0 0 14 0 0 15 0 0 31 0 0 41 30 0 42 30 0 7 30 0 7 30 0 42 30 0 9 30 0</p>
				</polylist>
			</mesh>
		</geometry>
		<geometry id="ID22">
			<mesh>
				<source id="ID23">
					<float_array id="ID24" count="1113" digits="2490374">-4 4.2487 4.6502 12.2924 17.5585 1.38944 12.2238 18.0104 1.30977 -4 4.22932 4.65806 11.7462 18.7783 1.17436 -4 4.21396 4.67466 11.3145 19.0275 1.13042 -4 4.20814 4.70813 4 4.2089 4.68723 4 4.21924 4.66712 10.3 19.0965 1.73052 10.3 18.9029 2.05251 10.3 18.6206 2.29195 12.2238 2.77428 3.38705 4 4.23419 4.85585 10.9525 18.2091 2.44106 12.145 2.54521 3.42744 -10.7705 17.7701 2.26601 11.15 17.9316 2.49071 11.15 17.3901 2.58689 -10.7705 15.8798 2.75165 11.753 17.3604 2.41873 -10.7705 17.7962 2.41374 12.2232 17.2621 1.86119 12.2892 3.17798 3.31586 11.5631 17.7578 2.44005 11.4899 18.1114 2.37769 11.3923 18.2943 2.34545 11.2537 18.4361 2.32044 11.0561 18.5443 2.30136 10.8164 18.6051 2.29064 11.9516 17.7449 2.18225 11.855 18.2015 2.10174 11.7092 18.4734 2.0538 11.4924 18.6952 2.0147 11.1967 18.8579 1.986 10.8762 18.94 1.97153 12.2068 17.698 1.79465 12.0948 18.2222 1.70222 11.9173 18.5526 1.64396 11.6492 18.8269 1.5956 11.2891 19.0254 1.56059 10.9154 19.1215 1.54365 -4.8 1.77812 4.17195 -4.25 1.72888 4.18063 10.7965 19.143 1.11005 -4.21154 1.74666 4.1775 11.5424 18.9201 1.14936 -4.225 1.89716 4.59523 12.0423 18.4371 1.23453 -4.225 2.20564 4.91747 -4.225 2.61395 5.09714 -4.2067 1.91259 4.5854 12.3 17.0862 0.863473 -4.2067 2.21614 4.90248 -4.2067 2.61791 5.07927 11.7201 1.98514 3.52619 11.7462 18.6741 0.58348 11.5589 18.8063 0.560171 -4.22876 1.73355 4.17981 10.9217 19.0233 0.521904 11.3779 1.78268 3.56189 -4.25 1.82614 4.48165 -4.25 2.00174 4.74479 -4.25 2.29137 4.97971 -4.25 2.64094 5.10961 -4.25 3.0611 5.11347 -4.21154 3.05797 5.09569 -4.2 2.79071 5.07866 -4.2 1.88728 4.49189 10.9868 1.66789 3.58213 -4.15385 4.13704 4.72067 -4.2 4.01118 4.74286 -4.2 4.03723 4.89058 10.3 19.1727 1.4117 4.2 5.13011 4.49479 -4.18105 4.12091 4.87582 -4 4.23419 4.85585 -4.15179 4.15452 4.68166 -10.8205 13.0959 3.3414 10.7064 1.73836 4.17896 -6.16003 17.8622 2.50011 -3.24724 17.8618 2.49769 -0.167998 17.8616 2.49671 -4.08181 4.19091 4.71117 10.4845 17.8631 2.50566 -4.11875 4.2189 4.65546 4.15179 4.15452 4.68167 11.1327 1.80387 4.16741 4.25 5.12285 4.74158 4.13045 4.21234 4.65662 10.85 4.40537 4.87644 4.01645 4.24815 4.6503 11.0778 4.50855 4.85824 4 4.20814 4.70813 4.08497 4.18948 4.71142 4.15384 4.13704 4.72067 4.2 4.01118 4.74286 11.1223 18.0553 2.46809 11.0445 18.1563 2.45018 4.2 4.15029 4.66756 10.85 18.227 2.43861 10.3 18.2271 2.43928 11.5572 1.97739 4.13681 4.08497 4.21553 4.85914 4.15384 4.16308 4.86839 -11.1197 18.0608 2.46715 -11.15 17.9316 2.49066 -11.15 17.3901 2.5869 4.2 4.03723 4.89058 -11.15 4.70081 4.82435 -11.1236 4.57962 4.84571 -11.0452 4.4765 4.86389 4.21464 1.90386 4.59096 4.21464 2.2102 4.91097 11.9124 2.27423 4.08447 11.15 3.89819 4.96587 11.4633 3.89064 4.92302 4.21464 2.61567 5.08938 12.0346 3.8261 4.55699 12.0628 2.4858 4.04717 12.3 3.6985 3.83334 12.3 17.1904 1.45436 4.21154 1.74666 4.1775 12.0364 17.3176 2.17583 4.2 1.77812 4.17195 11.4522 17.383 2.54708 4.2 3.05242 5.06423 11.15 11.0454 3.70563 11.15 4.70081 4.82435 12.1732 2.71968 4.00593 -10.3 19.0558 0.516177 4.20474 3.05611 5.08515 10.3 19.16 1.10706 4.21805 3.0591 5.1021 12.2828 3.20952 3.91956 4.25 3.0611 5.11347 4.25 2.74497 5.12503 4.25 2.43765 5.05001 4.2 1.83913 4.38709 12.3 3.59431 3.24245 4.2 1.67393 3.58107 4.2 4.86963 3.01758 10.4845 4.86963 3.01758 -4.18704 4.16587 4.66481 4 4.2487 4.6502 -12.2892 17.5025 0.790063 -10.7705 13.0964 3.34398 -4.2 1.67393 3.58107 4.2 2.0064 4.67301 10.3 3.0611 5.11347 10.3 2.75646 5.12614 -10.7228 1.63532 3.58788 10.3 2.43765 5.05001 -11.3653 1.77737 3.56283 -11.6761 1.95148 3.53213 -11.934 2.19578 3.48905 -12.1396 2.53275 3.42963 10.3 1.87621 4.57414 4.25 1.87621 4.57414 4.25 2.11783 4.8582 4.2 2.25329 4.89755 -12.2239 17.9062 0.718881 -12.145 18.1353 0.678489 4.20474 4.04092 4.9115 -11.7201 18.6953 0.579734 4.21805 4.04391 4.92845 -10.9868 19.0126 0.523795 4.1591 4.20143 4.90559 10.3 19.0558 0.516177 4.14616 4.18551 4.88982 11.351 18.909 0.542063 4.09687 4.27287 4.8998 4 4.24255 4.87595 12.0439 18.3304 0.64408 12.2238 17.9062 0.718882 12.2892 17.5025 0.790064 4 4.25865 4.89059 -4 4.24255 4.87595 -4 4.25865 4.89059 -4 4.29211 4.89641 -4.1591 4.20143 4.90559 11.9682 2.23915 3.4814 -4.14616 4.18551 4.88982 -11.9682 18.4413 0.624523 -4.17206 4.22453 4.90832 -4.1278 4.18874 4.86386 -4.25 4.04591 4.93982 4.2 2.51353 5.02448 -4.22876 3.06028 5.1088 -11.3779 18.8978 0.544034 -10.3 19.169 1.44605 -4.21805 4.04391 4.92845 -4.20474 4.04092 4.9115 -11.1327 19.085 1.12028 -11.5571 18.9115 1.15087 -11.9124 18.6146 1.20322 -12.0629 18.4029 1.24055 -12.1733 18.169 1.2818 4.2 2.79789 5.0791 -10.3 2.00174 4.74479 -10.3 2.64094 5.10961 -12.1293 17.2951 2.04816 -10.3 3.0611 5.11347 -11.5631 17.3767 2.51129 -4.8 1.72888 4.18063 -10.9155 1.91434 4.57773 -11.2891 2.01043 4.56079 -11.0073 18.1829 2.44554 -10.85 18.227 2.43857 -10.3 18.2271 2.43928 -10.3 18.2934 2.42558 -10.3 18.6291 2.28681 -10.3 18.9048 2.05024 -10.3 19.0811 1.76749 -10.3 19.16 1.10706 -10.6876 18.6199 2.28802 -11.0467 18.5478 2.30074 -11.2324 18.4517 2.31768 -11.3764 18.3153 2.34175 -11.4863 18.1207 2.37605 -11.548 17.8846 2.41768 -10.7198 18.9581 1.96834 -11.1834 18.8629 1.98512 -11.4595 18.7194 2.01044 -11.6847 18.5059 2.04808 -11.8499 18.2147 2.09943 -11.9333 17.899 2.15509 -10.7409 19.1417 1.54009 -11.2732 19.0314 1.55954 -11.6086 18.8566 1.59035 -11.8871 18.5926 1.63691 -12.0887 18.2379 1.69945 -12.1863 17.87 1.76433 -11.6492 2.209 4.52578 -10.8205 5.12419 4.74916 -4.25 5.12285 4.74158 -11.9174 2.48325 4.47742 -10.7064 19.1505 1.10873 -12.0948 2.81362 4.41917 -10.8205 9.10989 4.04437 -12.2068 3.33783 4.32673 -10.8762 2.23123 4.91773 -11.1967 2.31333 4.90326 -4.2 4.86963 3.01758 -11.4924 2.47607 4.87456 -10.8205 4.86963 3.01758 -11.7092 2.69783 4.83546 -11.855 2.96972 4.78752 -11.9516 3.42631 4.70701 -10.8164 2.65511 5.10305 -10.8205 15.8537 2.60392 -11.0561 2.71592 5.09233 -10.8205 17.8454 2.40505 -11.2537 2.8241 5.07326 -11.3923 2.96593 5.04825 -11.4899 3.14878 5.01601 -10.7705 5.13011 4.49479 -11.5631 3.50244 4.95365 5.82403 17.8621 2.49976 -10.7705 5.17352 4.74099 -10.85 3.06113 5.11346 -10.3 2.29385 4.98113 -10.8205 17.8631 2.50558 -10.3 1.82116 4.47123 -11.9124 2.27423 4.08447 10.4845 5.17333 4.73993 -12.0585 2.47839 4.04847 -12.1293 3.8032 4.42714 -12.2828 17.6793 1.36814 -12.3 17.1904 1.45436 10.4845 11.5171 3.6165 -10.7705 13.053 3.09778 10.4845 17.8454 2.40505 10.4845 17.7962 2.41374 -10.8205 13.053 3.09778 -12.3 17.0862 0.863473 -10.8205 5.13011 4.49479 12.1863 3.1659 4.35705 10.4845 5.17352 4.74099 10.4845 5.12428 4.74967 12.0887 2.79795 4.42193 11.8871 2.44328 4.48447 -10.8205 15.8798 2.75165 10.4845 5.1241 4.74868 -10.7705 15.8537 2.60392 11.6086 2.17922 4.53103 4.25 4.40538 4.87643 11.2732 2.00447 4.56184 10.4845 17.7701 2.26601 10.7409 1.89415 4.5813 -10.8205 5.12428 4.74967 -4.25 5.12428 4.74967 -4.25 4.40538 4.87643 -10.85 4.40537 4.87644 11.9333 3.27225 4.73418 -10.8205 17.6549 1.52477 -10.8205 17.7851 2.26337 -10.7938 17.8194 2.25733 -11.15 3.35656 5.06137 -11.1261 3.23946 5.08202 -11.0571 3.14274 5.09907 11.8499 2.95659 4.78984 11.6847 2.66538 4.84118 -10.8205 13.0964 3.34398 11.4595 2.4519 4.87883 -4.23048 4.14125 4.92301 4.22876 1.73355 4.17981 4.22161 1.6334 3.58821 4 4.29211 4.89641 4.20337 1.65615 3.5842 4.2105 4.17879 4.91639 4.25 4.04591 4.93982 11.1834 2.30833 4.90414 4.25 1.62469 3.58975 10.85 3.06113 5.11346 4.25 1.72888 4.18063 11.1031 3.19705 5.0895 11.15 3.35656 5.06137 10.3 1.62469 3.58975 10.7198 2.21316 4.92092 11.548 3.37559 4.97601 10.9731 4.4314 4.87185 -11.1327 1.69969 3.57653 -12.2561 2.91796 3.36171 4.25 5.12428 4.74967 -12.3 3.59431 3.24245 -12.3 3.6985 3.83334 -12.2828 3.20952 3.91955 -12.1682 2.70639 4.00827 -11.5634 1.98111 4.13616 11.4863 3.13951 5.01764 -11.1327 1.80387 4.16741 -10.7228 1.73951 4.17876 -11.8826 17.3443 2.32733 11.3764 2.94495 5.05195 -12.2596 17.2428 1.75197 -10.3 1.72888 4.18063 -4.86892 1.7241 4.15351 -12.2565 3.75291 4.14191 -4.89225 1.71825 4.12033 -11.8848 3.85211 4.70451 -11.5631 3.88486 4.89027 -11.15 3.89819 4.96587 -10.3 1.62469 3.58975 -11.15 11.0454 3.70563 11.2324 2.80846 5.07601 11.0467 2.71239 5.09295 -4.9 1.67393 3.58107 -4.9 1.62469 3.58975 10.6876 2.64028 5.10567 -4.9 1.71152 4.08215 -4.9 1.76076 4.07347 -10.8205 17.5589 0.780122 10.3 2.11564 4.85634 -4.88754 1.76915 4.12107 10.3 1.72888 4.18063 -4.85098 1.77569 4.15819 -4.2 1.77812 4.17195 10.9703 3.08522 5.10921 -4.2 2.08845 4.76358 -4.2 2.4106 4.98432 -4.2 3.05242 5.06423 -4.2 4.1503 4.66756 -4.2 5.13011 4.49479 12.2232 3.77023 4.24017 10.4845 17.5589 0.780122 11.753 3.86854 4.79771 -10.8205 17.6856 1.49851 -10.7938 17.6891 1.51873 10.4845 17.8194 2.25733</float_array>
					<technique_common>
						<accessor count="371" source="#ID24" stride="3">
							<param name="X" type="float"/>
							<param name="Y" type="float"/>
							<param name="Z" type="float"/>
						</accessor>
					</technique_common>
				</source>
				<source id="ID25">
					<float_array id="ID26" count="816" digits="2490374">0 0.995781 0.09125 0.1425 0.96875 0.202906 0 0.929594 0.368469 0 0.984781 -0.173625 0.100219 0.979813 -0.172719 0.358344 0.919375 -0.162062 0.335281 0.917969 0.211875 0.504938 0.850031 -0.149875 0.569313 0.787844 0.234781 0.645594 0.752031 -0.132594 0.75575 0.597219 0.268375 0.853594 0.513 -0.0904375 0.87075 0.384844 0.305875 0.967219 0.249906 -0.0440313 0.926625 0.139375 0.349156 0.99825 0.0572812 -0.0100938 0.93325 0.062375 0.353719 1 0 -0 0.108406 0.810938 0.574969 0 0.761187 0.648438 0.254969 0.772313 0.581781 0.432938 0.673344 0.59925 0.57475 0.528406 0.624781 0.662219 0.366844 0.653281 0.704719 0.180156 0.686188 0.770813 0.110594 0.627344 0.056375 0.519656 0.852437 0 0.515813 0.856656 0.132719 0.499563 0.856 0.225375 0.448063 0.865094 0.299188 0.372594 0.878375 0.344719 0.2885 0.893219 0.366844 0.191344 0.910344 0.524281 0.147813 0.838531 0 0.173625 0.984781 0.00865625 0.206313 0.978406 0.020375 0.217281 0.975875 0.0339688 0.212375 0.976562 0.0445938 0.196562 0.979406 0.0332813 0.182094 0.982656 0.262781 0.167531 0.950188 0.100188 0.979813 -0.172719 0.150656 0.973531 -0.171656 0.380625 0.910656 -0.160563 0.516125 0.843437 -0.148687 0.854594 0.511344 -0.090125 0.853531 0.513 -0.0904375 0.967219 0.249969 -0.0440313 0.99725 0.07275 -0.0127813 0 0.992594 0.121094 0 0.916219 0.400594 0 0.762906 0.646469 0 0.523125 0.852188 0 0.231219 0.972844 -0.00825 0.1735 0.984781 0.008 0.173344 0.984781 0.008875 0.173625 0.984719 -0.00278125 0.175563 0.984438 -0.0138125 0.18 0.983563 0.0010625 0.164531 0.986313 0 0.182219 0.98325 0.0005625 0.158156 0.987406 -0.0148125 0.184594 0.982656 -0.012 0.187844 0.982094 -0.0063125 0.187 0.982313 3.125e-05 0.155406 0.987844 -0.001 0.163656 0.9865 -0.00121875 0.175625 0.984438 0 0.185031 0.982719 6.25e-05 0.174313 0.984656 0.00025 0.173906 0.984719 0.00071875 0.184344 0.982844 0.0004375 0.17375 0.984781 0.00071875 0.173719 0.984781 0.0014375 0.174281 0.984688 0.00746875 0.173937 0.984688 -0.00071875 0.184344 0.982844 -0.0014375 0.174938 0.984563 -6.25e-05 0.174313 0.984656 -0.000125 0.174094 0.984688 -0.00028125 0.173875 0.984719 -0.00071875 0.173719 0.984781 -0.0015 0.174938 0.984563 -0.008875 0.173625 0.984719 -0.00871875 0.1735 0.984781 0.00825 0.1735 0.984781 0.0138125 0.18 0.983563 0.0148125 0.184406 0.982719 0.0132188 0.187406 0.982188 0.0100938 0.187906 0.982094 0.0063125 0.187 0.982313 0.769188 0.110906 0.629219 0.272438 0.167063 0.9475 0 -0.173625 -0.984781 -0.964844 0.045625 0.258781 -0.91875 0.204281 0.337719 -0.851469 0.0910313 0.516344 -1 0 -0 -0.994906 0.0986563 -0.0173438 -0.93825 0.340656 -0.0600625 -0.867188 0.394094 0.30425 -0.8675 0.489844 -0.0863438 -0.735094 0.624563 0.263594 -0.763625 0.635813 -0.112062 -0.541531 0.808219 0.231219 -0.514875 0.844187 -0.148844 -0.325938 0.921438 0.21125 -0.253781 0.952563 -0.167938 -0.0766563 0.976438 0.201531 -0.068375 0.9825 -0.173219 -0.69875 0.2295 0.6775 -0.637031 0.133813 0.759094 -0.6595 0.373906 0.652 -0.559031 0.549156 0.621094 -0.411875 0.688812 0.596469 -0.247875 0.774938 0.581281 -0.0582813 0.81675 0.573906 -0.36375 0.216969 0.905813 -0.359188 0.162 0.919031 -0.343344 0.292125 0.892563 -0.291 0.383406 0.8765 -0.214406 0.456094 0.863688 -0.129031 0.500969 0.855781 -0.0303438 0.52275 0.851906 -0.0332813 0.182094 0.982656 -0.0445 0.197344 0.979281 -0.0281875 0.215937 0.975969 -0.00865625 0.206313 0.978406 0 -0.984781 0.173625 -0.962125 0.0473125 0.268313 -0.638969 0.133563 0.7575 0.91875 -0.0764375 0.387188 0.994906 -0.0986563 0.0173438 0.938219 -0.34075 0.0600625 0.867188 -0.26625 0.420656 0.867406 -0.489938 0.0863438 0.735094 -0.496719 0.461313 0.763625 -0.635813 0.112062 0.541531 -0.680344 0.493688 0.514938 -0.844156 0.148844 0.325938 -0.793625 0.513656 0.253781 -0.952563 0.167938 0.0766563 -0.848625 0.523344 0.068375 -0.9825 0.173219 0 -0.856656 0.515813 0.69875 0.016 0.715156 0.6595 -0.128281 0.740562 0.559031 -0.303594 0.771469 0.411875 -0.443281 0.796094 0.247875 -0.529375 0.811281 0.0582813 -0.571187 0.818656 0 -0.648438 0.761187 0.36375 0.105875 0.925438 0.343344 0.0306875 0.938688 0.291 -0.0604687 0.95475 0.214406 -0.133219 0.967562 0.129031 -0.178031 0.975469 0.0303438 -0.199813 0.979344 0 -0.368469 0.929594 0.03325 0.164937 0.985687 0.0434063 0.144594 0.9885 0.023125 0.128531 0.991406 0.00865625 0.140781 0.99 0 -0.09125 0.995781 -0.99725 0.0726875 -0.0127813 -0.967219 0.249969 -0.0440313 -0.921 0.3835 -0.067625 -0.8025 0.587469 -0.103531 -0.62725 0.766906 -0.135219 -0.514938 0.844156 -0.148844 -0.397281 0.903719 -0.159313 -0.253781 0.952531 -0.167938 -0.179875 0.968719 -0.170813 0.99725 -0.0726875 0.0127813 0.967219 -0.249969 0.0440313 0.921 -0.3835 0.067625 0.8025 -0.587469 0.103531 0.62725 -0.766906 0.135219 0.514969 -0.844156 0.148844 0.397281 -0.903719 0.159313 0.253781 -0.952531 0.167938 0.179875 -0.968719 0.170813 -0.0738125 -0.982094 0.173125 -0.253781 -0.952531 0.167938 -0.389406 -0.907 0.159906 -0.519188 -0.841594 0.148375 -0.596563 -0.790344 0.139344 -0.763625 -0.635813 0.112062 -0.77875 -0.617719 0.108875 -0.864469 -0.494938 0.08725 -0.917625 -0.39125 0.0689688 -0.935188 -0.348719 0.0614688 -0.983625 -0.177156 0.0312188 -0.994906 -0.0986563 0.0173438 -0.9325 -0.355563 0.0626875 -0.769188 -0.629219 0.110906 -0.567688 -0.810656 0.142906 -0.424844 -0.891469 0.157188 0.554344 -0.555 -0.620094 0.586875 -0.511156 -0.627844 0.532969 -0.580375 -0.615656 0.829969 -0.54925 0.0968125 0.75375 -0.647125 0.114094 0 -0.904531 0.426313 -0.1425 -0.840906 0.522 0 -0.7475 0.664156 -0.0737813 -0.982094 0.173125 -0.335281 -0.790125 0.513031 -0.569313 -0.660031 0.490063 -0.763656 -0.63575 0.112062 -0.75575 -0.469375 0.456469 -0.87075 -0.257031 0.419031 -0.926625 -0.0115625 0.37575 -0.108406 -0.565344 0.817656 0 -0.493469 0.869687 -0.254969 -0.52675 0.810844 -0.432938 -0.427781 0.793375 -0.57475 -0.282813 0.767812 -0.662219 -0.121281 0.739344 -0.704719 0.0653438 0.706438 -0.056375 -0.19675 0.978813 0 -0.191656 0.981438 -0.132719 -0.176625 0.97525 -0.225344 -0.125156 0.966156 -0.299188 -0.0496875 0.952875 -0.344719 0.0343125 0.938031 -0.366844 0.131531 0.920875 -0.00865625 0.140781 0.99 -0.036 0.136219 0.99 -0.0455313 0.150813 0.9875 -0.03325 0.164937 0.985687 0 -0.900187 0.435375 0 -0.495688 0.868469 0.90525 0.0737187 0.418375 0.638969 0.133563 0.7575 0.424844 0.157188 0.891469 0 -0.817688 0.575594 0.638969 -0.7575 0.133563 0.612312 -0.516187 0.598719 0.3535 -0.19775 0.91425 0.90525 -0.418375 0.0737187 0 -0.868469 -0.495688 -0.90525 0.0737187 0.418375 -0.612312 -0.516187 0.598719 -0.3535 -0.19775 0.91425 0 -0.969625 -0.244312 0 -0.646563 0.762781 0 -0.10125 0.994812 -0.707094 -0.153 0.690313 -0.707094 -0.405531 0.579188 -0.707094 -0.596344 0.379875 -0.499719 -0.615 -0.609875 -0.002125 -0.177125 -0.984156 0 -0.173719 -0.984781 0 -0.762781 -0.646563 0 -0.969625 -0.244375 0 -0.561281 -0.827563 0.0021875 -0.177625 -0.984031 0.499719 -0.614969 -0.609937 0.409 -0.898625 0.158438 0.769188 -0.629219 0.110906 0.866 -0.108156 0.488094 0.865969 -0.286781 0.409531 0.865969 -0.421688 0.268594 0.5 -0.187438 0.845469 0.5 -0.496719 0.709375 0.5 -0.730344 0.465313 0.424844 -0.891469 0.157188 0.509781 -0.149375 -0.847188 0.689125 -0.125813 -0.713562 0.875406 -0.0839375 -0.476 0.921875 -0.0672188 -0.3815</float_array>
					<technique_common>
						<accessor count="272" source="#ID26" stride="3">
							<param name="X" type="float"/>
							<param name="Y" type="float"/>
							<param name="Z" type="float"/>
						</accessor>
					</technique_common>
				</source>
				<source id="ID27">
					<float_array id="ID28" count="2" digits="2490374">0 1</float_array>
					<technique_common>
						<accessor count="1" source="#ID28" stride="2">
							<param name="S" type="float"/>
							<param name="T" type="float"/>
						</accessor>
					</technique_common>
				</source>
				<vertices id="ID29">
					<input semantic="POSITION" source="#ID23"/>
				</vertices>
				<polylist count="742">
					<input offset="0" semantic="VERTEX" source="#ID29" set="0"/>
					<input offset="1" semantic="NORMAL" source="#ID25" set="0"/>
					<input offset="2" semantic="TEXCOORD" source="#ID27" set="0"/>
					<vcount>3 3 3 3 3 3 3 3 3 3 3 3 3 3 3 3 3 3 3 3 3 3 3 3 3 3 3 3 3 3 3 3 3 3 3 3 3 3 3 3 3 3 3 3 3 3 3 3 3 3 3 3 3 3 3 3 3 3 3 3 3 3 3 3 3 3 3 3 3 3 3 3 3 3 3 3 3 3 3 3 3 3 3 3 3 3 3 3 3 3 3 3 3 3 3 3 3 3 3 3 3 3 3 3 3 3 3 3 3 3 3 3 3 3 3 3 3 3 3 3 3 3 3 3 3 3 3 3 3 3 3 3 3 3 3 3 3 3 3 3 3 3 3 3 3 3 3 3 3 3 3 3 3 3 3 3 3 3 3 3 3 3 3 3 3 3 3 3 3 3 3 3 3 3 3 3 3 3 3 3 3 3 3 3 3 3 3 3 3 3 3 3 3 3 3 3 3 3 3 3 3 3 3 3 3 3 3 3 3 3 3 3 3 3 3 3 3 3 3 3 3 3 3 3 3 3 3 3 3 3 3 3 3 3 3 3 3 3 3 3 3 3 3 3 3 3 3 3 3 3 3 3 3 3 3 3 3 3 3 3 3 3 3 3 3 3 3 3 3 3 3 3 3 3 3 3 3 3 3 3 3 3 3 3 3 3 3 3 3 3 3 3 3 3 3 3 3 3 3 3 3 3 3 3 3 3 3 3 3 3 3 3 3 3 3 3 3 3 3 3 3 3 3 3 3 3 3 3 3 3 3 3 3 3 3 3 3 3 3 3 3 3 3 3 3 3 3 3 3 3 3 3 3 3 3 3 3 3 3 3 3 3 3 3 3 3 3 3 3 3 3 3 3 3 3 3 3 3 3 3 3 3 3 3 3 3 3 3 3 3 3 3 3 3 3 3 3 3 3 3 3 3 3 3 3 3 3 3 3 3 3 3 3 3 3 3 3 3 3 3 3 3 3 3 3 3 3 3 3 3 3 3 3 3 3 3 3 3 3 3 3 3 3 3 3 3 3 3 3 3 3 3 3 3 3 3 3 3 3 3 3 3 3 3 3 3 3 3 3 3 3 3 3 3 3 3 3 3 3 3 3 3 3 3 3 3 3 3 3 3 3 3 3 3 3 3 3 3 3 3 3 3 3 3 3 3 3 3 3 3 3 3 3 3 3 3 3 3 3 3 3 3 3 3 3 3 3 3 3 3 3 3 3 3 3 3 3 3 3 3 3 3 3 3 3 3 3 3 3 3 3 3 3 3 3 3 3 3 3 3 3 3 3 3 3 3 3 3 3 3 3 3 3 3 3 3 3 3 3 3 3 3 3 3 3 3 3 3 3 3 3 3 3 3 3 3 3 3 3 3 3 3 3 3 3 3 3 3 3 3 3 3 3 3 3 3 3 3 3 3 3 3 3 3 3 3 3 3 3 3 3 3 3 3 3 3 3 3 3 3 3 3 3 3 3 3 3 3 3 3 3 3 3 3 3 3 3 3 3 3 3 3 3 3 3 3 3 3 3 3 3 3 3 3 3 3 3 3 3 3 3 3 3 3 3 3 3 3 3 3 3 3 3 3 3 3 3 3 3 3 3 3 3 3 3 3 3 3 3 3 3 3 3 3 3 3 3 3 3 3 3 3 3 3 3 3 3 3 3 3 3 3 3 3 3 3 3 3 3 3 3 3</vcount>
					<p>10 2 0 42 1 0 74 0 0 74 0 0 42 1 0 133 3 0 133 3 0 42 1 0 45 4 0 45 4 0 42 1 0 6 5 0 42 1 0 41 6 0 6 5 0 6 5 0 41 6 0 47 7 0 41 6 0 40 8 0 47 7 0 47 7 0 40 8 0 4 9 0 40 8 0 39 10 0 4 9 0 4 9 0 39 10 0 49 11 0 39 10 0 38 12 0 49 11 0 49 11 0 38 12 0 2 13 0 38 12 0 37 14 0 2 13 0 2 13 0 37 14 0 1 15 0 23 16 0 1 15 0 37 14 0 23 16 0 122 17 0 1 15 0 11 19 0 36 18 0 10 2 0 10 2 0 36 18 0 42 1 0 36 18 0 35 20 0 42 1 0 42 1 0 35 20 0 41 6 0 35 20 0 34 21 0 41 6 0 41 6 0 34 21 0 40 8 0 34 21 0 33 22 0 40 8 0 40 8 0 33 22 0 39 10 0 33 22 0 32 23 0 39 10 0 39 10 0 32 23 0 38 12 0 32 23 0 31 24 0 38 12 0 38 12 0 31 24 0 37 14 0 124 25 0 37 14 0 31 24 0 23 16 0 37 14 0 124 25 0 12 27 0 30 26 0 11 19 0 11 19 0 30 26 0 36 18 0 30 26 0 29 28 0 36 18 0 36 18 0 29 28 0 35 20 0 29 28 0 28 29 0 35 20 0 35 20 0 28 29 0 34 21 0 28 29 0 27 30 0 34 21 0 34 21 0 27 30 0 33 22 0 27 30 0 26 31 0 33 22 0 33 22 0 26 31 0 32 23 0 26 31 0 25 32 0 32 23 0 32 23 0 25 32 0 31 24 0 21 33 0 31 24 0 25 32 0 124 25 0 31 24 0 21 33 0 30 26 0 12 27 0 102 34 0 101 35 0 30 26 0 102 34 0 30 26 0 101 35 0 29 28 0 15 36 0 29 28 0 101 35 0 29 28 0 15 36 0 28 29 0 99 37 0 28 29 0 15 36 0 28 29 0 99 37 0 27 30 0 98 38 0 27 30 0 99 37 0 27 30 0 98 38 0 26 31 0 18 39 0 26 31 0 98 38 0 26 31 0 18 39 0 25 32 0 19 34 0 25 32 0 18 39 0 21 33 0 25 32 0 126 40 0 25 32 0 19 34 0 126 40 0 133 3 0 45 41 0 169 3 0 169 3 0 45 41 0 60 42 0 6 5 0 60 42 0 45 41 0 6 5 0 171 43 0 60 42 0 47 7 0 171 43 0 6 5 0 47 7 0 58 44 0 171 43 0 57 9 0 58 44 0 47 7 0 4 9 0 57 9 0 47 7 0 174 45 0 57 9 0 4 9 0 49 46 0 174 45 0 4 9 0 175 47 0 174 45 0 49 46 0 2 47 0 175 47 0 49 46 0 176 48 0 175 47 0 2 47 0 1 15 0 176 48 0 2 47 0 176 48 0 1 15 0 53 17 0 53 17 0 1 15 0 122 17 0 215 3 0 191 49 0 133 3 0 133 3 0 191 49 0 74 0 0 214 50 0 74 0 0 191 49 0 214 50 0 10 2 0 74 0 0 11 19 0 10 2 0 214 50 0 213 51 0 11 19 0 214 50 0 12 27 0 11 19 0 213 51 0 212 52 0 12 27 0 213 51 0 12 27 0 212 52 0 211 53 0 12 27 0 211 53 0 102 34 0 102 34 0 211 53 0 210 34 0 345 56 0 79 55 0 108 54 0 108 54 0 79 55 0 263 57 0 108 54 0 263 57 0 107 58 0 82 61 0 210 60 0 81 59 0 210 60 0 263 57 0 81 59 0 106 62 0 107 58 0 263 57 0 208 63 0 106 62 0 263 57 0 210 60 0 208 63 0 263 57 0 210 60 0 209 64 0 208 63 0 210 60 0 82 61 0 83 65 0 210 60 0 83 65 0 102 60 0 85 67 0 102 60 0 259 66 0 259 66 0 102 60 0 83 65 0 112 70 0 294 69 0 293 68 0 112 70 0 293 68 0 236 71 0 112 70 0 236 71 0 111 72 0 111 72 0 236 71 0 110 73 0 110 73 0 236 71 0 235 74 0 240 75 0 110 73 0 235 74 0 240 75 0 345 56 0 110 73 0 79 55 0 345 56 0 240 75 0 284 77 0 89 76 0 287 68 0 91 78 0 284 77 0 287 68 0 91 78 0 322 79 0 284 77 0 322 79 0 93 80 0 284 77 0 93 80 0 129 81 0 284 77 0 266 82 0 284 77 0 129 81 0 128 83 0 266 82 0 129 81 0 128 83 0 271 84 0 266 82 0 19 85 0 271 84 0 128 83 0 19 85 0 85 67 0 271 84 0 85 67 0 19 85 0 18 86 0 85 67 0 18 86 0 102 60 0 102 60 0 18 86 0 98 87 0 102 60 0 98 87 0 99 88 0 102 60 0 99 88 0 15 89 0 102 60 0 15 89 0 101 90 0 122 17 0 23 16 0 121 17 0 121 17 0 23 16 0 365 16 0 124 25 0 365 16 0 23 16 0 124 25 0 119 91 0 365 16 0 21 33 0 119 91 0 124 25 0 21 33 0 367 33 0 119 91 0 117 92 0 367 33 0 21 33 0 126 40 0 117 92 0 21 33 0 117 92 0 126 40 0 116 34 0 129 34 0 116 34 0 126 40 0 126 40 0 19 34 0 128 34 0 126 40 0 128 34 0 129 34 0 133 3 0 169 3 0 215 3 0 215 3 0 169 3 0 131 3 0 53 17 0 122 17 0 140 17 0 140 17 0 122 17 0 121 17 0 169 93 0 60 93 0 131 93 0 131 93 0 60 93 0 167 93 0 167 93 0 60 93 0 171 93 0 167 93 0 171 93 0 190 93 0 190 93 0 171 93 0 58 93 0 190 93 0 58 93 0 165 93 0 165 93 0 58 93 0 57 93 0 165 93 0 57 93 0 184 93 0 184 93 0 57 93 0 174 93 0 184 93 0 174 93 0 163 93 0 163 93 0 174 93 0 175 93 0 163 93 0 175 93 0 162 93 0 162 93 0 175 93 0 353 93 0 162 93 0 353 93 0 146 93 0 353 93 0 175 93 0 366 93 0 146 93 0 353 93 0 246 93 0 146 93 0 246 93 0 276 93 0 276 93 0 246 93 0 326 93 0 175 93 0 176 93 0 366 93 0 366 93 0 176 93 0 143 93 0 143 93 0 176 93 0 53 93 0 143 93 0 53 93 0 140 93 0 143 93 0 140 93 0 142 93 0 142 93 0 140 93 0 141 93 0 141 93 0 140 93 0 24 93 0 141 93 0 24 93 0 13 93 0 141 93 0 13 93 0 16 93 0 141 93 0 16 93 0 182 93 0 141 93 0 182 93 0 56 93 0 141 93 0 56 93 0 61 93 0 141 93 0 61 93 0 70 93 0 141 93 0 70 93 0 310 93 0 310 93 0 70 93 0 319 93 0 310 93 0 319 93 0 308 93 0 308 93 0 319 93 0 314 93 0 244 93 0 148 93 0 246 93 0 246 93 0 148 93 0 326 93 0 326 93 0 148 93 0 324 93 0 324 93 0 148 93 0 157 93 0 157 93 0 148 93 0 156 93 0 156 93 0 148 93 0 155 93 0 155 93 0 148 93 0 154 93 0 154 93 0 148 93 0 323 93 0 323 93 0 148 93 0 348 93 0 323 93 0 348 93 0 152 93 0 152 93 0 348 93 0 349 93 0 152 93 0 349 93 0 344 93 0 202 96 0 233 95 0 336 94 0 336 94 0 233 95 0 270 97 0 270 97 0 233 95 0 269 98 0 269 98 0 233 95 0 198 99 0 233 95 0 232 100 0 198 99 0 198 99 0 232 100 0 197 101 0 232 100 0 231 102 0 197 101 0 197 101 0 231 102 0 196 103 0 231 102 0 230 104 0 196 103 0 196 103 0 230 104 0 195 105 0 230 104 0 229 106 0 195 105 0 195 105 0 229 106 0 194 107 0 229 106 0 228 108 0 194 107 0 194 107 0 228 108 0 238 109 0 191 49 0 238 109 0 228 108 0 191 49 0 215 3 0 238 109 0 334 111 0 227 110 0 202 96 0 202 96 0 227 110 0 233 95 0 227 110 0 226 112 0 233 95 0 233 95 0 226 112 0 232 100 0 226 112 0 225 113 0 232 100 0 232 100 0 225 113 0 231 102 0 225 113 0 224 114 0 231 102 0 231 102 0 224 114 0 230 104 0 224 114 0 223 115 0 230 104 0 230 104 0 223 115 0 229 106 0 223 115 0 222 116 0 229 106 0 229 106 0 222 116 0 228 108 0 214 50 0 228 108 0 222 116 0 191 49 0 228 108 0 214 50 0 204 118 0 221 117 0 334 111 0 334 111 0 221 117 0 227 110 0 221 117 0 220 119 0 227 110 0 227 110 0 220 119 0 226 112 0 220 119 0 219 120 0 226 112 0 226 112 0 219 120 0 225 113 0 219 120 0 218 121 0 225 113 0 225 113 0 218 121 0 224 114 0 218 121 0 217 122 0 224 114 0 224 114 0 217 122 0 223 115 0 217 122 0 216 123 0 223 115 0 223 115 0 216 123 0 222 116 0 213 51 0 222 116 0 216 123 0 214 50 0 222 116 0 213 51 0 221 117 0 204 118 0 108 34 0 107 124 0 221 117 0 108 34 0 221 117 0 107 124 0 220 119 0 106 125 0 220 119 0 107 124 0 220 119 0 106 125 0 219 120 0 208 126 0 219 120 0 106 125 0 208 126 0 218 121 0 219 120 0 218 121 0 208 126 0 217 122 0 209 127 0 217 122 0 208 126 0 217 122 0 209 127 0 216 123 0 210 34 0 216 123 0 209 127 0 213 51 0 216 123 0 212 52 0 216 123 0 210 34 0 211 53 0 216 123 0 211 53 0 212 52 0 292 128 0 235 128 0 236 128 0 291 128 0 235 128 0 292 128 0 291 97 0 304 97 0 235 97 0 235 97 0 304 97 0 240 97 0 240 97 0 304 97 0 79 97 0 277 17 0 246 17 0 275 17 0 263 17 0 79 17 0 283 17 0 283 17 0 79 17 0 275 17 0 283 17 0 275 17 0 246 17 0 263 17 0 283 17 0 253 17 0 296 17 0 251 17 0 246 17 0 246 17 0 251 17 0 283 17 0 368 17 0 296 17 0 246 17 0 251 17 0 296 17 0 297 17 0 246 17 0 353 17 0 368 17 0 253 128 0 259 128 0 83 128 0 253 128 0 85 128 0 259 128 0 273 128 0 85 128 0 253 128 0 82 128 0 253 128 0 83 128 0 81 128 0 253 128 0 82 128 0 263 128 0 253 128 0 81 128 0 370 97 0 366 97 0 289 97 0 271 97 0 85 97 0 273 97 0 271 97 0 273 97 0 274 97 0 271 97 0 274 97 0 289 97 0 271 97 0 289 97 0 366 97 0 271 97 0 366 97 0 143 97 0 271 97 0 143 97 0 266 97 0 266 17 0 280 17 0 284 17 0 279 17 0 280 17 0 266 17 0 280 128 0 89 128 0 284 128 0 325 128 0 89 128 0 280 128 0 325 17 0 287 17 0 89 17 0 304 34 0 291 34 0 147 34 0 147 34 0 291 34 0 260 34 0 260 34 0 291 34 0 279 34 0 325 34 0 280 34 0 279 34 0 279 34 0 291 34 0 292 34 0 279 34 0 292 34 0 325 34 0 292 34 0 293 34 0 325 34 0 325 34 0 293 34 0 287 34 0 180 34 0 287 34 0 293 34 0 180 34 0 91 34 0 287 34 0 110 34 0 343 34 0 111 34 0 111 34 0 343 34 0 112 34 0 112 34 0 343 34 0 294 34 0 294 34 0 343 34 0 180 34 0 293 34 0 294 34 0 180 34 0 180 34 0 343 34 0 185 34 0 185 34 0 343 34 0 306 34 0 306 34 0 343 34 0 187 34 0 187 34 0 343 34 0 66 34 0 66 34 0 343 34 0 299 34 0 66 34 0 299 34 0 300 34 0 66 34 0 300 34 0 301 34 0 203 34 0 66 34 0 301 34 0 301 34 0 261 34 0 203 34 0 116 34 0 129 34 0 93 34 0 116 34 0 93 34 0 322 34 0 116 34 0 322 34 0 91 34 0 116 34 0 91 34 0 309 34 0 309 34 0 91 34 0 180 34 0 116 34 0 309 34 0 172 34 0 116 34 0 172 34 0 311 34 0 116 34 0 311 34 0 312 34 0 116 34 0 312 34 0 136 34 0 116 34 0 136 34 0 318 34 0 318 34 0 136 34 0 317 34 0 317 34 0 136 34 0 359 34 0 150 34 0 315 34 0 359 34 0 359 34 0 136 34 0 150 34 0 327 97 0 339 129 0 270 97 0 270 97 0 339 129 0 336 94 0 268 96 0 336 94 0 339 129 0 268 96 0 202 96 0 336 94 0 334 111 0 202 96 0 268 96 0 341 130 0 334 111 0 268 96 0 204 118 0 334 111 0 341 130 0 342 118 0 204 118 0 341 130 0 204 118 0 342 118 0 343 34 0 345 34 0 108 34 0 204 118 0 204 118 0 343 34 0 110 34 0 204 118 0 110 34 0 345 34 0 236 97 0 293 97 0 292 97 0 119 91 0 278 131 0 365 16 0 365 16 0 278 131 0 121 17 0 121 17 0 278 131 0 135 132 0 135 132 0 278 131 0 130 133 0 278 131 0 281 134 0 130 133 0 130 133 0 281 134 0 120 135 0 281 134 0 282 136 0 120 135 0 120 135 0 282 136 0 115 137 0 282 136 0 286 138 0 115 137 0 115 137 0 286 138 0 103 139 0 286 138 0 288 140 0 103 139 0 103 139 0 288 140 0 88 141 0 288 140 0 290 142 0 88 141 0 88 141 0 290 142 0 80 143 0 158 144 0 80 143 0 290 142 0 158 144 0 356 128 0 80 143 0 367 33 0 295 145 0 119 91 0 119 91 0 295 145 0 278 131 0 295 145 0 302 146 0 278 131 0 278 131 0 302 146 0 281 134 0 302 146 0 303 147 0 281 134 0 281 134 0 303 147 0 282 136 0 303 147 0 305 148 0 282 136 0 282 136 0 305 148 0 286 138 0 305 148 0 313 149 0 286 138 0 286 138 0 313 149 0 288 140 0 313 149 0 320 150 0 288 140 0 288 140 0 320 150 0 290 142 0 354 151 0 290 142 0 320 150 0 158 144 0 290 142 0 354 151 0 117 92 0 321 152 0 367 33 0 367 33 0 321 152 0 295 145 0 321 152 0 331 153 0 295 145 0 295 145 0 331 153 0 302 146 0 331 153 0 335 154 0 302 146 0 302 146 0 335 154 0 303 147 0 335 154 0 346 155 0 303 147 0 303 147 0 346 155 0 305 148 0 346 155 0 347 156 0 305 148 0 305 148 0 347 156 0 313 149 0 347 156 0 350 157 0 313 149 0 313 149 0 350 157 0 320 150 0 153 158 0 320 150 0 350 157 0 354 151 0 320 150 0 153 158 0 321 152 0 117 92 0 116 34 0 318 159 0 321 152 0 116 34 0 321 152 0 318 159 0 331 153 0 317 160 0 331 153 0 318 159 0 331 153 0 317 160 0 335 154 0 359 161 0 335 154 0 317 160 0 359 161 0 346 155 0 335 154 0 346 155 0 359 161 0 347 156 0 315 162 0 347 156 0 359 161 0 347 156 0 315 162 0 350 157 0 150 34 0 350 157 0 315 162 0 153 158 0 350 157 0 151 163 0 350 157 0 150 34 0 151 163 0 270 97 0 269 98 0 276 97 0 276 97 0 269 98 0 146 164 0 162 165 0 146 164 0 269 98 0 198 99 0 162 165 0 269 98 0 162 165 0 198 99 0 163 166 0 197 101 0 163 166 0 198 99 0 163 166 0 197 101 0 184 167 0 196 103 0 184 167 0 197 101 0 184 167 0 196 103 0 165 168 0 195 169 0 165 168 0 196 103 0 165 168 0 195 169 0 190 170 0 194 171 0 190 170 0 195 169 0 194 171 0 167 172 0 190 170 0 238 109 0 167 172 0 194 171 0 167 172 0 238 109 0 131 3 0 131 3 0 238 109 0 215 3 0 121 17 0 135 132 0 140 17 0 140 17 0 135 132 0 24 173 0 13 174 0 24 173 0 135 132 0 130 133 0 13 174 0 135 132 0 13 174 0 130 133 0 16 175 0 120 135 0 16 175 0 130 133 0 16 175 0 120 135 0 182 176 0 115 137 0 182 176 0 120 135 0 182 176 0 115 137 0 56 177 0 103 178 0 56 177 0 115 137 0 56 177 0 103 178 0 61 179 0 88 180 0 61 179 0 103 178 0 88 180 0 70 181 0 61 179 0 80 143 0 70 181 0 88 180 0 70 181 0 80 143 0 319 128 0 319 128 0 80 143 0 356 128 0 127 97 0 109 97 0 97 97 0 100 97 0 75 97 0 142 97 0 100 97 0 142 97 0 141 97 0 100 97 0 141 97 0 97 97 0 97 97 0 141 97 0 127 97 0 127 97 0 141 97 0 199 97 0 199 97 0 141 97 0 188 97 0 188 97 0 141 97 0 161 97 0 161 97 0 141 97 0 149 97 0 149 97 0 141 97 0 139 97 0 139 97 0 141 97 0 125 97 0 266 3 0 143 3 0 75 3 0 75 3 0 143 3 0 142 3 0 279 3 0 266 3 0 260 3 0 260 3 0 266 3 0 257 3 0 364 3 0 257 3 0 266 3 0 266 3 0 75 3 0 364 3 0 257 3 0 364 3 0 244 3 0 257 3 0 244 3 0 277 3 0 277 3 0 244 3 0 246 3 0 366 128 0 370 128 0 353 128 0 353 128 0 370 128 0 368 128 0 368 128 0 370 128 0 369 128 0 369 128 0 370 128 0 298 128 0 68 17 0 361 17 0 362 17 0 362 17 0 361 17 0 73 17 0 73 17 0 361 17 0 360 17 0 73 17 0 360 17 0 72 17 0 72 17 0 360 17 0 69 17 0 72 17 0 69 17 0 363 17 0 363 17 0 69 17 0 364 17 0 364 17 0 69 17 0 244 17 0 244 17 0 69 17 0 358 17 0 244 17 0 358 17 0 148 17 0 148 128 0 358 128 0 348 128 0 348 128 0 358 128 0 352 128 0 352 128 0 358 128 0 355 128 0 355 128 0 358 128 0 357 128 0 357 128 0 358 128 0 43 128 0 348 17 0 351 17 0 349 17 0 348 17 0 352 17 0 351 17 0 349 128 0 351 128 0 344 128 0 344 128 0 351 128 0 337 128 0 337 128 0 351 128 0 340 128 0 337 128 0 340 128 0 338 128 0 337 128 0 338 128 0 205 128 0 337 128 0 333 182 0 344 128 0 344 128 0 333 182 0 152 182 0 323 183 0 152 182 0 333 182 0 332 183 0 323 183 0 333 182 0 154 184 0 323 183 0 332 183 0 330 185 0 154 184 0 332 183 0 330 185 0 155 186 0 154 184 0 265 187 0 155 186 0 330 185 0 265 187 0 156 188 0 155 186 0 267 189 0 156 188 0 265 187 0 156 188 0 267 189 0 157 190 0 329 191 0 157 190 0 267 189 0 157 190 0 329 191 0 324 192 0 328 193 0 324 192 0 329 191 0 324 192 0 328 193 0 326 97 0 326 97 0 328 193 0 327 97 0 327 97 0 270 97 0 276 97 0 327 97 0 276 97 0 326 97 0 319 128 0 356 128 0 314 128 0 314 128 0 356 128 0 316 128 0 310 194 0 125 97 0 141 97 0 125 97 0 310 194 0 123 195 0 308 196 0 123 195 0 310 194 0 123 195 0 308 196 0 307 197 0 314 128 0 307 197 0 308 196 0 316 128 0 307 197 0 314 128 0 147 3 0 79 3 0 304 3 0 272 3 0 79 3 0 147 3 0 275 3 0 79 3 0 272 3 0 369 200 0 296 199 0 368 198 0 369 202 0 297 201 0 296 201 0 298 202 0 297 201 0 369 202 0 297 93 0 298 93 0 251 93 0 251 93 0 298 93 0 285 93 0 285 93 0 298 93 0 17 93 0 298 93 0 370 93 0 17 93 0 17 93 0 370 93 0 289 93 0 20 128 0 251 128 0 285 128 0 283 128 0 251 128 0 20 128 0 274 34 0 273 34 0 22 34 0 253 34 0 283 34 0 22 34 0 253 34 0 22 34 0 273 34 0 22 34 0 283 34 0 20 34 0 277 93 0 272 93 0 257 93 0 275 93 0 272 93 0 277 93 0 274 128 0 17 128 0 289 128 0 22 128 0 17 128 0 274 128 0 200 205 0 206 204 0 264 203 0 264 203 0 206 204 0 337 128 0 337 128 0 206 204 0 333 206 0 333 206 0 206 204 0 332 183 0 206 204 0 207 207 0 332 183 0 332 183 0 207 207 0 330 185 0 207 207 0 234 208 0 330 185 0 330 185 0 234 208 0 265 209 0 234 208 0 237 210 0 265 209 0 265 209 0 237 210 0 267 189 0 237 210 0 239 211 0 267 189 0 267 189 0 239 211 0 329 191 0 329 191 0 239 211 0 328 193 0 239 211 0 241 212 0 328 193 0 328 193 0 241 212 0 327 97 0 241 212 0 339 129 0 327 97 0 262 214 0 242 213 0 200 205 0 200 205 0 242 213 0 206 204 0 242 213 0 243 215 0 206 204 0 206 204 0 243 215 0 207 207 0 243 215 0 245 216 0 207 207 0 207 207 0 245 216 0 234 208 0 245 216 0 247 217 0 234 208 0 234 208 0 247 217 0 237 210 0 247 217 0 248 218 0 237 210 0 237 210 0 248 218 0 239 211 0 248 218 0 249 219 0 239 211 0 239 211 0 249 219 0 241 212 0 268 96 0 241 212 0 249 219 0 339 129 0 241 212 0 268 96 0 201 221 0 250 220 0 262 214 0 262 214 0 250 220 0 242 213 0 250 220 0 252 222 0 242 213 0 242 213 0 252 222 0 243 215 0 252 222 0 254 223 0 243 215 0 243 215 0 254 223 0 245 216 0 254 223 0 255 224 0 245 216 0 245 216 0 255 224 0 247 217 0 255 224 0 256 225 0 247 217 0 247 217 0 256 225 0 248 218 0 256 225 0 258 226 0 248 218 0 248 218 0 258 226 0 249 219 0 341 130 0 249 219 0 258 226 0 268 96 0 249 219 0 341 130 0 250 220 0 201 221 0 203 34 0 261 227 0 250 220 0 203 34 0 250 220 0 261 227 0 252 222 0 301 228 0 252 222 0 261 227 0 301 228 0 254 223 0 252 222 0 254 223 0 301 228 0 255 224 0 300 229 0 255 224 0 301 228 0 255 224 0 300 229 0 256 225 0 299 230 0 256 225 0 300 229 0 256 225 0 299 230 0 258 226 0 343 34 0 258 226 0 299 230 0 341 130 0 258 226 0 342 118 0 258 226 0 343 34 0 342 118 0 44 128 0 62 231 0 205 128 0 205 128 0 62 231 0 337 128 0 337 128 0 62 231 0 264 203 0 63 205 0 264 203 0 62 231 0 63 205 0 200 205 0 264 203 0 262 214 0 200 205 0 63 205 0 64 232 0 262 214 0 63 205 0 201 221 0 262 214 0 64 232 0 65 221 0 201 221 0 64 232 0 201 221 0 65 221 0 66 34 0 201 221 0 66 34 0 203 34 0 193 233 0 362 17 0 73 17 0 362 17 0 193 233 0 67 91 0 192 234 0 67 91 0 193 233 0 67 91 0 192 234 0 189 235 0 187 34 0 189 235 0 192 234 0 66 34 0 189 235 0 187 34 0 186 237 0 77 128 0 178 236 0 186 237 0 178 236 0 183 238 0 179 232 0 183 238 0 178 236 0 181 239 0 183 238 0 179 232 0 180 34 0 181 239 0 179 232 0 185 34 0 181 239 0 180 34 0 306 34 0 181 239 0 185 34 0 193 233 0 73 17 0 76 240 0 183 238 0 193 233 0 76 240 0 186 237 0 183 238 0 76 240 0 193 233 0 183 238 0 192 234 0 181 239 0 192 234 0 183 238 0 192 234 0 181 239 0 187 34 0 181 239 0 306 34 0 187 34 0 7 128 0 5 241 0 94 128 0 179 232 0 309 34 0 180 34 0 179 232 0 177 232 0 309 34 0 177 232 0 179 232 0 173 236 0 179 232 0 178 236 0 173 236 0 77 128 0 173 236 0 178 236 0 14 128 0 173 236 0 77 128 0 105 195 0 109 97 0 164 242 0 105 195 0 164 242 0 170 243 0 166 130 0 170 243 0 164 242 0 168 244 0 170 243 0 166 130 0 312 34 0 168 244 0 166 130 0 311 34 0 168 244 0 312 34 0 172 34 0 168 244 0 311 34 0 173 236 0 14 128 0 104 197 0 170 243 0 173 236 0 104 197 0 105 195 0 170 243 0 104 197 0 173 236 0 170 243 0 177 232 0 168 244 0 177 232 0 170 243 0 177 232 0 168 244 0 309 34 0 172 34 0 309 34 0 168 244 0 94 128 0 5 241 0 8 245 0 136 34 0 312 34 0 166 130 0 136 34 0 166 130 0 134 130 0 134 130 0 166 130 0 164 242 0 134 130 0 164 242 0 132 242 0 109 97 0 132 242 0 164 242 0 127 97 0 132 242 0 109 97 0 356 128 0 158 144 0 316 128 0 316 128 0 158 144 0 159 144 0 354 151 0 159 144 0 158 144 0 354 151 0 160 246 0 159 144 0 153 158 0 160 246 0 354 151 0 153 158 0 138 158 0 160 246 0 137 247 0 138 158 0 153 158 0 151 163 0 137 247 0 153 158 0 137 247 0 151 163 0 136 34 0 136 34 0 151 163 0 150 34 0 147 17 0 260 17 0 272 17 0 272 17 0 260 17 0 257 17 0 364 93 0 75 93 0 0 93 0 364 93 0 0 93 0 86 93 0 364 93 0 86 93 0 144 93 0 364 93 0 144 93 0 363 93 0 0 93 0 75 93 0 145 93 0 145 93 0 75 93 0 92 93 0 92 93 0 75 93 0 90 93 0 90 93 0 75 93 0 100 93 0 137 247 0 136 34 0 134 130 0 118 248 0 137 247 0 134 130 0 132 242 0 118 248 0 134 130 0 137 247 0 118 248 0 138 158 0 114 249 0 138 158 0 118 248 0 138 158 0 114 249 0 160 246 0 113 250 0 160 246 0 114 249 0 160 246 0 113 250 0 159 144 0 307 197 0 159 144 0 113 250 0 316 128 0 159 144 0 307 197 0 132 242 0 127 97 0 199 97 0 132 242 0 199 97 0 118 248 0 188 97 0 118 248 0 199 97 0 161 97 0 118 248 0 188 97 0 114 249 0 118 248 0 161 97 0 149 97 0 114 249 0 161 97 0 113 250 0 114 249 0 149 97 0 139 97 0 113 250 0 149 97 0 125 97 0 113 250 0 139 97 0 123 195 0 113 250 0 125 97 0 307 197 0 113 250 0 123 195 0 105 195 0 97 97 0 109 97 0 105 195 0 96 195 0 97 97 0 96 195 0 105 195 0 95 197 0 105 195 0 104 197 0 95 197 0 14 128 0 95 197 0 104 197 0 94 128 0 95 197 0 14 128 0 97 97 0 87 251 0 100 93 0 100 93 0 87 251 0 90 252 0 87 251 0 92 253 0 90 252 0 9 254 0 92 253 0 87 251 0 145 93 0 92 253 0 9 254 0 97 97 0 96 195 0 87 251 0 95 197 0 87 251 0 96 195 0 94 128 0 87 251 0 95 197 0 8 255 0 87 251 0 94 128 0 9 254 0 87 251 0 8 255 0 86 257 0 0 93 0 3 256 0 78 258 0 86 257 0 3 256 0 5 241 0 78 258 0 3 256 0 86 257 0 78 258 0 144 93 0 78 258 0 363 93 0 144 93 0 5 241 0 7 128 0 84 259 0 5 241 0 84 259 0 78 258 0 71 260 0 78 258 0 84 259 0 363 93 0 78 258 0 72 17 0 78 258 0 71 260 0 72 17 0 77 128 0 84 259 0 7 128 0 186 237 0 84 259 0 77 128 0 84 259 0 186 237 0 71 260 0 76 240 0 71 260 0 186 237 0 71 260 0 76 240 0 72 17 0 76 240 0 73 17 0 72 17 0 55 261 0 68 17 0 362 17 0 67 91 0 55 261 0 362 17 0 68 17 0 55 261 0 361 17 0 54 262 0 361 17 0 55 261 0 361 17 0 54 262 0 360 17 0 52 263 0 360 17 0 54 262 0 360 17 0 52 263 0 69 17 0 358 17 0 69 17 0 52 263 0 189 235 0 51 264 0 67 91 0 67 91 0 51 264 0 55 261 0 50 265 0 55 261 0 51 264 0 54 262 0 55 261 0 50 265 0 48 266 0 54 262 0 50 265 0 52 263 0 54 262 0 48 266 0 46 260 0 52 263 0 48 266 0 358 17 0 52 263 0 46 260 0 189 235 0 66 34 0 65 221 0 189 235 0 65 221 0 51 264 0 64 232 0 51 264 0 65 221 0 50 265 0 51 264 0 64 232 0 63 205 0 50 265 0 64 232 0 48 266 0 50 265 0 63 205 0 62 231 0 48 266 0 63 205 0 44 128 0 48 266 0 62 231 0 59 267 0 48 266 0 44 128 0 46 260 0 48 266 0 59 267 0 205 93 0 59 93 0 44 93 0 205 93 0 46 93 0 59 93 0 205 93 0 358 93 0 46 93 0 43 93 0 358 93 0 205 93 0 8 245 0 5 241 0 9 254 0 3 256 0 9 254 0 5 241 0 43 93 0 205 93 0 357 268 0 338 269 0 357 268 0 205 93 0 357 268 0 338 269 0 355 270 0 338 269 0 340 271 0 355 270 0 351 17 0 355 270 0 340 271 0 352 17 0 355 270 0 351 17 0 22 17 0 20 17 0 17 17 0 17 17 0 20 17 0 285 17 0 14 128 0 7 128 0 94 128 0 77 128 0 7 128 0 14 128 0 9 254 0 3 256 0 145 93 0 145 93 0 3 256 0 0 93 0</p>
				</polylist>
			</mesh>
		</geometry>
		<geometry id="ID31">
			<mesh>
				<source id="ID32">
					<float_array id="ID33" count="1785" digits="2490374">4.95566 1.53787 3.09734 1.12395 13.8453 -0.240531 10.8038 2.58958 3.3181 -10.3 1.62469 3.58975 -10.3 1.53787 3.09734 1.13475 13.9209 -0.253863 10.857 2.36963 3.35688 11.3433 2.37005 3.35681 -10.3 1.52631 2.78121 -10.3 1.60132 2.47389 11.3962 2.49622 3.33456 11.3859 2.63235 3.31056 11.1908 2.82448 3.27668 11.1 2.83834 3.27423 -1.137 14.5855 -0.320271 10.9634 18.3659 0.53631 10.8567 18.2757 0.552208 10.8038 18.1495 0.574455 10.9245 17.8633 0.624934 -1.11495 14.6358 -0.379921 11.2366 17.8398 0.629063 11.3433 17.93 0.613165 11.3962 18.0562 0.590918 11.5014 1.75503 3.05908 11.8415 2.00667 3.01471 11.343 18.2761 0.552135 11.2755 18.3425 0.54044 12.3 3.50749 2.75008 12.3 3.59431 3.24248 -1.10079 14.6567 -0.332828 12.1852 2.64868 3.40922 12.0495 2.35928 3.46025 11.3874 17.958 -0.73505 11.3362 1.76555 3.56494 11.3469 18.0461 -0.720581 -1.137 14.5768 -0.369512 11.3859 18.1923 0.566914 -10.5261 19.054 0.516499 0.652906 13.5699 -0.141193 -11.2755 17.8633 0.624908 -10.9634 17.8398 0.629037 -10.8567 17.93 0.613139 -11.9372 18.4808 0.617567 -10.8038 18.0562 0.590892 -12.2592 17.7458 0.747161 -10.857 18.2761 0.552108 -12.3 3.59431 3.24245 -12.2981 3.37164 3.28171 -12.2894 3.18086 3.31535 -12.272 3.01475 3.34464 -12.2088 2.72116 3.39641 -12.0213 2.31459 3.4681 -11.7161 1.98198 3.52675 0.652906 13.5612 -0.190433 -10.9698 1.66487 3.58266 -11.347 18.046 -0.72059 10.3 1.6247 3.58977 10.8255 1.64467 3.58625 -11.385 17.7677 -0.778543 11.7432 2.00387 3.52292 -11.3438 17.6814 -0.80112 -11.2789 17.6109 -0.820476 12.2632 2.95815 3.35465 -11.343 17.9296 0.613213 -11.3859 18.0134 0.598433 -11.3962 18.1495 0.574429 12.2894 17.4996 0.790597 12.272 17.6657 0.761308 12.2088 17.9593 0.70954 -11.3433 18.2757 0.552182 11.7161 18.6985 0.579202 11.3636 18.9038 0.542994 10.9698 19.0156 0.523285 10.3 19.0558 0.516201 1.07512 13.7985 -0.232271 -11.2366 18.3659 0.536284 1.07512 13.8072 -0.18303 -11.2366 2.80591 3.27993 -11.3962 2.58958 3.31807 -11.8249 1.99035 3.01756 -11.1 2.24745 3.3784 -10.9978 1.58306 3.08938 -10.8567 2.37004 3.35678 -10.8038 2.49621 3.33453 -10.8141 2.63235 3.31053 -11.3636 1.77664 3.56296 -10.857 2.71617 3.29575 -11.1 2.83834 3.27421 0.540214 13.549 -0.188285 11.2536 2.06776 2.11578 11.347 2.15057 2.08221 11.3438 2.46566 1.88182 -1.1123 14.1486 -0.294014 11.3121 2.75181 3.28949 11.2366 2.27988 3.3727 -11.4824 1.74499 3.06082 -1.13084 14.1752 -0.298692 -12.0795 2.32429 2.95868 -12.2498 2.79841 2.87508 -12.3 3.50748 2.75005 -0.502494 13.9021 -0.199771 -0.480929 13.9442 -0.207202 -0.479413 14.8379 -0.364781 -11.5631 3.32112 1.69312 -0.602061 14.9306 -0.381116 -1.12951 14.6224 -0.326777 -11.0781 2.68284 1.72771 -1.137 14.2139 -0.305525 -11.1019 2.61741 1.7405 -11.2045 2.60406 1.75153 0.484849 14.8602 -0.368704 0.482039 14.8376 -0.364729 -11.4655 2.23506 1.97709 0.482039 13.6774 -0.160152 1.11215 13.8347 -0.187895 -11.1096 1.93923 2.07612 1.13086 13.8761 -0.195183 -10.8337 2.05154 1.94141 1.13475 13.9296 -0.204623 1.13475 14.5748 -0.318379 -10.8448 2.50967 1.75825 1.13024 14.6143 -0.325353 -10.3 2.0772 1.91245 -10.3 1.79313 2.15407 1.11324 14.6437 -0.330545 0.617671 13.5528 -0.138179 0.569435 13.5483 -0.137388 -12.2072 3.0044 2.40892 -12.0986 2.48571 2.50038 -11.945 2.18472 2.55345 -11.7158 1.92524 2.5992 -11.4442 1.74154 2.6316 -11.1481 1.62596 2.65198 -11.9519 2.95706 2.02139 -11.8581 2.50479 2.10114 -11.7317 2.25654 2.14491 -11.5463 2.04659 2.18193 -11.3253 1.89722 2.20827 -11.0778 1.80076 2.22528 -11.5633 2.9436 1.76373 -11.4921 2.59244 1.82564 0.298748 12.932 -0.0287148 -10.3 2.4707 1.76512 0.325793 12.9347 -0.0292016 -11.0317 2.61179 1.74024 0.344196 12.9459 -0.0311662 -11.1262 2.84235 1.69959 -11.15 3.30779 1.61752 -11.15 16.7997 -0.761461 0.354311 12.9624 -0.0340869 -11.0751 17.4307 -0.872735 0.355982 12.9902 -0.0389785 0.355982 14.9007 -0.375848 -10.3 17.6367 -0.909062 0.220564 15.1584 -0.421285 0.0738533 15.2224 -0.432583 -0.0854535 15.2168 -0.431591 11.1128 17.3273 -0.854499 11.1469 17.0508 -0.805739 11.15 16.7997 -0.761461 -0.245811 15.1296 -0.416213 -0.245735 13.4347 -0.11735 -0.0234704 13.1507 -0.0672744 11.0317 2.61179 1.74024 0.273616 12.9407 -0.0302575 0.521917 13.5684 -0.140934 0.488516 13.6145 -0.149055 10.8119 2.36614 1.84134 -0.169135 13.3019 -0.144708 0.0323594 13.0944 -0.108123 0.273616 12.932 -0.0794978 0.300308 12.9231 -0.0779208 0.328436 12.9271 -0.0786253 0.352635 12.9489 -0.0824636 0.355982 12.9815 -0.0882189 0.355982 14.892 -0.425088 0.327139 15.0186 -0.447409 10.8047 2.23668 1.89388 10.9789 2.03984 2.05391 11.1 2.02252 2.10276 -0.289558 15.0739 -0.457173 11.1 2.24746 3.37842 -1.137 14.2226 -0.256285 10.9245 2.3033 3.36857 10.8141 2.45345 3.3421 0.603886 14.9253 -0.430965 0.554053 14.9223 -0.430437 0.502282 14.8861 -0.424056 0.482039 14.8289 -0.413969 0.482039 13.6687 -0.209393 0.491904 13.5964 -0.19664 10.8567 2.71575 3.29585 0.598411 13.5391 -0.186534 10.9634 2.80591 3.27995 -1.13119 14.1847 -0.249611 10.8506 18.0209 -0.841946 11.0414 17.5526 -0.843459 1.13475 14.5661 -0.36762 1.12229 14.624 -0.377836 -1.11384 14.1587 -0.245017 11.1 17.8074 0.634781 10.857 17.9296 0.613239 10.8141 18.0134 0.598459 11.1 18.3983 0.530592 10.8108 17.7346 -0.898101 10.7938 17.8744 -0.898117 -1.05281 14.1128 -0.287689 -0.636995 13.8726 -0.24535 10.8361 18.007 -0.875153 -0.526086 13.874 -0.245587 10.9513 18.1286 -0.824464 10.7931 17.7265 -0.914021 10.7758 17.8769 -0.915492 -0.499993 14.8885 -0.424471 10.8229 18.0181 -0.893476 -0.650424 14.9006 -0.426601 -0.636995 13.8813 -0.19611 10.9473 18.1445 -0.843496 12.2525 2.81216 2.87268 12.0897 2.34308 2.95539 10.8026 18.0306 -0.90143 10.9367 18.1653 -0.852852 11.0124 1.58581 3.08892 10.3 1.53787 3.09737 10.3 1.54172 2.6772 10.3 1.67162 2.32762 10.3 1.90654 2.03799 10.3 2.16968 1.86238 10.3 2.4707 1.76512 10.932 18.1836 -0.850407 10.8132 17.6378 -0.9088 10.8605 17.6131 -0.89999 10.8719 17.6256 -0.890407 10.8813 17.6402 -0.858894 10.8009 17.8225 -0.874026 10.8101 17.9262 -0.86439 10.943 18.1187 -0.799441 11.1093 18.187 -0.787557 11.1113 18.2057 -0.79942 11.1109 18.2308 -0.801867 11.1096 18.2425 -0.798593 11.1665 18.1721 -0.758815 11.0751 2.67672 1.72879 11.1387 2.93326 1.68356 11.15 3.30779 1.61752 11.4522 3.31481 1.65733 11.2937 18.1125 -0.744543 11.3799 17.9984 -0.756639 11.4073 17.8331 -0.790424 -1.05281 14.1214 -0.238449 10.7362 1.55577 2.66437 11.2629 1.66271 2.64552 11.5685 1.81396 2.61885 11.832 2.03967 2.57905 12.0186 2.30716 2.53188 12.1359 2.59874 2.48047 10.7155 1.73943 2.2361 11.1748 1.8318 2.21981 11.4269 1.95634 2.19785 11.6401 2.13888 2.16566 11.7917 2.35651 2.12729 11.8897 2.60031 2.0843 10.684 2.07766 1.91642 11.4464 2.49024 1.84367 11.5148 2.6613 1.8135 11.3516 17.6726 -0.82898 11.2442 17.5726 -0.854566 11.1728 18.1874 -0.778721 11.3048 18.1254 -0.764111 -0.479413 13.9601 -0.210003 11.3958 18.0074 -0.774943 11.4273 17.8338 -0.806852 11.3702 17.6624 -0.843724 11.2559 17.5541 -0.868359 -11.8415 18.5002 0.106433 11.1787 18.2112 -0.788002 11.3207 18.1444 -0.772575 -12.3 16.9993 0.371066 -12.3 17.0862 0.86347 11.4189 18.0179 -0.781735 -12.1457 18.1336 0.678776 11.4531 17.8317 -0.811294 -11.5995 18.7813 0.564575 -11.1866 18.966 0.532015 -10.8885 19.0282 0.521034 -10.7198 19.0454 0.518012 11.3917 17.6476 -0.845998 -0.479413 13.9514 -0.259244 -0.492337 13.9068 -0.251373 11.2045 17.5068 -0.876218 11.3689 18.1365 -0.766625 11.2077 18.2326 -0.778968 -0.580767 13.8579 -0.242744 12.3 17.0862 0.863499 11.1054 18.1752 -0.768683 12.2498 17.7084 0.246063 11.1 18.1734 -0.745074 11.2805 18.1172 -0.716077 11.3959 17.8145 -0.766892 11.3438 17.6814 -0.801112 10.3 18.969 0.0237967 11.2528 17.5923 -0.825768 11.1 17.5471 -0.841298 11.1009 17.538 -0.862499 11.1015 17.5214 -0.876718 12.0213 18.3659 0.63785 11.1019 17.4905 -0.882019 11.0317 17.4957 -0.884184 11.0405 17.5443 -0.863674 12.2981 17.3088 0.824237 -0.590175 13.8668 -0.193551 -10.3 18.969 0.0237723 -10.3 19.0558 0.516176 11.0379 17.5283 -0.878385 -0.542645 13.8743 -0.194876 0.506996 14.9003 -0.375785 -10.8813 17.6402 -0.858893 -10.8119 17.7611 -0.873203 -11.8826 3.35355 1.87707 -12.1292 3.40278 2.15624 -12.2596 3.455 2.45243 -10.8649 18.0421 -0.834783 -11.1 18.3983 0.530566 -12.2565 16.9449 0.0624885 -12.1292 16.8946 -0.222739 -10.9245 18.3425 0.540413 -11.5631 16.813 -0.685865 -10.8141 18.1923 0.566888 0.546058 14.9279 -0.38065 -11.1 17.8074 0.634755 -11.1019 17.4905 -0.882019 -11.0392 17.5361 -0.872795 -11.0414 2.57218 1.798 -11.1 2.57807 1.79815 -11.1009 2.57943 1.7751 -11.1015 2.59014 1.75607 -11.1 17.5471 -0.841298 0.600424 14.9347 -0.381852 -11.1008 17.5386 -0.861667 -11.1875 17.5479 -0.86143 -11.3085 17.6208 -0.842065 -11.3851 17.737 -0.813131 -11.4061 17.9023 -0.77517 -11.3468 18.0561 -0.748289 -11.2405 18.1471 -0.747399 -11.1948 17.5271 -0.875003 -11.3246 17.6064 -0.856304 -11.2805 2.08525 2.11078 -11.4052 17.7315 -0.828529 -11.425 17.9069 -0.792371 -11.3605 18.0672 -0.767257 -11.2495 18.1611 -0.767249 -11.4293 17.7218 -0.831652 -11.4504 17.9101 -0.797777 -11.2077 1.95526 2.09117 -11.3689 2.04983 2.06988 -11.3808 18.0819 -0.774888 -11.4209 2.44698 1.85109 -11.2938 2.56668 1.77562 -11.2613 18.1828 -0.7762 0.652906 14.9041 -0.427226 -11.3917 2.48211 1.82808 -11.4531 2.32095 1.92367 -11.4189 2.15606 2.01514 -11.3207 2.04035 2.067 -11.1787 1.97225 2.07537 -11.2559 2.56232 1.77509 -11.3702 2.46894 1.83529 -11.4273 2.32047 1.92857 -11.3958 2.16824 2.01794 -11.3048 2.0611 2.06846 -11.1728 1.99779 2.07595 -11.2442 2.54959 1.7944 -11.3516 2.46437 1.85265 -11.4073 2.32678 1.94376 -11.3799 2.18294 2.03206 -11.2937 2.07989 2.08244 -11.1665 2.019 2.08942 1.07512 14.669 -0.334995 -11.1109 1.94913 2.06903 -11.1113 1.97356 2.06274 -11.1093 1.99521 2.06749 -11.1054 2.01277 2.08124 -11.43 18.0476 -0.773815 -11.3722 17.6183 -0.8513 -11.2304 17.517 -0.874021 -11.1015 17.5232 -0.875731 -10.8265 2.40423 1.8306 -11.3972 17.9105 -0.744788 -10.8773 2.4844 1.79032 -10.8671 2.49091 1.77211 -11.2536 18.1353 -0.717357 -10.7721 2.38888 1.78454 -10.7562 2.21294 1.84733 -10.9657 18.1372 -0.818822 -10.9866 1.95496 2.03436 1.07512 14.6603 -0.384235 -10.9555 1.98554 2.0082 -10.828 2.07108 1.92898 -10.7585 2.2012 1.8528 -10.9648 2.00886 2.00979 -10.8464 2.08798 1.9317 -10.7822 2.20837 1.85742 -10.7835 2.35433 1.79987 -10.9678 2.0305 2.02225 -10.8576 2.10633 1.94473 -10.7994 2.21904 1.87234 -10.8018 2.35439 1.81715 -10.855 18.0369 -0.866125 -10.7962 17.893 -0.89636 -10.8052 17.7514 -0.89928 -10.8813 2.48465 1.81343 -10.9625 18.1532 -0.837917 -11.0392 2.57778 1.76457 -11.0357 2.5928 1.74803 -10.8436 18.0495 -0.88462 -0.479413 14.8292 -0.414021 -10.7786 17.8968 -0.913893 -12.2525 17.6947 0.248462 -12.0897 18.1638 0.165751 -10.7872 17.7446 -0.915398 -11.5014 18.7518 0.0620614 -11.0124 18.921 0.0322261 -10.9531 18.1745 -0.847375 -10.3 18.8767 -0.26683 -10.3 18.6961 -0.540384 -10.3 18.404 -0.776725 -10.3 18.0569 -0.905202 -10.825 18.0642 -0.892917 -10.8448 17.5978 -0.902191 -10.7546 17.9006 -0.920483 0.652906 14.9128 -0.377986 -10.7772 17.7066 -0.917518 -10.7527 17.8824 -0.921664 -11.1096 18.2425 -0.798593 -11.2923 18.1979 -0.76865 -10.8043 18.0459 -0.898693 -11.4591 17.7916 -0.81575 -10.9152 18.172 -0.856233 -11.1109 18.2308 -0.801875 -11.1113 18.2058 -0.799472 -11.0317 17.4957 -0.884184 -11.1094 18.1872 -0.787761 -11.1387 17.1742 -0.827501 -11.1054 18.1752 -0.768781 -11.1 18.1734 -0.745074 -11.8848 16.8457 -0.500108 -10.9789 18.1404 -0.785053 -10.8047 17.9007 -0.868107 -0.355 14.9007 -0.375848 -10.7362 18.804 -0.376988 -11.2629 18.6971 -0.35813 -11.5685 18.5459 -0.331462 -11.832 18.3201 -0.291663 -12.0186 18.0527 -0.244497 -12.1359 17.7611 -0.193084 -10.7155 18.485 -0.716606 -11.1748 18.3926 -0.700319 -11.4269 18.2681 -0.678359 -11.64 18.0855 -0.646172 -11.7917 17.8679 -0.607799 -11.8897 17.6241 -0.564811 -10.684 18.0578 -0.901322 -11.4464 17.6452 -0.828573 -11.5148 17.4742 -0.798411 -0.355 13.8782 -0.246327 -11.0358 17.5171 -0.883103 -11.2528 2.54091 1.82821 -11.0414 17.5526 -0.843459 -11.3438 2.46564 1.88184 -10.8778 17.6333 -0.879251 -10.8681 17.6213 -0.894625 -11.3959 2.35224 1.95953 -0.552551 14.9208 -0.430174 -11.3874 2.22834 2.03851 -11.3469 2.15052 2.08224 -11.1908 2.26131 3.37595 -11.3121 2.33398 3.36314 -11.3859 2.45344 3.34207 -11.3433 2.71574 3.29582 -0.343561 14.9791 -0.389678 -10.943 2.05529 2.03297 10.3 18.6961 -0.540372 10.3 18.4065 -0.775303 10.3 18.0569 -0.9052 10.3 17.6367 -0.909062 -0.487702 14.8778 -0.371815 -10.8506 2.13266 1.95958 10.9978 18.9238 0.0317655 11.4824 18.7618 0.0603192 11.8249 18.5165 0.103579 12.0795 18.1826 0.162465 -10.8013 2.26004 1.88234 -10.9245 2.78249 3.28405 12.2596 16.9469 0.0734692 12.1293 16.8946 -0.222723 11.8826 16.8454 -0.5019 11.5631 16.813 -0.685862 -10.9634 2.27988 3.37268 -11.1 2.02252 2.10276 -0.510419 14.9077 -0.377082 11.0392 2.57766 1.76479 11.0414 2.57218 1.798 11.1015 2.58881 1.7576 11.2938 17.5501 -0.866371 11.4209 17.6884 -0.836392 11.4655 17.9307 -0.790474 11.1019 2.61741 1.7405 11.1888 2.5701 1.77976 11.3123 2.50541 1.82481 11.3883 2.40198 1.89444 10.7908 18.0199 -0.90433 10.7547 17.7966 -0.923055 11.4047 2.25768 1.98752 10.8448 17.5978 -0.902191 11.3394 2.12283 2.06396 11.2351 2.04376 2.09195 11.1962 2.58497 1.7599 11.3287 2.51376 1.80657 10.3 18.8717 -0.277232 -0.553792 14.9298 -0.380991 12.2072 17.3554 -0.121534 12.0986 17.8741 -0.212993 11.945 18.1751 -0.266065 11.7158 18.4346 -0.311819 11.4442 18.6183 -0.344211 11.1481 18.7339 -0.36459 11.9519 17.2674 -0.501895 11.8582 17.7196 -0.581643 11.7317 17.9679 -0.625416 11.5463 18.1778 -0.662436 11.3253 18.3272 -0.688775 11.0778 18.4237 -0.705784 11.5633 17.1919 -0.748632 11.4921 17.543 -0.81055 11.4085 2.40128 1.87821 11.4233 2.24694 1.97299 11.3527 2.10557 2.04994 11.2439 2.02369 2.07811 11.3469 2.53078 1.79862 11.4328 2.40862 1.87208 11.4485 2.24126 1.96914 11.3723 2.08836 2.04793 0.31901 15.0437 -0.401073 11.2552 2.00011 2.07713 12.2232 3.43575 2.34323 12.0365 3.38027 2.02858 11.753 3.33744 1.78568 -1.0609 14.6786 -0.336686 11.2852 1.98744 2.08981 11.4229 2.1184 2.03892 11.4619 2.34459 1.91323 11.3767 2.5032 1.81597 11.2332 2.59422 1.75775 11.1008 2.57914 1.77609 12.3 16.9994 0.371095 -1.0609 14.6699 -0.385926 11.1 2.57807 1.79815 11.0358 2.592 1.7486 11.2789 2.52524 1.83954 11.385 2.39225 1.93257 10.8813 2.48465 1.81343 10.8775 2.48428 1.79108 10.8671 2.49091 1.77211 10.8448 2.50967 1.75825 -0.650424 14.9092 -0.37736 11.3972 2.26962 2.01313 11.1096 1.93923 2.07612 10.9659 2.03126 2.02116 10.8552 2.10918 1.94245 -0.308104 13.5762 -0.193078 10.7963 2.23401 1.86481 -0.355 13.8869 -0.197086 -0.327747 13.655 -0.156197 10.8052 2.36618 1.81357 10.9627 2.00965 2.00871 0.249041 15.1262 -0.466382 10.8437 2.09101 1.92939 10.7786 2.22447 1.84962 10.7871 2.36703 1.7961 10.9533 1.98639 2.0071 10.8251 2.07434 1.92662 10.7547 2.2186 1.84474 0.0664399 15.2151 -0.482062 10.7772 2.40202 1.78111 10.7527 2.23533 1.83739 10.8044 2.0895 1.91498 10.9154 1.9857 1.99794 -0.132537 15.1922 -0.478029 11.1109 1.94917 2.06901 11.1113 1.97341 2.06274 11.1094 1.99495 2.06737 11.1055 2.01259 2.08103 -0.355 14.892 -0.425088 10.8649 2.11518 1.97356</float_array>
					<technique_common>
						<accessor count="595" source="#ID33" stride="3">
							<param name="X" type="float"/>
							<param name="Y" type="float"/>
							<param name="Z" type="float"/>
						</accessor>
					</technique_common>
				</source>
				<source id="ID34">
					<float_array id="ID35" count="1713" digits="2490374">0 -0.984781 0.173625 0 -0.173625 -0.984781 0 -0.435375 -0.900187 0 -0.515813 -0.856656 0 -0.664187 -0.7475 0 -0.762781 -0.646563 0 -0.868469 -0.495656 0 -0.929594 -0.368469 0 -0.994812 -0.10125 0 -0.981438 -0.191656 0 -0.984781 0.173656 1 0 -0 0.981938 -0.186281 0.0328125 0.986844 -0.158875 0.028 0.945375 -0.320938 0.0565625 0.885281 -0.457938 0.08075 0.858469 -0.505 0.089 0.713281 -0.690188 0.121688 0.643781 -0.753531 0.132812 0.477625 -0.865188 0.152531 0.371406 -0.914344 0.161187 0.192219 -0.966438 0.170406 0.110969 -0.978719 0.172531 0 0.173625 0.984781 -0.18525 -0.96775 0.170625 -0.172125 -0.970062 0.171031 -0.388375 -0.9075 0.159969 -0.465 -0.871813 0.153719 -0.624656 -0.769 0.135594 -0.7015 -0.701781 0.123719 -0.839281 -0.535344 0.0943438 -0.878531 -0.470406 0.0829375 -0.958875 -0.2795 0.0492813 -0.980563 -0.192906 0.034 -0.990625 -0.134281 0.0236563 -1 0 -0 -0.997344 -0.0715313 0.0125625 -0.999687 -0.022125 0.00390625 -0.0652812 -0.556437 -0.82825 -0.0316875 -0.411281 -0.910906 -0.0144375 -0.262688 -0.964719 -0.0389375 -0.197969 -0.979375 -0.115406 -0.231312 -0.966 -0.191813 -0.266031 -0.944656 -0.313406 -0.350625 -0.882469 -0.345594 -0.286156 -0.893656 -0.381813 -0.496188 -0.779719 -0.366844 -0.190719 -0.910469 -0.359188 -0.162 -0.919031 -0.194125 -0.792375 -0.57825 -0.131031 -0.653969 -0.745031 -0.192563 -0.681094 -0.706375 -0.328156 -0.739563 -0.587563 -0.245312 -0.679875 -0.691031 -0.3375 -0.623781 -0.704938 -0.467969 -0.64475 -0.604281 -0.589031 -0.508 -0.628375 -0.663906 -0.362406 -0.654063 -0.70475 -0.179031 -0.686406 -0.637031 -0.133813 -0.759094 -0.255313 -0.944344 -0.207219 -0.431563 -0.874969 -0.219437 -0.615344 -0.750313 -0.241406 -0.7745 -0.5705 -0.273156 -0.873 -0.379 -0.306906 -0.92675 -0.137875 -0.349438 -0.851469 -0.0910313 -0.516344 -0.185062 -0.96775 0.170625 -0.464625 -0.872031 0.15375 -0.701469 -0.701813 0.123719 -0.878688 -0.470094 0.0828438 -0.980656 -0.192687 0.0339688 -0.964844 -0.045625 -0.258781 0.262781 -0.167531 -0.950188 0.353938 -0.261 -0.898094 0.524281 -0.147813 -0.838531 0.139375 -0.24175 -0.96025 0.326 -0.329688 -0.885938 0.0389375 -0.197969 -0.979375 0.268875 -0.312156 -0.911125 0.0289375 -0.391813 -0.919563 0.0296875 -0.52275 -0.851906 0.05375 -0.521344 -0.851625 0.0132188 -0.252156 -0.967531 0.679875 -0.314 -0.662625 0.770813 -0.110594 -0.627344 0.626281 -0.446 -0.639313 0.530031 -0.583656 -0.615031 0.362406 -0.420281 -0.831813 0.36625 -0.577594 -0.729469 0.391156 -0.702875 -0.594063 0.289313 -0.663188 -0.690188 0.243281 -0.776594 -0.581031 0.192563 -0.681094 -0.706375 0.0570938 -0.816844 -0.573906 0.0988438 -0.620531 -0.777875 0.894 -0.315313 -0.318125 0.93325 -0.062375 -0.353719 0.823563 -0.488906 -0.287531 0.697 -0.669906 -0.255563 0.514406 -0.826625 -0.227969 0.319906 -0.923625 -0.210875 0.0750938 -0.976562 -0.2015 0.981969 -0.186094 0.0328125 0.8855 -0.457563 0.0806875 0.713313 -0.690125 0.121688 0.477313 -0.865313 0.152562 0.192 -0.966469 0.170406 -0.981938 0.186281 -0.0328125 -0.985031 0.169531 -0.0298437 -0.9215 0.382469 -0.0674063 -0.885281 0.457938 -0.08075 -0.780875 0.615125 -0.108438 -0.713281 0.690188 -0.121688 -0.543594 0.826563 -0.145719 -0.477625 0.865188 -0.152531 -0.283781 0.94425 -0.1665 -0.192219 0.966375 -0.170406 -0.136344 0.975563 -0.172 0 0.984781 -0.173625 -0.0725937 0.982188 -0.173156 -0.0225 0.9845 -0.173562 0.18525 0.96775 -0.170625 0.172125 0.970062 -0.171031 0.388375 0.9075 -0.159969 0.465 0.871813 -0.153719 0.624656 0.769 -0.135594 0.7015 0.701781 -0.123719 0.839281 0.535344 -0.0943438 0.878531 0.470406 -0.0829375 0.958875 0.2795 -0.0492813 0.980563 0.192969 -0.034 0.990625 0.134281 -0.0236563 0.997344 0.0715313 -0.0125625 0.999687 0.022125 -0.00390625 -0.638969 -0.133563 -0.7575 -0.962125 -0.0473125 -0.268313 -0.0798438 -0.5535 -0.828969 -0.0306563 -0.743438 -0.668063 -0.150125 -0.853906 -0.49825 -0.0175 -0.957594 -0.287469 -0.195156 -0.965813 0.17025 -0.313781 -0.350406 -0.882438 -0.239906 -0.362719 -0.900469 -0.192625 -0.26475 -0.944844 -0.111813 -0.4925 -0.863063 -0.385031 -0.495906 -0.778313 0.0430937 -0.440188 -0.896812 -0.337344 -0.623688 -0.705063 0.0286562 -0.286156 -0.957687 -0.245406 -0.680219 -0.690625 -0.152812 -0.211688 -0.96525 -0.217469 -0.483 -0.848156 -0.120563 -0.2145 -0.969187 0.05 -0.617594 -0.784844 0.189812 -0.626156 -0.756156 0.403156 -0.502156 -0.765031 0.504094 -0.196531 -0.840937 0.34775 0.128875 -0.928625 -0.0343125 0.298906 -0.953625 -0.226688 0.005625 -0.973938 0.283625 -0.872063 -0.398625 0.563656 -0.717531 -0.409125 0.803594 -0.375969 -0.46125 0.823781 0.0974687 -0.558375 0.569406 0.504562 -0.648938 0.0921875 0.723219 -0.684344 -0.186781 0.438563 -0.879 0.509219 -0.847531 0.149438 0.812813 -0.573625 0.101125 0.986219 -0.16275 0.0286562 0.957875 0.28275 -0.0497813 0.823031 0.559313 -0.0985625 0.60175 0.786531 -0.138688 -0.108219 0.789625 -0.603844 -0.13 -0.6555 -0.743875 -0.308469 -0.332781 -0.891062 -0.226719 0.005625 -0.973938 -0.0651563 -0.556594 -0.828219 -0.199687 -0.451438 -0.869594 -0.0375 -0.420781 -0.906344 -0.49375 0.133563 -0.85925 -0.186813 0.438563 -0.879 -0.567906 -0.11325 -0.815219 -0.5105 -0.277375 -0.813812 -0.0345313 -0.410906 -0.911 -0.434594 -0.363531 -0.823906 -0.0142188 -0.262625 -0.96475 -0.554219 0.566188 -0.610094 -0.10825 0.789625 -0.603844 -0.792437 0.2535 -0.554688 -0.854469 -0.0638437 -0.5155 -0.799906 -0.362188 -0.478344 -0.444875 -0.548906 -0.707656 -0.523438 0.839063 -0.147938 -0.831438 0.547094 -0.0964063 -0.995656 0.0912813 -0.0160313 -0.911781 -0.404281 0.07125 -0.729031 -0.674031 0.118813 -0.64875 -0.679031 -0.343469 -0.728969 -0.674031 0.118813 -0.444875 -0.548906 -0.707594 -0.353875 -0.061875 -0.933219 -0.137031 -0.102344 -0.985219 -0.326 0.00675 -0.945312 -0.0389375 -0.148875 -0.988063 -0.264469 -0.0220312 -0.964094 -0.0289063 0.0534375 -0.998125 -0.0296875 0.199813 -0.979375 -0.0536875 0.198344 -0.978625 -0.0132188 -0.0939687 -0.995438 0 0.191656 -0.981438 -0.679875 0.0684375 -0.730031 -0.626281 0.200406 -0.753344 -0.530031 0.338094 -0.777625 -0.358156 0.100313 -0.928187 -0.369719 0.283469 -0.884781 -0.391156 0.457281 -0.798594 -0.293438 0.384688 -0.875094 -0.243281 0.531031 -0.811625 -0.192563 0.398438 -0.896688 -0.0570938 0.571281 -0.81875 -0.09875 0.316875 -0.94325 0 0.493469 -0.869687 -0.894 0.1875 -0.406781 -0.823531 0.361094 -0.437438 -0.696938 0.542094 -0.469344 -0.514344 0.698844 -0.496938 -0.319906 0.795781 -0.514094 -0.0750938 0.848719 -0.523406 0 0.7475 -0.664156 -0.981969 0.186094 -0.0327813 -0.8855 0.457563 -0.0806563 -0.713313 0.690125 -0.121688 -0.477313 0.865313 -0.152531 -0.192 0.966469 -0.170406 0 0.9045 -0.426313 -0.729031 0.674031 -0.118813 -0.195156 0.965813 -0.17025 -0.659938 0.536406 -0.526 -0.150719 0.635719 -0.757031 -0.465813 0.297125 -0.833438 -0.0833438 0.255469 -0.963188 0 0.495688 -0.868469 0 0.900187 -0.435375 0 0.191719 -0.981438 0.0483125 0.174906 -0.983375 0.0210938 -0.0198125 -0.999563 0.0058125 -0.146625 -0.989125 0.313406 0.0276562 -0.949188 0.345594 -0.0366875 -0.937625 0.381813 0.199563 -0.902406 0.191813 -0.073 -0.978688 0.0389375 -0.148875 -0.988063 0.115406 -0.112969 -0.986844 0.366844 -0.132156 -0.920781 0.359188 -0.162 -0.919031 0.194125 0.546781 -0.814406 0.106 0.328531 -0.938469 0.192563 0.398438 -0.896688 0.328156 0.494031 -0.805094 0.245312 0.4025 -0.881906 0.3375 0.345031 -0.87575 0.467969 0.399188 -0.788375 0.589031 0.262469 -0.764281 0.663906 0.116844 -0.738594 0.70475 -0.0665 -0.70625 0.637031 -0.133813 -0.759094 0.255313 0.8165 -0.517687 0.431563 0.747125 -0.505437 0.615344 0.622469 -0.4835 0.7745 0.442625 -0.45175 0.873 0.251125 -0.418 0.92675 0.0100313 -0.375469 0.851531 -0.0910313 -0.516281 0.185062 0.96775 -0.170594 0.464625 0.872031 -0.153719 0.701469 0.701813 -0.123719 0.878688 0.470094 -0.0828438 0.980656 0.192687 -0.0339063 0.964844 -0.045625 -0.258781 0.195156 0.965813 -0.17025 0.729031 0.674031 -0.118813 0.176469 0.799125 -0.574562 0.540344 0.383063 -0.749125 0.123969 0.479313 -0.868813 0.312313 0.131812 -0.94075 0.728969 -0.674031 0.118813 0.195156 -0.965813 0.17025 0.654094 -0.6815 -0.328063 0.150719 -0.856313 -0.493906 0.444875 -0.548906 -0.707594 0.0833438 -0.569531 -0.817688 0.973094 0.22675 -0.0399688 0.953469 0.296688 -0.0523125 0.89125 0.4465 -0.0787188 0.812063 0.574656 -0.101313 0.675563 0.726 -0.128 0.633656 0.761813 -0.134281 0.503344 0.850906 -0.150031 0.138688 0.97525 -0.171937 0.113156 0.978469 -0.1725 -0.347531 0.923375 -0.162813 -0.394031 0.905125 -0.159562 -0.691375 0.711469 -0.125406 -0.92 0.385844 -0.0680313 -0.968281 0.246031 -0.043375 -0.172188 -0.970062 0.171031 -0.599906 -0.787844 0.138906 -0.683156 -0.719094 0.126781 -0.192844 -0.966313 0.170375 0.385344 -0.908719 0.160187 0.260719 -0.950719 0.167594 0.675969 -0.725688 0.127906 -0.910812 -0.406406 0.071625 -0.887281 -0.454094 0.0800625 0.793813 -0.598844 0.105563 0.960063 -0.275375 0.0485625 -0.505813 -0.8495 0.149781 -0.224688 -0.959625 0.169188 -0.18925 -0.967 0.170469 0.328969 -0.929969 0.163969 0.402 -0.901688 0.158937 0.740781 -0.661469 0.116625 0.786094 -0.608688 0.107313 0.969719 -0.2405 0.042375 0.958188 0.281719 -0.049625 0.923781 0.377 -0.0664688 0.588625 0.796094 -0.140344 0.431844 0.888219 -0.156594 0.176313 0.969375 -0.170875 -0.152719 0.973219 -0.171594 -0.344438 0.9245 -0.163 -0.495594 0.855344 -0.150813 -0.495594 0.855313 -0.150813 -0.765938 0.633125 -0.111625 -0.918906 0.388438 -0.0684375 -0.979031 0.200312 -0.0352812 -0.963313 -0.264094 0.0465625 -0.850469 -0.517906 0.0912813 -0.698469 -0.704656 0.12425 0.585688 -0.798156 0.140687 0.495594 -0.855344 0.150813 0.73175 -0.671125 0.118313 0.919563 -0.386875 0.0682188 0.938781 0.339188 -0.0598125 0.934219 0.351219 -0.0619062 0.692375 0.7105 -0.12525 0.673625 0.72775 -0.128281 0.505813 0.8495 -0.149781 0.0734688 0.982094 -0.173125 -0.0164688 0.984656 -0.173562 -0.379312 0.911188 -0.160625 -0.527531 0.836563 -0.147469 -0.745844 0.655937 -0.115625 -0.851625 0.516125 -0.0909688 -0.982219 0.184563 -0.0325313 -0.91125 -0.405469 0.0715 -0.770063 -0.62825 0.110719 -0.656031 -0.743219 0.131 -0.263281 -0.95 0.1675 -0.252094 -0.952969 0.168 0.2405 -0.955844 0.168531 0.0535938 -0.521469 -0.851562 0.0218438 -0.407594 -0.912844 0.0236563 -0.392281 -0.919469 0.194937 -0.452781 -0.87 0.0987813 -0.620531 -0.777875 0.307969 -0.335281 -0.890281 0.217531 -0.482125 -0.848625 0.0130937 -0.252156 -0.967562 0.428969 -0.37025 -0.823906 0.444875 -0.548906 -0.707656 0.501031 -0.290188 -0.815281 0.567438 -0.119469 -0.814656 0.496469 0.12975 -0.858281 0.226812 0.00253125 -0.973906 0.790344 -0.387344 -0.474656 0.654094 -0.681437 -0.328063 0.853469 -0.0994062 -0.5115 0.796406 0.243969 -0.553281 0.559344 0.562063 -0.609156 0.187562 0.433313 -0.881469 0.729031 -0.674031 0.118813 0.960156 -0.275063 0.0484375 0.984375 0.173375 -0.0305312 0.783719 0.611562 -0.107813 0.40375 0.900906 -0.158844 0.109375 0.786188 -0.608156 0.2175 -0.482125 -0.848625 0.0481563 -0.226938 -0.972656 0.226781 0.00253125 -0.973906 0.289875 -0.663969 -0.689219 -0.0614063 -0.359094 -0.931219 0.367344 -0.577906 -0.728719 0.0277812 -0.491625 -0.870313 0.356094 -0.422563 -0.833406 0.194656 -0.443656 -0.87475 0.269406 -0.311625 -0.911188 0.24275 -0.290062 -0.925656 -0.17775 0.244687 -0.953125 0.187531 0.433313 -0.881469 -0.453594 -0.0148125 -0.891031 -0.477188 -0.378031 -0.793281 -0.292531 -0.590344 -0.75225 -0.1215 -0.630531 -0.766563 0.139563 -0.241281 -0.960344 -0.0140313 -0.604781 -0.796219 -0.353594 0.646031 -0.676406 -0.719688 0.330281 -0.610656 -0.848844 -0.163438 -0.502688 -0.696344 -0.576281 -0.427656 -0.449594 -0.797625 -0.401906 -0.163344 -0.902219 -0.398969 0.0296563 -0.769938 -0.637375 -0.511906 0.845906 -0.149125 -0.823219 0.559031 -0.0985625 -0.990531 0.134844 -0.0237188 -0.949969 -0.307438 0.0541563 -0.812719 -0.573687 0.101125 -0.596438 -0.790375 0.139344 0.0167813 -0.963313 -0.267656 -0.455438 0.876719 -0.154563 -0.810969 0.576156 -0.101562 -0.831438 0.547094 -0.0964375 -0.987406 0.155594 -0.0274375 -0.995656 0.0912813 -0.0160625 -0.953031 -0.298156 0.0525625 -0.809906 -0.577563 0.101781 -0.585063 -0.798594 0.140813 0.455438 -0.876719 0.154563 0.810969 -0.576156 0.101562 0.987406 -0.155594 0.0274375 0.957875 0.28275 -0.0498438 0.953031 0.298156 -0.0525625 0.823 0.559313 -0.0985625 0.601656 0.786563 -0.138688 0.707031 0.696375 -0.12275 0.302719 0.938563 -0.165469 -0.0535313 0.198437 -0.978594 -0.0216875 0.0705312 -0.99725 -0.0235937 0.0539063 -0.99825 -0.194688 0.128 -0.972438 -0.0986875 0.316875 -0.94325 -0.307938 0.0107812 -0.951281 -0.217531 0.162813 -0.962344 -0.0130937 -0.0940313 -0.995438 -0.428906 0.0661875 -0.900906 -0.500875 -0.0059375 -0.865438 -0.567375 -0.165969 -0.8065 -0.496688 -0.415188 -0.762125 -0.226812 -0.335438 -0.914281 -0.79025 0.201875 -0.578531 -0.853469 -0.081 -0.51475 -0.796562 -0.418063 -0.436563 -0.559781 -0.736219 -0.38025 -0.187562 -0.708656 -0.680094 -0.960156 0.275063 -0.0484375 -0.984375 -0.173375 0.0305312 -0.783719 -0.611562 0.107813 -0.40375 -0.900906 0.158844 -0.108938 -0.9475 -0.300438 -0.2175 0.162813 -0.962344 -0.040625 -0.114688 -0.992531 -0.226781 -0.335438 -0.914281 -0.294094 0.385938 -0.874344 0.0615 0.0345625 -0.9975 -0.370688 0.283906 -0.884281 -0.0397188 0.167625 -0.985 -0.352906 0.101844 -0.930031 -0.202656 0.109281 -0.973094 -0.264969 -0.0225313 -0.963969 0.194281 -0.548063 -0.813531 -0.187531 -0.708656 -0.680094 0.466719 -0.261281 -0.844844 0.469375 0.103406 -0.876906 0.280594 0.303156 -0.910656 0.116156 0.329562 -0.936938 -0.137125 -0.102688 -0.985156 0.0132813 0.295563 -0.955187 0.374125 -0.828531 -0.416531 0.741406 -0.483281 -0.465531 0.846094 0.0119063 -0.532875 0.682781 0.412906 -0.602656 0.4395 0.617625 -0.652125 0.160563 0.711781 -0.683719 -0.0296563 0.5055 -0.862281 0.511906 -0.845937 0.149125 0.823219 -0.559 0.0985625 0.990531 -0.134813 0.0237188 0.949969 0.3075 -0.0541563 0.812719 0.57375 -0.101125 0.596438 0.790438 -0.139344 -0.0167813 0.813688 -0.581031 -0.0833438 0.255531 -0.963188 -0.960156 0.275063 -0.0485 -0.984375 -0.173344 0.0305312 -0.40375 -0.900937 0.158844 0.0306563 0.470094 -0.882031 0.0175 0.801531 -0.597656 0.313781 0.0274688 -0.949063 0.239906 0.0328125 -0.970219 0.192625 -0.0743125 -0.978406 0.111813 0.167562 -0.979469 0.385031 0.199781 -0.901 -0.0430937 0.106906 -0.993281 0.337344 0.344875 -0.875844 -0.0287188 -0.0585938 -0.997813 0.245406 0.402969 -0.881625 0.152812 -0.131156 -0.979469 0.217469 0.163813 -0.962219 0.120563 -0.129875 -0.984156 -0.05 0.311875 -0.948781 -0.189812 0.329781 -0.924719 -0.403156 0.210219 -0.890625 -0.504094 -0.102875 -0.857437 -0.34775 -0.438688 -0.828531 0.0343125 -0.607063 -0.793844 0.226688 -0.338406 -0.91325 -0.283625 0.683156 -0.672906 -0.563656 0.534281 -0.629875 -0.803594 0.1955 -0.562063 -0.823781 -0.282594 -0.491406 -0.569406 -0.696094 -0.437219 -0.0921875 -0.913688 -0.395719 0.186781 -0.712781 -0.675969 -0.509219 0.847531 -0.149438 -0.812813 0.573625 -0.101125 -0.986219 0.16275 -0.0286562 -0.957875 -0.28275 0.0498438 -0.823031 -0.559313 0.0985937 -0.60175 -0.786531 0.138625 0.108469 -0.948156 -0.298531 0.10575 0.328875 -0.938375 0.303219 0.0299063 -0.952438 0.226719 -0.338375 -0.913281 0.153781 0.131844 -0.97925 0.0472813 0.175344 -0.983312 0.514969 -0.386 -0.765281 0.186813 -0.712781 -0.675969 0.559563 -0.118906 -0.820188 0.490375 0.0054375 -0.871406 0.0288125 -0.0189063 -0.999344 0.421 0.0755313 -0.903844 0.00496875 -0.147188 -0.989062 0.596563 -0.704313 -0.384656 0.823875 -0.339656 -0.453656 0.850656 -0.0429063 -0.523938 0.775375 0.236469 -0.585469 0.540375 0.383063 -0.749094 0.523438 -0.839063 0.147938 0.831375 -0.547188 0.0964375 0.966219 -0.253719 0.0446875 0.996969 0.0759375 -0.013375 0.809906 0.577563 -0.101781 0.585063 0.798594 -0.140813 0.960156 -0.275063 0.0485 0.984375 0.173344 -0.0305312 0.40375 0.900937 -0.158844 -0.511906 0.845937 -0.149125 -0.823156 0.559125 -0.0985625 -0.990531 0.134844 -0.02375 -0.707031 -0.696375 0.12275 -0.302719 -0.938563 0.165469 0.511906 -0.845906 0.149125 0.823219 -0.559031 0.0985625 0.949969 0.3075 -0.0542188 0.812719 0.573687 -0.101125 0.596438 0.790438 -0.139375 -0.823 -0.559313 0.0985625 -0.601656 -0.786563 0.138688</float_array>
					<technique_common>
						<accessor count="571" source="#ID35" stride="3">
							<param name="X" type="float"/>
							<param name="Y" type="float"/>
							<param name="Z" type="float"/>
						</accessor>
					</technique_common>
				</source>
				<source id="ID36">
					<float_array id="ID37" count="2" digits="2490374">0 1</float_array>
					<technique_common>
						<accessor count="1" source="#ID37" stride="2">
							<param name="S" type="float"/>
							<param name="T" type="float"/>
						</accessor>
					</technique_common>
				</source>
				<vertices id="ID38">
					<input semantic="POSITION" source="#ID32"/>
				</vertices>
				<polylist count="1186">
					<input offset="0" semantic="VERTEX" source="#ID38" set="0"/>
					<input offset="1" semantic="NORMAL" source="#ID34" set="0"/>
					<input offset="2" semantic="TEXCOORD" source="#ID36" set="0"/>
					<vcount>3 3 3 3 3 3 3 3 3 3 3 3 3 3 3 3 3 3 3 3 3 3 3 3 3 3 3 3 3 3 3 3 3 3 3 3 3 3 3 3 3 3 3 3 3 3 3 3 3 3 3 3 3 3 3 3 3 3 3 3 3 3 3 3 3 3 3 3 3 3 3 3 3 3 3 3 3 3 3 3 3 3 3 3 3 3 3 3 3 3 3 3 3 3 3 3 3 3 3 3 3 3 3 3 3 3 3 3 3 3 3 3 3 3 3 3 3 3 3 3 3 3 3 3 3 3 3 3 3 3 3 3 3 3 3 3 3 3 3 3 3 3 3 3 3 3 3 3 3 3 3 3 3 3 3 3 3 3 3 3 3 3 3 3 3 3 3 3 3 3 3 3 3 3 3 3 3 3 3 3 3 3 3 3 3 3 3 3 3 3 3 3 3 3 3 3 3 3 3 3 3 3 3 3 3 3 3 3 3 3 3 3 3 3 3 3 3 3 3 3 3 3 3 3 3 3 3 3 3 3 3 3 3 3 3 3 3 3 3 3 3 3 3 3 3 3 3 3 3 3 3 3 3 3 3 3 3 3 3 3 3 3 3 3 3 3 3 3 3 3 3 3 3 3 3 3 3 3 3 3 3 3 3 3 3 3 3 3 3 3 3 3 3 3 3 3 3 3 3 3 3 3 3 3 3 3 3 3 3 3 3 3 3 3 3 3 3 3 3 3 3 3 3 3 3 3 3 3 3 3 3 3 3 3 3 3 3 3 3 3 3 3 3 3 3 3 3 3 3 3 3 3 3 3 3 3 3 3 3 3 3 3 3 3 3 3 3 3 3 3 3 3 3 3 3 3 3 3 3 3 3 3 3 3 3 3 3 3 3 3 3 3 3 3 3 3 3 3 3 3 3 3 3 3 3 3 3 3 3 3 3 3 3 3 3 3 3 3 3 3 3 3 3 3 3 3 3 3 3 3 3 3 3 3 3 3 3 3 3 3 3 3 3 3 3 3 3 3 3 3 3 3 3 3 3 3 3 3 3 3 3 3 3 3 3 3 3 3 3 3 3 3 3 3 3 3 3 3 3 3 3 3 3 3 3 3 3 3 3 3 3 3 3 3 3 3 3 3 3 3 3 3 3 3 3 3 3 3 3 3 3 3 3 3 3 3 3 3 3 3 3 3 3 3 3 3 3 3 3 3 3 3 3 3 3 3 3 3 3 3 3 3 3 3 3 3 3 3 3 3 3 3 3 3 3 3 3 3 3 3 3 3 3 3 3 3 3 3 3 3 3 3 3 3 3 3 3 3 3 3 3 3 3 3 3 3 3 3 3 3 3 3 3 3 3 3 3 3 3 3 3 3 3 3 3 3 3 3 3 3 3 3 3 3 3 3 3 3 3 3 3 3 3 3 3 3 3 3 3 3 3 3 3 3 3 3 3 3 3 3 3 3 3 3 3 3 3 3 3 3 3 3 3 3 3 3 3 3 3 3 3 3 3 3 3 3 3 3 3 3 3 3 3 3 3 3 3 3 3 3 3 3 3 3 3 3 3 3 3 3 3 3 3 3 3 3 3 3 3 3 3 3 3 3 3 3 3 3 3 3 3 3 3 3 3 3 3 3 3 3 3 3 3 3 3 3 3 3 3 3 3 3 3 3 3 3 3 3 3 3 3 3 3 3 3 3 3 3 3 3 3 3 3 3 3 3 3 3 3 3 3 3 3 3 3 3 3 3 3 3 3 3 3 3 3 3 3 3 3 3 3 3 3 3 3 3 3 3 3 3 3 3 3 3 3 3 3 3 3 3 3 3 3 3 3 3 3 3 3 3 3 3 3 3 3 3 3 3 3 3 3 3 3 3 3 3 3 3 3 3 3 3 3 3 3 3 3 3 3 3 3 3 3 3 3 3 3 3 3 3 3 3 3 3 3 3 3 3 3 3 3 3 3 3 3 3 3 3 3 3 3 3 3 3 3 3 3 3 3 3 3 3 3 3 3 3 3 3 3 3 3 3 3 3 3 3 3 3 3 3 3 3 3 3 3 3 3 3 3 3 3 3 3 3 3 3 3 3 3 3 3 3 3 3 3 3 3 3 3 3 3 3 3 3 3 3 3 3 3 3 3 3 3 3 3 3 3 3 3 3 3 3 3 3 3 3 3 3 3 3 3 3 3 3 3 3 3 3 3 3 3 3 3 3 3 3 3 3 3 3 3 3 3 3 3 3 3 3 3 3 3 3 3 3 3 3 3 3 3 3 3 3 3 3 3 3 3 3 3 3 3 3 3 3 3 3 3 3 3 3 3 3 3 3 3 3 3 3 3 3 3 3 3 3 3 3 3 3 3 3 3 3 3 3 3 3 3 3 3 3 3 3 3 3 3 3 3 3 3 3 3 3 3 3 3 3 3 3 3 3 3 3 3 3 3 3 3 3 3 3 3 3 3 3 3 3 3 3 3 3 3 3 3 3 3 3 3 3 3 3 3 3 3 3 3 3 3 3 3 3 3 3 3 3 3 3 3 3 3 3 3 3 3 3 3 3 3 3 3 3 3 3 3 3 3 3 3 3 3 3 3 3 3 3 3 3 3 3 3 3 3 3 3 3 3 3 3 3 3 3 3 3 3 3 3 3 3 3 3 3 3 3 3 3 3 3 3 3 3 3 3 3 3 3 3 3</vcount>
					<p>3 0 0 4 0 0 0 0 0 0 0 0 223 0 0 3 0 0 3 0 0 223 0 0 56 0 0 228 1 0 227 2 0 142 1 0 142 1 0 227 2 0 122 3 0 226 4 0 122 3 0 227 2 0 226 4 0 123 5 0 122 3 0 225 6 0 123 5 0 226 4 0 123 5 0 225 6 0 9 7 0 8 8 0 9 7 0 225 6 0 4 0 0 8 8 0 0 0 0 224 9 0 8 8 0 225 6 0 8 8 0 224 9 0 223 10 0 8 8 0 223 10 0 0 0 0 218 12 0 27 11 0 28 11 0 62 13 0 218 12 0 28 11 0 218 12 0 62 13 0 30 14 0 218 12 0 30 14 0 219 15 0 31 16 0 219 15 0 30 14 0 219 15 0 31 16 0 24 17 0 59 18 0 24 17 0 31 16 0 24 17 0 59 18 0 23 19 0 33 20 0 23 19 0 59 18 0 23 19 0 33 20 0 222 21 0 57 22 0 222 21 0 33 20 0 222 21 0 57 22 0 223 0 0 223 0 0 57 22 0 56 0 0 312 23 0 37 23 0 73 23 0 73 23 0 37 23 0 72 23 0 72 23 0 37 23 0 285 23 0 72 23 0 285 23 0 284 23 0 72 23 0 284 23 0 283 23 0 72 23 0 283 23 0 71 23 0 71 23 0 283 23 0 282 23 0 71 23 0 282 23 0 70 23 0 70 23 0 282 23 0 42 23 0 70 23 0 42 23 0 305 23 0 305 23 0 42 23 0 280 23 0 305 23 0 280 23 0 68 23 0 68 23 0 280 23 0 44 23 0 68 23 0 44 23 0 67 23 0 67 23 0 44 23 0 278 23 0 67 23 0 278 23 0 66 23 0 66 23 0 278 23 0 309 23 0 309 23 0 278 23 0 293 23 0 293 23 0 278 23 0 46 23 0 293 23 0 46 23 0 28 23 0 28 23 0 46 23 0 47 23 0 28 23 0 47 23 0 62 23 0 62 23 0 47 23 0 48 23 0 62 23 0 48 23 0 49 23 0 62 23 0 49 23 0 50 23 0 62 23 0 50 23 0 30 23 0 30 23 0 50 23 0 51 23 0 30 23 0 51 23 0 31 23 0 31 23 0 51 23 0 59 23 0 59 23 0 51 23 0 52 23 0 59 23 0 52 23 0 33 23 0 33 23 0 52 23 0 85 23 0 33 23 0 85 23 0 54 23 0 33 23 0 54 23 0 57 23 0 57 23 0 54 23 0 3 23 0 57 23 0 3 23 0 56 23 0 81 24 0 4 0 0 3 0 0 54 25 0 81 24 0 3 0 0 81 24 0 54 25 0 85 26 0 81 24 0 85 26 0 95 27 0 52 28 0 95 27 0 85 26 0 95 27 0 52 28 0 79 29 0 51 30 0 79 29 0 52 28 0 51 30 0 97 31 0 79 29 0 50 32 0 97 31 0 51 30 0 50 32 0 98 33 0 97 31 0 49 34 0 98 33 0 50 32 0 98 33 0 49 34 0 99 35 0 99 35 0 49 34 0 48 36 0 99 35 0 48 36 0 47 37 0 99 35 0 47 37 0 46 35 0 393 39 0 122 3 0 117 38 0 393 39 0 142 1 0 122 3 0 120 1 0 142 1 0 392 40 0 392 40 0 142 1 0 393 39 0 108 41 0 106 1 0 144 1 0 106 1 0 108 41 0 109 42 0 106 1 0 109 42 0 358 43 0 112 46 0 140 45 0 357 44 0 357 44 0 140 45 0 358 43 0 358 43 0 140 45 0 106 1 0 106 1 0 140 45 0 146 1 0 140 45 0 139 47 0 146 1 0 146 1 0 139 47 0 147 1 0 139 47 0 103 48 0 147 1 0 9 7 0 138 49 0 123 5 0 123 5 0 138 49 0 117 38 0 123 5 0 117 38 0 122 3 0 117 38 0 138 49 0 395 50 0 395 50 0 138 49 0 115 51 0 138 49 0 137 52 0 115 51 0 115 51 0 137 52 0 354 53 0 354 53 0 137 52 0 355 54 0 137 52 0 136 55 0 355 54 0 355 54 0 136 55 0 135 56 0 355 54 0 135 56 0 112 46 0 112 46 0 135 56 0 134 57 0 112 46 0 134 57 0 140 45 0 134 57 0 133 58 0 140 45 0 140 45 0 133 58 0 139 47 0 318 59 0 139 47 0 133 58 0 103 48 0 139 47 0 318 59 0 8 8 0 132 60 0 9 7 0 9 7 0 132 60 0 138 49 0 132 60 0 131 61 0 138 49 0 138 49 0 131 61 0 137 52 0 131 61 0 130 62 0 137 52 0 137 52 0 130 62 0 136 55 0 130 62 0 129 63 0 136 55 0 136 55 0 129 63 0 135 56 0 129 63 0 128 64 0 135 56 0 135 56 0 128 64 0 134 57 0 128 64 0 127 65 0 134 57 0 134 57 0 127 65 0 133 58 0 319 66 0 133 58 0 127 65 0 318 59 0 133 58 0 319 66 0 4 0 0 81 67 0 8 8 0 8 8 0 81 67 0 132 60 0 95 68 0 132 60 0 81 67 0 95 68 0 131 61 0 132 60 0 131 61 0 95 68 0 130 62 0 79 69 0 130 62 0 95 68 0 130 62 0 79 69 0 129 63 0 97 70 0 129 63 0 79 69 0 129 63 0 97 70 0 128 64 0 98 71 0 128 64 0 97 70 0 128 64 0 98 71 0 127 65 0 99 35 0 127 65 0 98 71 0 319 66 0 127 65 0 320 72 0 127 65 0 99 35 0 320 72 0 180 1 0 593 1 0 473 1 0 473 1 0 593 1 0 213 1 0 213 1 0 593 1 0 416 1 0 416 1 0 593 1 0 465 1 0 416 1 0 465 1 0 287 1 0 287 1 0 465 1 0 288 1 0 288 1 0 465 1 0 209 1 0 147 1 0 209 1 0 465 1 0 147 1 0 292 1 0 209 1 0 175 1 0 176 1 0 186 1 0 159 1 0 185 1 0 186 1 0 175 1 0 186 1 0 187 1 0 175 1 0 187 1 0 188 1 0 175 1 0 188 1 0 174 1 0 174 1 0 188 1 0 189 1 0 174 1 0 189 1 0 190 1 0 174 1 0 190 1 0 88 1 0 244 1 0 174 1 0 88 1 0 485 1 0 514 1 0 153 1 0 153 1 0 514 1 0 429 1 0 429 1 0 514 1 0 307 1 0 429 1 0 307 1 0 441 1 0 441 1 0 307 1 0 157 1 0 441 1 0 157 1 0 150 1 0 150 1 0 157 1 0 443 1 0 443 1 0 157 1 0 158 1 0 443 1 0 158 1 0 148 1 0 148 1 0 158 1 0 159 1 0 148 1 0 159 1 0 583 1 0 583 1 0 159 1 0 576 1 0 176 1 0 576 1 0 159 1 0 360 1 0 159 1 0 396 1 0 396 1 0 159 1 0 198 1 0 198 1 0 159 1 0 244 1 0 159 1 0 360 1 0 185 1 0 186 1 0 176 1 0 159 1 0 198 1 0 244 1 0 197 1 0 197 1 0 244 1 0 5 1 0 5 1 0 244 1 0 1 1 0 1 1 0 244 1 0 74 1 0 74 1 0 244 1 0 53 1 0 53 1 0 244 1 0 192 1 0 88 1 0 192 1 0 244 1 0 174 1 0 244 1 0 173 1 0 173 1 0 244 1 0 172 1 0 172 1 0 244 1 0 171 1 0 147 1 0 148 1 0 19 1 0 19 1 0 148 1 0 556 1 0 215 1 0 556 1 0 148 1 0 588 1 0 148 1 0 583 1 0 473 1 0 215 1 0 148 1 0 148 1 0 588 1 0 180 1 0 148 1 0 180 1 0 473 1 0 147 1 0 19 1 0 35 1 0 147 1 0 35 1 0 107 1 0 147 1 0 107 1 0 96 1 0 147 1 0 96 1 0 92 1 0 147 1 0 92 1 0 206 1 0 147 1 0 206 1 0 207 1 0 147 1 0 207 1 0 292 1 0 465 1 0 570 1 0 147 1 0 147 1 0 570 1 0 168 1 0 147 1 0 168 1 0 169 1 0 147 1 0 169 1 0 170 1 0 147 1 0 170 1 0 171 1 0 147 1 0 171 1 0 244 1 0 147 1 0 244 1 0 243 1 0 147 1 0 243 1 0 146 1 0 146 1 0 243 1 0 242 1 0 146 1 0 242 1 0 106 1 0 106 1 0 242 1 0 144 1 0 144 1 0 242 1 0 163 1 0 144 1 0 163 1 0 564 1 0 144 1 0 564 1 0 120 1 0 120 1 0 564 1 0 228 1 0 120 1 0 228 1 0 142 1 0 547 75 0 264 74 0 245 73 0 245 73 0 264 74 0 244 1 0 244 1 0 264 74 0 243 1 0 243 1 0 264 74 0 553 76 0 243 1 0 553 76 0 242 1 0 264 74 0 263 77 0 553 76 0 507 78 0 242 1 0 553 76 0 553 76 0 263 77 0 552 79 0 242 1 0 507 78 0 163 1 0 586 82 0 262 81 0 585 80 0 564 1 0 584 83 0 228 1 0 584 83 0 585 80 0 228 1 0 585 80 0 262 81 0 227 2 0 585 80 0 227 2 0 228 1 0 546 85 0 261 84 0 547 75 0 547 75 0 261 84 0 264 74 0 261 84 0 260 86 0 264 74 0 264 74 0 260 86 0 263 77 0 260 86 0 259 87 0 263 77 0 552 79 0 263 77 0 551 88 0 263 77 0 259 87 0 551 88 0 551 88 0 259 87 0 550 89 0 259 87 0 258 90 0 550 89 0 550 89 0 258 90 0 549 91 0 258 90 0 257 92 0 549 91 0 549 91 0 257 92 0 567 93 0 257 92 0 256 94 0 567 93 0 567 93 0 256 94 0 587 95 0 587 95 0 256 94 0 586 82 0 586 82 0 256 94 0 262 81 0 226 4 0 262 81 0 256 94 0 227 2 0 262 81 0 226 4 0 545 97 0 255 96 0 546 85 0 546 85 0 255 96 0 261 84 0 255 96 0 254 98 0 261 84 0 261 84 0 254 98 0 260 86 0 254 98 0 253 99 0 260 86 0 260 86 0 253 99 0 259 87 0 253 99 0 252 100 0 259 87 0 259 87 0 252 100 0 258 90 0 252 100 0 251 101 0 258 90 0 258 90 0 251 101 0 257 92 0 251 101 0 250 102 0 257 92 0 257 92 0 250 102 0 256 94 0 225 6 0 256 94 0 250 102 0 226 4 0 256 94 0 225 6 0 27 11 0 218 103 0 545 97 0 545 97 0 218 103 0 255 96 0 219 104 0 255 96 0 218 103 0 219 104 0 254 98 0 255 96 0 254 98 0 219 104 0 253 99 0 24 105 0 253 99 0 219 104 0 253 99 0 24 105 0 252 100 0 23 106 0 252 100 0 24 105 0 252 100 0 23 106 0 251 101 0 222 107 0 251 101 0 23 106 0 251 101 0 222 107 0 250 102 0 223 10 0 250 102 0 222 107 0 225 6 0 250 102 0 224 9 0 250 102 0 223 10 0 224 9 0 555 11 0 293 11 0 27 11 0 27 11 0 293 11 0 28 11 0 418 108 0 277 35 0 278 35 0 44 109 0 418 108 0 278 35 0 418 108 0 44 109 0 280 110 0 418 108 0 280 110 0 419 111 0 42 112 0 419 111 0 280 110 0 419 111 0 42 112 0 274 113 0 282 114 0 274 113 0 42 112 0 282 114 0 421 115 0 274 113 0 283 116 0 421 115 0 282 114 0 283 116 0 422 117 0 421 115 0 284 118 0 422 117 0 283 116 0 422 117 0 284 118 0 311 119 0 311 119 0 284 118 0 285 120 0 311 119 0 285 120 0 37 121 0 311 119 0 37 121 0 312 119 0 46 35 0 278 35 0 277 35 0 46 35 0 277 35 0 99 35 0 488 122 0 300 119 0 73 119 0 72 123 0 488 122 0 73 119 0 488 122 0 72 123 0 71 124 0 488 122 0 71 124 0 489 125 0 70 126 0 489 125 0 71 124 0 489 125 0 70 126 0 490 127 0 305 128 0 490 127 0 70 126 0 305 128 0 491 129 0 490 127 0 68 130 0 491 129 0 305 128 0 68 130 0 295 131 0 491 129 0 67 132 0 295 131 0 68 130 0 295 131 0 67 132 0 555 11 0 555 11 0 67 132 0 66 133 0 555 11 0 66 133 0 309 134 0 555 11 0 309 134 0 293 11 0 73 119 0 300 119 0 312 119 0 312 119 0 300 119 0 311 119 0 147 1 0 103 48 0 148 1 0 148 1 0 103 48 0 326 48 0 318 59 0 326 48 0 103 48 0 318 59 0 446 135 0 326 48 0 319 66 0 446 135 0 318 59 0 319 66 0 324 66 0 446 135 0 323 136 0 324 66 0 319 66 0 320 72 0 323 136 0 319 66 0 323 136 0 320 72 0 277 35 0 277 35 0 320 72 0 99 35 0 414 137 0 108 41 0 144 1 0 414 137 0 335 138 0 108 41 0 413 139 0 335 138 0 414 137 0 335 138 0 413 139 0 334 140 0 332 141 0 334 140 0 413 139 0 333 0 0 334 140 0 332 141 0 358 144 0 361 143 0 357 142 0 362 145 0 357 142 0 361 143 0 357 142 0 362 145 0 112 146 0 363 147 0 112 146 0 362 145 0 112 146 0 363 147 0 355 148 0 364 149 0 355 148 0 363 147 0 355 148 0 364 149 0 354 150 0 365 151 0 354 150 0 364 149 0 354 150 0 365 151 0 379 152 0 354 150 0 379 152 0 115 51 0 366 154 0 109 153 0 108 41 0 335 138 0 366 154 0 108 41 0 109 153 0 366 154 0 358 144 0 358 144 0 366 154 0 367 155 0 358 144 0 367 155 0 361 143 0 368 156 0 361 143 0 367 155 0 362 145 0 361 143 0 368 156 0 369 157 0 362 145 0 368 156 0 363 147 0 362 145 0 369 157 0 370 158 0 363 147 0 369 157 0 364 149 0 363 147 0 370 158 0 371 159 0 364 149 0 370 158 0 365 151 0 364 149 0 371 159 0 380 160 0 365 151 0 371 159 0 379 152 0 365 151 0 380 160 0 334 140 0 372 161 0 335 138 0 335 138 0 372 161 0 366 154 0 373 162 0 366 154 0 372 161 0 367 155 0 366 154 0 373 162 0 374 163 0 367 155 0 373 162 0 368 156 0 367 155 0 374 163 0 375 164 0 368 156 0 374 163 0 369 157 0 368 156 0 375 164 0 376 165 0 369 157 0 375 164 0 370 158 0 369 157 0 376 165 0 377 166 0 370 158 0 376 165 0 371 159 0 370 158 0 377 166 0 381 167 0 371 159 0 377 166 0 380 160 0 371 159 0 381 167 0 372 161 0 334 140 0 333 0 0 467 168 0 372 161 0 333 0 0 373 162 0 372 161 0 467 168 0 469 169 0 373 162 0 467 168 0 472 170 0 373 162 0 469 169 0 374 163 0 373 162 0 472 170 0 474 171 0 374 163 0 472 170 0 375 164 0 374 163 0 474 171 0 475 172 0 375 164 0 474 171 0 376 165 0 375 164 0 475 172 0 347 173 0 376 165 0 475 172 0 377 166 0 376 165 0 347 173 0 499 119 0 377 166 0 347 173 0 382 174 0 377 166 0 499 119 0 381 167 0 377 166 0 382 174 0 395 175 0 115 51 0 379 152 0 397 176 0 395 175 0 379 152 0 380 177 0 397 176 0 379 152 0 395 175 0 397 176 0 117 178 0 398 179 0 117 178 0 397 176 0 117 178 0 398 179 0 399 180 0 381 182 0 400 181 0 380 177 0 380 177 0 400 181 0 397 176 0 401 183 0 397 176 0 400 181 0 398 179 0 397 176 0 401 183 0 402 184 0 398 179 0 401 183 0 399 180 0 398 179 0 402 184 0 117 178 0 399 180 0 393 185 0 399 180 0 402 184 0 393 185 0 403 186 0 393 185 0 402 184 0 393 185 0 403 186 0 392 187 0 120 1 0 392 187 0 403 186 0 382 189 0 404 188 0 381 182 0 381 182 0 404 188 0 400 181 0 405 190 0 400 181 0 404 188 0 401 183 0 400 181 0 405 190 0 406 191 0 401 183 0 405 190 0 402 184 0 401 183 0 406 191 0 407 192 0 402 184 0 406 191 0 403 186 0 402 184 0 407 192 0 390 193 0 403 186 0 407 192 0 120 1 0 403 186 0 390 193 0 404 188 0 382 189 0 499 119 0 481 194 0 404 188 0 499 119 0 405 190 0 404 188 0 481 194 0 487 195 0 405 190 0 481 194 0 406 191 0 405 190 0 487 195 0 492 196 0 406 191 0 487 195 0 407 192 0 406 191 0 492 196 0 387 197 0 407 192 0 492 196 0 411 198 0 407 192 0 387 197 0 389 199 0 407 192 0 411 198 0 390 193 0 407 192 0 389 199 0 332 141 0 389 199 0 411 200 0 413 139 0 389 199 0 332 141 0 389 199 0 413 139 0 390 201 0 414 137 0 390 201 0 413 139 0 390 201 0 414 137 0 120 1 0 414 137 0 144 1 0 120 1 0 446 135 0 464 202 0 326 48 0 326 48 0 464 202 0 148 1 0 148 1 0 464 202 0 443 1 0 443 1 0 464 202 0 385 203 0 443 1 0 385 203 0 150 1 0 464 202 0 463 204 0 385 203 0 330 205 0 150 1 0 385 203 0 385 203 0 463 204 0 384 206 0 150 1 0 330 205 0 441 1 0 436 209 0 462 208 0 433 207 0 429 1 0 432 210 0 153 1 0 432 210 0 433 207 0 153 1 0 433 207 0 462 208 0 153 1 0 462 208 0 427 211 0 153 1 0 324 66 0 461 212 0 446 135 0 446 135 0 461 212 0 464 202 0 461 212 0 460 213 0 464 202 0 464 202 0 460 213 0 463 204 0 460 213 0 459 214 0 463 204 0 384 206 0 463 204 0 437 215 0 463 204 0 459 214 0 437 215 0 437 215 0 459 214 0 383 216 0 459 214 0 458 217 0 383 216 0 383 216 0 458 217 0 435 218 0 458 217 0 457 219 0 435 218 0 435 218 0 457 219 0 434 220 0 457 219 0 456 221 0 434 220 0 434 220 0 456 221 0 438 222 0 438 222 0 456 221 0 436 209 0 436 209 0 456 221 0 462 208 0 426 223 0 462 208 0 456 221 0 427 211 0 462 208 0 426 223 0 323 136 0 455 224 0 324 66 0 324 66 0 455 224 0 461 212 0 455 224 0 454 225 0 461 212 0 461 212 0 454 225 0 460 213 0 454 225 0 453 226 0 460 213 0 460 213 0 453 226 0 459 214 0 453 226 0 452 227 0 459 214 0 459 214 0 452 227 0 458 217 0 452 227 0 451 228 0 458 217 0 458 217 0 451 228 0 457 219 0 451 228 0 450 229 0 457 219 0 457 219 0 450 229 0 456 221 0 425 230 0 456 221 0 450 229 0 426 223 0 456 221 0 425 230 0 277 35 0 418 231 0 323 136 0 323 136 0 418 231 0 455 224 0 419 232 0 455 224 0 418 231 0 419 232 0 454 225 0 455 224 0 454 225 0 419 232 0 453 226 0 274 233 0 453 226 0 419 232 0 453 226 0 274 233 0 452 227 0 421 234 0 452 227 0 274 233 0 452 227 0 421 234 0 451 228 0 422 235 0 451 228 0 421 234 0 451 228 0 422 235 0 450 229 0 311 119 0 450 229 0 422 235 0 425 230 0 450 229 0 424 236 0 450 229 0 311 119 0 424 236 0 470 239 0 468 238 0 316 237 0 468 238 0 470 239 0 331 240 0 471 241 0 331 240 0 470 239 0 331 240 0 471 241 0 466 242 0 429 1 0 466 242 0 471 241 0 441 1 0 466 242 0 429 1 0 153 1 0 427 211 0 485 1 0 485 1 0 427 211 0 484 211 0 426 223 0 484 211 0 427 211 0 426 223 0 483 243 0 484 211 0 425 230 0 483 243 0 426 223 0 425 230 0 482 230 0 483 243 0 519 244 0 482 230 0 425 230 0 424 236 0 519 244 0 425 230 0 519 244 0 424 236 0 300 119 0 300 119 0 424 236 0 311 119 0 483 243 0 511 246 0 484 245 0 511 246 0 485 1 0 484 245 0 485 1 0 511 246 0 512 247 0 514 1 0 485 1 0 230 248 0 230 248 0 485 1 0 512 247 0 506 251 0 534 250 0 505 249 0 505 249 0 534 250 0 504 252 0 306 253 0 157 1 0 307 1 0 306 253 0 289 254 0 157 1 0 289 254 0 504 252 0 157 1 0 504 252 0 534 250 0 157 1 0 534 250 0 533 255 0 157 1 0 157 1 0 533 255 0 158 1 0 497 256 0 158 1 0 533 255 0 497 256 0 159 1 0 158 1 0 482 230 0 532 257 0 483 243 0 483 243 0 229 258 0 511 246 0 483 243 0 532 257 0 229 258 0 229 258 0 532 257 0 240 259 0 532 257 0 531 260 0 240 259 0 240 259 0 531 260 0 291 261 0 291 261 0 531 260 0 290 262 0 531 260 0 530 263 0 290 262 0 290 262 0 530 263 0 529 264 0 290 262 0 529 264 0 506 251 0 506 251 0 529 264 0 528 265 0 506 251 0 528 265 0 534 250 0 528 265 0 527 266 0 534 250 0 534 250 0 527 266 0 533 255 0 496 267 0 533 255 0 527 266 0 497 256 0 533 255 0 496 267 0 519 244 0 526 268 0 482 230 0 482 230 0 526 268 0 532 257 0 526 268 0 525 269 0 532 257 0 532 257 0 525 269 0 531 260 0 525 269 0 524 270 0 531 260 0 531 260 0 524 270 0 530 263 0 524 270 0 523 271 0 530 263 0 530 263 0 523 271 0 529 264 0 523 271 0 522 272 0 529 264 0 529 264 0 522 272 0 528 265 0 522 272 0 521 273 0 528 265 0 528 265 0 521 273 0 527 266 0 495 274 0 527 266 0 521 273 0 496 267 0 527 266 0 495 274 0 300 119 0 488 275 0 519 244 0 519 244 0 488 275 0 526 268 0 489 276 0 526 268 0 488 275 0 489 276 0 525 269 0 526 268 0 525 269 0 489 276 0 524 270 0 490 277 0 524 270 0 489 276 0 524 270 0 490 277 0 523 271 0 491 278 0 523 271 0 490 277 0 523 271 0 491 278 0 522 272 0 295 279 0 522 272 0 491 278 0 522 272 0 295 279 0 521 273 0 555 11 0 521 273 0 295 279 0 495 274 0 521 273 0 494 280 0 521 273 0 555 11 0 494 280 0 308 283 0 233 282 0 196 281 0 233 282 0 308 283 0 232 284 0 308 283 0 313 285 0 232 284 0 232 284 0 313 285 0 231 286 0 307 1 0 231 286 0 313 285 0 514 1 0 231 286 0 307 1 0 159 1 0 497 256 0 244 1 0 244 1 0 497 256 0 245 73 0 496 267 0 245 73 0 497 256 0 496 267 0 547 75 0 245 73 0 547 75 0 496 267 0 546 85 0 495 274 0 546 85 0 496 267 0 545 97 0 546 85 0 495 274 0 494 280 0 545 97 0 495 274 0 545 97 0 494 280 0 27 11 0 27 11 0 494 280 0 555 11 0 562 289 0 502 288 0 561 287 0 502 288 0 562 289 0 501 290 0 563 291 0 501 290 0 562 289 0 501 290 0 563 291 0 558 292 0 564 1 0 558 292 0 563 291 0 163 1 0 558 292 0 564 1 0 465 11 0 572 11 0 573 293 0 465 11 0 573 293 0 570 294 0 161 295 0 570 294 0 573 293 0 161 295 0 168 296 0 570 294 0 162 297 0 168 296 0 161 295 0 168 296 0 162 297 0 169 298 0 164 299 0 169 298 0 162 297 0 170 299 0 169 298 0 164 299 0 141 300 0 170 299 0 164 299 0 141 300 0 171 301 0 170 299 0 171 301 0 141 300 0 143 302 0 171 301 0 143 302 0 172 303 0 145 304 0 172 303 0 143 302 0 172 303 0 145 304 0 173 305 0 145 304 0 149 306 0 173 305 0 151 35 0 173 305 0 149 306 0 174 35 0 173 305 0 151 35 0 151 35 0 152 35 0 174 35 0 174 35 0 152 35 0 175 35 0 576 309 0 154 308 0 583 307 0 154 308 0 155 310 0 583 307 0 583 307 0 155 310 0 588 311 0 155 310 0 156 312 0 588 311 0 588 311 0 156 312 0 160 313 0 152 35 0 176 314 0 175 35 0 543 315 0 176 314 0 152 35 0 176 314 0 543 315 0 576 309 0 154 308 0 576 309 0 543 315 0 588 311 0 160 313 0 180 316 0 180 316 0 160 313 0 480 317 0 180 316 0 480 317 0 593 11 0 480 317 0 449 11 0 593 11 0 449 11 0 572 11 0 593 11 0 593 11 0 572 11 0 465 11 0 378 318 0 431 318 0 360 318 0 378 318 0 360 318 0 396 318 0 7 1 0 11 1 0 10 1 0 431 318 0 185 319 0 360 318 0 337 320 0 185 319 0 431 318 0 185 319 0 337 320 0 186 321 0 337 320 0 328 322 0 186 321 0 315 323 0 186 321 0 328 322 0 315 323 0 187 324 0 186 321 0 187 324 0 315 323 0 188 11 0 315 323 0 110 325 0 188 11 0 110 325 0 111 11 0 188 11 0 111 11 0 113 11 0 188 11 0 188 11 0 113 11 0 189 11 0 166 326 0 189 11 0 113 11 0 166 326 0 190 327 0 189 11 0 190 327 0 166 326 0 165 328 0 190 327 0 165 328 0 88 329 0 88 329 0 165 328 0 126 330 0 88 329 0 126 330 0 192 331 0 125 332 0 192 331 0 126 330 0 38 333 0 192 331 0 125 332 0 53 333 0 192 331 0 38 333 0 76 333 0 53 333 0 38 333 0 74 333 0 53 333 0 76 333 0 7 1 0 93 1 0 11 1 0 114 335 0 74 334 0 76 333 0 114 335 0 1 336 0 74 334 0 116 337 0 1 336 0 114 335 0 1 336 0 116 337 0 5 35 0 116 337 0 118 35 0 5 35 0 5 35 0 119 35 0 197 35 0 118 35 0 119 35 0 5 35 0 94 1 0 93 1 0 7 1 0 121 338 0 197 35 0 119 35 0 121 338 0 198 339 0 197 35 0 124 340 0 198 339 0 121 338 0 198 339 0 124 340 0 396 318 0 124 340 0 378 318 0 396 318 0 556 342 0 548 342 0 29 341 0 556 342 0 29 341 0 19 343 0 105 344 0 19 343 0 29 341 0 19 343 0 105 344 0 35 11 0 105 344 0 14 11 0 35 11 0 35 11 0 182 11 0 107 11 0 14 11 0 182 11 0 35 11 0 194 345 0 107 11 0 182 11 0 194 345 0 96 346 0 107 11 0 199 347 0 96 346 0 194 345 0 96 346 0 199 347 0 92 348 0 249 349 0 92 348 0 199 347 0 206 349 0 92 348 0 249 349 0 207 349 0 249 349 0 216 349 0 206 349 0 249 349 0 207 349 0 310 350 0 207 349 0 216 349 0 310 350 0 292 351 0 207 349 0 292 351 0 310 350 0 314 352 0 292 351 0 314 352 0 209 353 0 100 354 0 209 353 0 314 352 0 209 353 0 100 354 0 288 355 0 101 356 0 288 355 0 100 354 0 269 35 0 288 355 0 101 356 0 287 35 0 288 355 0 269 35 0 269 35 0 102 35 0 287 35 0 287 35 0 102 35 0 416 35 0 486 357 0 416 35 0 102 35 0 416 35 0 486 357 0 213 358 0 486 357 0 500 359 0 213 358 0 213 358 0 500 359 0 473 360 0 500 359 0 520 361 0 473 360 0 473 360 0 520 361 0 104 362 0 473 360 0 104 362 0 215 342 0 104 362 0 565 342 0 215 342 0 565 342 0 548 342 0 215 342 0 215 342 0 548 342 0 556 342 0 585 365 0 582 364 0 586 363 0 581 366 0 586 363 0 582 364 0 586 363 0 581 366 0 587 367 0 580 368 0 587 367 0 581 366 0 587 367 0 580 368 0 567 93 0 580 368 0 589 369 0 567 93 0 579 371 0 584 370 0 564 1 0 563 372 0 579 371 0 564 1 0 584 370 0 579 371 0 585 365 0 585 365 0 579 371 0 578 373 0 585 365 0 578 373 0 582 364 0 577 374 0 582 364 0 578 373 0 581 366 0 582 364 0 577 374 0 575 375 0 581 366 0 577 374 0 580 368 0 581 366 0 575 375 0 590 376 0 580 368 0 575 375 0 589 369 0 580 368 0 590 376 0 562 378 0 574 377 0 563 372 0 563 372 0 574 377 0 579 371 0 571 379 0 579 371 0 574 377 0 578 373 0 579 371 0 571 379 0 569 380 0 578 373 0 571 379 0 577 374 0 578 373 0 569 380 0 568 381 0 577 374 0 569 380 0 575 375 0 577 374 0 568 381 0 591 382 0 575 375 0 568 381 0 590 376 0 575 375 0 591 382 0 574 377 0 562 378 0 561 383 0 167 384 0 574 377 0 561 383 0 571 379 0 574 377 0 167 384 0 177 385 0 571 379 0 167 384 0 569 380 0 571 379 0 177 385 0 594 386 0 569 380 0 177 385 0 568 381 0 569 380 0 594 386 0 178 387 0 568 381 0 594 386 0 179 119 0 568 381 0 178 387 0 592 388 0 568 381 0 179 119 0 591 382 0 568 381 0 592 388 0 544 390 0 567 93 0 589 389 0 590 391 0 544 390 0 589 389 0 567 93 0 544 390 0 549 392 0 542 393 0 549 392 0 544 390 0 549 392 0 542 393 0 550 394 0 541 395 0 550 394 0 542 393 0 550 394 0 541 395 0 551 396 0 540 397 0 551 396 0 541 395 0 551 396 0 540 397 0 552 398 0 539 399 0 552 398 0 540 397 0 591 401 0 538 400 0 590 391 0 590 391 0 538 400 0 544 390 0 537 402 0 544 390 0 538 400 0 542 393 0 544 390 0 537 402 0 536 403 0 542 393 0 537 402 0 541 395 0 542 393 0 536 403 0 535 404 0 541 395 0 536 403 0 540 397 0 541 395 0 535 404 0 518 405 0 540 397 0 535 404 0 539 399 0 540 397 0 518 405 0 552 398 0 539 399 0 553 406 0 539 399 0 518 405 0 553 406 0 517 407 0 553 406 0 518 405 0 553 406 0 517 407 0 507 78 0 592 388 0 516 408 0 591 401 0 591 401 0 516 408 0 538 400 0 515 409 0 538 400 0 516 408 0 537 402 0 538 400 0 515 409 0 513 410 0 537 402 0 515 409 0 536 403 0 537 402 0 513 410 0 510 411 0 536 403 0 513 410 0 535 404 0 536 403 0 510 411 0 509 412 0 535 404 0 510 411 0 518 405 0 535 404 0 509 412 0 508 413 0 518 405 0 509 412 0 517 407 0 518 405 0 508 413 0 503 414 0 517 407 0 508 413 0 507 78 0 517 407 0 503 414 0 516 408 0 592 388 0 179 119 0 89 415 0 516 408 0 179 119 0 515 409 0 516 408 0 89 415 0 90 416 0 515 409 0 89 415 0 566 417 0 515 409 0 90 416 0 513 410 0 515 409 0 566 417 0 560 418 0 513 410 0 566 417 0 510 411 0 513 410 0 560 418 0 91 419 0 510 411 0 560 418 0 509 412 0 510 411 0 91 419 0 559 420 0 509 412 0 91 419 0 508 413 0 509 412 0 559 420 0 557 0 0 508 413 0 559 420 0 554 421 0 508 413 0 557 0 0 503 414 0 508 413 0 554 421 0 507 78 0 558 292 0 163 1 0 503 414 0 558 292 0 507 78 0 558 292 0 503 414 0 501 290 0 554 421 0 501 290 0 503 414 0 554 421 0 502 288 0 501 290 0 554 421 0 557 0 0 502 288 0 80 119 0 498 422 0 499 119 0 499 119 0 498 422 0 481 194 0 82 423 0 481 194 0 498 422 0 481 194 0 82 423 0 487 424 0 83 425 0 487 424 0 82 423 0 487 424 0 83 425 0 492 426 0 492 426 0 83 425 0 84 427 0 492 426 0 84 427 0 387 197 0 86 428 0 387 197 0 84 427 0 387 197 0 86 428 0 411 200 0 493 429 0 411 200 0 86 428 0 411 200 0 493 429 0 332 141 0 332 141 0 493 429 0 87 0 0 332 141 0 87 0 0 333 0 0 87 0 0 77 430 0 333 0 0 333 0 0 77 430 0 467 168 0 469 169 0 467 168 0 77 430 0 479 431 0 469 169 0 77 430 0 469 169 0 479 431 0 78 432 0 469 169 0 78 432 0 472 170 0 472 170 0 78 432 0 474 433 0 478 434 0 474 433 0 78 432 0 474 433 0 478 434 0 475 435 0 347 436 0 475 435 0 478 434 0 477 437 0 347 436 0 478 434 0 347 436 0 477 437 0 476 438 0 347 436 0 476 438 0 499 119 0 499 119 0 476 438 0 80 119 0 433 441 0 430 440 0 436 439 0 428 442 0 436 439 0 430 440 0 436 439 0 428 442 0 438 443 0 423 444 0 438 443 0 428 442 0 438 443 0 423 444 0 434 220 0 423 444 0 439 445 0 434 220 0 420 447 0 432 446 0 429 1 0 471 241 0 420 447 0 429 1 0 432 446 0 420 447 0 433 441 0 433 441 0 420 447 0 417 448 0 433 441 0 417 448 0 430 440 0 415 449 0 430 440 0 417 448 0 428 442 0 430 440 0 415 449 0 412 450 0 428 442 0 415 449 0 423 444 0 428 442 0 412 450 0 440 451 0 423 444 0 412 450 0 439 445 0 423 444 0 440 451 0 470 239 0 410 452 0 471 241 0 471 241 0 410 452 0 420 447 0 409 453 0 420 447 0 410 452 0 417 448 0 420 447 0 409 453 0 408 454 0 417 448 0 409 453 0 415 449 0 417 448 0 408 454 0 394 455 0 415 449 0 408 454 0 412 450 0 415 449 0 394 455 0 442 456 0 412 450 0 394 455 0 440 451 0 412 450 0 442 456 0 410 452 0 470 239 0 316 237 0 317 457 0 410 452 0 316 237 0 409 453 0 410 452 0 317 457 0 448 458 0 409 453 0 317 457 0 408 454 0 409 453 0 448 458 0 321 459 0 408 454 0 448 458 0 394 455 0 408 454 0 321 459 0 447 460 0 394 455 0 321 459 0 445 0 0 394 455 0 447 460 0 444 461 0 394 455 0 445 0 0 442 456 0 394 455 0 444 461 0 359 463 0 434 220 0 439 462 0 440 464 0 359 463 0 439 462 0 434 220 0 359 463 0 435 465 0 356 466 0 435 465 0 359 463 0 435 465 0 356 466 0 383 467 0 353 468 0 383 467 0 356 466 0 383 467 0 353 468 0 437 469 0 352 470 0 437 469 0 353 468 0 437 469 0 352 470 0 384 471 0 442 473 0 351 472 0 440 464 0 440 464 0 351 472 0 359 463 0 350 474 0 359 463 0 351 472 0 356 466 0 359 463 0 350 474 0 349 475 0 356 466 0 350 474 0 353 468 0 356 466 0 349 475 0 348 476 0 353 468 0 349 475 0 352 470 0 353 468 0 348 476 0 384 471 0 352 470 0 346 477 0 352 470 0 348 476 0 346 477 0 384 471 0 346 477 0 385 478 0 345 479 0 385 478 0 346 477 0 385 478 0 345 479 0 330 205 0 444 461 0 344 480 0 442 473 0 442 473 0 344 480 0 351 472 0 343 481 0 351 472 0 344 480 0 350 474 0 351 472 0 343 481 0 342 482 0 350 474 0 343 481 0 349 475 0 350 474 0 342 482 0 341 483 0 349 475 0 342 482 0 348 476 0 349 475 0 341 483 0 340 484 0 348 476 0 341 483 0 346 477 0 348 476 0 340 484 0 339 485 0 346 477 0 340 484 0 345 479 0 346 477 0 339 485 0 386 486 0 345 479 0 339 485 0 330 205 0 345 479 0 386 486 0 344 480 0 444 461 0 445 0 0 391 487 0 344 480 0 445 0 0 343 481 0 344 480 0 391 487 0 55 488 0 343 481 0 391 487 0 388 489 0 343 481 0 55 488 0 342 482 0 343 481 0 388 489 0 58 490 0 342 482 0 388 489 0 341 483 0 342 482 0 58 490 0 60 491 0 341 483 0 58 490 0 340 484 0 341 483 0 60 491 0 61 492 0 340 484 0 60 491 0 339 485 0 340 484 0 61 492 0 336 119 0 339 485 0 61 492 0 338 493 0 339 485 0 336 119 0 386 486 0 339 485 0 338 493 0 466 494 0 441 1 0 330 205 0 94 1 0 12 1 0 93 1 0 386 486 0 466 494 0 330 205 0 466 494 0 386 486 0 331 240 0 338 493 0 331 240 0 386 486 0 336 119 0 331 240 0 338 493 0 468 238 0 331 240 0 336 119 0 329 119 0 40 422 0 336 119 0 336 119 0 40 422 0 468 238 0 468 238 0 40 422 0 316 237 0 41 423 0 316 237 0 40 422 0 317 495 0 316 237 0 41 423 0 43 425 0 317 495 0 41 423 0 317 495 0 43 425 0 448 496 0 448 496 0 43 425 0 327 427 0 448 496 0 327 427 0 321 459 0 45 428 0 321 459 0 327 427 0 447 497 0 321 459 0 45 428 0 325 429 0 447 497 0 45 428 0 447 497 0 325 429 0 322 0 0 447 497 0 322 0 0 445 0 0 181 1 0 12 1 0 94 1 0 307 1 0 304 498 0 306 253 0 313 285 0 304 498 0 307 1 0 304 498 0 313 285 0 303 499 0 313 285 0 308 283 0 303 499 0 308 283 0 302 119 0 303 499 0 308 283 0 196 281 0 302 119 0 504 502 0 286 501 0 505 500 0 281 503 0 505 500 0 286 501 0 505 500 0 281 503 0 506 504 0 279 505 0 506 504 0 281 503 0 506 504 0 279 505 0 290 506 0 276 507 0 290 506 0 279 505 0 290 506 0 276 507 0 291 508 0 275 509 0 291 508 0 276 507 0 291 508 0 275 509 0 239 510 0 291 508 0 239 510 0 240 259 0 273 512 0 289 511 0 306 253 0 304 498 0 273 512 0 306 253 0 289 511 0 273 512 0 504 502 0 504 502 0 273 512 0 272 513 0 504 502 0 272 513 0 286 501 0 271 514 0 286 501 0 272 513 0 281 503 0 286 501 0 271 514 0 270 515 0 281 503 0 271 514 0 279 505 0 281 503 0 270 515 0 268 516 0 279 505 0 270 515 0 276 507 0 279 505 0 268 516 0 267 517 0 276 507 0 268 516 0 275 509 0 276 507 0 267 517 0 238 518 0 275 509 0 267 517 0 239 510 0 275 509 0 238 518 0 303 499 0 266 519 0 304 498 0 304 498 0 266 519 0 273 512 0 265 520 0 273 512 0 266 519 0 272 513 0 273 512 0 265 520 0 248 521 0 272 513 0 265 520 0 271 514 0 272 513 0 248 521 0 247 522 0 271 514 0 248 521 0 270 515 0 271 514 0 247 522 0 246 523 0 270 515 0 247 522 0 268 516 0 270 515 0 246 523 0 241 524 0 268 516 0 246 523 0 267 517 0 268 516 0 241 524 0 237 525 0 267 517 0 241 524 0 238 518 0 267 517 0 237 525 0 266 519 0 303 499 0 302 119 0 301 526 0 266 519 0 302 119 0 265 520 0 266 519 0 301 526 0 299 527 0 265 520 0 301 526 0 298 528 0 265 520 0 299 527 0 248 521 0 265 520 0 298 528 0 32 529 0 248 521 0 298 528 0 247 522 0 248 521 0 32 529 0 34 530 0 247 522 0 32 529 0 246 523 0 247 522 0 34 530 0 297 531 0 246 523 0 34 530 0 241 524 0 246 523 0 297 531 0 296 0 0 241 524 0 297 531 0 294 532 0 241 524 0 296 0 0 237 525 0 241 524 0 294 532 0 229 533 0 240 259 0 239 510 0 181 1 0 13 1 0 12 1 0 221 534 0 229 533 0 239 510 0 238 535 0 221 534 0 239 510 0 229 533 0 221 534 0 220 536 0 229 533 0 220 536 0 511 537 0 237 539 0 217 538 0 238 535 0 238 535 0 217 538 0 221 534 0 214 540 0 221 534 0 217 538 0 220 536 0 221 534 0 214 540 0 511 537 0 220 536 0 212 541 0 220 536 0 214 540 0 212 541 0 511 537 0 212 541 0 512 542 0 211 543 0 512 542 0 212 541 0 512 542 0 211 543 0 230 544 0 231 286 0 230 544 0 211 543 0 514 1 0 230 544 0 231 286 0 294 532 0 210 545 0 237 539 0 237 539 0 210 545 0 217 538 0 208 546 0 217 538 0 210 545 0 214 540 0 217 538 0 208 546 0 205 547 0 214 540 0 208 546 0 212 541 0 214 540 0 205 547 0 204 548 0 212 541 0 205 547 0 211 543 0 212 541 0 204 548 0 232 549 0 211 543 0 204 548 0 231 286 0 211 543 0 232 549 0 210 545 0 294 532 0 296 0 0 236 550 0 210 545 0 296 0 0 195 551 0 210 545 0 236 550 0 208 546 0 210 545 0 195 551 0 235 552 0 208 546 0 195 551 0 205 547 0 208 546 0 235 552 0 234 553 0 205 547 0 235 552 0 204 548 0 205 547 0 234 553 0 233 282 0 204 548 0 234 553 0 232 549 0 204 548 0 233 282 0 203 0 0 15 430 0 296 0 0 296 0 0 15 430 0 236 550 0 16 431 0 236 550 0 15 430 0 236 550 0 16 431 0 195 551 0 17 432 0 195 551 0 16 431 0 195 551 0 17 432 0 235 552 0 235 552 0 17 432 0 234 553 0 234 553 0 17 432 0 202 434 0 201 554 0 234 553 0 202 434 0 201 554 0 233 282 0 234 553 0 18 555 0 233 282 0 201 554 0 233 282 0 18 555 0 196 281 0 196 281 0 18 555 0 200 119 0 196 281 0 200 119 0 302 119 0 13 0 0 193 430 0 557 0 0 557 0 0 193 430 0 502 288 0 502 288 0 193 430 0 561 287 0 191 431 0 561 287 0 193 430 0 167 556 0 561 287 0 191 431 0 2 432 0 167 556 0 191 431 0 167 556 0 2 432 0 177 557 0 177 557 0 2 432 0 184 434 0 177 557 0 184 434 0 594 386 0 6 554 0 594 386 0 184 434 0 178 558 0 594 386 0 6 554 0 183 555 0 178 558 0 6 554 0 178 558 0 183 555 0 181 119 0 178 558 0 181 119 0 179 119 0 449 1 0 480 1 0 572 1 0 572 1 0 480 1 0 573 1 0 573 1 0 480 1 0 160 1 0 573 1 0 160 1 0 161 1 0 161 1 0 160 1 0 162 1 0 162 1 0 160 1 0 156 1 0 162 1 0 156 1 0 155 1 0 162 1 0 155 1 0 164 1 0 164 1 0 155 1 0 154 1 0 164 1 0 154 1 0 543 1 0 164 1 0 543 1 0 141 1 0 141 1 0 543 1 0 143 1 0 143 1 0 543 1 0 152 1 0 143 1 0 152 1 0 145 1 0 145 1 0 152 1 0 149 1 0 149 1 0 152 1 0 151 1 0 111 1 0 110 1 0 113 1 0 113 1 0 110 1 0 166 1 0 166 1 0 110 1 0 315 1 0 166 1 0 315 1 0 165 1 0 165 1 0 315 1 0 328 1 0 165 1 0 328 1 0 126 1 0 126 1 0 328 1 0 337 1 0 126 1 0 337 1 0 125 1 0 125 1 0 337 1 0 431 1 0 125 1 0 431 1 0 38 1 0 38 1 0 431 1 0 378 1 0 38 1 0 378 1 0 76 1 0 76 1 0 378 1 0 124 1 0 76 1 0 124 1 0 114 1 0 114 1 0 124 1 0 116 1 0 116 1 0 124 1 0 121 1 0 116 1 0 121 1 0 119 1 0 116 1 0 119 1 0 118 1 0 14 1 0 105 1 0 182 1 0 182 1 0 105 1 0 194 1 0 194 1 0 105 1 0 199 1 0 199 1 0 105 1 0 29 1 0 199 1 0 29 1 0 249 1 0 249 1 0 29 1 0 548 1 0 249 1 0 548 1 0 565 1 0 249 1 0 565 1 0 216 1 0 216 1 0 565 1 0 104 1 0 216 1 0 104 1 0 310 1 0 310 1 0 104 1 0 520 1 0 310 1 0 520 1 0 314 1 0 314 1 0 520 1 0 500 1 0 314 1 0 500 1 0 100 1 0 100 1 0 500 1 0 486 1 0 100 1 0 486 1 0 101 1 0 101 1 0 486 1 0 102 1 0 101 1 0 102 1 0 269 1 0 181 119 0 94 422 0 179 119 0 179 119 0 94 422 0 89 559 0 7 423 0 89 559 0 94 422 0 7 423 0 90 560 0 89 559 0 90 560 0 7 423 0 10 425 0 90 560 0 10 425 0 566 561 0 11 427 0 566 561 0 10 425 0 566 561 0 11 427 0 560 418 0 93 562 0 560 418 0 11 427 0 93 562 0 91 419 0 560 418 0 91 419 0 93 562 0 559 420 0 559 420 0 93 562 0 12 563 0 559 420 0 12 563 0 557 0 0 557 0 0 12 563 0 13 0 0 78 1 0 479 1 0 478 1 0 478 1 0 479 1 0 477 1 0 477 1 0 479 1 0 77 1 0 477 1 0 77 1 0 476 1 0 476 1 0 77 1 0 87 1 0 476 1 0 87 1 0 80 1 0 80 1 0 87 1 0 493 1 0 80 1 0 493 1 0 498 1 0 498 1 0 493 1 0 82 1 0 82 1 0 493 1 0 86 1 0 82 1 0 86 1 0 84 1 0 82 1 0 84 1 0 83 1 0 322 0 0 75 430 0 445 0 0 445 0 0 75 430 0 391 564 0 69 431 0 391 564 0 75 430 0 391 564 0 69 431 0 55 565 0 65 432 0 55 565 0 69 431 0 55 565 0 65 432 0 388 489 0 388 489 0 65 432 0 64 434 0 63 554 0 388 489 0 64 434 0 388 489 0 63 554 0 58 566 0 58 566 0 63 554 0 60 567 0 60 567 0 63 554 0 61 568 0 39 555 0 61 568 0 63 554 0 61 568 0 39 555 0 336 119 0 336 119 0 39 555 0 329 119 0 65 1 0 69 1 0 64 1 0 64 1 0 69 1 0 63 1 0 63 1 0 69 1 0 75 1 0 63 1 0 75 1 0 39 1 0 39 1 0 75 1 0 329 1 0 329 1 0 75 1 0 322 1 0 329 1 0 322 1 0 325 1 0 329 1 0 325 1 0 40 1 0 40 1 0 325 1 0 41 1 0 41 1 0 325 1 0 45 1 0 41 1 0 45 1 0 327 1 0 41 1 0 327 1 0 43 1 0 200 119 0 20 422 0 302 119 0 302 119 0 20 422 0 301 526 0 299 527 0 301 526 0 20 422 0 21 423 0 299 527 0 20 422 0 298 528 0 299 527 0 21 423 0 22 425 0 298 528 0 21 423 0 298 528 0 22 425 0 32 529 0 32 529 0 22 425 0 36 427 0 32 529 0 36 427 0 34 569 0 25 428 0 34 569 0 36 427 0 34 569 0 25 428 0 297 570 0 26 429 0 297 570 0 25 428 0 297 570 0 26 429 0 296 0 0 296 0 0 26 429 0 203 0 0 17 1 0 16 1 0 202 1 0 202 1 0 16 1 0 201 1 0 201 1 0 16 1 0 15 1 0 201 1 0 15 1 0 18 1 0 18 1 0 15 1 0 200 1 0 200 1 0 15 1 0 203 1 0 200 1 0 203 1 0 26 1 0 200 1 0 26 1 0 20 1 0 20 1 0 26 1 0 21 1 0 21 1 0 26 1 0 25 1 0 21 1 0 25 1 0 36 1 0 21 1 0 36 1 0 22 1 0 2 1 0 191 1 0 184 1 0 184 1 0 191 1 0 6 1 0 6 1 0 191 1 0 193 1 0 6 1 0 193 1 0 183 1 0 183 1 0 193 1 0 181 1 0 181 1 0 193 1 0 13 1 0</p>
				</polylist>
			</mesh>
		</geometry>
	</library_geometries>
	<library_visual_scenes>
		<visual_scene id="ID1">
			<node id="ID2" name="头-摆正.STEP">
				<translate sid="translate">0 0 -0</translate>
				<rotate sid="rotateY">0 1 0 -0</rotate>
				<rotate sid="rotateX">1 0 0 0</rotate>
				<rotate sid="rotateZ">0 0 1 -0</rotate>
				<scale sid="scale">1 1 1</scale>
				<node id="ID3" name="Í·-_ÚÕý.stp_1_">
					<translate sid="translate">0 0 -0</translate>
					<rotate sid="rotateY">0 1 0 -0</rotate>
					<rotate sid="rotateX">1 0 0 0</rotate>
					<rotate sid="rotateZ">0 0 1 -0</rotate>
					<scale sid="scale">1 1 1</scale>
					<instance_geometry url="#ID4"/>
				</node>
				<node id="ID12" name="Í·-_ÚÕý.stp_2_">
					<translate sid="translate">0 0 -0</translate>
					<rotate sid="rotateY">0 1 0 -0</rotate>
					<rotate sid="rotateX">1 0 0 0</rotate>
					<rotate sid="rotateZ">0 0 1 -0</rotate>
					<scale sid="scale">1 1 1</scale>
					<instance_geometry url="#ID13"/>
				</node>
				<node id="ID21" name="Í·-_ÚÕý.stp_3_">
					<translate sid="translate">0 0 -0</translate>
					<rotate sid="rotateY">0 1 0 -0</rotate>
					<rotate sid="rotateX">1 0 0 0</rotate>
					<rotate sid="rotateZ">0 0 1 -0</rotate>
					<scale sid="scale">1 1 1</scale>
					<instance_geometry url="#ID22"/>
				</node>
				<node id="ID30" name="Í·-_ÚÕý.stp_4_">
					<translate sid="translate">0 0 -0</translate>
					<rotate sid="rotateY">0 1 0 -0</rotate>
					<rotate sid="rotateX">1 0 0 0</rotate>
					<rotate sid="rotateZ">0 0 1 -0</rotate>
					<scale sid="scale">1 1 1</scale>
					<instance_geometry url="#ID31"/>
				</node>
			</node>
		</visual_scene>
	</library_visual_scenes>
	<scene>
		<instance_visual_scene url="#ID1"/>
	</scene>
</COLLADA>
