<?xml version="1.0" encoding="UTF-8"?>
<COLLADA xmlns="http://www.collada.org/2008/03/COLLADASchema" version="1.5.0">
	<asset>
		<contributor>
			<authoring_tool>Cinema 4D 2023.103 COLLADA Exporter</authoring_tool>
		</contributor>
		<created>2025-07-30T06:09:04Z</created>
		<modified>2025-07-30T06:09:04Z</modified>
		<unit meter="0.01" name="centimeter"/>
		<up_axis>Y_UP</up_axis>
	</asset>
	<library_geometries>
		<geometry id="ID4">
			<mesh>
				<source id="ID5">
					<float_array id="ID6" count="4158" digits="2490374">-0.95411 11.9973 3.24101e-13 3.38952 8.46712 0.41 3.33467 8.07058 0.41 2.96649 7.07257 0.41 1.501e-05 4.67106 -4.76611 2.75066 6.73541 0.41 2.30792 6.23719 0.41 1.99847 5.98323 0.41 1.42344 5.6462 0.41 1.05066 5.50029 0.41 0.399627 5.35745 0.41 1.11164e-14 5.33388 0.41 -0.266761 5.34437 0.41 -0.395158 1.32309 -3.48168 -0.663307 5.39921 0.41 -1.06044 1.32313 -3.33942 -1.05066 5.50029 0.41 -1.83687 1.3231 -2.98447 -2.29804 1.32301 -2.64787 -2.69903 1.32283 -2.24246 -2.87285 1.32277 -2.01697 -3.09681 1.32277 -1.65375 -3.27385 1.32288 -1.26441 -1.66131 5.7674 0.41 -3.48549 1.32336 -0.338021 -1.99847 5.98323 0.41 -3.49998 2.54804 -3.12075e-05 -3.5 3.7727 -3.61691e-05 -3.5 4.38503 -2.67051e-05 -3.50001 4.99735 -3.18392e-05 -3.5 6.22203 -4.12765e-06 -2.75066 6.73541 0.41 -3.49963 6.65293 -0.0747178 -3.4994 6.88401 -0.101017 -3.49965 7.99398 -0.100512 -3.50019 8.61541 -0.100094 -2.89898 6.95739 0.41 -3.49959 8.62351 -0.539436 -3.08769 7.31044 0.41 -3.23359 7.68323 0.41 -3.30606 7.94017 0.41 -3.38952 9.00065 0.41 -3.33467 9.39719 0.41 -3.5 8.71542 -4.06592 -3.23359 9.78454 0.41 -3.14119 10.035 0.41 -2.96649 10.3952 0.41 -2.58538 10.942 0.41 -2.30792 11.2306 0.41 -1.99847 11.4845 0.41 -2.50865 6.19683 -6.5 -2.23456 5.93307 -6.5 -1.93067 5.69239 -6.5 -1.31954 5.32452 -6.5 -0.678247 5.06735 -6.5 -0.49924 5.01954 -6.5 -0.326531 4.98539 -6.50001 -1.92372 11.5374 3.19042e-13 -0.0169235 1.6314 -3.51076 -0.351542 1.66262 -3.49452 -0.0235489 2.4627 -3.55987 -0.279138 4.97709 -6.33447 -0.662832 1.71461 -3.45039 -0.358738 2.49341 -3.54431 -0.0937153 3.23744 -3.68496 -0.16073 4.84723 -5.26836 -0.582267 5.03635 -6.28059 -1.06519 1.81587 -3.35028 -0.789221 2.56963 -3.47783 -0.550759 3.29 -3.65022 -0.389955 3.98568 -3.95548 -0.397709 4.53127 -4.46225 -0.609748 4.90694 -5.22403 -0.96565 5.1545 -6.15779 -1.43647 1.94478 -3.21304 -1.18483 2.67688 -3.36967 -0.968711 3.37736 -3.56877 -0.824601 4.05817 -3.89399 -0.831063 4.60492 -4.39922 -1.01277 5.0076 -5.12473 -1.32089 5.29771 -6.00137 -2.0796 1.47998 -2.82531 -1.86743 2.14011 -2.99597 -1.64449 2.84665 -3.1869 -1.45344 3.52481 -3.41598 -1.32654 4.19029 -3.76177 -1.32909 4.74052 -4.26232 -1.47854 5.17192 -4.94927 -1.73886 5.5046 -5.76877 -2.44645 1.73238 -2.5316 -2.26242 2.36745 -2.7359 -2.06706 3.04943 -2.95982 -1.89879 3.7073 -3.21613 -1.78597 4.36025 -3.57874 -1.78357 4.91489 -4.07338 -1.90546 5.37083 -4.72739 -2.12365 5.74102 -5.49652 -2.35078 6.0221 -6.20326 -2.9687 1.46685 -1.88344 -2.82605 2.0651 -2.13722 -2.6741 2.67161 -2.37987 -2.50906 3.32659 -2.64003 -2.36445 3.9634 -2.92462 -2.26453 4.60486 -3.30266 -2.25562 5.16529 -3.78952 -2.34979 5.64591 -4.41038 -2.5257 6.05375 -5.12897 -2.70989 6.37306 -5.78439 -2.89981 6.68729 -6.44666 -3.25105 1.88617 -1.37279 -3.14377 2.45291 -1.66886 -3.02375 3.03099 -1.94968 -2.88863 3.65934 -2.2456 -2.766 4.27657 -2.55648 -2.6766 4.90866 -2.94709 -2.66101 5.47504 -3.42596 -2.73128 5.97695 -4.01826 -2.87047 6.41748 -4.69294 -3.01654 6.77075 -5.30278 -3.16341 7.1233 -5.9136 -3.26513 7.39725 -6.36345 -3.45688 1.68373 -0.592227 -3.39385 2.22522 -0.953946 -3.31394 2.7676 -1.28273 -3.21848 3.32381 -1.59292 -3.10608 3.93192 -1.91601 -2.99957 4.5348 -2.24614 -2.91743 5.16043 -2.64544 -2.89766 5.73053 -3.11931 -2.95334 6.24543 -3.69416 -3.06968 6.7063 -4.34154 -3.19097 7.08163 -4.92175 -3.30859 7.46025 -5.49759 -3.38527 7.75649 -5.91752 -3.44637 8.06661 -6.3188 -3.49963 2.11187 -0.0537748 -3.47812 2.6164 -0.465123 -3.43145 3.12918 -0.833654 -3.36489 3.65965 -1.17839 -3.27844 4.24465 -1.5325 -3.19042 4.83107 -1.88474 -3.11683 5.44909 -2.29425 -3.09395 6.02196 -2.76441 -3.13658 6.54848 -3.32366 -3.23131 7.0286 -3.9452 -3.32765 7.42614 -4.49559 -3.41473 7.83194 -5.03493 -3.4644 8.15224 -5.42255 -3.49407 8.49035 -5.78626 -3.49604 3.62289 -0.2138 -3.46945 4.11777 -0.606316 -3.41886 4.67085 -1.0033 -3.35657 5.23435 -1.3863 -3.29663 5.84021 -1.81214 -3.27221 6.41446 -2.28044 -3.30113 6.95318 -2.82331 -3.37125 7.45522 -3.41543 -3.43705 7.87995 -3.92931 -3.48505 8.32056 -4.42192 -3.49977 8.67198 -4.76776 -3.48938 5.15927 -0.390544 -3.45786 5.69537 -0.810339 -3.41637 6.28481 -1.25823 -3.39361 6.85758 -1.72852 -3.41113 7.40644 -2.25776 -3.45724 7.92986 -2.82118 -3.49122 8.38293 -3.29702 -3.49444 7.00609 -0.351535 -3.48125 7.57033 -0.83328 -3.48686 8.12981 -1.34828 -3.49989 8.68268 -1.87214 -0.0197957 4.92578 -5.77029 -0.00846897 4.70057 -4.83219 -0.359143 4.95279 -5.7597 -0.453343 3.65298 -3.7825 -0.369256 4.28036 -4.17948 -0.479554 4.74063 -4.81424 -0.776325 5.04085 -5.67731 -0.88113 3.73158 -3.71281 -0.806324 4.3507 -4.12089 -0.901455 4.82448 -4.73751 -1.15589 5.16239 -5.54998 -1.37635 3.86969 -3.57256 -1.30966 4.48157 -3.99034 -1.38658 4.97157 -4.58519 -1.59847 5.34737 -5.34679 -1.83061 4.04425 -3.38336 -1.76942 4.65124 -3.80771 -1.82981 5.15595 -4.38281 -2.24741 4.89635 -3.53095 -2.29039 5.41657 -4.08522 -2.65835 5.20116 -3.17403 -2.68575 5.73526 -3.70968 3.49999 8.71538 -6.5 3.49999 8.71541 -5.69998 3.49999 8.71543 -4.89996 -1.42344 11.8216 0.41 -0.399627 12.1103 0.41 1.19491e-14 12.1339 0.41 3.49998 8.71553 -1.69985 0.266761 12.1234 0.41 3.49958 7.67494 -0.100745 3.49942 6.96615 -0.10097 0.663307 12.0686 0.41 1.05066 11.9675 0.41 1.99847 11.4845 0.41 2.20812 11.3193 0.41 2.89898 10.5104 0.41 3.08769 10.1573 0.41 3.49997 1.68274 8.01999e-06 3.23359 9.78454 0.41 3.4799 1.32333 -0.396083 3.30606 9.5276 0.41 3.24739 1.32285 -1.3318 -2.14663 11.3706 3.17207e-13 0.390886 12.1114 3.25356e-13 3.42382 1.30341 0.611633 2.24293 1.32304 -2.69428 1.77605 1.32309 -3.02097 1.26094 1.32313 -3.26886 3.47684 1.32341 0.401997 0.714634 1.32309 -3.43042 0.433086 1.32315 -3.47716 0.147123 1.32309 -3.50096 -5.5506e-06 1.3231 -3.50405 8.85424e-06 2.18057 -3.53655 9.44631e-06 2.98963 -3.63288 6.65908e-05 3.44104 -3.7433 3.73538e-05 3.84501 -3.90686 8.22915e-05 4.10148 -4.06403 1.07343e-05 4.32482 -4.25716 8.40851e-05 4.5159 -4.49166 0.735414 12.0535 3.24719e-13 6.20248e-05 4.8078 -5.13751 1.93027e-06 4.89859 -5.56091 3.79517e-05 4.94563 -6.00851 -3.46342 8.81541 -0.0234517 0.193866 4.968 -6.5 -3.49909 8.81541 -0.5 0.678259 5.06735 -6.5 -2.32907 11.2109 3.15451e-13 3.39399 8.51394 2.85784e-13 1.93067 5.69239 -6.5 3.35748 8.17997 2.8211e-13 2.50865 6.19683 -6.5 3.05439 7.2224 2.71577e-13 2.72961 6.68877 2.65707e-13 2.57105 6.4911 2.63533e-13 2.42092 6.3286 2.61745e-13 1.59408 11.7371 3.21239e-13 3.4952 7.0262 -0.326148 3.48245 7.59006 -0.808409 3.48737 8.13528 -1.30919 3.49985 8.67376 -1.81901 3.48938 5.15929 -0.390537 3.45786 5.69538 -0.810322 3.41637 6.28481 -1.25821 3.39361 6.85758 -1.72851 3.41016 7.39244 -2.24319 3.4547 7.90239 -2.79133 3.48342 8.25038 -3.16204 3.49903 8.61005 -3.51709 3.49604 3.62288 -0.213797 3.46945 4.11778 -0.606325 3.41886 4.67085 -1.00331 3.35657 5.23434 -1.3863 3.29663 5.8402 -1.81214 3.27221 6.41445 -2.28044 3.29971 6.93957 -2.80822 3.36708 7.42918 -3.38365 3.41904 7.75647 -3.78215 3.46361 8.09036 -4.17183 3.49251 8.43856 -4.5431 3.47812 2.61641 -0.465129 3.43145 3.12917 -0.833649 3.36489 3.65966 -1.1784 3.27844 4.24466 -1.53251 3.19042 4.83106 -1.88474 3.11683 5.44908 -2.29425 3.09395 6.02196 -2.7644 3.13466 6.53531 -3.30797 3.22555 7.00398 -3.91152 3.29993 7.3113 -4.33683 3.3721 7.62062 -4.75949 3.43362 7.93978 -5.16976 3.47793 8.27426 -5.55945 3.49841 8.60172 -5.89521 3.45688 1.68371 -0.592224 3.39385 2.22523 -0.953954 3.31394 2.76759 -1.28273 3.21848 3.32382 -1.59292 3.10608 3.93192 -1.91601 2.99957 4.53479 -2.24614 2.91743 5.16042 -2.64544 2.89766 5.73053 -3.11931 2.95096 6.23266 -3.67793 3.06258 6.68288 -4.30626 3.15545 6.97374 -4.75367 3.2495 7.26357 -5.20249 3.33629 7.56023 -5.64296 3.4098 7.86871 -6.06757 3.46167 8.16821 -6.44086 -2.4786 11.0613 3.13805e-13 3.25105 1.88618 -1.37279 3.14378 2.45291 -1.66885 3.02375 3.03101 -1.94968 2.88863 3.65935 -2.2456 2.76601 4.27656 -2.55647 2.67661 4.90866 -2.94708 2.66101 5.47504 -3.42595 2.72841 5.96463 -4.00142 2.86199 6.39529 -4.656 2.97342 6.66963 -5.1256 3.08871 6.94055 -5.59981 3.19937 7.21595 -6.06882 2.96871 1.46686 -1.88344 2.82605 2.06509 -2.13721 2.6741 2.67162 -2.37987 2.50906 3.3266 -2.64003 2.36445 3.96339 -2.92461 2.26453 4.60486 -3.30265 2.25563 5.16529 -3.78951 2.3461 5.63432 -4.39257 2.51504 6.0335 -5.08942 2.65526 6.2822 -5.59344 2.80228 6.52486 -6.10559 2.44645 1.73237 -2.5316 2.26241 2.36747 -2.7359 2.06706 3.04944 -2.95982 1.8988 3.7073 -3.21613 1.78597 4.36025 -3.57874 1.78357 4.91489 -4.07338 1.90082 5.36009 -4.70844 2.11054 5.72295 -5.45405 2.28319 5.94277 -5.99683 2.07961 1.47997 -2.82531 1.86743 2.14012 -2.99597 1.64449 2.84666 -3.18691 1.45344 3.5248 -3.41598 1.32654 4.19029 -3.76177 1.32909 4.74052 -4.26232 1.47293 5.16204 -4.92917 1.72332 5.48869 -5.7234 1.92699 5.68088 -6.30327 1.43648 1.9448 -3.21304 1.18484 2.67689 -3.36967 0.968722 3.37736 -3.56877 0.824611 4.05817 -3.89398 0.831072 4.60492 -4.39921 1.00602 4.99874 -5.10326 1.30271 5.28415 -5.95284 1.06518 1.81588 -3.35028 0.789213 2.56964 -3.47783 0.550758 3.29 -3.65022 0.389952 3.98567 -3.95547 0.397704 4.53127 -4.46225 0.601847 4.89909 -5.20119 0.944897 5.14323 -6.1062 0.662839 1.71462 -3.45039 0.358746 2.49343 -3.54431 0.0937309 3.23743 -3.68495 0.151399 4.84067 -5.24379 0.558121 5.02811 -6.22492 0.351533 1.66263 -3.49452 0.0235401 2.46271 -3.55987 0.251254 4.97217 -6.27435 0.0169145 1.63141 -3.51076 2.24741 4.89635 -3.53094 2.65836 5.20116 -3.17402 1.76943 4.65124 -3.80771 1.8282 5.14995 -4.37418 2.28914 5.41024 -4.07703 1.37635 3.8697 -3.57256 1.83061 4.04427 -3.38336 1.30966 4.48157 -3.99034 1.3846 4.96589 -4.57612 0.881137 3.7316 -3.71282 0.806334 4.35069 -4.12088 0.899052 4.81919 -4.72793 1.14367 5.15097 -5.51526 1.58814 5.33425 -5.31435 0.453336 3.653 -3.78251 0.369252 4.28035 -4.17948 0.476734 4.7357 -4.80417 0.76217 5.03114 -5.6403 0.00524279 4.69601 -4.82162 0.342283 4.9455 -5.71944 -2.87387 10.5508 3.08189e-13 -3.47997 1.30343 -7.014e-06 1.11772 5.50477 2.52683e-13 0.385788 5.33766 2.50845e-13 -3.41126 1.32312 -0.80981 -0.412608 5.34082 2.5088e-13 -0.612792 5.37135 2.51215e-13 -1.2108 5.53849 2.53054e-13 -1.57777 5.70382 2.54873e-13 -2.71758 6.6723 2.65526e-13 -2.87476 6.90008 2.68031e-13 -1.32948 1.32313 -3.2416 -3.22988 7.65344 2.76318e-13 -0.784741 1.32311 -3.41503 -3.304 7.91322 2.79176e-13 -3.39995 8.71541 5.02e-05 -3.38624 8.42836 0.00160241 -0.295122 1.30341 -3.47154 -1.47891 5.67238 0.0166059 -0.479638 5.36789 0.0182821 0.532325 5.37582 0.0182379 -1.67782 1.3034 -3.05366 1.03821 5.49627 0.0175693 -2.33736 1.30341 -2.58681 -2.62169 1.30342 -2.30148 1.53027 5.69772 0.0164696 -2.96468 1.30343 -1.84262 -3.08173 1.30343 -1.6396 -3.26647 1.30343 -1.22719 2.21522 6.15458 0.0139938 -3.44995 1.3034 -0.479874 -3.47942 1.30341 -0.0635246 2.426 11.1161 3.14407e-13 2.50181 6.43151 0.0124858 3.19841 7.58055 0.00623176 3.37418 8.31569 0.00235062 3.39999 8.70646 -1.33078e-09 3.37465 9.45118 -0.0133975 3.15176 10.1371 -0.0133975 2.50842 1.32341 2.44086 2.87547 1.32341 1.99541 3.03022 1.32341 1.75151 2.79114 10.7618 -0.0133975 2.30853 11.2978 -0.0133975 1.72501 11.7217 -0.0133975 3.3186 1.39188 1.11216 1.06612 12.0151 -0.0133975 2.97597 1.62477 1.84217 2.72633 1.79484 2.19479 0.360634 12.165 -0.0133975 2.0213 2.27431 2.85733 1.80277 2.42296 3.00001 -0.360634 12.165 -0.0133975 -1.06612 12.0151 -0.0133975 -1.72501 11.7217 -0.0133975 0.258773 3.47324 3.49042 -2.30853 11.2978 -0.0133975 -2.79114 10.7618 -0.0133975 -0.666644 4.10259 3.43593 -3.15176 10.1371 -0.0133975 -3.37465 9.45118 -0.0133975 3.41045 9.45879 -0.0499999 3.1852 10.152 -0.0499999 2.82075 10.7833 -0.0499999 -2.80684 5.55831 2.09086 2.33302 11.325 -0.0499999 -3.23245 5.8479 1.34211 1.74331 11.7534 -0.0499999 1.07743 12.0499 -0.0499999 -3.47866 6.06074 0.385947 0.36446 12.2014 -0.0499999 -0.36446 12.2014 -0.0499999 -3.5 6.43299 0.00559061 -1.07743 12.0499 -0.0499999 -1.74331 11.7534 -0.0499999 -2.33302 11.325 -0.0499999 -2.82075 10.7833 -0.0499999 -3.1852 10.152 -0.0499999 -3.41045 9.45879 -0.0499999 2.57592 10.9531 3.12615e-13 -3.41405 1.32341 0.770897 -3.41706 9.49151 -0.1 -3.19302 1.32341 1.43339 -2.9986 1.32341 1.8051 -3.30533 9.885 -0.1 -2.2791 1.32341 2.65626 -3.08649 10.3843 -0.1 -1.70635 1.32341 3.05588 -1.3285 1.32341 3.23807 -0.795994 1.32341 3.40828 -2.79276 10.8436 -0.1 -2.61998 11.0547 -0.1 -0.1 1.80341 3.49857 -0.0921502 1.84235 3.49879 -2.33133 11.3445 -0.1 -6.4294e-16 1.90341 3.5 -2.01083 11.5986 -0.1 -1.54158 11.8761 -0.1 2.73418 10.7549 3.10435e-13 -0.771411 12.1479 -0.1 -3.49067 6.45234 0.0431245 0.0407648 12.2337 -0.1 0.583733 12.1849 -0.1 -3.39753 6.47858 0.0946251 1.11254 12.0524 -0.1 1.73415 11.7741 -0.1 2.48927 11.1943 -0.1 2.84114 10.7779 -0.1 -3.47669 6.88402 -0.0365408 2.9917 10.5505 -0.1 3.18321 10.189 -0.1 3.46394 8.73388 -0.023077 -3.07439 10.1859 3.04176e-13 -3.49157 6.66163 -0.0355241 -3.46492 6.66978 -3.16754e-05 -3.42497 6.67443 0.0204356 -3.40004 8.61541 -7.06138e-08 3.39457 8.92659 2.90323e-13 3.24434 9.75101 2.99392e-13 3.05801 10.2201 3.04552e-13 2.89699 10.5137 3.07781e-13 2.2865 11.2503 3.15883e-13 2.02482 11.4653 3.18248e-13 -3.44054 6.88402 -0.00885077 -3.39941 6.88403 2.67675e-13 -3.30387 9.53682 2.97036e-13 1.12322 11.943 3.23504e-13 -3.40004 8.61541 -0.5 0.0876948 12.1328 3.25591e-13 -0.177412 12.1293 3.25553e-13 -3.47714 8.61541 -0.0361271 -3.44292 8.61541 -0.00958458 -0.408226 12.1093 3.25333e-13 -0.608628 12.079 3.25e-13 -3.40004 8.62488 -0.542487 -3.40004 8.65151 -0.576923 -3.40004 8.71541 -0.6 -1.20736 11.9124 3.23167e-13 -3.49967 8.64646 -0.572431 -1.57484 11.7472 3.2135e-13 -3.49958 8.61541 -0.5 -2.71643 10.7787 3.10696e-13 -3.49999 8.71538 -6.5 -3.49999 8.7154 -5.11238 -3.22961 9.79683 2.99896e-13 -3.50001 8.71542 -3.59027 -3.49998 8.71545 -2.06811 -3.49999 8.71537 -1.33414 -3.40004 8.81541 -4.77499e-06 -3.4897 8.81541 -0.0576968 -3.37588 9.13846 2.92654e-13 3.35894 9.26095 2.94001e-13 3.39999 8.71759 7.71115e-06 3.2417 7.69062 2.76727e-13 5.4993e-05 6.23344 -7.5125 5.89863e-05 6.04774 -7.45509 5.67195e-05 5.85936 -7.38217 3.94738e-05 5.50629 -7.20024 1.55655e-05 5.21205 -6.97819 -2.43983e-06 5.01729 -6.72967 -4.17352e-06 4.99469 -6.68062 -3.8429e-06 4.95805 -6.5 3.37643 9.13351 0.41 2.75066 10.7324 0.41 2.4967 11.0418 0.41 1.66131 11.7004 0.41 1.30112 11.8751 0.41 -0.793714 12.0399 0.41 -1.05066 11.9675 0.41 -2.85567 6.6248 -6.5 -3.11302 7.05721 -6.50002 -3.30696 7.5208 -6.5 -3.44529 8.06586 -6.5 -1.7765 11.6329 0.41 -3.50004 8.73389 -6.5 -3.48842 9.01919 -6.5 -3.4274 9.44331 -6.5 -3.31491 9.85712 -6.5 -2.75066 10.7324 0.41 -3.4 8.73388 0.41 -2.5987 11.0785 -6.5 -2.35536 11.3228 -6.5 -3.4 8.73388 2.88203e-13 -3.2443 9.751 2.99392e-13 -2.89696 10.5137 3.07781e-13 -1.19166 12.0248 -6.5 -2.73415 10.7549 3.10434e-13 -2.57589 10.9531 3.12614e-13 2.47678e-06 12.2339 -6.5 -2.0248 11.4652 3.18248e-13 -1.1232 11.943 3.23503e-13 -0.735405 12.0534 3.24718e-13 -2.67783e-05 11.7781 -7.17472 -2.20434e-05 11.4973 -7.35297 -1.37737e-05 11.1956 -7.48828 -5.7068e-06 10.946 -7.55962 2.04551e-06 10.7154 -7.585 -0.232245 10.7019 -7.585 -0.495423 10.6531 -7.585 -0.0876939 12.1328 3.25591e-13 0.954099 11.9973 3.24101e-13 1.57483 11.7472 3.2135e-13 -1.33826 10.2017 -7.585 -1.58254 9.93836 -7.585 2.32904 11.2109 3.1545e-13 -1.78127 9.6249 -7.585 -1.86558 9.43632 -7.585 -1.93103 9.2362 -7.585 -1.99832 8.79798 -7.585 -1.99477 8.57066 -7.585 -1.96406 8.33789 -7.585 2.47857 11.0613 3.13804e-13 -1.69437 7.65279 -7.585 -1.54474 7.44505 -7.585 -1.37278 7.26093 -7.585 3.07435 10.1859 3.04175e-13 -0.78054 6.87401 -7.585 -0.361646 6.74837 -7.585 3.40004 8.73388 2.88203e-13 -0.35868 5.03905 -6.70647 -0.689227 5.12001 -6.70812 -1.17532 5.30946 -6.71171 -1.64089 5.56356 -6.71737 -2.00194 5.81642 -6.72232 -2.36826 6.13863 -6.72542 -2.68368 6.49421 -6.72716 -2.96803 6.91543 -6.7269 -3.18781 7.3667 -6.72553 -3.34525 7.85775 -6.72329 -3.42394 8.30364 -6.72066 -3.44693 8.76783 -6.71788 -3.37775 9.4342 -6.71307 -3.18046 10.0757 -6.70868 -2.86186 10.6676 -6.70479 -2.43377 11.1869 -6.70148 -1.91229 11.6136 -6.69881 -1.31729 11.9308 -6.69685 -0.671575 12.1263 -6.69566 -0.37041 5.17481 -6.90448 -0.71676 5.26293 -6.9069 -1.21213 5.4685 -6.91218 -1.67706 5.74553 -6.92048 -2.02804 6.01802 -6.92776 -2.37203 6.35272 -6.93232 -2.66094 6.71356 -6.93487 -2.91489 7.13003 -6.9345 -3.10582 7.56929 -6.93249 -3.23657 8.04163 -6.92919 -3.29544 8.46576 -6.92532 -3.302 8.90373 -6.92125 -3.21918 9.52512 -6.91417 -3.01913 10.1213 -6.90772 -2.70834 10.6698 -6.902 -2.29782 11.1501 -6.89713 -1.80235 11.5441 -6.89321 -1.24009 11.8367 -6.89034 -0.631787 12.0168 -6.88858 -0.384908 5.37831 -7.08806 -0.751699 5.47526 -7.09058 -1.25822 5.70116 -7.09608 -1.72095 6.00781 -7.10473 -2.05701 6.30598 -7.11231 -2.36913 6.65652 -7.11706 -2.62045 7.02336 -7.11972 -2.83121 7.43205 -7.11933 -2.981 7.85347 -7.11724 -3.07355 8.29844 -7.1138 -3.10415 8.6909 -7.10977 -3.08778 9.09082 -7.10553 -2.98648 9.64747 -7.09815 -2.78348 10.1784 -7.09143 -2.48483 10.6648 -7.08548 -2.10032 11.0892 -7.0804 -1.64288 11.4363 -7.07632 -1.12822 11.6936 -7.07332 -0.574151 11.8519 -7.0715 -0.398097 5.63057 -7.25137 -0.784978 5.7362 -7.25352 -1.30045 5.98241 -7.25821 -1.75771 6.3193 -7.2656 -2.07493 6.64373 -7.27207 -2.34949 7.00934 -7.27612 -2.55721 7.38032 -7.27839 -2.71829 7.7776 -7.27806 -2.82094 8.17635 -7.27627 -2.86989 8.58781 -7.27334 -2.86849 8.94225 -7.2699 -2.82661 9.29688 -7.26628 -2.70549 9.77735 -7.25998 -2.50071 10.2319 -7.25425 -2.21777 10.6454 -7.24917 -1.86506 11.0044 -7.24484 -1.45332 11.2969 -7.24136 -0.995412 11.5131 -7.2388 -0.505783 11.6458 -7.23724 -0.4059 5.91259 -7.38856 -0.80753 6.02491 -7.39008 -1.32568 6.28716 -7.39338 -1.77247 6.64884 -7.39857 -2.06787 6.99468 -7.40312 -2.30302 7.37045 -7.40597 -2.46623 7.74108 -7.40756 -2.57742 8.12275 -7.40733 -2.63323 8.49503 -7.40607 -2.63933 8.86938 -7.40401 -2.60692 9.18295 -7.4016 -2.54086 9.48967 -7.39905 -2.40207 9.89086 -7.39462 -2.19804 10.2662 -7.39059 -1.93365 10.6046 -7.38702 -1.61585 10.8963 -7.38397 -1.25311 11.1326 -7.38152 -0.855431 11.3065 -7.37972 -0.433801 11.413 -7.37863 -0.40424 6.20538 -7.4938 -0.810289 6.32059 -7.49461 -1.32078 6.59037 -7.49636 -1.75037 6.96533 -7.49913 -2.0219 7.32225 -7.50156 -2.21965 7.69917 -7.50308 -2.34253 8.06234 -7.50393 -2.40988 8.42361 -7.5038 -2.42546 8.76662 -7.50314 -2.39558 9.10279 -7.50204 -2.33786 9.37618 -7.50075 -2.25289 9.63694 -7.49939 -2.10206 9.96411 -7.49703 -1.90265 10.266 -7.49488 -1.65893 10.5351 -7.49297 -1.37648 10.7649 -7.49135 -1.06172 10.9498 -7.49004 -0.722025 11.0852 -7.48908 -0.365322 11.1678 -7.4885 -0.389038 6.48998 -7.56123 -0.784188 6.60242 -7.56146 -1.2726 6.86698 -7.56197 -1.67654 7.23765 -7.56278 -1.9231 7.58987 -7.56349 -2.08929 7.9548 -7.56393 -2.18112 8.30077 -7.56418 -2.21698 8.63627 -7.56414 -2.20521 8.94823 -7.56395 -2.15235 9.24767 -7.56363 -2.07974 9.4851 -7.56325 -1.98503 9.70645 -7.56286 -1.83129 9.97321 -7.56217 -1.64175 10.216 -7.56154 -1.42008 10.4299 -7.56098 -1.17074 10.6108 -7.56051 -0.898574 10.7553 -7.56013 -0.608942 10.8606 -7.55985 -0.307461 10.9245 -7.55968 3.37584 9.13845 2.92654e-13 3.4 8.73388 2.88203e-13 2.89282 6.92942 2.68354e-13 -3.37643 8.33426 0.41 3.49999 8.7155 -2.49989 3.50001 8.71546 -3.29993 3.5 8.71545 -4.09994 -2.4967 6.42596 0.41 -2.20812 6.1485 0.41 -1.30112 5.59269 0.41 2.28127 6.19481 2.60273e-13 3.39882 2.12386 -2.33247e-07 0.793714 5.42783 0.41 3.47652 2.12384 -0.0370712 3.49879 2.12384 -0.102226 3.49899 3.11357 -0.101896 3.49916 4.464 -0.101617 3.49926 5.29757 -0.101455 3.49933 6.15266 -0.101224 1.7765 5.83491 0.41 2.58538 6.52576 0.41 3.14119 7.43276 0.41 3.49123 8.71555 -0.058675 3.23359 7.68323 0.41 3.4 8.73388 0.41 2.01939 5.98052 2.57916e-13 3.39999 8.72465 2.88102e-13 3.29576 7.89845 0.00455943 2.98196 7.10052 0.00883802 2.73859 6.71891 0.0109163 3.49924 1.89655 -0.0765972 1.99439 5.98027 0.0149388 0.0257083 5.33398 0.0184753 3.44022 2.12385 -0.00897425 -0.985428 5.47982 0.017659 3.41493 1.91185 0.0229689 3.42316 1.8071 0.0524952 1.58851 5.70972 2.54937e-13 3.47569 1.91125 -0.012063 -1.9461 5.94593 0.0151228 3.49851 1.52701 0.102018 3.49145 1.39769 0.244458 -2.41245 6.33803 0.0129899 -2.75143 6.73648 0.0107801 3.30383 9.53681 2.97035e-13 -3.00814 7.14923 0.00849974 -3.22554 7.65876 0.00573489 -3.32569 8.02693 0.0037578 3.45949 1.30337 -0.398526 3.40822 1.30337 -0.729205 3.32484 1.3034 -1.05484 3.20897 1.30341 -1.37232 3.22958 9.79682 2.99896e-13 2.80978 1.3034 -2.06997 2.51402 1.30341 -2.41736 2.25618 1.30344 -2.65725 1.9458 1.3034 -2.89076 0.730092 5.39505 2.51476e-13 3.33912 1.43319 0.888806 2.99818 1.67192 1.70633 2.83862 1.78365 1.95564 -2.30537e-05 1.30341 -3.48405 1.62433 2.6339 3.01738 1.21794 2.91846 3.19579 0.50024 3.421 3.37103 0.0573576 3.73111 3.4 0.990798 1.32312 -3.36082 -0.238364 3.93818 3.38711 -1.37678 4.7353 3.08273 -1.76612 5.00792 2.86965 2.55644 1.32291 -2.40208 2.83109 1.32276 -2.0748 2.99104 1.32276 -1.83799 -2.12438 5.25878 2.60768 3.41641 1.32313 -0.786905 -3.02073 5.88641 1.44407 2.87384 10.5508 3.08189e-13 2.7164 10.7787 3.10696e-13 3.44311 1.3278 0.614541 0.0828384 5.31671 2.50614e-13 -0.1 1.80341 3.4 0.1 1.80341 3.4 -2.68413e-05 11.947 -7.03218 -2.34282e-05 12.0845 -6.87898 -1.39214e-05 12.1945 -6.68984 -0.182026 5.32057 2.50657e-13 0.265807 12.2238 -6.5 -0.1 1.30341 3.47856 -0.1 1.30341 3.4 0.1 1.30341 3.4 2.1466 11.3706 3.17207e-13 0.273038 -0.0665912 3.46927 2.36661 11.3125 -6.5 0.678914 -0.0665912 3.41313 2.82155 10.8049 -6.5 1.07538 -0.0665912 3.30968 2.26008 -0.0665912 2.64621 3.29991 9.90046 -6.5 2.81538 -0.0665912 2.04549 3.47377 9.16195 -6.5 3.50004 8.73388 -6.5 2.96719 -0.0665912 1.8183 3.44529 8.06586 -6.5 3.30694 7.52076 -6.5 3.11025 7.05173 -6.5 2.8557 6.62485 -6.5 3.30968 -0.0665912 1.07538 2.2215 5.92173 -6.5 3.45588 -0.0665912 0.40903 1.3379 5.33373 -6.5 1.0124 5.18548 -6.5 3.48 -0.0665912 1.6099e-13 0.364151 4.99176 -6.5 3.46927 -0.0665912 -0.273038 3.30968 -0.0665912 -1.07538 2.64621 -0.0665912 -2.26008 1.07538 -0.0665912 -3.30968 1.97161e-15 -0.0665912 -3.48 -0.273038 -0.0665912 -3.46927 -1.07538 -0.0665912 -3.30968 -1.7004 -0.0665912 -3.03629 -3.30968 -0.0665912 -1.07538 3.6087e-05 6.48515 -7.56619 -2.08851e-06 6.71541 -7.585 -3.45588 -0.0665912 -0.40903 0.50521 6.78027 -7.585 0.751598 6.86201 -7.585 -3.41313 -0.0665912 0.678914 -3.30968 -0.0665912 1.07538 1.37732 7.26525 -7.585 -3.2151 -0.0665912 1.33174 1.88646 8.05112 -7.585 -3.03629 -0.0665912 1.7004 -2.81538 -0.0665912 2.04549 -1.8183 -0.0665912 2.96719 1.931 9.23619 -7.585 -1.07538 -0.0665912 3.30968 1.80622 9.57423 -7.585 -0.81239 -0.0665912 3.38385 1.54486 9.9856 -7.585 1.43772 10.1057 -7.585 -0.40903 -0.0665912 3.45588 -8.52354e-16 -0.0665912 3.48 0.629954 10.6136 -7.585 0.319016 10.6898 -7.585 1.9237 11.5373 3.19041e-13 0.671583 12.1263 -6.69573 1.31732 11.9308 -6.69692 1.91228 11.6136 -6.69888 2.43377 11.1869 -6.70155 2.86187 10.6676 -6.70486 3.18046 10.0757 -6.70875 3.37775 9.4342 -6.71314 3.44693 8.76781 -6.71796 3.42394 8.30364 -6.72074 3.34524 7.85773 -6.72337 3.18781 7.3667 -6.72561 2.96802 6.91541 -6.72698 2.68367 6.49421 -6.72724 2.36824 6.13862 -6.7255 2.00192 5.81641 -6.7224 1.64089 5.56356 -6.71744 1.1753 5.30946 -6.71179 0.689224 5.12001 -6.7082 0.358675 5.03904 -6.70655 0.631794 12.0168 -6.88862 1.24012 11.8366 -6.89038 1.80235 11.5441 -6.89326 2.29782 11.1501 -6.89718 2.70836 10.6698 -6.90205 3.01912 10.1213 -6.90776 3.21918 9.52513 -6.91421 3.302 8.9037 -6.9213 3.29544 8.46576 -6.92537 3.23657 8.04161 -6.92924 3.10582 7.56929 -6.93254 2.91488 7.13001 -6.93455 2.66094 6.71356 -6.93493 2.37201 6.35271 -6.93237 2.02802 6.01801 -6.92781 1.67706 5.74553 -6.92053 1.21211 5.46849 -6.91223 0.716758 5.26293 -6.90695 0.370405 5.17481 -6.90452 0.574157 11.8519 -7.07152 1.12824 11.6936 -7.07335 1.64288 11.4363 -7.07635 2.10032 11.0892 -7.08043 2.48484 10.6648 -7.08551 2.78348 10.1784 -7.09146 2.98648 9.64747 -7.09818 3.08778 9.0908 -7.10555 3.10414 8.69091 -7.1098 3.07354 8.29842 -7.11383 2.981 7.85347 -7.11727 2.8312 7.43203 -7.11936 2.62045 7.02337 -7.11975 2.36912 6.65651 -7.1171 2.057 6.30597 -7.11234 1.72095 6.00782 -7.10476 1.2582 5.70116 -7.09611 0.751697 5.47526 -7.09061 0.384904 5.37832 -7.08808 0.505789 11.6458 -7.23725 0.99543 11.5131 -7.23881 1.45332 11.2969 -7.24137 1.86506 11.0044 -7.24485 2.21778 10.6454 -7.24918 2.50071 10.2319 -7.25426 2.70549 9.77735 -7.26 2.82661 9.29687 -7.26629 2.86849 8.94225 -7.26992 2.86989 8.58779 -7.27335 2.82094 8.17635 -7.27628 2.71828 7.77758 -7.27807 2.55721 7.38032 -7.27841 2.34948 7.00932 -7.27614 2.07492 6.64372 -7.27208 1.75771 6.31929 -7.26561 1.30043 5.9824 -7.25823 0.784977 5.7362 -7.25354 0.398094 5.63057 -7.25138 0.433807 11.413 -7.37863 0.855447 11.3065 -7.37973 1.25311 11.1326 -7.38153 1.61585 10.8963 -7.38398 1.93366 10.6046 -7.38702 2.19804 10.2662 -7.3906 2.40207 9.89086 -7.39463 2.54087 9.48965 -7.39905 2.60692 9.18295 -7.4016 2.63933 8.86937 -7.40402 2.63323 8.49503 -7.40608 2.57741 8.12273 -7.40733 2.46623 7.74108 -7.40757 2.30302 7.37043 -7.40598 2.06786 6.99467 -7.40313 1.77247 6.64884 -7.39858 1.32567 6.28715 -7.39338 0.807529 6.02491 -7.39008 0.405898 5.91259 -7.38857 0.365327 11.1678 -7.4885 0.722038 11.0852 -7.48908 1.06172 10.9498 -7.49004 1.37647 10.7649 -7.49135 1.65894 10.5351 -7.49297 1.90265 10.266 -7.49488 2.10205 9.96411 -7.49703 2.25289 9.63692 -7.49939 2.33786 9.37618 -7.50075 2.39558 9.10278 -7.50204 2.42546 8.76662 -7.50314 2.40988 8.4236 -7.50381 2.34253 8.06234 -7.50393 2.21964 7.69916 -7.50308 2.02189 7.32224 -7.50156 1.75037 6.96534 -7.49914 1.32076 6.59036 -7.49637 0.810289 6.32059 -7.49461 0.404238 6.20538 -7.4938 0.307466 10.9245 -7.55968 0.608955 10.8606 -7.55985 0.898574 10.7553 -7.56013 1.17075 10.6109 -7.56051 1.42009 10.4299 -7.56098 1.64175 10.216 -7.56154 1.83129 9.97321 -7.56217 1.98504 9.70644 -7.56286 2.07974 9.4851 -7.56325 2.15236 9.24766 -7.56363 2.20521 8.94823 -7.56395 2.21698 8.63625 -7.56414 2.18112 8.30077 -7.56418 2.08929 7.95479 -7.56393 1.92309 7.58985 -7.56349 1.67654 7.23765 -7.56278 1.27258 6.86697 -7.56197 0.784189 6.60242 -7.56146 0.389037 6.48998 -7.56123 -0.957867 5.45334 2.52117e-13 -0.1 1.32341 3.49857 -0.243183 1.32341 3.49154 -8.52354e-16 1.30341 3.48 0.1 1.30341 3.47856 0.8106 1.30341 3.38428 -2.05968 1.32341 2.82979 1.60007 1.30341 3.09034 -2.67295 1.32341 2.2595 2.2828 1.30341 2.62664 2.57815 1.30341 2.33742 -3.34158 1.32341 1.04109 2.8163 1.30341 2.04423 -3.47845 1.3234 0.387832 -3.49995 1.3234 -1.03865e-05 3.19063 1.30341 1.38933 -3.464 1.30341 0.333312 3.39972 1.30341 0.74317 3.45697 1.30341 0.399699 -3.05594 1.30341 1.66481 3.47997 1.30344 1.56783e-05 -2.5954 1.30341 2.31825 3.19366 1.30341 -1.38238 3.03612 1.30341 -1.7007 -1.6574 1.30341 3.05997 -1.29496 1.30341 3.23009 -0.91538 1.30341 3.35745 2.6552 1.30341 -2.24953 1.20735 11.9123 3.23166e-13 2.13563 1.30341 -2.74763 0.386729 1.30341 -3.46251 0.829009 1.30342 -3.38394 1.25654 1.30341 -3.24912 1.61047 1.30337 -3.08952 1.31996 1.30341 -3.21996 0.506141 1.30341 -3.443 0 1.30341 -3.48 0.40903 -0.0665912 -3.45588 3.05493 1.3034 -1.68896 0.81239 -0.0665912 -3.38385 1.45694 -0.0665912 -3.16034 1.8183 -0.0665912 -2.96719 2.04549 -0.0665912 -2.81538 3.47943 1.30341 -0.0631951 3.45532 1.30341 -0.413802 3.40576 1.30341 -0.715071 3.34118 1.30341 -0.973136 3.26883 1.30341 -1.19381 2.36223 -0.0665912 -2.55544 2.81538 -0.0665912 -2.04549 2.89686 1.30341 -1.92839 3.03629 -0.0665912 -1.7004 2.37568 1.30341 -2.54294 3.2151 -0.0665912 -1.33174 1.74417 1.30341 -3.01136 3.41313 -0.0665912 -0.678914 1.00066 1.30341 -3.33303 3.38385 -0.0665912 0.81239 3.16034 -0.0665912 1.45694 2.55544 -0.0665912 2.36223 2.04549 -0.0665912 2.81538 -1.31111 1.30341 -3.22357 1.7004 -0.0665912 3.03629 -1.92874 1.30341 -2.89661 1.33174 -0.0665912 3.2151 -1.92614 5.9138 2.57182e-13 -2.74164 1.30341 -2.14336 -2.9052 1.30341 -1.91581 3.49995 1.3234 9.48783e-06 -3.13167 1.30341 -1.51759 3.48163 1.55822 0.145413 3.47679 1.43635 0.273283 3.46184 1.36168 0.434161 0.608622 12.079 3.24999e-13 3.4318 1.40034 0.424496 -3.37114 1.30342 -0.890717 3.44113 1.48578 0.265962 3.43797 1.59708 0.161052 3.47386 1.71261 0.0604746 -2.84134 1.30343 -2.02679 3.49331 1.69868 0.032212 3.42139 1.37208 0.605087 -2.01962 1.3034 -2.83987 3.404 1.38777 0.6 -1.31347 1.30341 -3.22653 -1.03473 1.30341 -3.32657 -0.668386 1.30341 -3.41936 3.4 8.71759 2.88024e-13 0.408222 12.1093 3.25333e-13 1.75757 1.30341 -3.00233 1.73326 1.30341 -3.01672 -1.57615 1.30341 -3.10185 -1.51483 1.30341 -3.13098 1.08414 1.30341 -3.30347 -0.847752 1.30341 -3.37396 0.965724 1.30341 -3.34079 -0.817968 1.30341 -3.38149 0.543781 1.30341 -3.43463 0.490156 1.30341 -3.44417 3.49056 8.73388 -0.0575131 3.50004 8.73388 -0.1 3.50017 8.71541 -0.100032 -0.678914 -0.0665912 -3.41313 3.46327 8.71571 -0.0224183 -1.33174 -0.0665912 -3.2151 0.17741 12.1293 3.25552e-13 -2.04549 -0.0665912 -2.81538 -2.26008 -0.0665912 -2.64621 -2.55544 -0.0665912 -2.36223 -2.81538 -0.0665912 -2.04549 -2.96719 -0.0665912 -1.8183 -3.16034 -0.0665912 -1.45694 -0.777631 10.5581 -7.585 -3.38385 -0.0665912 -0.81239 -0.921375 10.4906 -7.585 -3.48 -0.0665912 1.5782e-13 -3.46927 -0.0665912 0.273038 -1.06417 10.4088 -7.585 -1.68835 9.78758 -7.585 -1.81493 7.87512 -7.585 -1.18403 7.10355 -7.585 0.243486 6.73029 -7.585 -2.64621 -0.0665912 2.26008 -2.36223 -0.0665912 2.55544 -2.04549 -0.0665912 2.81538 0.977316 6.97046 -7.585 -1.45694 -0.0665912 3.16034 1.18715 7.10586 -7.585 1.68707 7.64128 -7.585 1.94734 8.25951 -7.585 1.98444 8.46646 -7.585 1.99465 8.86162 -7.585 1.87617 9.40821 -7.585 -0.511289 1.30341 3.44224 1.6421 9.85709 -7.585 1.19656 10.318 -7.585 0.92498 10.4887 -7.585 -1.9979 1.30341 2.84935 -2.31195 1.30341 2.60102 -2.1487 6.08059 2.59017e-13 -2.8445 1.30341 2.0048 -3.10471 10.3497 -6.5 -3.22694 1.30341 1.30279 -3.3804 1.30341 0.826593 -2.82158 10.8049 -6.5 -2.08906 11.5421 -6.5 -1.81315 11.7277 -6.5 -3.44541 1.30341 -0.489572 -3.36043 1.30341 -0.904455 -3.27645 1.30341 -1.17273 -1.49798 11.8972 -6.5 -3.03258 1.30341 -1.70701 -0.901192 12.1159 -6.5 -0.455046 12.2042 -6.5 -2.53194 1.30341 -2.38742 -2.26363 1.30341 -2.64317 0.777312 12.1465 -6.5 -1.56622 1.30341 -3.10763 1.19173 12.0248 -6.5 -0.831811 1.30341 -3.37913 -0.33594 1.30341 -3.46375 -0.390881 12.1114 3.25356e-13 0.1 1.32341 3.49857 0.1 1.80341 3.49857 1.49793 11.8972 -6.5 1.81315 11.7277 -6.5 2.08897 11.5422 -6.5 -2.33085 6.24024 2.60773e-13 2.59872 11.0784 -6.5 3.00748 10.5242 -6.5 0.386455 1.30341 3.45848 3.17924 10.1977 -6.5 1.22233 1.30341 3.25827 3.39524 9.58394 -6.5 1.95523 1.30341 2.8788 3.47614 9.14223 -0.1 3.40475 9.54501 -0.1 3.33124 9.8077 -0.1 3.02126 1.30341 1.72695 2.07701 11.551 -0.1 3.32242 1.30341 1.03535 1.3676 11.9557 -0.1 3.41926 1.32341 0.747441 3.36711 1.32341 0.955282 3.22334 1.32341 1.36384 -0.367835 12.2145 -0.1 -1.03494 12.0774 -0.1 -3.48211 9.08766 -0.1 2.07315 1.32341 2.81994 1.6668 1.32341 3.07762 1.22895 1.32341 3.27714 0.673638 1.32341 3.43456 -3.49909 8.81541 -0.1 -3.44507 5.99254 0.617647 -3.35831 5.93352 0.985766 -3.49936 8.80297 -0.548293 -3.0425 5.7189 1.73009 -3.49983 8.77141 -0.582845 -2.49959 5.3495 2.4499 -2.13511 5.10122 2.77332 -1.80537 4.87704 2.99844 -1.44878 4.63462 3.18607 -1.19463 4.46174 3.28981 -3.50004 8.73388 -0.598278 -0.37912 3.90702 3.47941 -0.0661678 3.6942 3.49937 -3.49987 8.71547 -0.6 0.546957 3.27719 3.457 1.07167 2.92029 3.33189 1.45107 2.6622 3.18503 -2.48014 6.38983 2.62419e-13 -3.40004 8.73388 2.88203e-13 2.40335 2.01433 2.54439 -3.40004 8.75351 -0.592457 -3.40004 8.79555 -0.559816 3.17954 1.48649 1.46306 -3.40004 8.81541 -0.5 3.38075 9.05624 2.91749e-13 3.36646 9.19034 2.93224e-13 3.43509 1.35139 0.610141 3.33586 9.35962 2.95086e-13 3.25189 9.71868 2.99036e-13 3.23839 9.76596 2.99556e-13 3.19539 1.53384 1.30872 3.06435 10.2041 3.04376e-13 2.88194 10.536 3.08027e-13 2.56018 1.97861 2.30127 2.2391 2.20344 2.60768 2.00402 2.36804 2.78755 2.793 10.6678 3.09476e-13 2.72399 10.7677 3.10575e-13 0.935575 3.11618 3.28461 2.69328 10.8061 3.10998e-13 2.50171 11.0338 3.13502e-13 2.45144 11.0884 3.14103e-13 -0.677049 4.24535 3.31973 -1.10322 4.54376 3.19579 2.36909 11.1708 3.15009e-13 2.31114 11.2266 3.15623e-13 2.24672 11.283 3.16243e-13 -2.34292 5.4118 2.40803 -2.63614 5.61712 2.07486 -2.88347 5.7903 1.70633 2.07332 11.4254 3.1781e-13 -3.18261 5.99976 1.03082 1.99435 11.4845 3.1846e-13 -3.32811 6.0904 0.608963 1.64386 11.7057 3.20893e-13 -3.41749 6.05987 0.621154 1.58514 11.741 3.21282e-13 -1.59406 11.7371 3.21238e-13 -3.27115 5.92988 1.21162 -3.00992 5.75186 1.76408 -2.65704 5.51117 2.26182 -2.22366 5.21529 2.68994 -1.72321 4.87328 3.03582 -1.17099 4.4955 3.28937 -0.583723 4.09339 3.44327 0.0209005 3.67904 3.49312 0.624711 3.26495 3.43765 1.2096 2.86358 3.27865 1.75803 2.48701 3.02102 2.25359 2.1466 2.67256 2.68142 1.8526 2.2438 3.02872 1.61386 1.74763 3.28508 1.4376 1.19898 -3.23039 5.96935 1.2068 -2.97017 5.7898 1.75643 -2.61898 5.54731 2.25108 -2.18806 5.24955 2.67607 -1.69082 4.90572 3.01902 -1.14245 4.52626 3.27009 -0.559528 4.12263 3.42214 0.0404454 3.70696 3.47091 0.639495 3.29171 3.41516 1.2197 2.88936 3.25674 1.7637 2.51198 3.0005 2.25522 2.17089 2.65419 2.67957 1.87635 2.22823 3.02404 1.63721 1.73543 3.27831 1.46066 1.19057 -3.17712 5.98123 1.19031 -2.92134 5.80267 1.73333 -2.57562 5.56132 2.22282 -2.15077 5.26468 2.64415 -1.65984 4.92186 2.98486 -1.11777 4.54329 3.23494 -0.540924 4.1404 3.3871 0.0533024 3.72532 3.43693 0.647037 3.31055 3.38307 1.22242 2.90857 3.22722 1.76216 2.53147 2.97414 2.25002 2.1906 2.63148 2.67133 1.89622 2.20957 3.0134 1.65719 1.72114 3.26595 1.48071 1.18089 -3.36971 6.47646 0.0904688 1.14736 11.9325 3.23388e-13 -3.42993 6.47652 0.0905657 -3.46065 6.46929 0.0763933 1.0747 11.9568 3.23656e-13 -3.5 6.43325 0.00568494 -3.49441 6.18626 0.197737 0.827814 12.0271 3.24429e-13 0.669848 12.0645 3.2484e-13 -3.44018 6.02141 0.620396 0.398498 12.1101 3.25342e-13 -3.37722 6.08617 0.617238 0.351741 12.1142 3.25386e-13 -3.28928 6.07445 0.6 0.129052 12.1299 3.25559e-13 -3.32885 6.15197 0.382517 -0.00149602 12.1316 3.25578e-13 -0.127665 12.13 3.2556e-13 -3.07493 7.26467 2.72042e-13 -3.36445 6.13455 0.452705 -3.41923 6.12277 0.454497 -3.45996 6.08574 0.443946 -3.38654 6.21908 0.308349 -3.43909 6.20743 0.303331 -3.47757 6.17592 0.282152 -0.356501 12.1138 3.25382e-13 -0.397519 12.1103 3.25343e-13 -0.671127 12.0642 3.24837e-13 -0.826114 12.0276 3.24434e-13 -1.07599 11.9564 3.23651e-13 -2.28648 11.2502 3.15883e-13 -1.14667 11.9327 3.23391e-13 -0.0905255 1.8459 3.4 -0.0638972 1.88033 3.4 -1.58571 11.7407 3.21278e-13 -1.64056 11.7077 3.20915e-13 -0.068947 1.87584 3.49932 -1.99512 11.484 3.18454e-13 -2.0722 11.4263 3.1782e-13 -2.42597 11.116 3.14407e-13 -2.24847 11.2815 3.16227e-13 -1.01894e-16 1.90341 3.4 0.0424869 1.89393 3.4 0.076923 1.86731 3.4 -2.30992 11.2277 3.15635e-13 -2.37206 11.1679 3.14978e-13 0.080811 1.86229 3.49907 0.0502381 1.88988 3.49964 -3.37589 8.31122 2.83554e-13 -2.45011 11.0898 3.14118e-13 -2.50297 11.0324 3.13486e-13 -3.39038 6.76119 0.00761437 -2.69124 10.8086 3.11025e-13 -3.35653 6.32405 0.185815 -3.34466 6.23032 0.274599 -2.72467 10.7668 3.10565e-13 -3.31099 6.10238 0.488535 -2.7886 10.6742 3.09547e-13 -2.88246 10.5352 3.08017e-13 -3.06416 10.2046 3.04381e-13 -3.2386 9.76536 2.99549e-13 -3.25154 9.72006 2.99051e-13 3.42951 1.72505 0.0857336 -3.33616 9.35817 2.9507e-13 -3.3663 9.19146 2.93237e-13 -3.39996 8.73518 2.88217e-13 -3.4 8.71541 2.88e-13 -3.39999 8.72465 2.88102e-13 -3.05798 10.2201 3.04551e-13 -3.39454 8.92658 2.90323e-13 -3.3589 9.26094 2.94001e-13 -3.38089 9.05456 2.91731e-13</float_array>
					<technique_common>
						<accessor count="1386" source="#ID6" stride="3">
							<param name="X" type="float"/>
							<param name="Y" type="float"/>
							<param name="Z" type="float"/>
						</accessor>
					</technique_common>
				</source>
				<source id="ID7">
					<float_array id="ID8" count="4371" digits="2490374">-0.827 -0.512281 -0.231406 -0.697875 -0.614781 -0.367344 -0.707 -0.651531 -0.274938 -0.823563 -0.478063 -0.305156 -0.690219 -0.553125 -0.466406 -0.819969 -0.425281 -0.383063 -0.682406 -0.472375 -0.557719 -0.814531 -0.360438 -0.454406 -0.675 -0.3815 -0.631469 -0.808156 -0.290469 -0.51225 -0.560969 -0.725812 -0.398 -0.577656 -0.763656 -0.288125 -0.548375 -0.655875 -0.518719 -0.53875 -0.5585 -0.630625 -0.532188 -0.445844 -0.719688 -0.442469 -0.801219 -0.402656 -0.467156 -0.838969 -0.278969 -0.424344 -0.724719 -0.54275 -0.412969 -0.612719 -0.673719 -0.408031 -0.480844 -0.776031 -0.41025 -0.353063 -0.840813 -0.530594 -0.33575 -0.778188 -0.4205 -0.246406 -0.873125 -0.536219 -0.241938 -0.808594 -0.532094 -0.8395 -0.109781 -0.392781 -0.906094 -0.157031 -0.438781 -0.894719 -0.083125 -0.497375 -0.848188 -0.181812 -0.348625 -0.900688 -0.259156 -0.311281 -0.863781 -0.396156 -0.284969 -0.780375 -0.556531 -0.271375 -0.653188 -0.706813 -0.269125 -0.503 -0.821281 -0.277 -0.360438 -0.890688 -0.2935 -0.244375 -0.924156 -0.294625 -0.946281 -0.133188 -0.357406 -0.932094 -0.0578125 -0.230656 -0.942688 -0.240969 -0.178438 -0.903281 -0.390125 -0.145063 -0.811938 -0.565344 -0.131156 -0.673156 -0.727719 -0.133406 -0.512156 -0.848406 -0.148219 -0.362563 -0.920031 -0.172188 -0.24275 -0.954625 -0.153 -0.981875 -0.111406 -0.251344 -0.967313 -0.0326875 -0.06475 -0.970719 -0.231125 -0.00271875 -0.919594 -0.392719 0.00053125 -0.90625 -0.422625 0.0005625 -0.826719 -0.5625 0.000625 -0.716563 -0.697438 0.00078125 -0.588188 -0.808688 0.00075 -0.4575 -0.889188 0.000625 -0.3 -0.953875 -0.0287813 -0.240344 -0.97025 -0.008375 -0.994313 -0.105969 -0.134844 -0.990656 -0.0181875 0.0003125 -0.988344 -0.152 0.00053125 -0.961781 -0.273688 0.00025 -0.998031 -0.0619688 -0.999969 -0.00059375 -9.375e-05 -0.999969 -0.00440625 -3.125e-05 -0.999969 -0.001 -0 -0.999219 -0.0386875 -0.0076875 -0.999969 -0.00128125 -0.0001875 -0.999188 -0.0166562 -0.0359063 -0.999969 -0.0045 -0.00053125 -0.999969 -0.0051875 -0.00084375 -0.999969 -0.005125 -0.001 -0.999969 -0.0008125 -0.00090625 -0.999969 -0.00028125 -0.00565625 -0.999531 -0.00221875 -0.0296563 -0.999906 -0.000125 -0.010125 -0.999969 -0.00109375 -0 -0.998594 -0.052 -0.001625 -0.988281 -0.152125 -0.0120625 -0.994313 -0.105469 -0.0126563 -0.991938 -0.117875 -0.0464063 -0.992063 -0.0783125 -0.09775 -0.991437 -0.0346875 -0.125594 -0.994375 -0.010125 -0.105031 -0.999906 -3.125e-05 -0.0083125 -0.999969 3.125e-05 -0.000625 -0.999969 3.125e-05 -0.00115625 -0.998469 -0.001625 -0.0547188 -0.999969 0 -0.000875 -0.999969 -0.0010625 -0 -0.999906 -0.00925 -3.125e-05 -0.997063 -0.075875 -0.00221875 -0.979156 -0.2 -0.035 -0.975656 -0.200781 -0.0879688 -0.975688 -0.147656 -0.161625 -0.973375 -0.0825313 -0.213719 -0.976313 -0.0360625 -0.213219 -0.985313 -0.0140938 -0.170094 -0.994531 -0.00415625 -0.104219 -0.999969 0 -0.00090625 -0.999313 -0.00053125 -0.0364688 -0.999969 0 -0.0010625 -0.998594 -0.052 -0.00084375 -0.999969 -0.000625 0.00021875 -0.991656 -0.128344 -0.00496875 -0.98025 -0.197219 -0.0127188 -0.961969 -0.271313 -0.0308125 -0.947156 -0.313719 -0.0661875 -0.941531 -0.306344 -0.139938 -0.940938 -0.238656 -0.240031 -0.93575 -0.150469 -0.318781 -0.9365 -0.077875 -0.341844 -0.949844 -0.0388438 -0.310156 -0.968969 -0.0190625 -0.246281 -0.984781 -0.00975 -0.173375 -0.995313 -0.00375 -0.0960938 -0.999969 -3.125e-05 -0.00115625 -0.999875 -3.125e-05 -0.012125 -0.985875 -0.167125 -0.00565625 -0.985406 -0.170094 -0.00453125 -0.969938 -0.242719 -0.01425 -0.950625 -0.309125 -0.0255625 -0.923594 -0.380094 -0.0496875 -0.902844 -0.41925 -0.0950625 -0.893562 -0.407656 -0.187844 -0.890938 -0.329625 -0.312281 -0.882563 -0.218781 -0.416156 -0.880094 -0.122 -0.45875 -0.896062 -0.0665 -0.438781 -0.923719 -0.0386875 -0.381063 -0.950281 -0.0269063 -0.31 -0.972219 -0.0186875 -0.233125 -0.988688 -0.0084375 -0.149469 -0.999969 -0.00084375 -0.0009375 -0.996156 -0.00271875 -0.0874688 -0.947125 -0.3205 -0.0135938 -0.93575 -0.352094 -0.0184688 -0.892875 -0.449688 -0.0214063 -0.908188 -0.417031 -0.034 -0.8715 -0.486094 -0.064625 -0.842969 -0.524375 -0.119625 -0.803813 -0.1665 -0.571063 -0.821344 -0.0941563 -0.562563 -0.856844 -0.0588438 -0.512125 -0.894188 -0.045375 -0.445344 -0.927625 -0.0359688 -0.371688 -0.934344 -0.0268438 -0.355281 -0.974781 -0.0150313 -0.222625 -0.833406 -0.551844 -0.0285 -0.821375 -0.569656 -0.02675 -0.781438 -0.620031 -0.0692813 -0.73775 -0.660906 -0.137313 -0.671969 -0.217094 -0.707969 -0.694875 -0.120687 -0.708875 -0.740531 -0.0739688 -0.667875 -0.792375 -0.0554375 -0.607437 -0.842781 -0.0388438 -0.53675 -0.881813 -0.0325625 -0.470313 -0.72775 -0.685125 -0.0292188 -0.684844 -0.726781 -0.052 -0.657219 -0.753094 -0.0285938 -0.627719 -0.767344 -0.130344 -0.567906 -0.12475 -0.813531 -0.623219 -0.067125 -0.779156 -0.685562 -0.0414063 -0.72675 -0.765594 -0.0294062 -0.642563 -0.816281 -0.03225 -0.576625 -0.5835 -0.811625 -0.0265938 -0.459938 -0.116344 -0.880219 -0.520938 -0.0524063 -0.851906 -0.58875 -0.0235625 -0.807938 -0.651656 -0.021125 -0.758156 -0.446219 -0.894719 -0.016625 -0.342156 -0.106781 -0.9335 -0.407969 -0.0400313 -0.912094 -0.523125 -0.0144687 -0.852094 -0.286875 -0.957906 -0.003125 -0.232375 -0.10225 -0.967219 -0.306031 -0.0350938 -0.951344 -0.379 -0.0139375 -0.92525 -0.226969 -0.973844 0.0001875 -0.10475 -0.100031 -0.989438 -0.190844 -0.0325625 -0.981031 -0.303531 -0.0143125 -0.952688 -0.158906 -0.987281 0.003625 0.00059375 -0.182938 -0.983063 -0.0063125 -0.098375 -0.995094 6.25e-05 -0.0680625 -0.997625 -0.0995938 -0.03125 -0.994531 -0.224531 -0.0154688 -0.974281 -0.00040625 -0.999969 0.0075 -0.00471875 -0.0290625 -0.999563 -0.00053125 -0.0154063 -0.999875 -0.112969 -0.0167813 -0.993438 0.999906 -0.000125 -0.00990625 0.999563 -0.00190625 -0.0274688 0.991437 -0.0346875 -0.125594 0.999969 -0.000125 -0.0071875 0.999219 -0.015625 -0.0347187 0.999969 0.0015 -0.00059375 0.999219 -0.0371875 -0.007625 0.999969 -0.00084375 -0 0.999969 -0.0051875 -3.125e-05 0.999875 -6.25e-05 -0.0139375 0.998469 -0.001625 -0.0547188 0.994531 -0.00415625 -0.104219 0.999875 -6.25e-05 -0.012125 0.994375 -0.010125 -0.105031 0.992063 -0.0783125 -0.09775 0.991938 -0.117344 -0.047625 0.994031 -0.107625 -0.0138125 0.999969 -0.00121875 -0 0.9975 -0.0704063 -0.0035 0.999969 -0.00115625 -0 0.999844 -0.017625 -0.000125 0.999875 -9.375e-05 -0.015625 0.999313 -0.00053125 -0.0364688 0.999781 -9.375e-05 -0.0186875 0.985313 -0.0140938 -0.170094 0.976313 -0.0360625 -0.213219 0.973375 -0.0825313 -0.213719 0.975688 -0.147656 -0.161625 0.975656 -0.199969 -0.0898125 0.978719 -0.201656 -0.0370312 0.985344 -0.169625 -0.0169063 0.993031 -0.117688 -0.00609375 0.999969 -0.0010625 -0 0.9985 -0.0536563 -0.0010625 0.995313 -0.00375 -0.0960938 0.988688 -0.0084375 -0.149469 0.99975 -0.000125 -0.02225 0.984781 -0.00975 -0.173375 0.968969 -0.0190625 -0.246281 0.949844 -0.0388438 -0.310156 0.9365 -0.077875 -0.341844 0.93575 -0.150469 -0.318781 0.940938 -0.238656 -0.240031 0.9415 -0.305313 -0.142281 0.946563 -0.314969 -0.0691563 0.957 -0.287469 -0.0388438 0.970906 -0.238469 -0.0205313 0.984563 -0.174719 -0.009625 0.994875 -0.100906 -0.00315625 0.999625 -0.0267812 -0.00021875 0.999969 -0.00084375 -0.00090625 0.999969 0.0004375 -0.0015 0.994563 -0.00375 -0.103906 0.999844 -0.0003125 -0.0173438 0.972219 -0.0186875 -0.233125 0.950281 -0.0269063 -0.31 0.923719 -0.0386875 -0.381063 0.896062 -0.0665 -0.438781 0.880094 -0.122 -0.45875 0.8825 -0.218781 -0.416156 0.890938 -0.329625 -0.312281 0.893531 -0.406344 -0.190812 0.901969 -0.420281 -0.0987813 0.916469 -0.395438 -0.0599063 0.936437 -0.348781 -0.036125 0.957531 -0.287406 -0.02125 0.976313 -0.216 -0.0108438 0.989906 -0.141438 -0.0035 0.999969 -0.000625 0.00021875 0.976219 -0.014375 -0.216063 0.927625 -0.0359688 -0.371688 0.9265 -0.0281875 -0.375187 0.894188 -0.045375 -0.445344 0.856844 -0.0588438 -0.512125 0.821344 -0.0941563 -0.562563 0.803813 -0.1665 -0.571063 0.808156 -0.290469 -0.51225 0.814531 -0.360438 -0.454406 0.819969 -0.425281 -0.383063 0.826781 -0.510969 -0.235031 0.841688 -0.525375 -0.124156 0.862063 -0.500844 -0.077375 0.88875 -0.455781 -0.047625 0.917938 -0.395656 -0.02825 0.947125 -0.320563 -0.0135938 0.985406 -0.170094 -0.00453125 0.842781 -0.0388438 -0.53675 0.850875 -0.0330938 -0.524281 0.792375 -0.0554375 -0.607437 0.740531 -0.0739688 -0.667875 0.694875 -0.120687 -0.708875 0.671969 -0.217094 -0.707969 0.675 -0.3815 -0.631469 0.690219 -0.553125 -0.466406 0.697688 -0.613469 -0.369875 0.706438 -0.650156 -0.2795 0.735563 -0.662188 -0.142875 0.767687 -0.635 -0.085375 0.806188 -0.589719 -0.0472188 0.892125 -0.451219 -0.0215313 0.804094 -0.03175 -0.593625 0.685562 -0.0414063 -0.72675 0.724688 -0.0265938 -0.688469 0.623219 -0.067125 -0.779156 0.567906 -0.12475 -0.813531 0.536219 -0.241938 -0.808594 0.530594 -0.33575 -0.778188 0.532188 -0.445844 -0.719688 0.576625 -0.762438 -0.2935 0.624563 -0.768875 -0.136625 0.666687 -0.741938 -0.0705312 0.72775 -0.685125 -0.0292188 0.821375 -0.569656 -0.02675 0.636187 -0.0200938 -0.771219 0.58875 -0.0235625 -0.807938 0.50575 -0.014 -0.8625 0.520938 -0.0524063 -0.851906 0.459938 -0.116344 -0.880219 0.4205 -0.246406 -0.873125 0.465688 -0.837781 -0.284813 0.494844 -0.848219 -0.1885 0.528188 -0.841094 -0.116281 0.581031 -0.8125 -0.0465938 0.653969 -0.755938 -0.0285 0.407969 -0.0400313 -0.912094 0.359906 -0.0140313 -0.932844 0.342156 -0.106781 -0.9335 0.2935 -0.244375 -0.924156 0.433969 -0.896375 -0.0900313 0.5835 -0.811625 -0.0265938 0.306031 -0.0350938 -0.951344 0.283719 -0.0144687 -0.95875 0.232375 -0.10225 -0.967219 0.172188 -0.24275 -0.954625 0.351063 -0.934031 -0.0649375 0.450125 -0.892781 -0.0170313 0.190906 -0.0325625 -0.981031 0.204094 -0.0160625 -0.978813 0.10475 -0.100031 -0.989438 0.0288125 -0.240344 -0.970219 0.241688 -0.9695 -0.0399688 0.286875 -0.957906 -0.003125 0.376188 -0.926406 -0.0104063 0.0995938 -0.03125 -0.994531 0.123656 -0.017 -0.992156 0.0063125 -0.098375 -0.995094 -0.0005625 -0.182938 -0.983063 -0.00059375 -0.3 -0.953875 0.120969 -0.992281 -0.0255 0.174688 -0.984563 0.0028125 0.00471875 -0.0290625 -0.999563 0.0417188 -0.015625 -0.999 -6.25e-05 -0.0680625 -0.997625 -0.00021875 -0.998031 -0.0619688 0.0998125 -0.994969 0.006 0.00040625 -0.999969 0.0075 0.00053125 -0.0154063 -0.999875 0.682406 -0.472375 -0.557719 0.53875 -0.5585 -0.630625 0.548375 -0.655875 -0.518719 0.560562 -0.724406 -0.401125 0.41025 -0.353063 -0.840813 0.408031 -0.480844 -0.776031 0.412969 -0.612719 -0.673719 0.424344 -0.724719 -0.54275 0.441875 -0.799781 -0.40625 0.277 -0.360438 -0.890625 0.269125 -0.503 -0.821281 0.271375 -0.653188 -0.706813 0.284969 -0.780375 -0.556531 0.310469 -0.862188 -0.400156 0.346438 -0.899625 -0.265563 0.389188 -0.906438 -0.163875 0.148219 -0.362563 -0.920031 0.133406 -0.512156 -0.848406 0.131156 -0.673156 -0.727719 0.145063 -0.811938 -0.565406 0.177344 -0.901563 -0.394531 0.2275 -0.941688 -0.247844 0.289438 -0.946813 -0.140219 -0.00071875 -0.4575 -0.889188 -0.00071875 -0.588188 -0.808688 -0.000625 -0.716563 -0.697438 -0.00053125 -0.826719 -0.5625 -0.00053125 -0.90625 -0.422625 0.0014375 -0.917594 -0.397438 -0.0004375 -0.961781 -0.273688 0.0607813 -0.969156 -0.238688 0.145281 -0.982156 -0.119156 -0.0003125 -0.988344 -0.152 -0.706781 -0.707375 -0.000625 -0.706656 -0.707438 -0.011125 -0.706781 -0.707375 -0.00059375 -0.703406 -0.708063 -0.0615625 -0.699125 -0.709156 -0.09075 -0.684219 -0.712406 -0.155813 -0.679031 -0.713281 -0.173313 -0.654531 -0.71625 -0.24175 -0.652094 -0.716531 -0.247656 -0.614125 -0.718531 -0.326313 -0.613688 -0.718531 -0.327188 -0.589969 -0.718719 -0.367813 -0.568031 -0.718406 -0.401406 -0.565063 -0.718313 -0.40575 -0.533406 -0.717438 -0.447969 -0.521344 -0.717 -0.462656 -0.466062 -0.714938 -0.521125 -0.455813 -0.7145 -0.530688 -0.405031 -0.713 -0.57225 -0.367188 -0.712219 -0.598219 -0.337156 -0.711906 -0.615969 -0.264469 -0.712 -0.650375 -0.266156 -0.712 -0.649719 -0.209156 -0.712125 -0.670094 -0.213156 -0.712125 -0.668844 -0.157688 -0.712531 -0.683656 -0.134438 -0.712875 -0.688156 -0.079125 -0.712969 -0.696594 -0.0595 -0.712844 -0.69875 -0.000375 -0.712531 -0.701594 -0.00040625 -0.712531 -0.701594 0.962 0 0.272938 0.948125 0 0.31775 0.976875 0 0.213531 0.920906 0 0.389625 0.908406 0 0.418 0.86575 0 0.500406 0.85025 0 0.526281 0.821563 0 0.570094 0.716688 0 0.697344 0.778938 0 0.627031 0.686625 0 0.726906 0.592313 0 0.805656 0.577469 0 0.816375 0.476219 0 0.879313 0.515063 0 0.857094 0.414531 0 0.91 0.351125 0 0.936281 0.306188 0 0.951937 0.192406 0 0.98125 0.15625 0 0.987688 0.0285312 0 0.999563 0.0739063 0 0.99725 -0.0188437 0 0.999781 0.0230312 0 0.999687 0.0143125 0 0.999875 0 0 1 -0.0196563 0 0.999781 -0.108313 0 0.994094 -0.0263125 0 0.999625 -0.0285312 0 0.999563 -0.0694688 0 0.997563 -0.227375 0 0.97375 -0.190437 0 0.981656 -0.379531 0 0.925125 -0.341281 0 0.939906 -0.413875 0 0.910281 -0.4875 0 0.873062 -0.588437 0 0.808469 -0.515813 0 0.856656 -0.61 0 0.792375 -0.651125 0 0.758875 -0.763656 0 0.645563 -0.714156 0 0.699969 -0.801938 0 0.597344 -0.856719 0 0.515719 -0.86925 0 0.494281 -0.912281 0 0.4095 -0.954719 0 0.297406 -0.9235 0 0.383438 -0.9595 0 0.281625 -0.975438 0 0.220219 -0.993813 0 0.110781 -0.98425 0 0.176437 -0.993875 0 0.11025 -1 0 -0 -0.998344 0 0.0564688 -0.999969 0 0.0015625 0.302812 0.4325 0.849187 0.0245938 0.453813 0.890719 -0.253344 0.218094 0.942438 0.0910313 0.130406 0.987219 -0.299313 0.433188 0.850125 -0.652844 0.171531 0.73775 -0.606438 0.361094 0.708313 -0.919375 0.090125 0.382844 -0.90675 0.191656 0.375531 -0.999969 0.00090625 0.00109375 -0.411281 -6.25e-05 0.911438 -0.772844 -9.375e-05 0.634531 -0.999969 -0.00028125 -0.00478125 -0.999969 -0.00071875 -0.00090625 -0.769406 -0.00053125 0.638687 -0.427188 -0.00025 0.904094 0.00053125 0 0.999969 0 1 -0 0 0.918938 0.394344 0 0.90525 0.424844 0 0.689438 0.724281 0 0.638969 0.769188 0 -0.000625 0.999969 -0.999969 -0.00521875 -0 -0.999969 -0.00525 -0 -0.027375 0.198125 -0.979781 0 0 -1 -0.05425 0.192281 -0.979813 -0.0800625 0.18275 -0.979875 -0.10425 0.169656 -0.979906 -0.126438 0.153406 -0.98 -0.146313 0.13425 -0.980031 -0.163375 0.112656 -0.980094 -0.177531 0.0887813 -0.980094 -0.185625 0.06975 -0.980125 -0.190906 0.0484375 -0.980375 -0.193625 0.0215937 -0.980781 -0.1925 -0.00565625 -0.981219 -0.187063 -0.0344688 -0.981719 -0.176844 -0.0632188 -0.982188 -0.160156 -0.0924063 -0.982719 -0.137187 -0.119219 -0.983281 -0.101969 -0.144719 -0.984156 -0.0614063 -0.159656 -0.985219 -0.030125 -0.164875 -0.985844 -0.00053125 -0.150125 -0.988625 -0.0014375 -0.260875 -0.965344 0 0.200062 -0.979719 -0.0504063 0.336469 -0.940313 -0.099875 0.325625 -0.940188 -0.147406 0.30775 -0.939906 -0.192062 0.283188 -0.939562 -0.233094 0.252375 -0.939094 -0.269625 0.215781 -0.938469 -0.300969 0.17425 -0.937563 -0.326531 0.128031 -0.936437 -0.343031 0.0974375 -0.934219 -0.352156 0.0582188 -0.934094 -0.356438 0.0104063 -0.934219 -0.352313 -0.0388438 -0.935 -0.34025 -0.0890938 -0.936063 -0.317906 -0.137781 -0.938031 -0.284156 -0.184813 -0.94075 -0.238969 -0.224906 -0.944562 -0.174875 -0.260469 -0.9495 -0.104938 -0.279281 -0.954406 -0.0520938 -0.284875 -0.957125 -0.002 -0.328312 -0.944531 0 0.340156 -0.940313 -0.0728438 0.446813 -0.891594 -0.143813 0.429188 -0.891688 -0.210969 0.400156 -0.891781 -0.272656 0.360563 -0.891937 -0.327094 0.311469 -0.892125 -0.372813 0.253938 -0.892438 -0.408625 0.189969 -0.892656 -0.433375 0.120687 -0.893031 -0.451375 0.0804688 -0.888656 -0.457281 0.0275938 -0.888875 -0.457875 -0.0335938 -0.888344 -0.447625 -0.096 -0.888969 -0.429938 -0.157719 -0.888906 -0.401094 -0.2165 -0.890063 -0.360719 -0.272719 -0.891875 -0.305875 -0.319906 -0.896656 -0.22675 -0.361094 -0.9045 -0.138406 -0.382031 -0.913688 -0.0705 -0.387406 -0.919156 -0.00246875 -0.393063 -0.919469 0 0.473281 -0.880844 -0.0960312 0.548563 -0.8305 -0.188875 0.522563 -0.831375 -0.275281 0.480281 -0.83275 -0.352313 0.423219 -0.834656 -0.417313 0.353344 -0.837219 -0.468125 0.273219 -0.840281 -0.503125 0.186031 -0.843938 -0.52125 0.094625 -0.848094 -0.534375 0.0426563 -0.844094 -0.533188 -0.0214063 -0.845688 -0.525375 -0.0933125 -0.845688 -0.506281 -0.164469 -0.846469 -0.480781 -0.233344 -0.845156 -0.447094 -0.297719 -0.843437 -0.404438 -0.359406 -0.840937 -0.349063 -0.411875 -0.841688 -0.265938 -0.458688 -0.847844 -0.1675 -0.483 -0.859375 -0.0882813 -0.489125 -0.867719 -0.0029375 -0.525469 -0.850781 0 0.598719 -0.800875 -0.121281 0.655156 -0.745656 -0.237813 0.620094 -0.747563 -0.344875 0.563281 -0.75075 -0.438344 0.487188 -0.755219 -0.514625 0.395063 -0.760938 -0.570875 0.290781 -0.76775 -0.60525 0.179125 -0.775594 -0.616969 0.0647188 -0.784281 -0.622719 -0.00190625 -0.782344 -0.613625 -0.0778125 -0.785688 -0.594938 -0.161812 -0.787219 -0.564969 -0.242375 -0.788625 -0.528188 -0.318938 -0.786875 -0.486688 -0.388719 -0.782281 -0.438469 -0.455219 -0.774844 -0.383563 -0.512156 -0.768438 -0.300969 -0.564969 -0.768219 -0.19675 -0.594813 -0.779375 -0.107906 -0.603281 -0.790125 -0.00278125 -0.687344 -0.726313 0 0.692688 -0.721156 -0.149656 0.776156 -0.612406 -0.293125 0.731719 -0.615313 -0.424344 0.659813 -0.620094 -0.537969 0.563688 -0.626719 -0.629438 0.447625 -0.635063 -0.695219 0.316875 -0.645063 -0.733094 0.177344 -0.656531 -0.742375 0.0354063 -0.669 -0.741094 -0.0496875 -0.669469 -0.7245 -0.141219 -0.674594 -0.693781 -0.241938 -0.67825 -0.650844 -0.336094 -0.680656 -0.598969 -0.424031 -0.679219 -0.544469 -0.501281 -0.672406 -0.484156 -0.573125 -0.661031 -0.424406 -0.633031 -0.647313 -0.34 -0.690406 -0.638469 -0.23025 -0.727437 -0.646281 -0.1315 -0.741094 -0.658312 -0.00178125 -0.889313 -0.457219 0 0.797531 -0.603188 -0.179406 0.906156 -0.382844 -0.351594 0.853094 -0.385406 -0.509531 0.767125 -0.389625 -0.647 0.651812 -0.3955 -0.758438 0.512125 -0.402969 -0.839625 0.353781 -0.412 -0.887563 0.1835 -0.422406 -0.900906 0.00915625 -0.433844 -0.894844 -0.0974687 -0.435469 -0.87225 -0.209312 -0.441938 -0.830031 -0.332125 -0.448 -0.772656 -0.445406 -0.45225 -0.702656 -0.54925 -0.452188 -0.62975 -0.636063 -0.445844 -0.550563 -0.712875 -0.434344 -0.478063 -0.772 -0.418813 -0.385031 -0.829437 -0.404563 -0.26725 -0.874 -0.40575 -0.157531 -0.896281 -0.414438 -0.0015 -0.926281 -0.376781 0 0.927531 -0.373625 0 0.999969 -0.00021875 -0.129906 0.9915 -0.00021875 -0.257469 0.96625 -0.00021875 -0.340375 0.940219 -0.00021875 -0.428 0.90375 -0.00021875 -0.517969 0.855344 -0.00021875 -0.596875 0.802281 -0.00021875 -0.672906 0.739688 -0.00021875 -0.7425 0.669813 -0.00021875 -0.806094 0.59175 -0.00021875 -0.887031 0.461625 -0.00025 -0.947062 0.320844 -0.00021875 -0.979187 0.202688 -0.00021875 -0.996625 0.0817813 -0.0004375 -0.999969 0.000875 -0.00025 -0.999969 -0.0043125 -0.00025 -0.985406 -0.170094 -0.00484375 -0.947125 -0.3205 -0.0138125 -0.892875 -0.449688 -0.0217187 -0.821375 -0.569656 -0.0270313 -0.72775 -0.685125 -0.0294688 -0.657281 -0.753031 -0.0288125 -0.5835 -0.811625 -0.026875 -0.446375 -0.894625 -0.0170625 -0.286875 -0.957906 -0.003375 -0.226969 -0.973844 9.375e-05 -0.15875 -0.987281 0.0035625 -0.00053125 -0.999969 0.00725 1 0 -0 0.999969 -0.00521875 -0 0.999969 -0.0051875 -0 0.999969 -0.00525 -0 0.778094 -0.000125 0.628094 0.999906 -0.000125 -0.0100313 0.999875 -6.25e-05 -0.0122188 0.999875 -6.25e-05 -0.013875 0.999875 -9.375e-05 -0.0155313 0.999781 -0.000125 -0.0189063 0.999969 -0.00021875 -0.00728125 0.999969 0.001625 -0.00025 0.910031 0.0015 0.414469 0.630938 0.001 0.775813 0.414156 -6.25e-05 0.910156 0.000125 0 0.999969 0.00209375 0 0.999969 0.764313 0.144031 0.628531 0.156438 0.224281 0.961875 0.414 -6.25e-05 0.91025 0.777094 -0.000125 0.629313 0.234281 0.335281 0.9125 0.295438 0.421969 0.857094 0.738906 0.298156 0.604187 0.933438 0.159281 0.321375 0.999844 -0.0003125 -0.0174688 0.999969 0.00065625 -0.001 0.999563 0 0.0290937 0.9975 0 0.0698125 0.993375 0 0.114813 0.706781 -0.707375 -0.000625 0.706781 -0.707375 -0.00059375 0.706656 -0.707438 -0.0110625 0.701937 -0.708438 -0.0730625 0.701813 -0.708438 -0.0742188 0.685438 -0.712125 -0.151313 0.688219 -0.711594 -0.141031 0.668063 -0.714844 -0.206469 0.646156 -0.717 -0.261375 0.641594 -0.717313 -0.271469 0.608563 -0.718625 -0.336406 0.591875 -0.718719 -0.364719 0.558688 -0.718188 -0.414688 0.559656 -0.718188 -0.413344 0.500313 -0.71625 -0.486406 0.505625 -0.716438 -0.480625 0.450406 -0.714312 -0.5355 0.44525 -0.714156 -0.540031 0.390781 -0.712656 -0.582531 0.355063 -0.712 -0.605687 0.323344 -0.711906 -0.623344 0.25275 -0.712 -0.655031 0.25325 -0.712 -0.654813 0.199219 -0.712188 -0.673063 0.167531 -0.712438 -0.681406 0.143281 -0.712781 -0.686531 0.078 -0.712969 -0.696781 0.086625 -0.713094 -0.695656 0.0292188 -0.712563 -0.700906 0.000375 -0.712531 -0.701594 0.00040625 -0.712531 -0.701594 0.00053125 -0.150125 -0.988625 0.030125 -0.164875 -0.985844 0.0614063 -0.159656 -0.985219 0.101969 -0.144719 -0.984156 0.137187 -0.119219 -0.983281 0.160156 -0.0924063 -0.982719 0.176844 -0.0632188 -0.982188 0.187063 -0.0344688 -0.981719 0.1925 -0.00565625 -0.981219 0.193625 0.0215937 -0.980781 0.190906 0.0484375 -0.980375 0.185625 0.06975 -0.980125 0.177531 0.0887813 -0.980094 0.163375 0.112656 -0.980094 0.146281 0.13425 -0.980031 0.126438 0.153406 -0.98 0.10425 0.169656 -0.979906 0.0800625 0.18275 -0.979875 0.05425 0.192281 -0.979813 0.027375 0.198125 -0.979781 0.0014375 -0.260875 -0.965344 0.0520938 -0.284875 -0.957125 0.104906 -0.279281 -0.954406 0.174875 -0.260469 -0.9495 0.238969 -0.224906 -0.944562 0.284156 -0.184813 -0.94075 0.317844 -0.13775 -0.938031 0.34025 -0.0890938 -0.936063 0.352313 -0.0388438 -0.935063 0.356438 0.0104063 -0.934219 0.352094 0.0582188 -0.934125 0.343031 0.0974375 -0.934219 0.326469 0.128031 -0.936437 0.300938 0.17425 -0.937563 0.269625 0.215781 -0.938469 0.233094 0.252375 -0.939125 0.192062 0.283188 -0.939562 0.147375 0.30775 -0.939969 0.099875 0.325625 -0.940188 0.0504063 0.336469 -0.940313 0.00203125 -0.328312 -0.944531 0.0705 -0.387406 -0.919156 0.138406 -0.382031 -0.913688 0.226719 -0.361094 -0.9045 0.305875 -0.319906 -0.896688 0.360719 -0.272719 -0.891875 0.401031 -0.2165 -0.890063 0.429938 -0.157719 -0.888906 0.447625 -0.096 -0.889 0.457875 -0.0335938 -0.888344 0.457281 0.0275938 -0.888875 0.451313 0.0804688 -0.888656 0.433313 0.120687 -0.893094 0.408563 0.189969 -0.892656 0.372813 0.253938 -0.892438 0.327094 0.311406 -0.892156 0.272656 0.360563 -0.891937 0.210969 0.400156 -0.891813 0.143813 0.429125 -0.891688 0.0728438 0.446813 -0.891594 0.00253125 -0.393 -0.919469 0.0882813 -0.489094 -0.867719 0.1675 -0.483 -0.859375 0.265938 -0.458688 -0.847844 0.349 -0.411813 -0.841688 0.404375 -0.359406 -0.840937 0.447031 -0.297719 -0.843437 0.480719 -0.233344 -0.845219 0.50625 -0.164469 -0.846531 0.525344 -0.0933125 -0.845688 0.533188 -0.0214063 -0.845688 0.534375 0.0425938 -0.844156 0.521219 0.094625 -0.848094 0.503125 0.186031 -0.843938 0.468094 0.273219 -0.840344 0.41725 0.353344 -0.837219 0.35225 0.423219 -0.834719 0.275219 0.480281 -0.83275 0.188875 0.522563 -0.831375 0.0960312 0.5485 -0.830531 0 0.598719 -0.800906 0.003 -0.525469 -0.850781 0.107906 -0.60325 -0.790156 0.19675 -0.594781 -0.779375 0.300969 -0.564906 -0.768219 0.383563 -0.512125 -0.768438 0.438469 -0.455219 -0.774906 0.486625 -0.388719 -0.782313 0.528125 -0.318938 -0.786906 0.564969 -0.242375 -0.788688 0.594906 -0.161812 -0.787313 0.613594 -0.0778125 -0.785688 0.622719 -0.00190625 -0.782406 0.616938 0.0646563 -0.784281 0.605219 0.179094 -0.775594 0.570844 0.290781 -0.767781 0.514625 0.395063 -0.760938 0.438344 0.487188 -0.755281 0.344875 0.56325 -0.750781 0.237813 0.620094 -0.747594 0.121281 0.655156 -0.745656 0 0.692688 -0.721219 0.00278125 -0.687281 -0.726313 0.1315 -0.741063 -0.658375 0.230219 -0.727406 -0.646344 0.339938 -0.690344 -0.638563 0.424406 -0.633 -0.647344 0.484094 -0.573125 -0.661125 0.544469 -0.501281 -0.672406 0.598938 -0.424031 -0.67925 0.650813 -0.336031 -0.68075 0.693781 -0.241906 -0.678281 0.724406 -0.141219 -0.674688 0.741094 -0.0496875 -0.6695 0.742312 0.0354063 -0.669031 0.733063 0.177344 -0.656563 0.695188 0.316875 -0.645156 0.629406 0.447625 -0.635156 0.537969 0.563656 -0.626719 0.424344 0.659781 -0.620125 0.293125 0.731656 -0.615344 0.149656 0.776125 -0.612469 0 0.7975 -0.603188 0.00178125 -0.889313 -0.457188 0.157531 -0.89625 -0.414469 0.267188 -0.874 -0.40575 0.385031 -0.829437 -0.404563 0.478063 -0.771937 -0.418813 0.550563 -0.712844 -0.434344 0.629687 -0.636063 -0.445906 0.702594 -0.54925 -0.45225 0.772656 -0.445406 -0.45225 0.829969 -0.332063 -0.448063 0.872187 -0.209312 -0.442 0.894844 -0.0974687 -0.435531 0.900844 0.00915625 -0.433906 0.887563 0.183437 -0.4225 0.839625 0.353781 -0.412031 0.758438 0.512125 -0.403031 0.647 0.651812 -0.3955 0.509531 0.767125 -0.389625 0.351594 0.853063 -0.385406 0.179406 0.906156 -0.382906 0 0.927531 -0.373563 0.0015 -0.926313 -0.376656 0.0005 -0.999969 0.0075 0.100437 -0.994875 0.00603125 0.174531 -0.984594 0.0028125 0.450281 -0.892656 -0.0170625 0.999969 -0.0043125 -0 0.999969 0.000875 -0 0.992469 0.122313 -0.000125 0.970031 0.242875 3.125e-05 0.942813 0.333219 -0 0.908281 0.418219 -0 0.85925 0.511406 -0 0.806094 0.59175 -0 0.7425 0.669813 -0 0.676094 0.73675 -0 0.596875 0.802281 -0 0.517969 0.855344 -0 0.428 0.90375 -0 0.340375 0.940219 -0 0.222094 0.975 -0 0.0759375 0.997063 -0 -0.707094 -0.707094 -0 -0.703844 -0.707094 0.0677188 -0.70275 -0.707094 0.0783125 -0.686844 -0.707094 0.167938 -0.689687 -0.707094 0.155687 -0.675094 -0.707094 0.210313 -0.655656 -0.707094 0.264688 -0.645063 -0.707094 0.289531 -0.620938 -0.707094 0.33825 -0.605781 -0.707094 0.364625 -0.577969 -0.707094 0.407313 -0.54 -0.707094 0.456469 -0.527344 -0.707094 0.471 -0.460438 -0.707094 0.536625 -0.469719 -0.707094 0.5285 -0.416063 -0.707094 0.571688 -0.405906 -0.707094 0.578906 -0.344719 -0.707094 0.617375 -0.33675 -0.707094 0.621719 -0.263063 -0.707094 0.656313 -0.268375 -0.707094 0.654188 -0.185969 -0.707094 0.682156 -0.160781 -0.707094 0.688563 -0.103844 -0.707094 0.699406 -0.049125 -0.707094 0.705375 -0.0202812 -0.707094 0.706813 -0.0201875 -0.707094 0.706813 0 -1 -0 -0.0287188 0 0.999563 -0.1175 0 0.993031 -0.146906 0 0.989125 -0.233406 0 0.972313 -0.263 0 0.96475 -0.308969 0 0.951031 -0.372063 0 0.928156 -0.418656 0 0.908094 -0.476219 0 0.87925 -0.522438 0 0.852625 -0.574094 0 0.81875 -0.587781 0 0.809 -0.664344 0 0.747375 -0.678781 0 0.734281 -0.760375 0 0.649406 -0.74575 0 0.666125 -0.817375 0 0.576063 -0.809 0 0.587781 -0.8725 0 0.488594 -0.878125 0 0.478344 -0.923844 0 0.382625 -0.927281 0 0.374344 -0.951031 0 0.308969 -0.971344 0 0.237469 -0.980781 0 0.195063 -0.996875 0 0.0784063 -0.995344 0 0.0957187 -0.999781 0 -0.0182188 -0.993031 0 -0.1175 -0.99 0 -0.140625 -0.972313 0 -0.233406 -0.965594 0 -0.259844 -0.951031 0 -0.308969 -0.9415 0 -0.336937 -0.908094 0 -0.418656 -0.899906 0 -0.436063 -0.871406 0 -0.4905 -0.852625 0 -0.522438 -0.834813 0 -0.550469 -0.809 0 -0.587781 -0.787781 0 -0.615875 -0.734281 0 -0.678781 -0.727531 0 -0.686 -0.649406 0 -0.760375 -0.650469 0 -0.759531 -0.587781 0 -0.809 -0.554219 0 -0.832344 -0.488594 0 -0.8725 -0.450031 0 -0.893 -0.382625 0 -0.923844 -0.376719 0 -0.926281 -0.308969 0 -0.951031 -0.238969 0 -0.971 -0.195063 0 -0.980781 -0.0965 0 -0.995313 -0.0784063 0 -0.996875 0.0785 -0.707094 0.702688 0.0202812 -0.707094 0.706813 0.0201875 -0.707094 0.706813 0.136094 -0.707094 0.693875 0.164656 -0.707094 0.687625 0.248281 -0.707094 0.662063 0.248344 -0.707094 0.662 0.336688 -0.707094 0.621719 0.325063 -0.707094 0.627906 0.397281 -0.707094 0.584938 0.418813 -0.707094 0.569656 0.463844 -0.707094 0.533656 0.506719 -0.707094 0.493094 0.523844 -0.707094 0.474906 0.572219 -0.707094 0.415344 0.580906 -0.707094 0.403094 0.612188 -0.707094 0.353812 0.613844 -0.707094 0.350844 0.648281 -0.707094 0.28225 0.651156 -0.707094 0.275531 0.675031 -0.707094 0.210313 0.680219 -0.707094 0.192969 0.69075 -0.707094 0.150969 0.739125 0.666 0.100031 0.573563 0.819094 -0 0.725688 0.671781 0.148094 0.706906 0.68 0.194281 0.682781 0.69075 0.237937 0.653281 0.704094 0.27825 0.618438 0.720156 0.314344 0.578313 0.739156 0.345094 0.532969 0.761187 0.369281 0.482781 0.786344 0.385406 0.428094 0.814469 0.391469 0.369875 0.845344 0.385406 0.309719 0.878094 0.364625 0.250094 0.911344 0.32675 0.194875 0.942906 0.27 0.149031 0.9695 0.194281 0.18525 0.978531 0.089625 -0.305813 0.936312 0.172344 0.747469 0.662313 0.0508125 0.862844 0.465469 0.196906 0.832125 0.472031 0.291 0.789375 0.481375 0.380906 0.734781 0.493688 0.465031 0.668594 0.509188 0.541875 0.591125 0.528094 0.609563 0.502906 0.550844 0.666031 0.404438 0.577563 0.709063 0.29675 0.608688 0.735781 0.181187 0.644188 0.743031 0.0600625 0.683875 0.727094 -0.0631875 0.726875 0.683812 -0.183437 0.771344 0.609375 -0.293438 0.814125 0.501031 -0.383563 0.85075 0.359188 -0.708438 0.673281 0.211531 0.8845 0.455344 0.101375 0.930469 0.234812 0.280969 0.878906 0.238531 0.413031 0.807844 0.243813 0.536531 0.718406 0.25075 0.64875 0.611969 0.259531 0.747031 0.490156 0.270281 0.828625 0.355063 0.283188 0.890844 0.209 0.298438 0.931188 0.0547813 0.316219 0.947031 -0.104125 0.336625 0.935844 -0.26375 0.359406 0.895063 -0.419156 0.384219 0.822563 -0.564 0.409938 0.716781 -0.690938 0.434719 0.577531 -0.791219 0.456 0.407313 -0.935406 0.288719 0.203938 0.964719 0.219406 0.145375 0.976875 3.125e-05 0.213563 0.948156 9.375e-05 0.317688 0.908437 0.00021875 0.417906 0.85025 6.25e-05 0.526281 0.779156 0.00078125 0.62675 0.686719 6.25e-05 0.726875 0.577563 0.000125 0.816281 0.515156 0.000125 0.857063 0.414688 0.0001875 0.909938 0.30625 0.00025 0.951906 0.156594 0.00053125 0.987625 0.0749063 0.00134375 0.997156 -0.0185 0.00053125 0.999781 -0.108844 -0.00084375 0.994031 -0.190688 -0.00025 0.981625 -0.341125 0.00025 0.939969 -0.414 -9.375e-05 0.91025 -0.516563 -0.0014375 0.856219 -0.610875 -0.00209375 0.791656 -0.714156 0 0.699938 -0.802156 -0.00075 0.597094 -0.869344 -0.000375 0.494125 -0.9235 0.000125 0.3835 -0.9595 3.125e-05 0.281625 -0.998344 3.125e-05 0.0564688 -0.906687 0.190625 0.376063 -0.866313 0.364844 0.341125 -0.606438 0.360188 0.708781 -0.481438 0.68 0.552906 -0.299313 0.432563 0.850438 0.0439687 0.796438 0.603063 0.414656 0.592938 0.690219 0.0245938 0.453438 0.890906 0.481875 0.687906 0.542656 -0.854125 0.433469 0.28725 -0.446719 0.803813 0.392781 0.101 0.921531 0.374813 0.534625 0.763438 0.362188 0.56375 0.804688 0.186031 0.921094 -0.38925 -0 0.90525 -0.424844 -0 0.638969 -0.769188 -0 0.689438 -0.724281 -0 -0.424844 -0.90525 -0 -0.502281 -0.864656 -0 -0.769188 -0.638969 -0 -0.808156 -0.588844 -0 0.548469 0.783281 0.292469 0.563563 0.804875 0.185719 0.534563 0.763438 0.362437 0.476438 0.680438 0.556719 0.481875 0.688219 0.542313 0.414969 0.592656 0.690281 0.391 0.558438 0.731531 0.234688 0.335156 0.912406 0.157094 0.224406 0.961688 0.0911875 0.130281 0.987219 0 -0.18475 0.98275 0 -0.381 0.924563 0 -0.560063 0.828438 0 -0.801344 0.598156 0 -0.875625 0.482906 -0.999906 0.0106875 -0 -0.996625 0.0815 -0 -0.999781 0.0196875 -0 -0.999687 0.0232813 -0 -0.994875 0.101031 -0 -0.979187 0.202688 -0 -0.97625 0.216438 -0 -0.947062 0.320906 -0 -0.944313 0.328875 -0 -0.887031 0.461625 -0 -0.881813 0.4715 -0 -0.806094 0.591688 -0 -0.797906 0.60275 -0 -0.742469 0.669813 -0 -0.7485 0.663063 -0 -0.672938 0.739656 -0 -0.666031 0.745875 -0 -0.596844 0.802281 -0 -0.5745 0.818438 -0 -0.518 0.855344 -0 -0.440406 0.89775 -0 -0.427938 0.90375 -0 -0.340438 0.940219 -0 -0.295656 0.955281 -0 -0.257469 0.96625 -0 -0.220375 0.975375 -0 -0.129969 0.9915 -0 -0.105062 0.994438 -0 0.011625 0.999875 -0 0.166719 0.985969 -0 0.222031 0.975 -0 0.340469 0.940219 -0 0.317813 0.948125 -0 0.390719 0.920469 -0 0.427938 0.90375 -0 0.495438 0.868594 -0 0.518 0.855344 -0 0.593406 0.804875 -0 0.596781 0.802312 -0 0.676125 0.736719 -0 0.711156 0.702969 -0 0.742469 0.669813 -0 0.806094 0.591688 -0 0.811719 0.583969 -0 0.85925 0.5115 -0 0.854719 0.518969 -0 0.909469 0.415719 -0 0.908312 0.418219 -0 0.951719 0.306781 -0 0.942813 0.33325 -0 0.970031 0.242812 -0 0.97275 0.231688 -0 0.993156 0.116656 -0 0.992469 0.122281 -0 0.999969 -0.00521875 -0.00028125 0.910906 -0.00478125 0.412531 0.90525 0 0.424844 0.632031 -0.00334375 0.774844 0.638969 0 0.769188 0.738688 0.297625 0.604688 0.391 0.558688 0.731344 0.295125 0.421906 0.857188 0.831375 0.340375 0.439156 0.476438 0.680438 0.556656 0.852625 0.401406 0.334469 0.548469 0.783312 0.292406 0.869219 0.443188 0.218875 0.933344 0.1585 0.321969 0.999969 -0.00021875 -0.0004375 0.999563 -0.0004375 0.0285 0.997594 -0.00115625 0.0690625 0.702375 -0.707094 0.0811875 0.707094 -0.707094 -0 0.145406 0 -0.989344 0.1175 0 -0.993031 0.233406 0 -0.972313 0.287531 0 -0.95775 0.308969 0 -0.951031 0.379281 0 -0.925219 0.418656 0 -0.908094 0.501188 0 -0.865313 0.522438 0 -0.852625 0.587781 0 -0.809 0.613625 0 -0.7895 0.678781 0 -0.734281 0.682625 0 -0.730687 0.760375 0 -0.649406 0.762969 0 -0.646375 0.809 0 -0.587781 0.832375 0 -0.554125 0.8725 0 -0.488594 0.872406 0 -0.488656 0.917656 0 -0.397219 0.923844 0 -0.382625 0.939313 0 -0.343031 0.951031 0 -0.308969 0.960063 0 -0.279594 0.980781 0 -0.195063 0.978625 0 -0.205437 0.992844 0 -0.118906 0.996875 0 -0.0784063 0.999781 0 -0.018125 0.993031 0 0.1175 0.972313 0 0.233406 0.954719 0 0.2975 0.951031 0 0.308969 0.916844 0 0.399188 0.908094 0 0.418656 0.868156 0 0.49625 0.852625 0 0.522438 0.809219 0 0.587406 0.809 0 0.587781 0.734281 0 0.678781 0.740844 0 0.671656 0.655937 0 0.75475 0.649406 0 0.760375 0.587781 0 0.809 0.561844 0 0.827219 0.488594 0 0.8725 0.459781 0 0.888 0.382625 0 0.923844 0.351219 0 0.936281 0.308969 0 0.951031 0.232906 0 0.972438 0.195063 0 0.980781 0.111 0 0.993813 0.0784063 0 0.996875 0.0287188 0 0.999563 0.69075 -0.707094 0.150906 0.695875 -0.706875 0.126438 0.772125 -0.624656 0.116375 0.775406 -0.624531 0.0929375 -0.707094 0 0.707094 -0.707094 0.00190625 0.707094 0.996875 -0.0784063 -0 0.999969 -0.0026875 -0 0.999969 -0.00475 -0 0.999906 -0.00803125 -0 0.992375 -0.122938 -0 0.980781 -0.195063 -0 0.969312 -0.245656 -0 0.951031 -0.308969 -0 0.940656 -0.339188 -0 0.923844 -0.382625 -0 0.877031 -0.480344 -0 0.8725 -0.488594 -0 0.805438 -0.592625 -0 0.809 -0.587781 -0 0.760375 -0.649406 -0 0.735781 -0.677156 -0 0.678781 -0.734281 -0 0.651531 -0.758563 -0 0.587781 -0.809 -0 0.586563 -0.809875 -0 0.522438 -0.852625 -0 0.450063 -0.892969 -0 0.418656 -0.908094 -0 0.305313 -0.952219 -0 0.308969 -0.951031 -0 0.233406 -0.972313 -0 0.156563 -0.987625 -0 0.1175 -0.993031 -0 0.0075 -0.999969 -0 -0.0784063 -0.996875 -0 -0.141031 -0.99 -0 -0.195063 -0.980781 -0 -0.289813 -0.957031 -0 -0.308969 -0.951031 -0 -0.382625 -0.923844 -0 -0.434938 -0.900406 -0 -0.488594 -0.8725 -0 -0.587781 -0.809 -0 -0.572344 -0.819969 -0 -0.649406 -0.760375 -0 -0.734281 -0.678781 -0 -0.7095 -0.704625 -0 -0.809 -0.587781 -0 -0.852625 -0.522438 -0 -0.809219 -0.587438 -0 -0.884719 -0.466031 -0 -0.908094 -0.418656 -0 -0.951031 -0.308969 -0 -0.948656 -0.316188 -0 -0.978094 -0.207875 -0 -0.972313 -0.233406 -0 -0.993031 -0.1175 -0 -0.995938 -0.0898438 -0 -0.999969 -0.005375 -0 -0.999969 -0.0026875 -0 -0.996875 0.0784063 -0 -0.998344 0.056625 -0 -0.987906 0.155 -0 -0.980781 0.195063 -0 -0.951031 0.308969 -0 -0.954188 0.299094 -0 -0.923844 0.382625 -0 -0.899406 0.437094 -0 -0.8725 0.488594 -0 -0.852 0.523438 -0 -0.809 0.587781 -0 -0.804125 0.594375 -0 -0.760375 0.649406 -0 -0.757594 0.652656 -0 -0.678781 0.734281 -0 -0.7135 0.700625 -0 -0.672437 0.740094 -0 -0.587781 0.809 -0 -0.595469 0.803281 -0 -0.522438 0.852625 -0 -0.468781 0.88325 -0 -0.418656 0.908094 -0 -0.330344 0.943812 -0 -0.308969 0.951031 -0 -0.216281 0.976313 -0 -0.233406 0.972313 -0 -0.1175 0.993031 -0 -0.114906 0.993344 -0 -0.02575 0.999656 -0 0.0521563 0.998594 -0 0.0784063 0.996875 -0 0.120063 0.992719 -0 0.195063 0.980781 -0 0.179 0.983813 -0 0.280594 0.959813 -0 0.308969 0.951031 -0 0.355063 0.934781 -0 0.382625 0.923844 -0 0.463156 0.88625 -0 0.488594 0.8725 -0 0.587781 0.809 -0 0.56575 0.824531 -0 0.631312 0.775469 -0 0.649406 0.760375 -0 0.685 0.7285 -0 0.734281 0.678781 -0 0.728938 0.684469 -0 0.798906 0.601406 -0 0.809 0.587781 -0 0.845219 0.534375 -0 0.852625 0.522438 -0 0.904188 0.427063 -0 0.908094 0.418656 -0 0.951031 0.308969 -0 0.949844 0.312594 -0 0.971687 0.236125 -0 0.972313 0.233406 -0 0.993031 0.1175 -0 0.992844 0.118937 -0 0.707094 0.0004375 0.707094 0.707094 0.00190625 0.707094 0.489031 0.103906 0.865969 0.45675 0.203313 0.866 0.4045 0.293875 0.865969 0.334563 0.371563 0.865969 0.249969 0.432969 0.865969 0.154469 0.475469 0.866 0.05225 0.497219 0.865969 -0.05225 0.497219 0.865969 -0.154469 0.475469 0.866 -0.249969 0.432969 0.865969 -0.334563 0.371563 0.865969 -0.4045 0.293875 0.865969 -0.45675 0.203313 0.866 -0.489031 0.103906 0.865969 -0.00975 0.00021875 0.999906 0.847094 0.180031 0.5 0.791094 0.352188 0.5 0.700625 0.509 0.5 0.579437 0.643531 0.5 0.432969 0.75 0.5 0.267563 0.823625 0.5 0.0904687 0.861219 0.5 -0.0904687 0.861219 0.5 -0.267563 0.823625 0.5 -0.432969 0.75 0.5 -0.579437 0.643531 0.5 -0.700625 0.509 0.5 -0.791094 0.352188 0.5 -0.847094 0.180031 0.5 -0.643219 0.0150938 0.765469 -0.905813 0.021125 0.423 0.707094 -0.00184375 0.707094 0.705813 -0.041875 0.707094 0.702156 -0.0831563 0.707094 0.69825 -0.111313 0.707094 0.674219 -0.213125 0.707094 0.686281 -0.170094 0.707094 0.666344 -0.236406 0.707094 0.635219 -0.310469 0.707094 0.62175 -0.336688 0.707094 0.601656 -0.371406 0.707094 0.571375 -0.416531 0.707094 0.567688 -0.421469 0.707094 0.534719 -0.462594 0.707094 0.522219 -0.476719 0.707094 0.503531 -0.496406 0.707094 0.474438 -0.524219 0.707094 0.419969 -0.568781 0.707094 0.462594 -0.534781 0.707094 0.416594 -0.571344 0.707094 0.330344 -0.625125 0.707094 0.31975 -0.630625 0.707094 0.232469 -0.66775 0.707094 0.151844 -0.690594 0.707094 0.217031 -0.672938 0.707094 0.111281 -0.69825 0.707094 0.0801875 -0.702531 0.707094 0.0171875 -0.706875 0.707094 0.005375 -0.707031 0.707094 -0.0378125 -0.706031 0.707094 -0.100281 -0.699938 0.707094 -0.0858125 -0.701844 0.707094 -0.127438 -0.6955 0.707094 -0.199219 -0.678406 0.707094 -0.206 -0.676406 0.707094 -0.309063 -0.635938 0.707094 -0.251781 -0.660688 0.707094 -0.328125 -0.626312 0.707094 -0.4065 -0.578531 0.707094 -0.400594 -0.582656 0.707094 -0.446875 -0.547938 0.707094 -0.503594 -0.496281 0.707094 -0.48475 -0.51475 0.707094 -0.515813 -0.483656 0.707094 -0.565188 -0.424906 0.707094 -0.574 -0.412844 0.707094 -0.597844 -0.377531 0.707094 -0.627156 -0.326531 0.707094 -0.6395 -0.301688 0.707094 -0.671969 -0.220125 0.707094 -0.671719 -0.220812 0.707094 -0.687125 -0.166781 0.707094 -0.692375 -0.143312 0.707094 -0.702031 -0.084 0.707094 -0.704531 -0.0597188 0.707094 0.772125 -0.624656 0.116344 0.775563 -0.624469 0.092 0.696281 -0.706344 0.127219</float_array>
					<technique_common>
						<accessor count="1457" source="#ID8" stride="3">
							<param name="X" type="float"/>
							<param name="Y" type="float"/>
							<param name="Z" type="float"/>
						</accessor>
					</technique_common>
				</source>
				<source id="ID9">
					<float_array id="ID10" count="2" digits="2490374">0 1</float_array>
					<technique_common>
						<accessor count="1" source="#ID10" stride="2">
							<param name="S" type="float"/>
							<param name="T" type="float"/>
						</accessor>
					</technique_common>
				</source>
				<vertices id="ID11">
					<input semantic="POSITION" source="#ID5"/>
				</vertices>
				<polylist count="2637">
					<input offset="0" semantic="VERTEX" source="#ID11" set="0"/>
					<input offset="1" semantic="NORMAL" source="#ID7" set="0"/>
					<input offset="2" semantic="TEXCOORD" source="#ID9" set="0"/>
					<vcount>3 3 3 3 3 3 3 3 3 3 3 3 3 3 3 3 3 3 3 3 3 3 3 3 3 3 3 3 3 3 3 3 3 3 3 3 3 3 3 3 3 3 3 3 3 3 3 3 3 3 3 3 3 3 3 3 3 3 3 3 3 3 3 3 3 3 3 3 3 3 3 3 3 3 3 3 3 3 3 3 3 3 3 3 3 3 3 3 3 3 3 3 3 3 3 3 3 3 3 3 3 3 3 3 3 3 3 3 3 3 3 3 3 3 3 3 3 3 3 3 3 3 3 3 3 3 3 3 3 3 3 3 3 3 3 3 3 3 3 3 3 3 3 3 3 3 3 3 3 3 3 3 3 3 3 3 3 3 3 3 3 3 3 3 3 3 3 3 3 3 3 3 3 3 3 3 3 3 3 3 3 3 3 3 3 3 3 3 3 3 3 3 3 3 3 3 3 3 3 3 3 3 3 3 3 3 3 3 3 3 3 3 3 3 3 3 3 3 3 3 3 3 3 3 3 3 3 3 3 3 3 3 3 3 3 3 3 3 3 3 3 3 3 3 3 3 3 3 3 3 3 3 3 3 3 3 3 3 3 3 3 3 3 3 3 3 3 3 3 3 3 3 3 3 3 3 3 3 3 3 3 3 3 3 3 3 3 3 3 3 3 3 3 3 3 3 3 3 3 3 3 3 3 3 3 3 3 3 3 3 3 3 3 3 3 3 3 3 3 3 3 3 3 3 3 3 3 3 3 3 3 3 3 3 3 3 3 3 3 3 3 3 3 3 3 3 3 3 3 3 3 3 3 3 3 3 3 3 3 3 3 3 3 3 3 3 3 3 3 3 3 3 3 3 3 3 3 3 3 3 3 3 3 3 3 3 3 3 3 3 3 3 3 3 3 3 3 3 3 3 3 3 3 3 3 3 3 3 3 3 3 3 3 3 3 3 3 3 3 3 3 3 3 3 3 3 3 3 3 3 3 3 3 3 3 3 3 3 3 3 3 3 3 3 3 3 3 3 3 3 3 3 3 3 3 3 3 3 3 3 3 3 3 3 3 3 3 3 3 3 3 3 3 3 3 3 3 3 3 3 3 3 3 3 3 3 3 3 3 3 3 3 3 3 3 3 3 3 3 3 3 3 3 3 3 3 3 3 3 3 3 3 3 3 3 3 3 3 3 3 3 3 3 3 3 3 3 3 3 3 3 3 3 3 3 3 3 3 3 3 3 3 3 3 3 3 3 3 3 3 3 3 3 3 3 3 3 3 3 3 3 3 3 3 3 3 3 3 3 3 3 3 3 3 3 3 3 3 3 3 3 3 3 3 3 3 3 3 3 3 3 3 3 3 3 3 3 3 3 3 3 3 3 3 3 3 3 3 3 3 3 3 3 3 3 3 3 3 3 3 3 3 3 3 3 3 3 3 3 3 3 3 3 3 3 3 3 3 3 3 3 3 3 3 3 3 3 3 3 3 3 3 3 3 3 3 3 3 3 3 3 3 3 3 3 3 3 3 3 3 3 3 3 3 3 3 3 3 3 3 3 3 3 3 3 3 3 3 3 3 3 3 3 3 3 3 3 3 3 3 3 3 3 3 3 3 3 3 3 3 3 3 3 3 3 3 3 3 3 3 3 3 3 3 3 3 3 3 3 3 3 3 3 3 3 3 3 3 3 3 3 3 3 3 3 3 3 3 3 3 3 3 3 3 3 3 3 3 3 3 3 3 3 3 3 3 3 3 3 3 3 3 3 3 3 3 3 3 3 3 3 3 3 3 3 3 3 3 3 3 3 3 3 3 3 3 3 3 3 3 3 3 3 3 3 3 3 3 3 3 3 3 3 3 3 3 3 3 3 3 3 3 3 3 3 3 3 3 3 3 3 3 3 3 3 3 3 3 3 3 3 3 3 3 3 3 3 3 3 3 3 3 3 3 3 3 3 3 3 3 3 3 3 3 3 3 3 3 3 3 3 3 3 3 3 3 3 3 3 3 3 3 3 3 3 3 3 3 3 3 3 3 3 3 3 3 3 3 3 3 3 3 3 3 3 3 3 3 3 3 3 3 3 3 3 3 3 3 3 3 3 3 3 3 3 3 3 3 3 3 3 3 3 3 3 3 3 3 3 3 3 3 3 3 3 3 3 3 3 3 3 3 3 3 3 3 3 3 3 3 3 3 3 3 3 3 3 3 3 3 3 3 3 3 3 3 3 3 3 3 3 3 3 3 3 3 3 3 3 3 3 3 3 3 3 3 3 3 3 3 3 3 3 3 3 3 3 3 3 3 3 3 3 3 3 3 3 3 3 3 3 3 3 3 3 3 3 3 3 3 3 3 3 3 3 3 3 3 3 3 3 3 3 3 3 3 3 3 3 3 3 3 3 3 3 3 3 3 3 3 3 3 3 3 3 3 3 3 3 3 3 3 3 3 3 3 3 3 3 3 3 3 3 3 3 3 3 3 3 3 3 3 3 3 3 3 3 3 3 3 3 3 3 3 3 3 3 3 3 3 3 3 3 3 3 3 3 3 3 3 3 3 3 3 3 3 3 3 3 3 3 3 3 3 3 3 3 3 3 3 3 3 3 3 3 3 3 3 3 3 3 3 3 3 3 3 3 3 3 3 3 3 3 3 3 3 3 3 3 3 3 3 3 3 3 3 3 3 3 3 3 3 3 3 3 3 3 3 3 3 3 3 3 3 3 3 3 3 3 3 3 3 3 3 3 3 3 3 3 3 3 3 3 3 3 3 3 3 3 3 3 3 3 3 3 3 3 3 3 3 3 3 3 3 3 3 3 3 3 3 3 3 3 3 3 3 3 3 3 3 3 3 3 3 3 3 3 3 3 3 3 3 3 3 3 3 3 3 3 3 3 3 3 3 3 3 3 3 3 3 3 3 3 3 3 3 3 3 3 3 3 3 3 3 3 3 3 3 3 3 3 3 3 3 3 3 3 3 3 3 3 3 3 3 3 3 3 3 3 3 3 3 3 3 3 3 3 3 3 3 3 3 3 3 3 3 3 3 3 3 3 3 3 3 3 3 3 3 3 3 3 3 3 3 3 3 3 3 3 3 3 3 3 3 3 3 3 3 3 3 3 3 3 3 3 3 3 3 3 3 3 3 3 3 3 3 3 3 3 3 3 3 3 3 3 3 3 3 3 3 3 3 3 3 3 3 3 3 3 3 3 3 3 3 3 3 3 3 3 3 3 3 3 3 3 3 3 3 3 3 3 3 3 3 3 3 3 3 3 3 3 3 3 3 3 3 3 3 3 3 3 3 3 3 3 3 3 3 3 3 3 3 3 3 3 3 3 3 3 3 3 3 3 3 3 3 3 3 3 3 3 3 3 3 3 3 3 3 3 3 3 3 3 3 3 3 3 3 3 3 3 3 3 3 3 3 3 3 3 3 3 3 3 3 3 3 3 3 3 3 3 3 3 3 3 3 3 3 3 3 3 3 3 3 3 3 3 3 3 3 3 3 3 3 3 3 3 3 3 3 3 3 3 3 3 3 3 3 3 3 3 3 3 3 3 3 3 3 3 3 3 3 3 3 3 3 3 3 3 3 3 3 3 3 3 3 3 3 3 3 3 3 3 3 3 3 3 3 3 3 3 3 3 3 3 3 3 3 3 3 3 3 3 3 3 3 3 3 3 3 3 3 3 3 3 3 3 3 3 3 3 3 3 3 3 3 3 3 3 3 3 3 3 3 3 3 3 3 3 3 3 3 3 3 3 3 3 3 3 3 3 3 3 3 3 3 3 3 3 3 3 3 3 3 3 3 3 3 3 3 3 3 3 3 3 3 3 3 3 3 3 3 3 3 3 3 3 3 3 3 3 3 3 3 3 3 3 3 3 3 3 3 3 3 3 3 3 3 3 3 3 3 3 3 3 3 3 3 3 3 3 3 3 3 3 3 3 3 3 3 3 3 3 3 3 3 3 3 3 3 3 3 3 3 3 3 3 3 3 3 3 3 3 3 3 3 3 3 3 3 3 3 3 3 3 3 3 3 3 3 3 3 3 3 3 3 3 3 3 3 3 3 3 3 3 3 3 3 3 3 3 3 3 3 3 3 3 3 3 3 3 3 3 3 3 3 3 3 3 3 3 3 3 3 3 3 3 3 3 3 3 3 3 3 3 3 3 3 3 3 3 3 3 3 3 3 3 3 3 3 3 3 3 3 3 3 3 3 3 3 3 3 3 3 3 3 3 3 3 3 3 3 3 3 3 3 3 3 3 3 3 3 3 3 3 3 3 3 3 3 3 3 3 3 3 3 3 3 3 3 3 3 3 3 3 3 3 3 3 3 3 3 3 3 3 3 3 3 3 3 3 3 3 3 3 3 3 3 3 3 3 3 3 3 3 3 3 3 3 3 3 3 3 3 3 3 3 3 3 3 3 3 3 3 3 3 3 3 3 3 3 3 3 3 3 3 3 3 3 3 3 3 3 3 3 3 3 3 3 3 3 3 3 3 3 3 3 3 3 3 3 3 3 3 3 3 3 3 3 3 3 3 3 3 3 3 3 3 3 3 3 3 3 3 3 3 3 3 3 3 3 3 3 3 3 3 3 3 3 3 3 3 3 3 3 3 3 3 3 3 3 3 3 3 3 3 3 3 3 3 3 3 3 3 3 3 3 3 3 3 3 3 3 3 3 3 3 3 3 3 3 3 3 3 3 3 3 3 3 3 3 3 3 3 3 3 3 3 3 3 3 3 3 3 3 3 3 3 3 3 3 3 3 3 3 3 3 3 3 3 3 3 3 3 3 3 3 3 3 3 3 3 3 3 3 3 3 3 3 3 3 3 3 3 3 3 3 3 3 3 3 3 3 3 3 3 3 3 3 3 3 3 3 3 3 3 3 3 3 3 3 3 3 3 3 3 3 3 3 3 3 3 3 3 3 3 3 3 3 3 3 3 3 3 3 3 3 3 3 3 3 3 3 3 3 3 3 3 3 3 3 3 3 3 3 3 3 3 3 3 3 3 3 3 3 3 3 3 3 3 3 3 3 3 3 3 3 3 3 3 3 3 3 3 3 3 3 3 3 3 3 3 3 3 3 3 3 3 3 3 3 3 3 3 3 3 3 3 3 3 3 3 3 3 3 3 3 3 3 3 3 3 3 3 3 3 3 3 3 3 3 3 3 3 3 3 3 3 3 3 3 3 3 3 3 3 3 3 3 3 3 3 3 3 3 3 3 3 3 3 3 3 3 3 3 3 3 3 3 3 3 3 3 3 3 3 3 3 3 3 3 3 3 3 3 3 3 3 3 3 3 3 3 3 3 3 3 3 3 3 3 3 3 3 3 3 3 3 3 3 3 3 3 3 3 3 3 3 3 3 3 3 3 3 3 3 3 3 3 3 3 3 3 3 3 3 3 3 3 3 3 3 3 3 3 3 3 3 3 3 3 3 3 3 3 3 3 3 3 3 3 3 3 3 3 3 3 3 3 3 3 3 3 3 3 3 3 3 3 3 3 3 3 3 3 3 3 3 3 3 3 3 3 3 3 3 3 3 3 3 3 3 3 3 3 3 3 3 3 3 3 3 3 3 3 3 3 3 3 3 3 3 3 3 3 3 3 3 3 3 3 3 3 3 3 3 3 3 3 3 3 3 3 3 3 3 3 3 3 3 3 3 3 3 3 3 3 3 3 3 3 3 3 3 3 3 3 3 3 3 3 3 3 3 3 3 3 3 3 3 3 3 3 3 3 3 3 3 3 3 3 3 3 3 3 3 3 3 3 3 3 3 3 3 3 3 3 3 3 3 3 3 3 3 3 3 3 3 3 3 3 3 3 3 3 3 3 3 3 3 3 3 3 3 3 3 3 3 3 3 3 3 3 3 3 3 3 3 3 3 3 3 3 3 3 3 3 3 3 3 3 3 3 3 3 3 3 3 3 3 3 3 3 3 3 3 3 3 3 3 3 3 3 3 3 3 3</vcount>
					<p>105 2 0 190 1 0 116 0 0 116 0 0 190 1 0 192 3 0 190 1 0 104 4 0 192 3 0 192 3 0 104 4 0 115 5 0 104 4 0 189 6 0 115 5 0 115 5 0 189 6 0 191 7 0 189 6 0 103 8 0 191 7 0 191 7 0 103 8 0 114 9 0 95 11 0 188 10 0 105 2 0 105 2 0 188 10 0 190 1 0 188 10 0 94 12 0 190 1 0 190 1 0 94 12 0 104 4 0 94 12 0 187 13 0 104 4 0 104 4 0 187 13 0 189 6 0 187 13 0 93 14 0 189 6 0 189 6 0 93 14 0 103 8 0 87 16 0 184 15 0 95 11 0 95 11 0 184 15 0 188 10 0 184 15 0 86 17 0 188 10 0 188 10 0 86 17 0 94 12 0 86 17 0 183 18 0 94 12 0 94 12 0 183 18 0 187 13 0 183 18 0 85 19 0 187 13 0 187 13 0 85 19 0 93 14 0 85 19 0 182 20 0 93 14 0 93 14 0 182 20 0 186 21 0 182 20 0 84 22 0 186 21 0 186 21 0 84 22 0 92 23 0 80 26 0 181 25 0 88 24 0 88 24 0 181 25 0 185 27 0 181 25 0 79 28 0 185 27 0 185 27 0 79 28 0 87 16 0 79 28 0 180 29 0 87 16 0 87 16 0 180 29 0 184 15 0 180 29 0 78 30 0 184 15 0 184 15 0 78 30 0 86 17 0 78 30 0 179 31 0 86 17 0 86 17 0 179 31 0 183 18 0 179 31 0 77 32 0 183 18 0 183 18 0 77 32 0 85 19 0 77 32 0 178 33 0 85 19 0 85 19 0 178 33 0 182 20 0 178 33 0 76 34 0 182 20 0 182 20 0 76 34 0 84 22 0 73 36 0 177 35 0 80 26 0 80 26 0 177 35 0 181 25 0 177 35 0 72 37 0 181 25 0 181 25 0 72 37 0 79 28 0 72 37 0 176 38 0 79 28 0 79 28 0 176 38 0 180 29 0 176 38 0 71 39 0 180 29 0 180 29 0 71 39 0 78 30 0 71 39 0 175 40 0 78 30 0 78 30 0 175 40 0 179 31 0 175 40 0 70 41 0 179 31 0 179 31 0 70 41 0 77 32 0 70 41 0 174 42 0 77 32 0 77 32 0 174 42 0 178 33 0 174 42 0 69 43 0 178 33 0 178 33 0 69 43 0 76 34 0 66 45 0 173 44 0 73 36 0 73 36 0 173 44 0 177 35 0 173 44 0 65 46 0 177 35 0 177 35 0 65 46 0 72 37 0 65 46 0 172 47 0 72 37 0 72 37 0 172 47 0 176 38 0 4 48 0 176 38 0 172 47 0 4 48 0 71 39 0 176 38 0 71 39 0 4 48 0 231 49 0 230 50 0 71 39 0 231 49 0 71 39 0 230 50 0 175 40 0 229 51 0 175 40 0 230 50 0 175 40 0 229 51 0 70 41 0 228 52 0 70 41 0 229 51 0 70 41 0 228 52 0 174 42 0 227 53 0 174 42 0 228 52 0 227 53 0 69 43 0 174 42 0 227 53 0 64 54 0 69 43 0 61 56 0 171 55 0 66 45 0 66 45 0 171 55 0 173 44 0 234 57 0 173 44 0 171 55 0 234 57 0 65 46 0 173 44 0 233 58 0 65 46 0 234 57 0 65 46 0 233 58 0 172 47 0 4 48 0 172 47 0 233 58 0 61 56 0 235 59 0 171 55 0 234 57 0 171 55 0 235 59 0 533 62 0 170 61 0 534 60 0 170 61 0 169 63 0 534 60 0 534 60 0 169 63 0 1224 64 0 169 63 0 168 65 0 1224 64 0 1224 64 0 168 65 0 525 66 0 525 66 0 168 65 0 37 67 0 37 67 0 168 65 0 527 68 0 527 68 0 168 65 0 35 69 0 35 69 0 168 65 0 34 70 0 168 65 0 167 71 0 34 70 0 34 70 0 167 71 0 33 72 0 157 75 0 166 74 0 532 73 0 532 73 0 166 74 0 533 62 0 166 74 0 165 76 0 533 62 0 533 62 0 165 76 0 170 61 0 165 76 0 164 77 0 170 61 0 170 61 0 164 77 0 169 63 0 164 77 0 163 78 0 169 63 0 169 63 0 163 78 0 168 65 0 163 78 0 162 79 0 168 65 0 168 65 0 162 79 0 167 71 0 162 79 0 161 80 0 167 71 0 33 72 0 167 71 0 161 80 0 33 72 0 161 80 0 32 81 0 32 81 0 161 80 0 459 82 0 459 82 0 161 80 0 30 83 0 161 80 0 160 84 0 30 83 0 30 83 0 160 84 0 29 85 0 530 86 0 159 87 0 43 86 0 159 87 0 158 88 0 43 86 0 43 86 0 158 88 0 157 75 0 43 86 0 157 75 0 532 73 0 157 75 0 156 89 0 166 74 0 166 74 0 156 89 0 165 76 0 156 89 0 155 90 0 165 76 0 165 76 0 155 90 0 164 77 0 155 90 0 154 91 0 164 77 0 164 77 0 154 91 0 163 78 0 154 91 0 153 92 0 163 78 0 163 78 0 153 92 0 162 79 0 153 92 0 152 93 0 162 79 0 162 79 0 152 93 0 161 80 0 152 93 0 151 94 0 161 80 0 161 80 0 151 94 0 160 84 0 151 94 0 150 95 0 160 84 0 29 85 0 160 84 0 150 95 0 29 85 0 150 95 0 28 96 0 150 95 0 149 97 0 28 96 0 28 96 0 149 97 0 27 98 0 529 100 0 148 99 0 530 86 0 148 99 0 147 101 0 530 86 0 530 86 0 147 101 0 159 87 0 147 101 0 146 102 0 159 87 0 159 87 0 146 102 0 158 88 0 146 102 0 145 103 0 158 88 0 158 88 0 145 103 0 157 75 0 145 103 0 144 104 0 157 75 0 157 75 0 144 104 0 156 89 0 144 104 0 143 105 0 156 89 0 156 89 0 143 105 0 155 90 0 143 105 0 142 106 0 155 90 0 155 90 0 142 106 0 154 91 0 142 106 0 141 107 0 154 91 0 154 91 0 141 107 0 153 92 0 141 107 0 140 108 0 153 92 0 153 92 0 140 108 0 152 93 0 140 108 0 139 109 0 152 93 0 152 93 0 139 109 0 151 94 0 139 109 0 138 110 0 151 94 0 151 94 0 138 110 0 150 95 0 138 110 0 137 111 0 150 95 0 150 95 0 137 111 0 149 97 0 137 111 0 136 112 0 149 97 0 27 98 0 149 97 0 26 113 0 149 97 0 136 112 0 26 113 0 136 112 0 135 114 0 26 113 0 529 100 0 134 115 0 148 99 0 529 100 0 559 116 0 134 115 0 134 115 0 133 117 0 148 99 0 148 99 0 133 117 0 147 101 0 133 117 0 132 118 0 147 101 0 147 101 0 132 118 0 146 102 0 132 118 0 131 119 0 146 102 0 146 102 0 131 119 0 145 103 0 131 119 0 130 120 0 145 103 0 145 103 0 130 120 0 144 104 0 130 120 0 129 121 0 144 104 0 144 104 0 129 121 0 143 105 0 129 121 0 128 122 0 143 105 0 143 105 0 128 122 0 142 106 0 128 122 0 127 123 0 142 106 0 142 106 0 127 123 0 141 107 0 127 123 0 126 124 0 141 107 0 141 107 0 126 124 0 140 108 0 126 124 0 125 125 0 140 108 0 140 108 0 125 125 0 139 109 0 125 125 0 124 126 0 139 109 0 139 109 0 124 126 0 138 110 0 124 126 0 123 127 0 138 110 0 138 110 0 123 127 0 137 111 0 123 127 0 122 128 0 137 111 0 137 111 0 122 128 0 136 112 0 122 128 0 121 129 0 136 112 0 136 112 0 121 129 0 135 114 0 26 113 0 135 114 0 1032 130 0 135 114 0 24 131 0 1032 130 0 558 132 0 134 115 0 559 116 0 134 115 0 558 132 0 133 117 0 120 133 0 133 117 0 558 132 0 557 134 0 120 133 0 558 132 0 120 133 0 119 135 0 133 117 0 133 117 0 119 135 0 132 118 0 119 135 0 118 136 0 132 118 0 132 118 0 118 136 0 131 119 0 118 136 0 117 137 0 131 119 0 131 119 0 117 137 0 130 120 0 117 137 0 116 0 0 130 120 0 130 120 0 116 0 0 129 121 0 116 0 0 192 3 0 129 121 0 129 121 0 192 3 0 128 122 0 128 122 0 192 3 0 115 5 0 115 5 0 191 7 0 128 122 0 128 122 0 191 7 0 127 123 0 127 123 0 191 7 0 114 9 0 114 9 0 113 138 0 127 123 0 127 123 0 113 138 0 126 124 0 113 138 0 112 139 0 126 124 0 126 124 0 112 139 0 125 125 0 112 139 0 111 140 0 125 125 0 125 125 0 111 140 0 124 126 0 111 140 0 110 141 0 124 126 0 124 126 0 110 141 0 123 127 0 110 141 0 109 142 0 123 127 0 123 127 0 109 142 0 122 128 0 391 144 0 122 128 0 22 143 0 391 144 0 121 129 0 122 128 0 121 129 0 391 144 0 24 131 0 135 114 0 121 129 0 24 131 0 120 133 0 557 134 0 119 135 0 108 145 0 119 135 0 557 134 0 556 146 0 108 145 0 557 134 0 108 145 0 107 147 0 119 135 0 119 135 0 107 147 0 118 136 0 107 147 0 106 148 0 118 136 0 118 136 0 106 148 0 117 137 0 106 148 0 105 2 0 117 137 0 117 137 0 105 2 0 116 0 0 103 8 0 102 149 0 114 9 0 114 9 0 102 149 0 113 138 0 102 149 0 101 150 0 113 138 0 113 138 0 101 150 0 112 139 0 101 150 0 100 151 0 112 139 0 112 139 0 100 151 0 111 140 0 100 151 0 99 152 0 111 140 0 111 140 0 99 152 0 110 141 0 99 152 0 98 153 0 110 141 0 110 141 0 98 153 0 109 142 0 21 154 0 109 142 0 98 153 0 109 142 0 21 154 0 22 143 0 122 128 0 109 142 0 22 143 0 556 146 0 107 147 0 108 145 0 107 147 0 556 146 0 50 155 0 97 156 0 107 147 0 50 155 0 51 157 0 97 156 0 50 155 0 97 156 0 96 158 0 107 147 0 107 147 0 96 158 0 106 148 0 96 158 0 95 11 0 106 148 0 106 148 0 95 11 0 105 2 0 93 14 0 186 21 0 103 8 0 103 8 0 186 21 0 102 149 0 102 149 0 186 21 0 92 23 0 92 23 0 91 159 0 102 149 0 102 149 0 91 159 0 101 150 0 91 159 0 90 160 0 101 150 0 101 150 0 90 160 0 100 151 0 90 160 0 89 161 0 100 151 0 100 151 0 89 161 0 99 152 0 19 162 0 99 152 0 89 161 0 19 162 0 98 153 0 99 152 0 20 163 0 98 153 0 19 162 0 21 154 0 98 153 0 20 163 0 88 24 0 97 156 0 51 157 0 88 24 0 96 158 0 97 156 0 52 164 0 88 24 0 51 157 0 88 24 0 185 27 0 96 158 0 96 158 0 185 27 0 95 11 0 95 11 0 185 27 0 87 16 0 84 22 0 83 165 0 92 23 0 92 23 0 83 165 0 91 159 0 83 165 0 82 166 0 91 159 0 91 159 0 82 166 0 90 160 0 82 166 0 81 167 0 90 160 0 90 160 0 81 167 0 89 161 0 18 168 0 89 161 0 81 167 0 19 162 0 89 161 0 18 168 0 80 26 0 88 24 0 52 164 0 53 169 0 80 26 0 52 164 0 76 34 0 75 170 0 84 22 0 84 22 0 75 170 0 83 165 0 75 170 0 74 171 0 83 165 0 83 165 0 74 171 0 82 166 0 17 172 0 82 166 0 74 171 0 17 172 0 81 167 0 82 166 0 18 168 0 81 167 0 17 172 0 73 36 0 80 26 0 53 169 0 54 173 0 73 36 0 53 169 0 69 43 0 68 174 0 76 34 0 76 34 0 68 174 0 75 170 0 68 174 0 67 175 0 75 170 0 75 170 0 67 175 0 74 171 0 398 176 0 74 171 0 67 175 0 17 172 0 74 171 0 398 176 0 66 45 0 73 36 0 54 173 0 55 177 0 66 45 0 54 173 0 64 54 0 63 178 0 69 43 0 69 43 0 63 178 0 68 174 0 63 178 0 62 179 0 68 174 0 68 174 0 62 179 0 67 175 0 15 180 0 67 175 0 62 179 0 398 176 0 67 175 0 15 180 0 61 56 0 66 45 0 55 177 0 56 181 0 61 56 0 55 177 0 226 182 0 64 54 0 227 53 0 64 54 0 226 182 0 63 178 0 60 183 0 63 178 0 226 182 0 225 184 0 60 183 0 226 182 0 60 183 0 59 185 0 63 178 0 63 178 0 59 185 0 62 179 0 400 186 0 62 179 0 59 185 0 15 180 0 62 179 0 400 186 0 235 59 0 61 56 0 56 181 0 235 59 0 56 181 0 548 187 0 60 183 0 225 184 0 59 185 0 58 188 0 59 185 0 225 184 0 224 189 0 58 188 0 225 184 0 13 190 0 59 185 0 58 188 0 400 186 0 59 185 0 13 190 0 13 190 0 58 188 0 224 189 0 256 193 0 250 192 0 202 191 0 202 191 0 250 192 0 201 194 0 251 195 0 201 194 0 250 192 0 201 194 0 251 195 0 1119 196 0 252 197 0 1119 196 0 251 195 0 1119 196 0 252 197 0 199 198 0 199 198 0 252 197 0 253 199 0 263 202 0 254 201 0 756 200 0 756 200 0 254 201 0 757 203 0 255 204 0 757 203 0 254 201 0 757 203 0 255 204 0 256 193 0 757 203 0 256 193 0 202 191 0 257 205 0 250 192 0 256 193 0 251 195 0 250 192 0 257 205 0 258 206 0 251 195 0 257 205 0 252 197 0 251 195 0 258 206 0 259 207 0 252 197 0 258 206 0 253 199 0 252 197 0 259 207 0 199 198 0 253 199 0 743 208 0 253 199 0 259 207 0 743 208 0 260 209 0 743 208 0 259 207 0 743 208 0 260 209 0 744 210 0 261 211 0 744 210 0 260 209 0 754 214 0 262 213 0 755 212 0 263 202 0 755 212 0 262 213 0 755 212 0 263 202 0 756 200 0 263 202 0 264 215 0 254 201 0 265 216 0 254 201 0 264 215 0 255 204 0 254 201 0 265 216 0 266 217 0 255 204 0 265 216 0 256 193 0 255 204 0 266 217 0 267 218 0 256 193 0 266 217 0 257 205 0 256 193 0 267 218 0 268 219 0 257 205 0 267 218 0 258 206 0 257 205 0 268 219 0 269 220 0 258 206 0 268 219 0 259 207 0 258 206 0 269 220 0 270 221 0 259 207 0 269 220 0 260 209 0 259 207 0 270 221 0 271 222 0 260 209 0 270 221 0 261 211 0 260 209 0 271 222 0 744 210 0 261 211 0 745 223 0 261 211 0 271 222 0 745 223 0 272 224 0 745 223 0 271 222 0 753 227 0 287 226 0 273 225 0 753 227 0 273 225 0 754 214 0 754 214 0 273 225 0 274 228 0 754 214 0 274 228 0 262 213 0 275 229 0 262 213 0 274 228 0 263 202 0 262 213 0 275 229 0 276 230 0 263 202 0 275 229 0 264 215 0 263 202 0 276 230 0 277 231 0 264 215 0 276 230 0 265 216 0 264 215 0 277 231 0 278 232 0 265 216 0 277 231 0 266 217 0 265 216 0 278 232 0 279 233 0 266 217 0 278 232 0 267 218 0 266 217 0 279 233 0 280 234 0 267 218 0 279 233 0 268 219 0 267 218 0 280 234 0 281 235 0 268 219 0 280 234 0 269 220 0 268 219 0 281 235 0 282 236 0 269 220 0 281 235 0 270 221 0 269 220 0 282 236 0 283 237 0 270 221 0 282 236 0 271 222 0 270 221 0 283 237 0 284 238 0 271 222 0 283 237 0 272 224 0 271 222 0 284 238 0 745 223 0 272 224 0 195 223 0 272 224 0 284 238 0 195 223 0 285 239 0 195 223 0 284 238 0 195 223 0 285 239 0 194 210 0 286 240 0 194 210 0 285 239 0 211 243 0 209 242 0 1086 241 0 287 226 0 769 244 0 209 242 0 211 243 0 287 226 0 209 242 0 769 244 0 287 226 0 753 227 0 287 226 0 288 245 0 273 225 0 289 246 0 273 225 0 288 245 0 274 228 0 273 225 0 289 246 0 290 247 0 274 228 0 289 246 0 275 229 0 274 228 0 290 247 0 291 248 0 275 229 0 290 247 0 276 230 0 275 229 0 291 248 0 292 249 0 276 230 0 291 248 0 277 231 0 276 230 0 292 249 0 293 250 0 277 231 0 292 249 0 278 232 0 277 231 0 293 250 0 294 251 0 278 232 0 293 250 0 279 233 0 278 232 0 294 251 0 295 252 0 279 233 0 294 251 0 280 234 0 279 233 0 295 252 0 296 253 0 280 234 0 295 252 0 281 235 0 280 234 0 296 253 0 297 254 0 281 235 0 296 253 0 282 236 0 281 235 0 297 254 0 298 255 0 282 236 0 297 254 0 283 237 0 282 236 0 298 255 0 299 256 0 283 237 0 298 255 0 284 238 0 283 237 0 299 256 0 300 257 0 284 238 0 299 256 0 285 239 0 284 238 0 300 257 0 301 258 0 285 239 0 300 257 0 286 240 0 285 239 0 301 258 0 193 259 0 286 240 0 301 258 0 194 210 0 286 240 0 193 259 0 303 261 0 287 226 0 813 260 0 287 226 0 211 243 0 813 260 0 213 262 0 303 261 0 813 260 0 288 245 0 287 226 0 303 261 0 304 263 0 288 245 0 303 261 0 289 246 0 288 245 0 304 263 0 305 264 0 289 246 0 304 263 0 290 247 0 289 246 0 305 264 0 306 265 0 290 247 0 305 264 0 291 248 0 290 247 0 306 265 0 307 266 0 291 248 0 306 265 0 292 249 0 291 248 0 307 266 0 308 267 0 292 249 0 307 266 0 293 250 0 292 249 0 308 267 0 368 268 0 293 250 0 308 267 0 309 269 0 293 250 0 368 268 0 294 251 0 293 250 0 309 269 0 310 270 0 294 251 0 309 269 0 295 252 0 294 251 0 310 270 0 311 271 0 295 252 0 310 270 0 296 253 0 295 252 0 311 271 0 312 272 0 296 253 0 311 271 0 297 254 0 296 253 0 312 272 0 313 273 0 297 254 0 312 272 0 298 255 0 297 254 0 313 273 0 314 274 0 298 255 0 313 273 0 299 256 0 298 255 0 314 274 0 842 275 0 299 256 0 314 274 0 300 257 0 299 256 0 842 275 0 841 276 0 300 257 0 842 275 0 301 258 0 300 257 0 841 276 0 193 259 0 301 258 0 841 276 0 811 278 0 315 277 0 213 262 0 213 262 0 315 277 0 303 261 0 316 279 0 303 261 0 315 277 0 304 263 0 303 261 0 316 279 0 317 280 0 304 263 0 316 279 0 305 264 0 304 263 0 317 280 0 318 281 0 305 264 0 317 280 0 306 265 0 305 264 0 318 281 0 319 282 0 306 265 0 318 281 0 307 266 0 306 265 0 319 282 0 320 283 0 307 266 0 319 282 0 308 267 0 307 266 0 320 283 0 371 285 0 309 269 0 321 284 0 322 286 0 309 269 0 371 285 0 310 270 0 309 269 0 322 286 0 323 287 0 310 270 0 322 286 0 311 271 0 310 270 0 323 287 0 324 288 0 311 271 0 323 287 0 312 272 0 311 271 0 324 288 0 325 289 0 312 272 0 324 288 0 313 273 0 312 272 0 325 289 0 843 290 0 313 273 0 325 289 0 843 290 0 314 274 0 313 273 0 842 275 0 314 274 0 843 290 0 810 291 0 315 277 0 811 278 0 326 292 0 315 277 0 810 291 0 809 293 0 326 292 0 810 291 0 316 279 0 315 277 0 326 292 0 327 294 0 316 279 0 326 292 0 317 280 0 316 279 0 327 294 0 328 295 0 317 280 0 327 294 0 318 281 0 317 280 0 328 295 0 329 296 0 318 281 0 328 295 0 319 282 0 318 281 0 329 296 0 373 297 0 319 282 0 329 296 0 330 298 0 319 282 0 373 297 0 320 283 0 319 282 0 330 298 0 333 300 0 322 286 0 332 299 0 323 287 0 322 286 0 333 300 0 334 301 0 323 287 0 333 300 0 324 288 0 323 287 0 334 301 0 244 302 0 324 288 0 334 301 0 325 289 0 324 288 0 244 302 0 844 303 0 325 289 0 244 302 0 843 290 0 325 289 0 844 303 0 218 306 0 335 305 0 217 304 0 335 305 0 809 293 0 217 304 0 809 293 0 335 305 0 326 292 0 336 307 0 326 292 0 335 305 0 327 294 0 326 292 0 336 307 0 337 308 0 327 294 0 336 307 0 328 295 0 327 294 0 337 308 0 338 309 0 328 295 0 337 308 0 329 296 0 328 295 0 338 309 0 380 311 0 332 299 0 341 310 0 342 312 0 332 299 0 380 311 0 333 300 0 332 299 0 342 312 0 343 313 0 333 300 0 342 312 0 334 301 0 333 300 0 343 313 0 846 314 0 334 301 0 343 313 0 244 302 0 334 301 0 846 314 0 344 315 0 335 305 0 218 306 0 219 316 0 344 315 0 218 306 0 336 307 0 335 305 0 344 315 0 345 317 0 336 307 0 344 315 0 337 308 0 336 307 0 345 317 0 346 318 0 337 308 0 345 317 0 338 309 0 337 308 0 346 318 0 242 320 0 342 312 0 350 319 0 242 320 0 343 313 0 342 312 0 846 314 0 343 313 0 242 320 0 805 322 0 351 321 0 219 316 0 219 316 0 351 321 0 344 315 0 352 323 0 344 315 0 351 321 0 345 317 0 344 315 0 352 323 0 353 324 0 345 317 0 352 323 0 346 318 0 345 317 0 353 324 0 848 326 0 350 319 0 357 325 0 242 320 0 350 319 0 848 326 0 221 328 0 358 327 0 805 322 0 805 322 0 358 327 0 351 321 0 359 329 0 351 321 0 358 327 0 352 323 0 351 321 0 359 329 0 360 330 0 352 323 0 359 329 0 353 324 0 352 323 0 360 330 0 239 332 0 357 325 0 362 331 0 849 333 0 357 325 0 239 332 0 848 326 0 357 325 0 849 333 0 222 335 0 363 334 0 221 328 0 221 328 0 363 334 0 358 327 0 364 336 0 358 327 0 363 334 0 359 329 0 358 327 0 364 336 0 226 337 0 359 329 0 364 336 0 360 330 0 359 329 0 226 337 0 227 338 0 360 330 0 226 337 0 353 324 0 360 330 0 227 338 0 851 340 0 362 331 0 365 339 0 239 332 0 362 331 0 851 340 0 223 342 0 366 341 0 222 335 0 222 335 0 366 341 0 363 334 0 225 343 0 363 334 0 366 341 0 364 336 0 363 334 0 225 343 0 226 337 0 364 336 0 225 343 0 548 346 0 237 345 0 235 344 0 851 340 0 365 339 0 237 345 0 366 341 0 223 342 0 224 347 0 225 343 0 366 341 0 224 347 0 367 348 0 308 267 0 320 283 0 368 268 0 308 267 0 367 348 0 321 284 0 368 268 0 367 348 0 309 269 0 368 268 0 321 284 0 369 349 0 320 283 0 330 298 0 367 348 0 320 283 0 369 349 0 331 350 0 367 348 0 369 349 0 321 284 0 367 348 0 331 350 0 370 351 0 321 284 0 331 350 0 371 285 0 321 284 0 370 351 0 332 299 0 371 285 0 370 351 0 322 286 0 371 285 0 332 299 0 372 352 0 329 296 0 338 309 0 373 297 0 329 296 0 372 352 0 339 353 0 373 297 0 372 352 0 330 298 0 373 297 0 339 353 0 374 354 0 330 298 0 339 353 0 369 349 0 330 298 0 374 354 0 340 355 0 369 349 0 374 354 0 331 350 0 369 349 0 340 355 0 375 356 0 331 350 0 340 355 0 370 351 0 331 350 0 375 356 0 341 310 0 370 351 0 375 356 0 332 299 0 370 351 0 341 310 0 376 357 0 338 309 0 346 318 0 372 352 0 338 309 0 376 357 0 347 358 0 372 352 0 376 357 0 339 353 0 372 352 0 347 358 0 377 359 0 339 353 0 347 358 0 374 354 0 339 353 0 377 359 0 348 360 0 374 354 0 377 359 0 340 355 0 374 354 0 348 360 0 378 361 0 340 355 0 348 360 0 375 356 0 340 355 0 378 361 0 349 362 0 375 356 0 378 361 0 341 310 0 375 356 0 349 362 0 379 363 0 341 310 0 349 362 0 380 311 0 341 310 0 379 363 0 350 319 0 380 311 0 379 363 0 342 312 0 380 311 0 350 319 0 381 364 0 346 318 0 353 324 0 376 357 0 346 318 0 381 364 0 354 365 0 376 357 0 381 364 0 347 358 0 376 357 0 354 365 0 382 366 0 347 358 0 354 365 0 377 359 0 347 358 0 382 366 0 355 367 0 377 359 0 382 366 0 348 360 0 377 359 0 355 367 0 383 368 0 348 360 0 355 367 0 378 361 0 348 360 0 383 368 0 356 369 0 378 361 0 383 368 0 349 362 0 378 361 0 356 369 0 384 370 0 349 362 0 356 369 0 379 363 0 349 362 0 384 370 0 357 325 0 379 363 0 384 370 0 350 319 0 379 363 0 357 325 0 381 364 0 353 324 0 227 338 0 228 371 0 381 364 0 227 338 0 354 365 0 381 364 0 228 371 0 229 372 0 354 365 0 228 371 0 382 366 0 354 365 0 229 372 0 230 373 0 382 366 0 229 372 0 355 367 0 382 366 0 230 373 0 231 374 0 355 367 0 230 373 0 4 375 0 355 367 0 231 374 0 385 376 0 355 367 0 4 375 0 233 377 0 385 376 0 4 375 0 383 368 0 355 367 0 385 376 0 361 378 0 383 368 0 385 376 0 356 369 0 383 368 0 361 378 0 386 379 0 356 369 0 361 378 0 384 370 0 356 369 0 386 379 0 362 331 0 384 370 0 386 379 0 357 325 0 384 370 0 362 331 0 234 380 0 361 378 0 233 377 0 361 378 0 385 376 0 233 377 0 386 379 0 361 378 0 234 380 0 235 344 0 386 379 0 234 380 0 235 344 0 365 339 0 386 379 0 362 331 0 386 379 0 365 339 0 237 345 0 365 339 0 235 344 0 1032 383 0 418 382 0 388 381 0 24 384 0 418 382 0 1032 383 0 418 382 0 24 384 0 417 385 0 391 386 0 417 385 0 24 384 0 417 385 0 391 386 0 1093 387 0 415 388 0 1093 387 0 391 386 0 22 389 0 415 388 0 391 386 0 415 388 0 22 389 0 414 390 0 21 391 0 414 390 0 22 389 0 414 390 0 21 391 0 413 392 0 21 391 0 20 393 0 413 392 0 413 392 0 20 393 0 1097 394 0 19 395 0 1097 394 0 20 393 0 19 395 0 411 396 0 1097 394 0 411 396 0 19 395 0 410 397 0 19 395 0 18 398 0 410 397 0 410 397 0 18 398 0 1100 399 0 17 400 0 1100 399 0 18 398 0 1100 399 0 17 400 0 408 401 0 408 401 0 17 400 0 1102 402 0 17 400 0 398 403 0 1102 402 0 1102 402 0 398 403 0 1103 404 0 398 403 0 15 405 0 1103 404 0 400 406 0 1103 404 0 15 405 0 1103 404 0 400 406 0 1104 407 0 1104 407 0 400 406 0 13 408 0 1104 407 0 13 408 0 404 409 0 13 408 0 800 410 0 404 409 0 13 408 0 224 411 0 800 410 0 1200 414 0 432 413 0 1201 412 0 1201 412 0 432 413 0 1202 415 0 1233 416 0 1202 415 0 432 413 0 1233 416 0 428 417 0 1202 415 0 428 417 0 1233 416 0 434 418 0 428 417 0 434 418 0 427 419 0 426 420 0 427 419 0 434 418 0 435 421 0 426 420 0 434 418 0 426 420 0 435 421 0 1230 422 0 426 420 0 1230 422 0 1206 423 0 437 424 0 1206 423 0 1230 422 0 1206 423 0 437 424 0 1207 425 0 437 424 0 438 426 0 1207 425 0 1227 427 0 1207 425 0 438 426 0 1207 425 0 1227 427 0 1208 428 0 1208 428 0 1227 427 0 1226 429 0 1208 428 0 1226 429 0 1209 430 0 1225 431 0 1209 430 0 1226 429 0 1209 430 0 1225 431 0 1180 432 0 442 433 0 1180 432 0 1225 431 0 1180 432 0 442 433 0 1181 432 0 442 433 0 1223 434 0 1181 432 0 1181 432 0 1223 434 0 1360 435 0 1360 435 0 1223 434 0 1361 436 0 1361 436 0 1223 434 0 482 437 0 482 437 0 1223 434 0 1350 438 0 1222 439 0 1350 438 0 1223 434 0 1222 439 0 480 440 0 1350 438 0 1222 439 0 479 441 0 480 440 0 1020 442 0 1019 441 0 479 441 0 476 443 0 1020 442 0 479 441 0 1222 439 0 476 443 0 479 441 0 476 443 0 1222 439 0 445 444 0 475 445 0 476 443 0 445 444 0 1220 446 0 475 445 0 445 444 0 475 445 0 1220 446 0 1219 447 0 475 445 0 1219 447 0 474 448 0 1024 449 0 474 448 0 1219 447 0 1218 450 0 1024 449 0 1219 447 0 1024 449 0 1218 450 0 1217 451 0 1024 449 0 1217 451 0 472 452 0 1026 453 0 472 452 0 1217 451 0 1216 454 0 1026 453 0 1217 451 0 1026 453 0 1216 454 0 451 455 0 1026 453 0 451 455 0 470 456 0 1214 457 0 470 456 0 451 455 0 470 456 0 1214 457 0 469 458 0 1029 459 0 469 458 0 1214 457 0 453 460 0 1029 459 0 1214 457 0 1029 459 0 453 460 0 1212 461 0 1029 459 0 1212 461 0 467 462 0 1031 463 0 467 462 0 1212 461 0 1211 464 0 1031 463 0 1212 461 0 1031 463 0 1211 464 0 456 465 0 1031 463 0 456 465 0 1032 466 0 1032 466 0 456 465 0 1320 467 0 1032 466 0 1320 467 0 1319 468 0 1032 466 0 1319 468 0 459 468 0 26 466 0 1032 466 0 459 468 0 459 468 0 30 466 0 29 466 0 459 468 0 28 466 0 27 466 0 459 468 0 27 466 0 26 466 0 459 468 0 29 466 0 28 466 0 502 471 0 490 470 0 1314 469 0 1365 472 0 502 471 0 1314 469 0 490 470 0 502 471 0 1316 473 0 502 471 0 501 474 0 1316 473 0 1316 473 0 501 474 0 1317 475 0 501 474 0 500 476 0 1317 475 0 1317 475 0 500 476 0 487 477 0 1319 478 0 487 477 0 500 476 0 459 82 0 1319 478 0 500 476 0 502 471 0 1365 472 0 511 437 0 510 479 0 502 471 0 511 437 0 502 471 0 510 479 0 501 474 0 495 480 0 501 474 0 510 479 0 501 474 0 495 480 0 500 476 0 33 72 0 500 476 0 495 480 0 459 82 0 500 476 0 32 81 0 500 476 0 33 72 0 32 81 0 33 72 0 495 480 0 34 481 0 517 483 0 35 482 0 34 481 0 517 483 0 34 481 0 495 480 0 510 479 0 517 483 0 495 480 0 510 479 0 518 484 0 517 483 0 518 484 0 510 479 0 503 485 0 503 485 0 510 479 0 511 437 0 517 486 0 527 486 0 35 486 0 518 486 0 527 486 0 517 486 0 503 486 0 527 486 0 518 486 0 10 437 0 12 437 0 11 437 0 514 486 0 527 486 0 503 486 0 37 487 0 527 486 0 514 486 0 10 437 0 14 437 0 12 437 0 521 488 0 37 487 0 514 486 0 37 487 0 521 488 0 525 489 0 521 488 0 522 490 0 525 489 0 525 489 0 522 490 0 1224 491 0 522 490 0 523 437 0 1224 491 0 561 466 0 1224 492 0 1221 466 0 561 466 0 534 492 0 1224 492 0 561 466 0 533 492 0 534 492 0 561 466 0 532 492 0 533 492 0 561 466 0 43 492 0 532 492 0 561 466 0 530 492 0 43 492 0 561 466 0 529 493 0 530 492 0 583 495 0 584 495 0 738 494 0 585 495 0 738 494 0 584 495 0 738 494 0 585 495 0 737 496 0 1130 495 0 737 496 0 585 495 0 737 496 0 1130 495 0 736 497 0 1132 495 0 736 497 0 1130 495 0 736 497 0 1132 495 0 735 498 0 1135 495 0 735 498 0 1132 495 0 735 498 0 1135 495 0 734 499 0 589 495 0 734 499 0 1135 495 0 734 499 0 589 495 0 733 500 0 590 495 0 733 500 0 589 495 0 733 500 0 590 495 0 732 501 0 1136 495 0 732 501 0 590 495 0 732 501 0 1136 495 0 731 502 0 592 495 0 731 502 0 1136 495 0 731 502 0 592 495 0 730 503 0 593 495 0 730 503 0 592 495 0 730 503 0 593 495 0 729 504 0 594 495 0 729 504 0 593 495 0 729 504 0 594 495 0 728 505 0 595 495 0 728 505 0 594 495 0 728 505 0 595 495 0 727 506 0 596 495 0 727 506 0 595 495 0 727 506 0 596 495 0 726 507 0 597 495 0 726 507 0 596 495 0 726 507 0 597 495 0 725 508 0 1137 495 0 725 508 0 597 495 0 725 508 0 1137 495 0 724 509 0 599 495 0 724 509 0 1137 495 0 724 509 0 599 495 0 723 510 0 723 510 0 599 495 0 600 495 0 601 495 0 723 510 0 600 495 0 723 510 0 601 495 0 722 511 0 722 511 0 601 495 0 1138 495 0 603 495 0 722 511 0 1138 495 0 722 511 0 603 495 0 721 512 0 604 495 0 721 512 0 603 495 0 721 512 0 604 495 0 720 513 0 862 495 0 720 513 0 604 495 0 541 515 0 720 513 0 861 514 0 720 513 0 862 495 0 861 514 0 583 495 0 738 494 0 582 516 0 582 516 0 738 494 0 719 517 0 738 494 0 737 496 0 719 517 0 719 517 0 737 496 0 718 518 0 737 496 0 736 497 0 718 518 0 718 518 0 736 497 0 717 519 0 736 497 0 735 498 0 717 519 0 717 519 0 735 498 0 716 520 0 735 498 0 734 499 0 716 520 0 716 520 0 734 499 0 715 521 0 734 499 0 733 500 0 715 521 0 715 521 0 733 500 0 714 522 0 733 500 0 732 501 0 714 522 0 714 522 0 732 501 0 713 523 0 732 501 0 731 502 0 713 523 0 713 523 0 731 502 0 712 524 0 731 502 0 730 503 0 712 524 0 712 524 0 730 503 0 711 525 0 730 503 0 729 504 0 711 525 0 711 525 0 729 504 0 710 526 0 729 504 0 728 505 0 710 526 0 710 526 0 728 505 0 709 527 0 728 505 0 727 506 0 709 527 0 709 527 0 727 506 0 708 528 0 727 506 0 726 507 0 708 528 0 708 528 0 726 507 0 707 529 0 726 507 0 725 508 0 707 529 0 707 529 0 725 508 0 706 530 0 725 508 0 724 509 0 706 530 0 706 530 0 724 509 0 705 531 0 724 509 0 723 510 0 705 531 0 705 531 0 723 510 0 704 532 0 723 510 0 722 511 0 704 532 0 704 532 0 722 511 0 703 533 0 722 511 0 721 512 0 703 533 0 703 533 0 721 512 0 702 534 0 721 512 0 720 513 0 702 534 0 702 534 0 720 513 0 701 535 0 541 515 0 701 535 0 720 513 0 542 536 0 701 535 0 541 515 0 582 516 0 719 517 0 581 537 0 581 537 0 719 517 0 700 538 0 719 517 0 718 518 0 700 538 0 700 538 0 718 518 0 699 539 0 718 518 0 717 519 0 699 539 0 699 539 0 717 519 0 698 540 0 717 519 0 716 520 0 698 540 0 698 540 0 716 520 0 697 541 0 716 520 0 715 521 0 697 541 0 697 541 0 715 521 0 696 542 0 715 521 0 714 522 0 696 542 0 696 542 0 714 522 0 695 543 0 714 522 0 713 523 0 695 543 0 695 543 0 713 523 0 694 544 0 713 523 0 712 524 0 694 544 0 694 544 0 712 524 0 693 545 0 712 524 0 711 525 0 693 545 0 693 545 0 711 525 0 692 546 0 711 525 0 710 526 0 692 546 0 692 546 0 710 526 0 691 547 0 710 526 0 709 527 0 691 547 0 691 547 0 709 527 0 690 548 0 709 527 0 708 528 0 690 548 0 690 548 0 708 528 0 689 549 0 708 528 0 707 529 0 689 549 0 689 549 0 707 529 0 688 550 0 707 529 0 706 530 0 688 550 0 688 550 0 706 530 0 687 551 0 706 530 0 705 531 0 687 551 0 687 551 0 705 531 0 686 552 0 705 531 0 704 532 0 686 552 0 686 552 0 704 532 0 685 553 0 704 532 0 703 533 0 685 553 0 685 553 0 703 533 0 684 554 0 703 533 0 702 534 0 684 554 0 684 554 0 702 534 0 683 555 0 702 534 0 701 535 0 683 555 0 683 555 0 701 535 0 682 556 0 542 536 0 682 556 0 701 535 0 543 557 0 682 556 0 542 536 0 581 537 0 700 538 0 580 558 0 580 558 0 700 538 0 681 559 0 700 538 0 699 539 0 681 559 0 681 559 0 699 539 0 680 560 0 699 539 0 698 540 0 680 560 0 680 560 0 698 540 0 679 561 0 698 540 0 697 541 0 679 561 0 679 561 0 697 541 0 678 562 0 697 541 0 696 542 0 678 562 0 678 562 0 696 542 0 677 563 0 696 542 0 695 543 0 677 563 0 677 563 0 695 543 0 676 564 0 695 543 0 694 544 0 676 564 0 676 564 0 694 544 0 675 565 0 694 544 0 693 545 0 675 565 0 675 565 0 693 545 0 674 566 0 693 545 0 692 546 0 674 566 0 674 566 0 692 546 0 673 567 0 692 546 0 691 547 0 673 567 0 673 567 0 691 547 0 672 568 0 691 547 0 690 548 0 672 568 0 672 568 0 690 548 0 671 569 0 690 548 0 689 549 0 671 569 0 671 569 0 689 549 0 670 570 0 689 549 0 688 550 0 670 570 0 670 570 0 688 550 0 669 571 0 688 550 0 687 551 0 669 571 0 669 571 0 687 551 0 668 572 0 687 551 0 686 552 0 668 572 0 668 572 0 686 552 0 667 573 0 686 552 0 685 553 0 667 573 0 667 573 0 685 553 0 666 574 0 685 553 0 684 554 0 666 574 0 666 574 0 684 554 0 665 575 0 684 554 0 683 555 0 665 575 0 665 575 0 683 555 0 664 576 0 683 555 0 682 556 0 664 576 0 664 576 0 682 556 0 663 577 0 543 557 0 663 577 0 682 556 0 544 578 0 663 577 0 543 557 0 580 558 0 681 559 0 579 579 0 579 579 0 681 559 0 662 580 0 681 559 0 680 560 0 662 580 0 662 580 0 680 560 0 661 581 0 680 560 0 679 561 0 661 581 0 661 581 0 679 561 0 660 582 0 679 561 0 678 562 0 660 582 0 660 582 0 678 562 0 659 583 0 678 562 0 677 563 0 659 583 0 659 583 0 677 563 0 658 584 0 677 563 0 676 564 0 658 584 0 658 584 0 676 564 0 657 585 0 676 564 0 675 565 0 657 585 0 657 585 0 675 565 0 656 586 0 675 565 0 674 566 0 656 586 0 656 586 0 674 566 0 655 587 0 674 566 0 673 567 0 655 587 0 655 587 0 673 567 0 654 588 0 673 567 0 672 568 0 654 588 0 654 588 0 672 568 0 653 589 0 672 568 0 671 569 0 653 589 0 653 589 0 671 569 0 652 590 0 671 569 0 670 570 0 652 590 0 652 590 0 670 570 0 651 591 0 670 570 0 669 571 0 651 591 0 651 591 0 669 571 0 650 592 0 669 571 0 668 572 0 650 592 0 650 592 0 668 572 0 649 593 0 668 572 0 667 573 0 649 593 0 649 593 0 667 573 0 648 594 0 667 573 0 666 574 0 648 594 0 648 594 0 666 574 0 647 595 0 666 574 0 665 575 0 647 595 0 647 595 0 665 575 0 646 596 0 665 575 0 664 576 0 646 596 0 646 596 0 664 576 0 645 597 0 664 576 0 663 577 0 645 597 0 645 597 0 663 577 0 644 598 0 544 578 0 644 598 0 663 577 0 545 599 0 644 598 0 544 578 0 579 579 0 662 580 0 821 600 0 821 600 0 662 580 0 643 601 0 662 580 0 661 581 0 643 601 0 643 601 0 661 581 0 642 602 0 661 581 0 660 582 0 642 602 0 642 602 0 660 582 0 641 603 0 660 582 0 659 583 0 641 603 0 641 603 0 659 583 0 640 604 0 659 583 0 658 584 0 640 604 0 640 604 0 658 584 0 639 605 0 658 584 0 657 585 0 639 605 0 639 605 0 657 585 0 638 606 0 657 585 0 656 586 0 638 606 0 638 606 0 656 586 0 637 607 0 656 586 0 655 587 0 637 607 0 637 607 0 655 587 0 636 608 0 655 587 0 654 588 0 636 608 0 636 608 0 654 588 0 635 609 0 654 588 0 653 589 0 635 609 0 635 609 0 653 589 0 634 610 0 653 589 0 652 590 0 634 610 0 634 610 0 652 590 0 633 611 0 652 590 0 651 591 0 633 611 0 633 611 0 651 591 0 632 612 0 651 591 0 650 592 0 632 612 0 632 612 0 650 592 0 631 613 0 650 592 0 649 593 0 631 613 0 631 613 0 649 593 0 630 614 0 649 593 0 648 594 0 630 614 0 630 614 0 648 594 0 629 615 0 648 594 0 647 595 0 629 615 0 629 615 0 647 595 0 628 616 0 647 595 0 646 596 0 628 616 0 628 616 0 646 596 0 627 617 0 646 596 0 645 597 0 627 617 0 627 617 0 645 597 0 626 618 0 645 597 0 644 598 0 626 618 0 626 618 0 644 598 0 625 619 0 545 599 0 625 619 0 644 598 0 546 620 0 625 619 0 545 599 0 821 600 0 643 601 0 822 621 0 822 621 0 643 601 0 624 622 0 643 601 0 642 602 0 624 622 0 624 622 0 642 602 0 623 623 0 642 602 0 641 603 0 623 623 0 623 623 0 641 603 0 622 624 0 641 603 0 640 604 0 622 624 0 622 624 0 640 604 0 621 625 0 640 604 0 639 605 0 621 625 0 621 625 0 639 605 0 620 626 0 639 605 0 638 606 0 620 626 0 620 626 0 638 606 0 619 627 0 638 606 0 637 607 0 619 627 0 619 627 0 637 607 0 618 628 0 637 607 0 636 608 0 618 628 0 618 628 0 636 608 0 617 629 0 636 608 0 635 609 0 617 629 0 617 629 0 635 609 0 616 630 0 635 609 0 634 610 0 616 630 0 616 630 0 634 610 0 615 631 0 634 610 0 633 611 0 615 631 0 615 631 0 633 611 0 614 632 0 633 611 0 632 612 0 614 632 0 614 632 0 632 612 0 613 633 0 632 612 0 631 613 0 613 633 0 613 633 0 631 613 0 612 634 0 631 613 0 630 614 0 612 634 0 612 634 0 630 614 0 611 635 0 630 614 0 629 615 0 611 635 0 611 635 0 629 615 0 610 636 0 629 615 0 628 616 0 610 636 0 610 636 0 628 616 0 609 637 0 628 616 0 627 617 0 609 637 0 609 637 0 627 617 0 608 638 0 627 617 0 626 618 0 608 638 0 608 638 0 626 618 0 607 639 0 626 618 0 625 619 0 607 639 0 607 639 0 625 619 0 606 640 0 547 641 0 606 640 0 546 620 0 546 620 0 606 640 0 625 619 0 822 621 0 624 622 0 823 642 0 823 642 0 624 622 0 575 643 0 575 643 0 624 622 0 1171 644 0 1171 644 0 624 622 0 1170 645 0 624 622 0 623 623 0 1170 645 0 1170 645 0 623 623 0 572 646 0 572 646 0 623 623 0 1168 647 0 623 623 0 622 624 0 1168 647 0 1168 647 0 622 624 0 1164 648 0 1164 648 0 622 624 0 1163 649 0 622 624 0 621 625 0 1163 649 0 1163 649 0 621 625 0 568 650 0 568 650 0 621 625 0 567 651 0 621 625 0 620 626 0 567 651 0 567 651 0 620 626 0 1162 652 0 1162 652 0 620 626 0 1159 653 0 620 626 0 619 627 0 1159 653 0 1159 653 0 619 627 0 564 654 0 619 627 0 618 628 0 564 654 0 564 654 0 618 628 0 563 655 0 563 655 0 618 628 0 562 656 0 618 628 0 617 629 0 562 656 0 562 656 0 617 629 0 561 657 0 561 657 0 617 629 0 529 658 0 617 629 0 616 630 0 529 658 0 529 658 0 616 630 0 559 659 0 616 630 0 615 631 0 559 659 0 559 659 0 615 631 0 558 660 0 615 631 0 614 632 0 558 660 0 558 660 0 614 632 0 557 661 0 614 632 0 613 633 0 557 661 0 557 661 0 613 633 0 556 662 0 613 633 0 612 634 0 556 662 0 556 662 0 612 634 0 50 663 0 612 634 0 611 635 0 50 663 0 50 663 0 611 635 0 51 664 0 611 635 0 610 636 0 51 664 0 51 664 0 610 636 0 52 665 0 610 636 0 609 637 0 52 665 0 52 665 0 609 637 0 53 666 0 609 637 0 608 638 0 53 666 0 53 666 0 608 638 0 54 667 0 608 638 0 607 639 0 54 667 0 54 667 0 607 639 0 55 668 0 607 639 0 606 640 0 55 668 0 55 668 0 606 640 0 56 669 0 547 641 0 56 669 0 606 640 0 547 641 0 548 670 0 56 669 0 745 672 0 195 672 0 839 671 0 839 671 0 199 673 0 743 673 0 195 672 0 194 672 0 839 671 0 193 674 0 839 671 0 194 672 0 839 671 0 1119 672 0 199 673 0 1118 671 0 1119 672 0 839 671 0 839 671 0 744 672 0 745 672 0 839 671 0 743 673 0 744 672 0 757 677 0 202 676 0 752 675 0 756 678 0 757 677 0 752 675 0 755 679 0 756 678 0 752 675 0 754 680 0 755 679 0 752 675 0 753 227 0 754 680 0 752 675 0 202 676 0 201 681 0 752 675 0 761 683 0 201 681 0 1119 682 0 761 683 0 752 675 0 201 681 0 752 675 0 761 683 0 1121 684 0 752 675 0 1121 684 0 772 685 0 423 686 0 772 685 0 1121 684 0 772 685 0 423 686 0 750 687 0 774 689 0 777 688 0 750 437 0 750 437 0 777 688 0 772 690 0 772 690 0 777 688 0 752 691 0 753 227 0 752 691 0 777 688 0 774 689 0 775 692 0 777 688 0 777 688 0 775 692 0 1376 693 0 777 688 0 1376 693 0 1096 694 0 1098 695 0 777 688 0 1096 694 0 753 227 0 777 688 0 769 696 0 777 688 0 1098 695 0 769 696 0 1098 695 0 209 697 0 769 696 0 209 671 0 779 698 0 1086 671 0 1086 671 0 779 698 0 780 699 0 1086 671 0 780 699 0 220 700 0 1061 703 0 1086 702 0 1038 701 0 1061 703 0 211 704 0 1086 702 0 787 705 0 211 704 0 1061 703 0 211 704 0 787 705 0 813 706 0 787 705 0 788 707 0 813 706 0 813 706 0 788 707 0 789 708 0 813 706 0 789 708 0 213 709 0 789 708 0 790 710 0 213 709 0 213 709 0 790 710 0 1056 711 0 213 709 0 1056 711 0 811 712 0 811 712 0 1056 711 0 792 713 0 811 712 0 792 713 0 810 714 0 810 714 0 792 713 0 793 715 0 810 714 0 793 715 0 809 716 0 809 716 0 793 715 0 794 717 0 809 716 0 794 717 0 217 718 0 795 719 0 217 718 0 794 717 0 217 718 0 795 719 0 218 720 0 1051 721 0 218 720 0 795 719 0 218 720 0 1051 721 0 219 722 0 1051 721 0 1050 723 0 219 722 0 219 722 0 1050 723 0 805 724 0 1050 723 0 1049 725 0 805 724 0 805 724 0 1049 725 0 221 726 0 1048 727 0 221 726 0 1049 725 0 1048 727 0 222 728 0 221 726 0 222 728 0 1048 727 0 223 729 0 1048 727 0 800 730 0 223 729 0 800 730 0 224 731 0 223 729 0 862 495 0 1139 495 0 861 732 0 861 732 0 1139 495 0 1017 733 0 864 495 0 1017 733 0 1139 495 0 1017 733 0 864 495 0 1016 734 0 865 495 0 1016 734 0 864 495 0 1016 734 0 865 495 0 1015 735 0 1015 735 0 865 495 0 1143 495 0 1145 495 0 1015 735 0 1143 495 0 1015 735 0 1145 495 0 1014 736 0 1014 736 0 1145 495 0 868 495 0 1146 495 0 1014 736 0 868 495 0 1014 736 0 1146 495 0 1013 737 0 870 495 0 1013 737 0 1146 495 0 1013 737 0 870 495 0 1012 738 0 1147 495 0 1012 738 0 870 495 0 1012 738 0 1147 495 0 1011 739 0 1148 495 0 1011 739 0 1147 495 0 1011 739 0 1148 495 0 1010 740 0 1149 495 0 1010 740 0 1148 495 0 1010 740 0 1149 495 0 1009 741 0 874 495 0 1009 741 0 1149 495 0 1009 741 0 874 495 0 1008 742 0 1150 495 0 1008 742 0 874 495 0 1008 742 0 1150 495 0 1007 743 0 876 495 0 1007 743 0 1150 495 0 1007 743 0 876 495 0 1006 744 0 1152 495 0 1006 744 0 876 495 0 1006 744 0 1152 495 0 1005 745 0 878 495 0 1005 745 0 1152 495 0 1005 745 0 878 495 0 1004 746 0 879 495 0 1004 746 0 878 495 0 1004 746 0 879 495 0 1003 747 0 1153 495 0 1003 747 0 879 495 0 1003 747 0 1153 495 0 1002 748 0 1154 495 0 1002 748 0 1153 495 0 1002 748 0 1154 495 0 1001 749 0 882 495 0 1001 749 0 1154 495 0 1001 749 0 882 495 0 1000 750 0 883 495 0 1000 750 0 882 495 0 1000 750 0 883 495 0 999 751 0 583 495 0 999 751 0 883 495 0 582 516 0 999 751 0 583 495 0 861 732 0 1017 733 0 541 752 0 541 752 0 1017 733 0 998 753 0 1017 733 0 1016 734 0 998 753 0 998 753 0 1016 734 0 997 754 0 1016 734 0 1015 735 0 997 754 0 997 754 0 1015 735 0 996 755 0 1015 735 0 1014 736 0 996 755 0 996 755 0 1014 736 0 995 756 0 1014 736 0 1013 737 0 995 756 0 995 756 0 1013 737 0 994 757 0 1013 737 0 1012 738 0 994 757 0 994 757 0 1012 738 0 993 758 0 1012 738 0 1011 739 0 993 758 0 993 758 0 1011 739 0 992 759 0 1011 739 0 1010 740 0 992 759 0 992 759 0 1010 740 0 991 760 0 1010 740 0 1009 741 0 991 760 0 991 760 0 1009 741 0 990 761 0 1009 741 0 1008 742 0 990 761 0 990 761 0 1008 742 0 989 762 0 1008 742 0 1007 743 0 989 762 0 989 762 0 1007 743 0 988 763 0 1007 743 0 1006 744 0 988 763 0 988 763 0 1006 744 0 987 764 0 1006 744 0 1005 745 0 987 764 0 987 764 0 1005 745 0 986 765 0 1005 745 0 1004 746 0 986 765 0 986 765 0 1004 746 0 985 766 0 1004 746 0 1003 747 0 985 766 0 985 766 0 1003 747 0 984 767 0 1003 747 0 1002 748 0 984 767 0 984 767 0 1002 748 0 983 768 0 1002 748 0 1001 749 0 983 768 0 983 768 0 1001 749 0 982 769 0 1001 749 0 1000 750 0 982 769 0 982 769 0 1000 750 0 981 770 0 1000 750 0 999 751 0 981 770 0 981 770 0 999 751 0 980 771 0 582 516 0 980 771 0 999 751 0 581 537 0 980 771 0 582 516 0 541 752 0 998 753 0 542 772 0 542 772 0 998 753 0 979 773 0 998 753 0 997 754 0 979 773 0 979 773 0 997 754 0 978 774 0 997 754 0 996 755 0 978 774 0 978 774 0 996 755 0 977 775 0 996 755 0 995 756 0 977 775 0 977 775 0 995 756 0 976 776 0 995 756 0 994 757 0 976 776 0 976 776 0 994 757 0 975 777 0 994 757 0 993 758 0 975 777 0 975 777 0 993 758 0 974 778 0 993 758 0 992 759 0 974 778 0 974 778 0 992 759 0 973 779 0 992 759 0 991 760 0 973 779 0 973 779 0 991 760 0 972 780 0 991 760 0 990 761 0 972 780 0 972 780 0 990 761 0 971 781 0 990 761 0 989 762 0 971 781 0 971 781 0 989 762 0 970 782 0 989 762 0 988 763 0 970 782 0 970 782 0 988 763 0 969 783 0 988 763 0 987 764 0 969 783 0 969 783 0 987 764 0 968 784 0 987 764 0 986 765 0 968 784 0 968 784 0 986 765 0 967 785 0 986 765 0 985 766 0 967 785 0 967 785 0 985 766 0 966 786 0 985 766 0 984 767 0 966 786 0 966 786 0 984 767 0 965 787 0 984 767 0 983 768 0 965 787 0 965 787 0 983 768 0 964 788 0 983 768 0 982 769 0 964 788 0 964 788 0 982 769 0 963 789 0 982 769 0 981 770 0 963 789 0 963 789 0 981 770 0 962 790 0 981 770 0 980 771 0 962 790 0 962 790 0 980 771 0 961 791 0 581 537 0 961 791 0 980 771 0 580 558 0 961 791 0 581 537 0 542 772 0 979 773 0 543 792 0 543 792 0 979 773 0 960 793 0 979 773 0 978 774 0 960 793 0 960 793 0 978 774 0 959 794 0 978 774 0 977 775 0 959 794 0 959 794 0 977 775 0 958 795 0 977 775 0 976 776 0 958 795 0 958 795 0 976 776 0 957 796 0 976 776 0 975 777 0 957 796 0 957 796 0 975 777 0 956 797 0 975 777 0 974 778 0 956 797 0 956 797 0 974 778 0 955 798 0 974 778 0 973 779 0 955 798 0 955 798 0 973 779 0 954 799 0 973 779 0 972 780 0 954 799 0 954 799 0 972 780 0 953 800 0 972 780 0 971 781 0 953 800 0 953 800 0 971 781 0 952 801 0 971 781 0 970 782 0 952 801 0 952 801 0 970 782 0 951 802 0 970 782 0 969 783 0 951 802 0 951 802 0 969 783 0 950 803 0 969 783 0 968 784 0 950 803 0 950 803 0 968 784 0 949 804 0 968 784 0 967 785 0 949 804 0 949 804 0 967 785 0 948 805 0 967 785 0 966 786 0 948 805 0 948 805 0 966 786 0 947 806 0 966 786 0 965 787 0 947 806 0 947 806 0 965 787 0 946 807 0 965 787 0 964 788 0 946 807 0 946 807 0 964 788 0 945 808 0 964 788 0 963 789 0 945 808 0 945 808 0 963 789 0 944 809 0 963 789 0 962 790 0 944 809 0 944 809 0 962 790 0 943 810 0 962 790 0 961 791 0 943 810 0 943 810 0 961 791 0 942 811 0 580 558 0 942 811 0 961 791 0 579 812 0 942 811 0 580 558 0 543 792 0 960 793 0 544 813 0 544 813 0 960 793 0 941 814 0 960 793 0 959 794 0 941 814 0 941 814 0 959 794 0 940 815 0 959 794 0 958 795 0 940 815 0 940 815 0 958 795 0 939 816 0 958 795 0 957 796 0 939 816 0 939 816 0 957 796 0 938 817 0 957 796 0 956 797 0 938 817 0 938 817 0 956 797 0 937 818 0 956 797 0 955 798 0 937 818 0 937 818 0 955 798 0 936 819 0 955 798 0 954 799 0 936 819 0 936 819 0 954 799 0 935 820 0 954 799 0 953 800 0 935 820 0 935 820 0 953 800 0 934 821 0 953 800 0 952 801 0 934 821 0 934 821 0 952 801 0 933 822 0 952 801 0 951 802 0 933 822 0 933 822 0 951 802 0 932 823 0 951 802 0 950 803 0 932 823 0 932 823 0 950 803 0 931 824 0 950 803 0 949 804 0 931 824 0 931 824 0 949 804 0 930 825 0 949 804 0 948 805 0 930 825 0 930 825 0 948 805 0 929 826 0 948 805 0 947 806 0 929 826 0 929 826 0 947 806 0 928 827 0 947 806 0 946 807 0 928 827 0 928 827 0 946 807 0 927 828 0 946 807 0 945 808 0 927 828 0 927 828 0 945 808 0 926 829 0 945 808 0 944 809 0 926 829 0 926 829 0 944 809 0 925 830 0 944 809 0 943 810 0 925 830 0 925 830 0 943 810 0 924 831 0 943 810 0 942 811 0 924 831 0 924 831 0 942 811 0 923 832 0 579 812 0 923 832 0 942 811 0 821 833 0 923 832 0 579 812 0 544 813 0 941 814 0 545 834 0 545 834 0 941 814 0 922 835 0 941 814 0 940 815 0 922 835 0 922 835 0 940 815 0 921 836 0 940 815 0 939 816 0 921 836 0 921 836 0 939 816 0 920 837 0 939 816 0 938 817 0 920 837 0 920 837 0 938 817 0 919 838 0 938 817 0 937 818 0 919 838 0 919 838 0 937 818 0 918 839 0 937 818 0 936 819 0 918 839 0 918 839 0 936 819 0 917 840 0 936 819 0 935 820 0 917 840 0 917 840 0 935 820 0 916 841 0 935 820 0 934 821 0 916 841 0 916 841 0 934 821 0 915 842 0 934 821 0 933 822 0 915 842 0 915 842 0 933 822 0 914 843 0 933 822 0 932 823 0 914 843 0 914 843 0 932 823 0 913 844 0 932 823 0 931 824 0 913 844 0 913 844 0 931 824 0 912 845 0 931 824 0 930 825 0 912 845 0 912 845 0 930 825 0 911 846 0 930 825 0 929 826 0 911 846 0 911 846 0 929 826 0 910 847 0 929 826 0 928 827 0 910 847 0 910 847 0 928 827 0 909 848 0 928 827 0 927 828 0 909 848 0 909 848 0 927 828 0 908 849 0 927 828 0 926 829 0 908 849 0 908 849 0 926 829 0 907 850 0 926 829 0 925 830 0 907 850 0 907 850 0 925 830 0 906 851 0 925 830 0 924 831 0 906 851 0 906 851 0 924 831 0 905 852 0 924 831 0 923 832 0 905 852 0 905 852 0 923 832 0 904 853 0 821 833 0 904 853 0 923 832 0 822 854 0 904 853 0 821 833 0 545 834 0 922 835 0 546 855 0 546 855 0 922 835 0 903 856 0 922 835 0 921 836 0 903 856 0 903 856 0 921 836 0 902 857 0 921 836 0 920 837 0 902 857 0 902 857 0 920 837 0 901 858 0 920 837 0 919 838 0 901 858 0 901 858 0 919 838 0 900 859 0 919 838 0 918 839 0 900 859 0 900 859 0 918 839 0 899 860 0 918 839 0 917 840 0 899 860 0 899 860 0 917 840 0 898 861 0 917 840 0 916 841 0 898 861 0 898 861 0 916 841 0 897 862 0 916 841 0 915 842 0 897 862 0 897 862 0 915 842 0 896 863 0 915 842 0 914 843 0 896 863 0 896 863 0 914 843 0 895 864 0 914 843 0 913 844 0 895 864 0 895 864 0 913 844 0 894 865 0 913 844 0 912 845 0 894 865 0 894 865 0 912 845 0 893 866 0 912 845 0 911 846 0 893 866 0 893 866 0 911 846 0 892 867 0 911 846 0 910 847 0 892 867 0 892 867 0 910 847 0 891 868 0 910 847 0 909 848 0 891 868 0 891 868 0 909 848 0 890 869 0 909 848 0 908 849 0 890 869 0 890 869 0 908 849 0 889 870 0 908 849 0 907 850 0 889 870 0 889 870 0 907 850 0 888 871 0 907 850 0 906 851 0 888 871 0 888 871 0 906 851 0 887 872 0 906 851 0 905 852 0 887 872 0 887 872 0 905 852 0 886 873 0 905 852 0 904 853 0 886 873 0 886 873 0 904 853 0 885 874 0 822 854 0 885 874 0 904 853 0 823 875 0 885 874 0 822 854 0 546 855 0 903 856 0 547 876 0 547 876 0 903 856 0 548 877 0 548 877 0 903 856 0 237 878 0 237 878 0 903 856 0 851 879 0 903 856 0 902 857 0 851 879 0 851 879 0 902 857 0 239 332 0 902 857 0 901 858 0 239 332 0 239 332 0 901 858 0 849 333 0 849 333 0 901 858 0 848 880 0 901 858 0 900 859 0 848 880 0 848 880 0 900 859 0 242 320 0 900 859 0 899 860 0 242 320 0 242 320 0 899 860 0 846 314 0 899 860 0 898 861 0 846 314 0 846 314 0 898 861 0 244 302 0 898 861 0 897 862 0 244 302 0 244 302 0 897 862 0 844 303 0 897 862 0 896 863 0 844 303 0 844 303 0 896 863 0 843 290 0 896 863 0 895 864 0 843 290 0 843 290 0 895 864 0 842 275 0 895 864 0 894 865 0 842 275 0 842 275 0 894 865 0 841 276 0 894 865 0 893 866 0 841 276 0 841 276 0 893 866 0 193 881 0 893 866 0 892 867 0 193 881 0 892 867 0 891 868 0 193 881 0 193 881 0 891 868 0 839 882 0 839 882 0 891 868 0 838 883 0 838 883 0 891 868 0 1191 884 0 891 868 0 890 869 0 1191 884 0 1191 884 0 890 869 0 836 885 0 836 885 0 890 869 0 1189 886 0 890 869 0 889 870 0 1189 886 0 1189 886 0 889 870 0 1187 887 0 1187 887 0 889 870 0 833 888 0 889 870 0 888 871 0 833 888 0 833 888 0 888 871 0 1186 889 0 1186 889 0 888 871 0 831 890 0 888 871 0 887 872 0 831 890 0 831 890 0 887 872 0 1184 891 0 1184 891 0 887 872 0 1183 892 0 887 872 0 886 873 0 1183 892 0 1183 892 0 886 873 0 1182 893 0 1182 893 0 886 873 0 1176 894 0 886 873 0 885 874 0 1176 894 0 1176 894 0 885 874 0 1174 895 0 1174 895 0 885 874 0 825 896 0 823 875 0 825 896 0 885 874 0 823 875 0 575 486 0 825 896 0 1034 898 0 1032 897 0 388 897 0 1034 898 0 1031 899 0 1032 897 0 1031 899 0 1034 898 0 1161 900 0 1031 899 0 1161 900 0 467 901 0 1161 900 0 1029 902 0 467 901 0 1160 903 0 1029 902 0 1161 900 0 1029 902 0 1160 903 0 469 904 0 1037 905 0 469 904 0 1160 903 0 1037 905 0 470 906 0 469 904 0 1158 907 0 470 906 0 1037 905 0 470 906 0 1158 907 0 1026 908 0 1039 909 0 1026 908 0 1158 907 0 1026 908 0 1039 909 0 472 910 0 1039 909 0 1156 911 0 472 910 0 1156 911 0 1024 912 0 472 910 0 1155 913 0 1024 912 0 1156 911 0 1024 912 0 1155 913 0 474 914 0 1155 913 0 1042 915 0 474 914 0 474 914 0 1042 915 0 1043 916 0 474 914 0 1043 916 0 475 917 0 1044 918 0 475 917 0 1043 916 0 1044 918 0 476 919 0 475 917 0 476 919 0 1044 918 0 1151 920 0 476 919 0 1151 920 0 1020 921 0 826 922 0 1020 921 0 1151 920 0 1019 923 0 1020 921 0 826 922 0 1109 924 0 1110 924 0 1175 924 0 1112 924 0 1114 924 0 1177 924 0 1116 924 0 1115 924 0 1053 924 0 1113 924 0 1111 924 0 1074 924 0 1108 924 0 1107 924 0 1072 924 0 1061 924 0 1062 924 0 787 924 0 787 924 0 1062 924 0 788 924 0 788 924 0 1062 924 0 1063 924 0 788 924 0 1063 924 0 789 924 0 789 924 0 1063 924 0 1064 924 0 789 924 0 1064 924 0 1065 924 0 789 924 0 1065 924 0 790 924 0 790 924 0 1065 924 0 1040 924 0 790 924 0 1040 924 0 1056 924 0 1056 924 0 1040 924 0 1041 924 0 1056 924 0 1041 924 0 1068 924 0 1056 924 0 1068 924 0 792 924 0 792 924 0 1068 924 0 1045 924 0 792 924 0 1045 924 0 793 924 0 793 924 0 1045 924 0 1070 924 0 793 924 0 1070 924 0 794 924 0 794 924 0 1070 924 0 1047 924 0 794 924 0 1047 924 0 795 924 0 795 924 0 1047 924 0 1107 924 0 1108 924 0 1052 924 0 1051 924 0 1051 924 0 1052 924 0 1050 924 0 1050 924 0 1052 924 0 1111 924 0 1113 924 0 1115 924 0 1049 924 0 1116 924 0 1054 924 0 1048 924 0 1048 924 0 1054 924 0 800 924 0 800 924 0 1054 924 0 1178 924 0 800 924 0 1178 924 0 404 924 0 404 924 0 1178 924 0 1104 924 0 1104 924 0 1178 924 0 1114 924 0 1112 924 0 1079 924 0 1103 924 0 1103 924 0 1079 924 0 1102 924 0 1102 924 0 1079 924 0 1110 924 0 1109 924 0 1081 924 0 408 924 0 408 924 0 1081 924 0 1100 924 0 1100 924 0 1081 924 0 1173 924 0 1100 924 0 1173 924 0 410 924 0 410 924 0 1173 924 0 1172 924 0 410 924 0 1172 924 0 411 924 0 411 924 0 1172 924 0 1084 924 0 411 924 0 1084 924 0 1097 924 0 1097 924 0 1084 924 0 1085 924 0 1097 924 0 1085 924 0 413 924 0 413 924 0 1085 924 0 1169 924 0 413 924 0 1169 924 0 414 924 0 414 924 0 1169 924 0 1087 924 0 414 924 0 1087 924 0 415 924 0 415 924 0 1087 924 0 1167 924 0 415 924 0 1167 924 0 1093 924 0 1093 924 0 1167 924 0 1166 924 0 1093 924 0 1166 924 0 1165 924 0 1093 924 0 1165 924 0 417 924 0 417 924 0 1165 924 0 418 924 0 1021 437 0 826 925 0 881 437 0 881 437 0 826 925 0 880 926 0 880 926 0 826 925 0 1151 927 0 877 928 0 880 926 0 1151 927 0 1044 929 0 877 928 0 1151 927 0 877 928 0 1044 929 0 875 930 0 875 930 0 1044 929 0 1043 931 0 875 930 0 1043 931 0 1144 932 0 1042 933 0 1144 932 0 1043 931 0 1144 932 0 1042 933 0 873 934 0 873 934 0 1042 933 0 1155 935 0 873 934 0 1155 935 0 1142 936 0 1156 937 0 1142 936 0 1155 935 0 1142 936 0 1156 937 0 1141 938 0 1140 939 0 1141 938 0 1156 937 0 1039 940 0 1140 939 0 1156 937 0 1140 939 0 1039 940 0 1158 941 0 1140 939 0 1158 941 0 872 942 0 871 943 0 872 942 0 1158 941 0 1037 944 0 871 943 0 1158 941 0 871 943 0 1037 944 0 869 945 0 869 945 0 1037 944 0 1160 946 0 869 945 0 1160 946 0 867 947 0 1161 948 0 867 947 0 1160 946 0 867 947 0 1161 948 0 866 949 0 1134 950 0 866 949 0 1161 948 0 1034 951 0 1134 950 0 1161 948 0 1134 950 0 1034 951 0 388 466 0 1134 950 0 388 466 0 1133 466 0 1133 466 0 388 466 0 418 952 0 863 953 0 1133 466 0 418 952 0 1165 954 0 863 953 0 418 952 0 863 953 0 1165 954 0 1131 955 0 1131 955 0 1165 954 0 1166 956 0 1131 955 0 1166 956 0 860 957 0 1167 958 0 860 957 0 1166 956 0 860 957 0 1167 958 0 1129 959 0 1129 959 0 1167 958 0 1087 960 0 1129 959 0 1087 960 0 1169 961 0 1129 959 0 1169 961 0 1128 962 0 1085 963 0 1128 962 0 1169 961 0 1128 962 0 1085 963 0 1127 964 0 1127 964 0 1085 963 0 1084 965 0 1126 966 0 1127 964 0 1084 965 0 1172 967 0 1126 966 0 1084 965 0 1126 966 0 1172 967 0 1125 968 0 1125 968 0 1172 967 0 1173 969 0 1124 970 0 1125 968 0 1173 969 0 1081 971 0 1124 970 0 1173 969 0 1124 970 0 1081 971 0 859 972 0 859 972 0 1081 971 0 1175 973 0 1122 974 0 859 972 0 1175 973 0 1079 975 0 1122 974 0 1175 973 0 1122 974 0 1079 975 0 858 976 0 858 976 0 1079 975 0 1177 977 0 858 976 0 1177 977 0 1120 978 0 1178 979 0 1120 978 0 1177 977 0 1120 978 0 1178 979 0 857 980 0 857 980 0 1178 979 0 1054 495 0 857 980 0 1054 495 0 856 495 0 820 466 0 1180 466 0 1181 466 0 828 466 0 1180 466 0 820 466 0 1022 466 0 1180 466 0 828 466 0 751 437 0 14 437 0 10 437 0 1180 983 0 1022 982 0 1188 981 0 1188 981 0 1209 984 0 1180 983 0 1023 985 0 1209 984 0 1188 981 0 1209 984 0 1023 985 0 1208 986 0 1190 987 0 1208 986 0 1023 985 0 1208 986 0 1190 987 0 1207 988 0 1190 987 0 1025 989 0 1207 988 0 1192 990 0 1207 988 0 1025 989 0 1207 988 0 1192 990 0 1206 991 0 1027 992 0 1206 991 0 1192 990 0 1206 991 0 1027 992 0 426 993 0 1027 992 0 1028 994 0 426 993 0 1030 995 0 426 993 0 1028 994 0 1030 995 0 427 996 0 426 993 0 427 996 0 1030 995 0 428 997 0 1030 995 0 1196 998 0 428 997 0 1033 999 0 428 997 0 1196 998 0 428 997 0 1033 999 0 1202 1000 0 1198 1001 0 1202 1000 0 1033 999 0 1198 1001 0 1201 1002 0 1202 1000 0 1035 1003 0 1201 1002 0 1198 1001 0 1200 1003 0 1201 1002 0 1035 1003 0 1101 1005 0 797 1005 0 1313 1004 0 1241 1005 0 1313 1004 0 797 1005 0 1313 1004 0 1241 1005 0 1312 1006 0 1312 1006 0 1241 1005 0 798 1005 0 798 1005 0 799 1005 0 1312 1006 0 1312 1006 0 799 1005 0 1311 1007 0 1244 1005 0 1311 1007 0 799 1005 0 1311 1007 0 1244 1005 0 1310 1008 0 1310 1008 0 1244 1005 0 1245 1005 0 1245 1005 0 1246 1005 0 1310 1008 0 1310 1008 0 1246 1005 0 1309 1009 0 801 1005 0 1309 1009 0 1246 1005 0 1309 1009 0 801 1005 0 1308 1010 0 1308 1010 0 801 1005 0 802 1005 0 802 1005 0 1249 1005 0 1308 1010 0 1308 1010 0 1249 1005 0 1307 1011 0 803 1005 0 1307 1011 0 1249 1005 0 1307 1011 0 803 1005 0 1306 1012 0 1306 1012 0 803 1005 0 804 1005 0 804 1005 0 806 1005 0 1306 1012 0 1306 1012 0 806 1005 0 1305 1013 0 1253 1005 0 1305 1013 0 806 1005 0 1305 1013 0 1253 1005 0 1304 1014 0 1304 1014 0 1253 1005 0 1254 1005 0 1254 1005 0 807 1005 0 1304 1014 0 1304 1014 0 807 1005 0 1303 1015 0 808 1005 0 1303 1015 0 807 1005 0 1303 1015 0 808 1005 0 1302 1016 0 1302 1016 0 808 1005 0 812 1005 0 812 1005 0 1258 1005 0 1302 1016 0 1302 1016 0 1258 1005 0 1301 1017 0 1259 1005 0 1301 1017 0 1258 1005 0 1301 1017 0 1259 1005 0 1300 1018 0 1300 1018 0 1259 1005 0 1260 1005 0 1260 1005 0 814 1005 0 1300 1018 0 1300 1018 0 814 1005 0 1299 1019 0 1262 1005 0 1299 1019 0 814 1005 0 1325 1021 0 1299 1019 0 1264 1020 0 1299 1019 0 1262 1005 0 1264 1020 0 1262 1005 0 1327 1005 0 1264 1020 0 1101 1005 0 1313 1004 0 1099 1022 0 1099 1022 0 1313 1004 0 1298 1023 0 1313 1004 0 1312 1006 0 1298 1023 0 1298 1023 0 1312 1006 0 1297 1024 0 1312 1006 0 1311 1007 0 1297 1024 0 1297 1024 0 1311 1007 0 1296 1025 0 1311 1007 0 1310 1008 0 1296 1025 0 1296 1025 0 1310 1008 0 1295 1026 0 1310 1008 0 1309 1009 0 1295 1026 0 1295 1026 0 1309 1009 0 1294 1027 0 1309 1009 0 1308 1010 0 1294 1027 0 1294 1027 0 1308 1010 0 1293 1028 0 1308 1010 0 1307 1011 0 1293 1028 0 1293 1028 0 1307 1011 0 1292 1029 0 1307 1011 0 1306 1012 0 1292 1029 0 1292 1029 0 1306 1012 0 1291 1030 0 1306 1012 0 1305 1013 0 1291 1030 0 1291 1030 0 1305 1013 0 1290 1031 0 1305 1013 0 1304 1014 0 1290 1031 0 1290 1031 0 1304 1014 0 1289 1032 0 1304 1014 0 1303 1015 0 1289 1032 0 1289 1032 0 1303 1015 0 1288 1033 0 1303 1015 0 1302 1016 0 1288 1033 0 1288 1033 0 1302 1016 0 1287 1034 0 1302 1016 0 1301 1017 0 1287 1034 0 1287 1034 0 1301 1017 0 1286 1035 0 1301 1017 0 1300 1018 0 1286 1035 0 1286 1035 0 1300 1018 0 1285 1036 0 1300 1018 0 1299 1019 0 1285 1036 0 1285 1036 0 1299 1019 0 1284 1037 0 1325 1021 0 1284 1037 0 1299 1019 0 1266 1038 0 1284 1037 0 1325 1021 0 1099 1022 0 1298 1023 0 1237 1039 0 1237 1039 0 1298 1023 0 1283 1040 0 1298 1023 0 1297 1024 0 1283 1040 0 1283 1040 0 1297 1024 0 1282 1041 0 1297 1024 0 1296 1025 0 1282 1041 0 1282 1041 0 1296 1025 0 1281 1042 0 1296 1025 0 1295 1026 0 1281 1042 0 1281 1042 0 1295 1026 0 1280 1043 0 1295 1026 0 1294 1027 0 1280 1043 0 1280 1043 0 1294 1027 0 1279 1044 0 1294 1027 0 1293 1028 0 1279 1044 0 1279 1044 0 1293 1028 0 1278 1045 0 1293 1028 0 1292 1029 0 1278 1045 0 1278 1045 0 1292 1029 0 1277 1046 0 1292 1029 0 1291 1030 0 1277 1046 0 1277 1046 0 1291 1030 0 1276 1047 0 1291 1030 0 1290 1031 0 1276 1047 0 1276 1047 0 1290 1031 0 1275 1048 0 1290 1031 0 1289 1032 0 1275 1048 0 1275 1048 0 1289 1032 0 1274 1049 0 1289 1032 0 1288 1033 0 1274 1049 0 1274 1049 0 1288 1033 0 1273 1050 0 1288 1033 0 1287 1034 0 1273 1050 0 1273 1050 0 1287 1034 0 1272 1051 0 1287 1034 0 1286 1035 0 1272 1051 0 1272 1051 0 1286 1035 0 1271 1052 0 1286 1035 0 1285 1036 0 1271 1052 0 1271 1052 0 1285 1036 0 1270 1053 0 1285 1036 0 1284 1037 0 1270 1053 0 1270 1053 0 1284 1037 0 1269 1054 0 1266 1038 0 1269 1054 0 1284 1037 0 1323 1055 0 1269 1054 0 1266 1038 0 1237 1039 0 1283 1040 0 817 1056 0 817 1056 0 1283 1040 0 1200 1057 0 1200 1057 0 1283 1040 0 432 1058 0 432 1058 0 1283 1040 0 1233 1059 0 1283 1040 0 1282 1041 0 1233 1059 0 1233 1059 0 1282 1041 0 434 1060 0 1282 1041 0 1281 1042 0 434 1060 0 434 1060 0 1281 1042 0 435 1061 0 435 1061 0 1281 1042 0 1230 1062 0 1281 1042 0 1280 1043 0 1230 1062 0 1230 1062 0 1280 1043 0 437 1063 0 1280 1043 0 1279 1044 0 437 1063 0 437 1063 0 1279 1044 0 438 1064 0 438 1064 0 1279 1044 0 1227 1065 0 1279 1044 0 1278 1045 0 1227 1065 0 1227 1065 0 1278 1045 0 1226 1066 0 1278 1045 0 1277 1046 0 1226 1066 0 1226 1066 0 1277 1046 0 1225 1067 0 1277 1046 0 1276 1047 0 1225 1067 0 1225 1067 0 1276 1047 0 442 1068 0 442 1068 0 1276 1047 0 1223 1069 0 1276 1047 0 1275 1048 0 1223 1069 0 1223 1069 0 1275 1048 0 1222 1070 0 1222 1070 0 1275 1048 0 445 1071 0 1275 1048 0 1274 1049 0 445 1071 0 445 1071 0 1274 1049 0 1220 1072 0 1220 1072 0 1274 1049 0 1219 1073 0 1274 1049 0 1273 1050 0 1219 1073 0 1219 1073 0 1273 1050 0 1218 1074 0 1273 1050 0 1272 1051 0 1218 1074 0 1218 1074 0 1272 1051 0 1217 1075 0 1217 1075 0 1272 1051 0 1216 1076 0 1272 1051 0 1271 1052 0 1216 1076 0 1216 1076 0 1271 1052 0 451 1077 0 1271 1052 0 1270 1053 0 451 1077 0 451 1077 0 1270 1053 0 1214 1078 0 1270 1053 0 1269 1054 0 1214 1078 0 1214 1078 0 1269 1054 0 453 1079 0 453 1079 0 1269 1054 0 1212 1080 0 1323 1055 0 1212 1080 0 1269 1054 0 1323 1055 0 1211 464 0 1212 1080 0 487 1082 0 1319 468 0 1320 1081 0 456 465 0 1338 1083 0 1320 1081 0 1320 1081 0 1338 1083 0 487 1082 0 487 1082 0 1338 1083 0 1317 1084 0 1338 1083 0 1337 1085 0 1317 1084 0 1317 1084 0 1337 1085 0 1316 1086 0 1337 1085 0 1336 1087 0 1316 1086 0 1314 469 0 490 1089 0 1367 1088 0 1316 1086 0 1336 1087 0 490 1089 0 1368 1090 0 490 1089 0 1336 1087 0 1368 1090 0 1367 1088 0 490 1089 0 1211 464 0 1335 1091 0 456 465 0 456 465 0 1335 1091 0 1338 1083 0 1335 1091 0 1334 1092 0 1338 1083 0 1338 1083 0 1334 1092 0 1337 1085 0 1334 1092 0 1333 1093 0 1337 1085 0 1337 1085 0 1333 1093 0 1336 1087 0 1329 1094 0 1336 1087 0 1333 1093 0 1368 1090 0 1336 1087 0 1329 1094 0 1211 464 0 1323 1055 0 1335 1091 0 1266 1038 0 1335 1091 0 1323 1055 0 1335 1091 0 1266 1038 0 1334 1092 0 1325 1021 0 1334 1092 0 1266 1038 0 1334 1092 0 1325 1021 0 1333 1093 0 1264 1020 0 1333 1093 0 1325 1021 0 1329 1094 0 1333 1093 0 1370 1095 0 1333 1093 0 1264 1020 0 1370 1095 0 1264 1020 0 1327 1005 0 1370 1095 0 826 671 0 479 671 0 1019 671 0 827 671 0 479 671 0 826 671 0 819 671 0 479 671 0 827 671 0 819 671 0 480 1096 0 479 671 0 1346 1097 0 480 1096 0 819 671 0 480 1096 0 1346 1097 0 1347 1098 0 480 1096 0 1347 1098 0 1350 1099 0 1355 924 0 1350 1099 0 1347 1098 0 482 924 0 1350 1099 0 1355 924 0 1356 1100 0 482 924 0 1355 924 0 1356 1100 0 1361 1101 0 482 924 0 1361 1101 0 1356 1100 0 1357 1102 0 1361 1101 0 1357 1102 0 1360 1103 0 820 466 0 1360 1103 0 1357 1102 0 1181 466 0 1360 1103 0 820 466 0 1101 1005 0 1092 1104 0 1327 1005 0 1327 1005 0 1092 1104 0 1370 1105 0 1370 1105 0 1092 1104 0 1329 1106 0 1094 1107 0 1329 1106 0 1092 1104 0 1094 1107 0 1368 1108 0 1329 1106 0 1368 1108 0 1094 1107 0 1367 1109 0 1095 1110 0 1367 1109 0 1094 1107 0 1367 1109 0 1095 1110 0 1314 469 0 1314 469 0 1095 1110 0 1376 693 0 1314 469 0 1376 693 0 775 1111 0 774 1112 0 1314 469 0 775 1111 0 1314 469 0 774 1112 0 1365 1113 0 1365 1113 0 774 1112 0 750 437 0 1365 1113 0 750 437 0 511 437 0 1385 437 0 1379 437 0 1383 437 0 1235 437 0 1236 437 0 739 437 0 1377 437 0 1378 437 0 1384 437 0 1238 437 0 1239 437 0 783 437 0 1374 437 0 1375 437 0 570 437 0 1240 437 0 602 437 0 791 437 0 1240 437 0 1242 437 0 602 437 0 571 437 0 1373 437 0 1382 437 0 1372 437 0 1373 437 0 571 437 0 1243 437 0 1247 437 0 815 437 0 1369 437 0 1371 437 0 573 437 0 1248 437 0 1250 437 0 816 437 0 1364 437 0 1366 437 0 574 437 0 1251 437 0 1252 437 0 598 437 0 1359 437 0 1363 437 0 1353 437 0 1255 437 0 1256 437 0 591 437 0 1354 437 0 1358 437 0 1344 437 0 1257 437 0 1261 437 0 829 437 0 1351 437 0 1352 437 0 576 437 0 1263 437 0 1265 437 0 884 437 0 1348 437 0 1349 437 0 1268 437 0 1267 437 0 1046 437 0 588 437 0 1267 437 0 1315 437 0 1046 437 0 1343 437 0 1345 437 0 577 437 0 1318 437 0 1321 437 0 587 437 0 1341 437 0 1342 437 0 578 437 0 1322 437 0 1106 437 0 1091 437 0 1322 437 0 1324 437 0 1106 437 0 1339 437 0 1340 437 0 1179 437 0 1326 437 0 1328 437 0 1123 437 0 1331 437 0 586 437 0 1330 437 0 1328 437 0 515 437 0 1330 437 0 1339 437 0 1331 437 0 516 437 0 1326 437 0 1324 437 0 215 437 0 1341 437 0 1340 437 0 519 437 0 1341 437 0 519 437 0 520 437 0 1322 437 0 1321 437 0 232 437 0 1343 437 0 1342 437 0 0 437 0 1318 437 0 1315 437 0 513 437 0 1348 437 0 1345 437 0 524 437 0 1348 437 0 524 437 0 526 437 0 1267 437 0 1265 437 0 249 437 0 1351 437 0 1349 437 0 57 437 0 1263 437 0 1261 437 0 509 437 0 1354 437 0 1352 437 0 214 437 0 1257 437 0 1256 437 0 508 437 0 1359 437 0 1358 437 0 240 437 0 1255 437 0 1252 437 0 419 437 0 1364 437 0 1363 437 0 302 437 0 1251 437 0 1250 437 0 466 437 0 1369 437 0 1366 437 0 528 437 0 1248 437 0 1247 437 0 485 437 0 1372 437 0 1371 437 0 387 437 0 1243 437 0 1242 437 0 507 437 0 507 437 0 1242 437 0 506 437 0 1374 437 0 1373 437 0 499 437 0 1374 437 0 499 437 0 531 437 0 1240 437 0 1239 437 0 505 437 0 1377 437 0 1375 437 0 512 437 0 1238 437 0 1236 437 0 538 437 0 1385 437 0 1378 437 0 537 437 0 1235 437 0 740 437 0 504 437 0 504 437 0 740 437 0 605 437 0 605 437 0 740 437 0 765 437 0 605 437 0 765 437 0 1105 437 0 1229 437 0 503 437 0 1380 437 0 1229 437 0 1380 437 0 1381 437 0 1380 437 0 503 437 0 1362 437 0 1362 437 0 503 437 0 511 437 0 1362 437 0 511 437 0 401 437 0 401 437 0 511 437 0 399 437 0 399 437 0 511 437 0 1332 437 0 1332 437 0 511 437 0 397 437 0 397 437 0 511 437 0 396 437 0 396 437 0 511 437 0 1228 437 0 1228 437 0 511 437 0 1185 437 0 1185 437 0 511 437 0 1157 437 0 1157 437 0 511 437 0 1083 437 0 1083 437 0 511 437 0 750 437 0 1083 437 0 750 437 0 395 437 0 395 437 0 750 437 0 394 437 0 394 437 0 750 437 0 1018 437 0 1018 437 0 750 437 0 393 437 0 393 437 0 750 437 0 392 437 0 392 437 0 750 437 0 824 437 0 824 437 0 750 437 0 818 437 0 750 437 0 423 437 0 241 437 0 750 437 0 241 437 0 243 437 0 750 437 0 243 437 0 540 437 0 750 437 0 540 437 0 245 437 0 750 437 0 245 437 0 741 437 0 750 437 0 741 437 0 246 437 0 750 437 0 246 437 0 247 437 0 750 437 0 247 437 0 248 437 0 750 437 0 248 437 0 749 437 0 750 437 0 749 437 0 764 437 0 750 437 0 764 437 0 776 437 0 750 437 0 776 437 0 389 437 0 750 437 0 389 437 0 796 437 0 750 437 0 796 437 0 390 437 0 750 437 0 390 437 0 818 437 0 1234 466 0 1232 466 0 535 466 0 535 466 0 1232 466 0 1229 466 0 1229 466 0 1232 466 0 1231 466 0 1229 466 0 1231 466 0 523 466 0 1229 466 0 523 466 0 503 466 0 503 466 0 523 466 0 522 466 0 503 466 0 522 466 0 521 466 0 503 466 0 521 466 0 514 466 0 9 437 0 14 437 0 751 437 0 1224 491 0 523 437 0 1221 1114 0 1231 1115 0 1221 1114 0 523 437 0 1221 1114 0 1231 1115 0 1215 1116 0 1232 1117 0 1215 1116 0 1231 1115 0 1215 1116 0 1232 1117 0 1213 1118 0 1234 924 0 1213 1118 0 1232 1117 0 238 924 0 1213 1118 0 1234 924 0 1221 466 0 1215 1119 0 561 466 0 561 466 0 1215 1119 0 562 1120 0 562 1120 0 1215 1119 0 1213 1121 0 562 1120 0 1213 1121 0 238 1122 0 1210 1122 0 1205 1123 0 238 1122 0 238 1122 0 1205 1123 0 562 1120 0 562 1120 0 1205 1123 0 563 1124 0 468 1125 0 563 1124 0 1205 1123 0 563 1124 0 468 1125 0 564 1126 0 564 1126 0 468 1125 0 471 1127 0 1159 1128 0 564 1126 0 471 1127 0 473 1129 0 1159 1128 0 471 1127 0 1162 1130 0 1159 1128 0 473 1129 0 477 1131 0 1162 1130 0 473 1129 0 1162 1130 0 477 1131 0 567 1132 0 567 1132 0 477 1131 0 478 1133 0 568 1134 0 567 1132 0 478 1133 0 481 1135 0 568 1134 0 478 1133 0 568 1134 0 481 1135 0 1163 1136 0 1163 1136 0 481 1135 0 483 1137 0 1163 1136 0 483 1137 0 1164 1138 0 484 1139 0 1164 1138 0 483 1137 0 484 1139 0 1168 1140 0 1164 1138 0 572 1141 0 1168 1140 0 484 1139 0 1204 1142 0 572 1141 0 484 1139 0 572 1141 0 1204 1142 0 1170 1143 0 1170 1143 0 1204 1142 0 486 1144 0 1170 1143 0 486 1144 0 1171 1145 0 1171 1145 0 486 1144 0 1203 1146 0 488 1147 0 1171 1145 0 1203 1146 0 488 1147 0 575 486 0 1171 1145 0 575 486 0 488 1147 0 825 896 0 489 1148 0 825 896 0 488 1147 0 489 1148 0 1174 1149 0 825 896 0 1176 1150 0 1174 1149 0 489 1148 0 491 1151 0 1176 1150 0 489 1148 0 1176 1150 0 491 1151 0 1199 1152 0 1176 1150 0 1199 1152 0 1182 1153 0 1182 1153 0 1199 1152 0 492 1154 0 1182 1153 0 492 1154 0 1183 1155 0 1197 1156 0 1183 1155 0 492 1154 0 1183 1155 0 1197 1156 0 1184 1157 0 831 1158 0 1184 1157 0 1197 1156 0 493 1159 0 831 1158 0 1197 1156 0 831 1158 0 493 1159 0 1186 1160 0 833 1161 0 1186 1160 0 493 1159 0 494 1162 0 833 1161 0 493 1159 0 833 1161 0 494 1162 0 1187 1163 0 1187 1163 0 494 1162 0 496 1164 0 1187 1163 0 496 1164 0 497 1165 0 1187 1163 0 497 1165 0 1189 1166 0 1195 1167 0 1189 1166 0 497 1165 0 1195 1167 0 836 1168 0 1189 1166 0 836 1168 0 1195 1167 0 1191 1169 0 1191 1169 0 1195 1167 0 1194 1170 0 1193 1171 0 1191 1169 0 1194 1170 0 1193 1171 0 838 1172 0 1191 1169 0 838 1172 0 1193 1171 0 839 671 0 839 671 0 1193 1171 0 1118 671 0 595 495 0 594 495 0 596 495 0 596 495 0 594 495 0 597 495 0 597 495 0 594 495 0 1137 495 0 1137 495 0 594 495 0 593 495 0 1137 495 0 593 495 0 592 495 0 1137 495 0 592 495 0 599 495 0 599 495 0 592 495 0 1136 495 0 599 495 0 1136 495 0 600 495 0 600 495 0 1136 495 0 590 495 0 600 495 0 590 495 0 589 495 0 600 495 0 589 495 0 601 495 0 601 495 0 589 495 0 1138 495 0 1138 495 0 589 495 0 1135 495 0 1138 495 0 1135 495 0 603 495 0 603 495 0 1135 495 0 1132 495 0 603 495 0 1132 495 0 1130 495 0 603 495 0 1130 495 0 604 495 0 604 495 0 1130 495 0 585 495 0 604 495 0 585 495 0 584 495 0 604 495 0 584 495 0 862 495 0 862 495 0 584 495 0 583 495 0 862 495 0 583 495 0 1139 495 0 1139 495 0 583 495 0 883 495 0 1139 495 0 883 495 0 864 495 0 864 495 0 883 495 0 882 495 0 864 495 0 882 495 0 865 495 0 865 495 0 882 495 0 1154 495 0 865 495 0 1154 495 0 1143 495 0 1143 495 0 1154 495 0 1153 495 0 1143 495 0 1153 495 0 1145 495 0 1145 495 0 1153 495 0 868 495 0 868 495 0 1153 495 0 879 495 0 868 495 0 879 495 0 1146 495 0 1146 495 0 879 495 0 878 495 0 1146 495 0 878 495 0 1152 495 0 1146 495 0 1152 495 0 876 495 0 1146 495 0 876 495 0 870 495 0 870 495 0 876 495 0 1150 495 0 870 495 0 1150 495 0 874 495 0 870 495 0 874 495 0 1147 495 0 1147 495 0 874 495 0 1149 495 0 1147 495 0 1149 495 0 1148 495 0 1118 671 0 761 1174 0 1119 1173 0 1117 1175 0 761 1174 0 1118 671 0 761 1174 0 1117 1175 0 1121 1176 0 1117 1175 0 498 1177 0 1121 1176 0 605 437 0 1121 1176 0 498 1177 0 1121 1176 0 1105 437 0 423 485 0 9 437 0 16 437 0 14 437 0 1121 1176 0 605 437 0 1105 437 0 1376 1180 0 1095 1179 0 1096 1178 0 1096 1178 0 1095 1179 0 1088 1181 0 1094 1182 0 1088 1181 0 1095 1179 0 1088 1181 0 1094 1182 0 1089 1183 0 1092 1184 0 1089 1183 0 1094 1182 0 1089 1183 0 1092 1184 0 1090 1185 0 1101 1005 0 1090 1185 0 1092 1184 0 1237 1039 0 1090 1185 0 1099 1022 0 1090 1185 0 1101 1005 0 1099 1022 0 1096 1178 0 1088 1181 0 1098 1186 0 1098 1186 0 1088 1181 0 209 1187 0 209 1187 0 1088 1181 0 779 1188 0 779 1188 0 1088 1181 0 780 1189 0 1088 1181 0 1089 1183 0 780 1189 0 780 1189 0 1089 1183 0 220 700 0 1089 1183 0 1090 1185 0 220 700 0 220 700 0 1090 1185 0 817 1056 0 1090 1185 0 1237 1039 0 817 1056 0 1038 1191 0 220 1190 0 1036 1190 0 1086 1191 0 220 1190 0 1038 1191 0 1054 495 0 1053 1192 0 856 495 0 856 495 0 1053 1192 0 1055 1193 0 1057 1194 0 1055 1193 0 1053 1192 0 1074 1195 0 1057 1194 0 1053 1192 0 1057 1194 0 1074 1195 0 855 1196 0 855 1196 0 1074 1195 0 1052 1197 0 855 1196 0 1052 1197 0 1058 1198 0 1072 1199 0 1058 1198 0 1052 1197 0 1058 1198 0 1072 1199 0 1059 1200 0 1060 1201 0 1059 1200 0 1072 1199 0 1047 1202 0 1060 1201 0 1072 1199 0 1060 1201 0 1047 1202 0 1066 1203 0 1066 1203 0 1047 1202 0 1070 1204 0 854 1205 0 1066 1203 0 1070 1204 0 1045 1206 0 854 1205 0 1070 1204 0 854 1205 0 1045 1206 0 1067 1207 0 1067 1207 0 1045 1206 0 1068 1208 0 1069 1209 0 1067 1207 0 1068 1208 0 1041 1210 0 1069 1209 0 1068 1208 0 1069 1209 0 1041 1210 0 1040 1211 0 1069 1209 0 1040 1211 0 1071 1212 0 1071 1212 0 1040 1211 0 1065 1213 0 1071 1212 0 1065 1213 0 853 1214 0 1064 1215 0 853 1214 0 1065 1213 0 853 1214 0 1064 1215 0 1073 1216 0 1073 1216 0 1064 1215 0 1063 1217 0 1073 1216 0 1063 1217 0 1062 1218 0 1073 1216 0 1062 1218 0 852 1219 0 1061 1220 0 852 1219 0 1062 1218 0 852 1219 0 1061 1220 0 850 671 0 850 671 0 1061 1220 0 1038 671 0 847 1221 0 850 671 0 1038 671 0 1036 700 0 847 1221 0 1038 671 0 847 1221 0 1036 700 0 1035 414 0 847 1221 0 1035 414 0 1075 1222 0 1075 1222 0 1035 414 0 1198 1223 0 1075 1222 0 1198 1223 0 845 1224 0 1033 1225 0 845 1224 0 1198 1223 0 845 1224 0 1033 1225 0 1076 1226 0 1076 1226 0 1033 1225 0 1196 1227 0 1076 1226 0 1196 1227 0 840 1228 0 1030 1229 0 840 1228 0 1196 1227 0 840 1228 0 1030 1229 0 837 1230 0 1077 1231 0 837 1230 0 1030 1229 0 1028 1232 0 1077 1231 0 1030 1229 0 1077 1231 0 1028 1232 0 1027 1233 0 1077 1231 0 1027 1233 0 835 1234 0 1078 1235 0 835 1234 0 1027 1233 0 1192 1236 0 1078 1235 0 1027 1233 0 1078 1235 0 1192 1236 0 1080 1237 0 1080 1237 0 1192 1236 0 1025 1238 0 1082 1239 0 1080 1237 0 1025 1238 0 1190 1240 0 1082 1239 0 1025 1238 0 1082 1239 0 1190 1240 0 834 1241 0 834 1241 0 1190 1240 0 1023 1242 0 834 1241 0 1023 1242 0 832 1243 0 1188 1244 0 832 1243 0 1023 1242 0 832 1243 0 1188 1244 0 830 1245 0 830 1245 0 1188 1244 0 1022 1246 0 830 1245 0 1022 1246 0 881 437 0 881 437 0 1022 1246 0 1021 437 0 850 924 0 847 924 0 852 924 0 852 924 0 847 924 0 1073 924 0 1073 924 0 847 924 0 1075 924 0 1073 924 0 1075 924 0 853 924 0 853 924 0 1075 924 0 845 924 0 853 924 0 845 924 0 1076 924 0 853 924 0 1076 924 0 1071 924 0 1071 924 0 1076 924 0 1069 924 0 1069 924 0 1076 924 0 840 924 0 1069 924 0 840 924 0 1067 924 0 1067 924 0 840 924 0 837 924 0 1067 924 0 837 924 0 854 924 0 854 924 0 837 924 0 1077 924 0 854 924 0 1077 924 0 1066 924 0 1066 924 0 1077 924 0 835 924 0 1066 924 0 835 924 0 1060 924 0 1060 924 0 835 924 0 1078 924 0 1060 924 0 1078 924 0 1080 924 0 1060 924 0 1080 924 0 1059 924 0 1059 924 0 1080 924 0 1058 924 0 1058 924 0 1080 924 0 1082 924 0 1058 924 0 1082 924 0 855 924 0 855 924 0 1082 924 0 834 924 0 855 924 0 834 924 0 832 924 0 855 924 0 832 924 0 1057 924 0 1057 924 0 832 924 0 1055 924 0 1055 924 0 832 924 0 830 924 0 1055 924 0 830 924 0 856 924 0 856 924 0 830 924 0 881 924 0 856 924 0 881 924 0 880 924 0 856 924 0 880 924 0 857 924 0 857 924 0 880 924 0 1120 924 0 1120 924 0 880 924 0 877 924 0 1120 924 0 877 924 0 858 924 0 858 924 0 877 924 0 875 924 0 858 924 0 875 924 0 1144 924 0 858 924 0 1144 924 0 1122 924 0 1122 924 0 1144 924 0 859 924 0 859 924 0 1144 924 0 873 924 0 859 924 0 873 924 0 1124 924 0 1124 924 0 873 924 0 1142 924 0 1124 924 0 1142 924 0 1141 924 0 1124 924 0 1141 924 0 1125 924 0 1125 924 0 1141 924 0 1126 924 0 1126 924 0 1141 924 0 1140 924 0 1126 924 0 1140 924 0 1127 924 0 1127 924 0 1140 924 0 872 924 0 1127 924 0 872 924 0 1128 924 0 1128 924 0 872 924 0 871 924 0 1128 924 0 871 924 0 1129 924 0 1129 924 0 871 924 0 869 924 0 1129 924 0 869 924 0 860 924 0 860 924 0 869 924 0 867 924 0 860 924 0 867 924 0 866 924 0 860 924 0 866 924 0 1131 924 0 1131 924 0 866 924 0 863 924 0 863 924 0 866 924 0 1134 924 0 863 924 0 1134 924 0 1133 924 0 1021 486 0 827 486 0 826 486 0 1022 486 0 827 486 0 1021 486 0 828 486 0 827 486 0 1022 486 0 1355 437 0 1347 437 0 1356 437 0 1356 437 0 1347 437 0 1357 437 0 1357 437 0 1347 437 0 1346 437 0 1357 437 0 1346 437 0 820 437 0 820 437 0 1346 437 0 819 437 0 820 437 0 819 437 0 827 437 0 820 437 0 827 437 0 828 437 0 216 1249 0 1200 1248 0 1035 1247 0 817 1250 0 1200 1248 0 216 1249 0 1101 1005 0 1327 1005 0 1262 1005 0 1101 1005 0 1262 1005 0 814 1005 0 1101 1005 0 814 1005 0 1260 1005 0 1101 1005 0 1260 1005 0 1259 1005 0 1101 1005 0 1259 1005 0 1258 1005 0 1101 1005 0 1258 1005 0 812 1005 0 1101 1005 0 812 1005 0 808 1005 0 1101 1005 0 808 1005 0 807 1005 0 1101 1005 0 807 1005 0 1254 1005 0 1101 1005 0 1254 1005 0 1253 1005 0 1101 1005 0 1253 1005 0 806 1005 0 1101 1005 0 806 1005 0 804 1005 0 1101 1005 0 804 1005 0 803 1005 0 1101 1005 0 803 1005 0 1249 1005 0 1101 1005 0 1249 1005 0 802 1005 0 1101 1005 0 802 1005 0 801 1005 0 1101 1005 0 801 1005 0 1246 1005 0 1101 1005 0 1246 1005 0 1245 1005 0 1101 1005 0 1245 1005 0 1244 1005 0 1101 1005 0 1244 1005 0 799 1005 0 1101 1005 0 799 1005 0 798 1005 0 1101 1005 0 798 1005 0 1241 1005 0 1101 1005 0 1241 1005 0 797 1005 0 402 1251 0 1381 1252 0 1380 1251 0 763 671 0 1 1253 0 740 671 0 740 671 0 1 1253 0 765 1254 0 765 1254 0 1 1253 0 1105 1255 0 1105 1255 0 1 1253 0 423 1256 0 423 1256 0 1 1253 0 422 1257 0 422 1257 0 1 1253 0 2 1258 0 422 1257 0 2 1258 0 766 1259 0 762 1260 0 766 1259 0 2 1258 0 766 1259 0 762 1260 0 421 1261 0 421 1261 0 762 1260 0 760 1262 0 421 1261 0 760 1262 0 767 1263 0 3 1264 0 767 1263 0 760 1262 0 767 1263 0 3 1264 0 768 1265 0 3 1264 0 5 1266 0 768 1265 0 5 1266 0 759 1267 0 768 1265 0 768 1265 0 759 1267 0 420 1268 0 420 1268 0 759 1267 0 6 1269 0 420 1268 0 6 1269 0 416 1270 0 7 1271 0 416 1270 0 6 1269 0 416 1270 0 7 1271 0 770 1272 0 770 1272 0 7 1271 0 758 1273 0 770 1272 0 758 1273 0 412 1274 0 8 1275 0 412 1274 0 758 1273 0 412 1274 0 8 1275 0 409 1276 0 8 1275 0 9 1277 0 409 1276 0 9 1277 0 751 1278 0 409 1276 0 409 1276 0 751 1278 0 407 1279 0 407 1279 0 751 1278 0 10 1280 0 11 924 0 407 1279 0 10 1280 0 11 924 0 771 1281 0 407 1279 0 771 1281 0 11 924 0 12 1282 0 771 1281 0 12 1282 0 406 1283 0 14 1284 0 406 1283 0 12 1282 0 406 1283 0 14 1284 0 773 1285 0 773 1285 0 14 1284 0 16 1286 0 773 1285 0 16 1286 0 748 1287 0 773 1285 0 748 1287 0 405 1288 0 405 1288 0 748 1287 0 23 1289 0 25 1290 0 405 1288 0 23 1289 0 405 1288 0 25 1290 0 778 1291 0 778 1291 0 25 1290 0 747 1292 0 746 1293 0 778 1291 0 747 1292 0 778 1291 0 746 1293 0 781 1294 0 781 1294 0 746 1293 0 31 1295 0 781 1294 0 31 1295 0 36 1296 0 781 1294 0 36 1296 0 782 1297 0 782 1297 0 36 1296 0 784 1298 0 784 1298 0 36 1296 0 38 1299 0 39 1300 0 784 1298 0 38 1299 0 784 1298 0 39 1300 0 785 1301 0 785 1301 0 39 1300 0 786 1302 0 786 1302 0 39 1300 0 40 1303 0 742 1304 0 786 1302 0 40 1303 0 786 1302 0 742 1304 0 403 1305 0 403 1305 0 742 1304 0 566 466 0 403 1305 0 566 466 0 402 1306 0 402 1306 0 566 466 0 1381 1307 0 1381 1307 0 566 466 0 569 466 0 566 466 0 41 1308 0 569 466 0 569 466 0 41 1308 0 1383 1309 0 1383 1309 0 41 1308 0 1384 1310 0 1384 1310 0 41 1308 0 42 1311 0 44 1312 0 1384 1310 0 42 1311 0 44 1312 0 570 1313 0 1384 1310 0 570 1313 0 44 1312 0 45 1314 0 570 1313 0 45 1314 0 1382 1315 0 46 1316 0 1382 1315 0 45 1314 0 1382 1315 0 46 1316 0 571 1317 0 571 1317 0 46 1316 0 565 1318 0 571 1317 0 565 1318 0 573 1319 0 565 1318 0 47 1320 0 573 1319 0 573 1319 0 47 1320 0 574 1321 0 574 1321 0 47 1320 0 48 1322 0 574 1321 0 48 1322 0 1353 1323 0 1353 1323 0 48 1322 0 1344 1324 0 49 1325 0 1344 1324 0 48 1322 0 49 1325 0 576 1326 0 1344 1324 0 576 1326 0 49 1325 0 560 1327 0 576 1326 0 560 1327 0 1268 1328 0 196 1329 0 1268 1328 0 560 1327 0 1268 1328 0 196 1329 0 577 1330 0 577 1330 0 196 1329 0 555 1331 0 577 1330 0 555 1331 0 578 1332 0 555 1331 0 554 1333 0 578 1332 0 578 1332 0 554 1333 0 197 1334 0 578 1332 0 197 1334 0 1179 1335 0 198 486 0 1179 1335 0 197 1334 0 198 486 0 586 1336 0 1179 1335 0 586 1336 0 198 486 0 1123 1337 0 1123 1337 0 198 486 0 200 1338 0 1123 1337 0 200 1338 0 1106 1339 0 203 1340 0 1106 1339 0 200 1338 0 1106 1339 0 203 1340 0 1091 1341 0 1091 1341 0 203 1340 0 587 1342 0 587 1342 0 203 1340 0 204 1343 0 587 1342 0 204 1343 0 1046 1344 0 204 1343 0 553 1345 0 1046 1344 0 1046 1344 0 553 1345 0 588 1346 0 588 1346 0 553 1345 0 552 1347 0 205 1348 0 588 1346 0 552 1347 0 205 1348 0 884 1349 0 588 1346 0 884 1349 0 205 1348 0 829 1350 0 829 1350 0 205 1348 0 206 1351 0 591 1352 0 829 1350 0 206 1351 0 551 1353 0 591 1352 0 206 1351 0 591 1352 0 551 1353 0 598 1354 0 598 1354 0 551 1353 0 816 1355 0 816 1355 0 551 1353 0 550 1356 0 816 1355 0 550 1356 0 815 1357 0 550 1356 0 207 1358 0 815 1357 0 815 1357 0 207 1358 0 602 1359 0 602 1359 0 207 1358 0 208 1360 0 210 1361 0 602 1359 0 208 1360 0 210 1361 0 791 1362 0 602 1359 0 791 1362 0 210 1361 0 783 1363 0 783 1363 0 210 1361 0 212 1364 0 549 1365 0 783 1363 0 212 1364 0 549 1365 0 739 1366 0 783 1363 0 739 1366 0 549 1365 0 740 671 0 740 671 0 549 1365 0 763 671 0 9 437 0 748 437 0 16 437 0 1105 1367 0 765 1368 0 539 1367 0 8 437 0 748 437 0 9 437 0 8 437 0 23 437 0 748 437 0 498 1177 0 424 1369 0 605 437 0 605 437 0 424 1369 0 504 437 0 504 437 0 424 1369 0 538 437 0 538 437 0 424 1369 0 505 437 0 424 1369 0 425 1370 0 505 437 0 505 437 0 425 1370 0 506 437 0 425 1370 0 429 1371 0 506 437 0 506 437 0 429 1371 0 507 437 0 507 437 0 429 1371 0 485 437 0 429 1371 0 430 1372 0 485 437 0 485 437 0 430 1372 0 466 437 0 466 437 0 430 1372 0 419 437 0 419 437 0 430 1372 0 508 437 0 508 437 0 430 1372 0 509 437 0 430 1372 0 431 1373 0 509 437 0 509 437 0 431 1373 0 249 437 0 431 1373 0 433 1374 0 249 437 0 249 437 0 433 1374 0 513 437 0 513 437 0 433 1374 0 232 437 0 433 1374 0 436 1375 0 232 437 0 232 437 0 436 1375 0 215 437 0 215 437 0 436 1375 0 515 437 0 436 1375 0 439 1376 0 515 437 0 515 437 0 439 1376 0 516 437 0 516 437 0 439 1376 0 519 437 0 439 1376 0 440 1377 0 519 437 0 519 437 0 440 1377 0 520 437 0 520 437 0 440 1377 0 0 437 0 0 437 0 440 1377 0 524 437 0 440 1377 0 441 1378 0 524 437 0 524 437 0 441 1378 0 526 437 0 526 437 0 441 1378 0 57 437 0 441 1378 0 443 1379 0 57 437 0 57 437 0 443 1379 0 214 437 0 214 437 0 443 1379 0 240 437 0 443 1379 0 444 1380 0 240 437 0 240 437 0 444 1380 0 302 437 0 302 437 0 444 1380 0 528 437 0 528 437 0 444 1380 0 387 437 0 444 1380 0 446 1381 0 387 437 0 387 437 0 446 1381 0 499 437 0 499 437 0 446 1381 0 531 437 0 446 1381 0 447 1382 0 531 437 0 531 437 0 447 1382 0 512 437 0 512 437 0 447 1382 0 537 437 0 535 1383 0 537 437 0 447 1382 0 1229 437 0 537 437 0 535 1383 0 1117 1175 0 448 1384 0 498 1177 0 498 1177 0 448 1384 0 424 1369 0 448 1384 0 449 1385 0 424 1369 0 424 1369 0 449 1385 0 425 1370 0 449 1385 0 450 1386 0 425 1370 0 425 1370 0 450 1386 0 429 1371 0 450 1386 0 452 1387 0 429 1371 0 429 1371 0 452 1387 0 430 1372 0 452 1387 0 454 1388 0 430 1372 0 430 1372 0 454 1388 0 431 1373 0 454 1388 0 455 1389 0 431 1373 0 431 1373 0 455 1389 0 433 1374 0 455 1389 0 457 1390 0 433 1374 0 433 1374 0 457 1390 0 436 1375 0 457 1390 0 458 1391 0 436 1375 0 436 1375 0 458 1391 0 439 1376 0 458 1391 0 460 1392 0 439 1376 0 439 1376 0 460 1392 0 440 1377 0 460 1392 0 461 1393 0 440 1377 0 440 1377 0 461 1393 0 441 1378 0 461 1393 0 462 1394 0 441 1378 0 441 1378 0 462 1394 0 443 1379 0 462 1394 0 463 1395 0 443 1379 0 443 1379 0 463 1395 0 444 1380 0 463 1395 0 464 1396 0 444 1380 0 444 1380 0 464 1396 0 446 1381 0 464 1396 0 465 1397 0 446 1381 0 446 1381 0 465 1397 0 447 1382 0 236 1398 0 447 1382 0 465 1397 0 535 1383 0 447 1382 0 236 1398 0 1118 671 0 1193 1171 0 1117 1175 0 1117 1175 0 1193 1171 0 448 1384 0 1194 1170 0 448 1384 0 1193 1171 0 448 1384 0 1194 1170 0 449 1385 0 449 1385 0 1194 1170 0 1195 1167 0 497 1165 0 449 1385 0 1195 1167 0 449 1385 0 497 1165 0 450 1386 0 450 1386 0 497 1165 0 496 1164 0 450 1386 0 496 1164 0 494 1162 0 493 1159 0 450 1386 0 494 1162 0 450 1386 0 493 1159 0 452 1387 0 1197 1156 0 452 1387 0 493 1159 0 452 1387 0 1197 1156 0 454 1388 0 492 1154 0 454 1388 0 1197 1156 0 454 1388 0 492 1154 0 455 1389 0 455 1389 0 492 1154 0 1199 1152 0 455 1389 0 1199 1152 0 491 1151 0 489 1148 0 455 1389 0 491 1151 0 455 1389 0 489 1148 0 457 1390 0 488 1147 0 457 1390 0 489 1148 0 457 1390 0 488 1147 0 458 1391 0 1203 1146 0 458 1391 0 488 1147 0 458 1391 0 1203 1146 0 460 1392 0 460 1392 0 1203 1146 0 486 1144 0 460 1392 0 486 1144 0 1204 1142 0 484 1139 0 460 1392 0 1204 1142 0 460 1392 0 484 1139 0 461 1393 0 483 1137 0 461 1393 0 484 1139 0 461 1393 0 483 1137 0 462 1394 0 462 1394 0 483 1137 0 481 1135 0 478 1133 0 462 1394 0 481 1135 0 462 1394 0 478 1133 0 463 1395 0 463 1395 0 478 1133 0 477 1131 0 473 1129 0 463 1395 0 477 1131 0 463 1395 0 473 1129 0 464 1396 0 471 1127 0 464 1396 0 473 1129 0 464 1396 0 471 1127 0 465 1397 0 465 1397 0 471 1127 0 468 1125 0 1205 1123 0 465 1397 0 468 1125 0 236 1398 0 465 1397 0 536 1399 0 465 1397 0 1205 1123 0 536 1399 0 1205 1123 0 1210 1122 0 536 1399 0 422 1402 0 241 1401 0 423 1400 0 422 1402 0 243 1403 0 241 1401 0 243 1403 0 422 1402 0 540 1404 0 422 1402 0 766 1405 0 540 1404 0 421 1406 0 540 1404 0 766 1405 0 540 1404 0 421 1406 0 245 1407 0 767 1408 0 245 1407 0 421 1406 0 767 1408 0 741 1409 0 245 1407 0 768 1410 0 741 1409 0 767 1408 0 741 1409 0 768 1410 0 246 1411 0 247 1412 0 246 1411 0 768 1410 0 420 1413 0 247 1412 0 768 1410 0 420 1413 0 248 1414 0 247 1412 0 420 1413 0 749 1415 0 248 1414 0 749 1415 0 420 1413 0 764 1416 0 420 1413 0 416 1417 0 764 1416 0 770 1418 0 764 1416 0 416 1417 0 764 1416 0 770 1418 0 776 1419 0 412 1420 0 776 1419 0 770 1418 0 412 1420 0 389 1421 0 776 1419 0 389 1421 0 412 1420 0 796 1422 0 412 1420 0 409 1423 0 796 1422 0 407 1424 0 796 1422 0 409 1423 0 407 1424 0 390 1425 0 796 1422 0 390 1425 0 407 1424 0 818 1426 0 771 1427 0 818 1426 0 407 1424 0 771 1427 0 824 1428 0 818 1426 0 406 1429 0 824 1428 0 771 1427 0 824 1428 0 406 1429 0 392 1430 0 406 1429 0 393 1431 0 392 1430 0 406 1429 0 1018 1432 0 393 1431 0 773 1433 0 1018 1432 0 406 1429 0 405 1434 0 1018 1432 0 773 1433 0 1018 1432 0 405 1434 0 394 1435 0 405 1434 0 395 1436 0 394 1435 0 778 1437 0 395 1436 0 405 1434 0 395 1436 0 778 1437 0 1083 1438 0 778 1437 0 1157 1439 0 1083 1438 0 781 1440 0 1157 1439 0 778 1437 0 1157 1439 0 781 1440 0 1185 1441 0 781 1440 0 1228 1442 0 1185 1441 0 781 1440 0 396 1443 0 1228 1442 0 782 1444 0 396 1443 0 781 1440 0 396 1443 0 782 1444 0 397 1445 0 784 1446 0 397 1445 0 782 1444 0 784 1446 0 1332 1447 0 397 1445 0 785 1448 0 1332 1447 0 784 1446 0 1332 1447 0 785 1448 0 399 1449 0 785 1448 0 401 1450 0 399 1449 0 786 1451 0 401 1450 0 785 1448 0 401 1450 0 786 1451 0 1362 1452 0 403 1453 0 1362 1452 0 786 1451 0 402 1251 0 1362 1452 0 403 1453 0 1380 1251 0 1362 1452 0 402 1251 0 536 924 0 535 924 0 236 924 0 1210 924 0 535 924 0 536 924 0 238 924 0 535 924 0 1210 924 0 1234 924 0 535 924 0 238 924 0 1036 1190 0 817 1455 0 216 1454 0 220 1456 0 817 1455 0 1036 1190 0 1035 486 0 1036 486 0 216 486 0 198 437 0 197 437 0 200 437 0 200 437 0 197 437 0 203 437 0 203 437 0 197 437 0 554 437 0 203 437 0 554 437 0 204 437 0 204 437 0 554 437 0 555 437 0 204 437 0 555 437 0 196 437 0 204 437 0 196 437 0 553 437 0 553 437 0 196 437 0 552 437 0 552 437 0 196 437 0 560 437 0 552 437 0 560 437 0 205 437 0 205 437 0 560 437 0 49 437 0 205 437 0 49 437 0 206 437 0 206 437 0 49 437 0 48 437 0 206 437 0 48 437 0 551 437 0 551 437 0 48 437 0 47 437 0 551 437 0 47 437 0 550 437 0 550 437 0 47 437 0 565 437 0 550 437 0 565 437 0 46 437 0 550 437 0 46 437 0 207 437 0 207 437 0 46 437 0 208 437 0 208 437 0 46 437 0 45 437 0 208 437 0 45 437 0 210 437 0 210 437 0 45 437 0 44 437 0 210 437 0 44 437 0 42 437 0 210 437 0 42 437 0 212 437 0 212 437 0 42 437 0 549 437 0 549 437 0 42 437 0 41 437 0 549 437 0 41 437 0 763 437 0 763 437 0 41 437 0 566 437 0 763 437 0 566 437 0 742 437 0 763 437 0 742 437 0 1 437 0 1 437 0 742 437 0 2 437 0 2 437 0 742 437 0 40 437 0 2 437 0 40 437 0 762 437 0 762 437 0 40 437 0 39 437 0 762 437 0 39 437 0 38 437 0 762 437 0 38 437 0 760 437 0 760 437 0 38 437 0 3 437 0 3 437 0 38 437 0 36 437 0 3 437 0 36 437 0 5 437 0 5 437 0 36 437 0 31 437 0 5 437 0 31 437 0 746 437 0 5 437 0 746 437 0 759 437 0 759 437 0 746 437 0 6 437 0 6 437 0 746 437 0 747 437 0 6 437 0 747 437 0 7 437 0 7 437 0 747 437 0 25 437 0 7 437 0 25 437 0 758 437 0 758 437 0 25 437 0 23 437 0 758 437 0 23 437 0 8 437 0</p>
				</polylist>
			</mesh>
		</geometry>
	</library_geometries>
	<library_visual_scenes>
		<visual_scene id="ID1">
			<node id="ID2" name="J2_-_摆正.STEP">
				<translate sid="translate">0 0 -0</translate>
				<rotate sid="rotateY">0 1 0 -0</rotate>
				<rotate sid="rotateX">1 0 0 0</rotate>
				<rotate sid="rotateZ">0 0 1 -0</rotate>
				<scale sid="scale">1 1 1</scale>
				<node id="ID3" name="NONE">
					<translate sid="translate">0 0 -0</translate>
					<rotate sid="rotateY">0 1 0 -0</rotate>
					<rotate sid="rotateX">1 0 0 0</rotate>
					<rotate sid="rotateZ">0 0 1 -0</rotate>
					<scale sid="scale">1 1 1</scale>
					<instance_geometry url="#ID4"/>
				</node>
			</node>
		</visual_scene>
	</library_visual_scenes>
	<scene>
		<instance_visual_scene url="#ID1"/>
	</scene>
</COLLADA>
