<?xml version="1.0" encoding="UTF-8"?>
<COLLADA xmlns="http://www.collada.org/2008/03/COLLADASchema" version="1.5.0">
	<asset>
		<contributor>
			<authoring_tool>Cinema 4D 2023.103 COLLADA Exporter</authoring_tool>
		</contributor>
		<created>2025-07-30T06:09:20Z</created>
		<modified>2025-07-30T06:09:20Z</modified>
		<unit meter="0.01" name="centimeter"/>
		<up_axis>Y_UP</up_axis>
	</asset>
	<library_geometries>
		<geometry id="ID4">
			<mesh>
				<source id="ID5">
					<float_array id="ID6" count="4161" digits="2490374">1.23987 -3.44798 0.0857132 -7.58571e-18 0.344295 3.48304 -1.59102e-17 0.640891 3.44084 6.47478 -7.01517 -0.576923 6.36839 -7.01517 -0.590525 6.33396 -7.01517 -0.563897 6.31088 -7.01517 -0.5 6.51088 -7.01517 -0.5 1.93092 -3.63726 -0.0268712 7.72981 -5.09369 -6.885 7.91743 -4.90279 -6.885 -8.30905e-17 2.93981 1.89936 -8.61899e-17 3.03867 1.73681 -9.1033e-17 3.1898 1.44054 -9.68481e-17 3.36237 0.971863 -1.00825e-16 3.46691 0.480175 -1.02421e-16 3.49734 0.136809 -1.03046e-16 3.49623 -0.162772 -1.03008e-16 3.47436 -0.422933 -1.02532e-16 3.43946 -0.648185 -1.01779e-16 3.397 -0.842863 -9.97148e-17 3.2963 -1.17663 8.24324 -4.37649 -6.885 -8.79285e-17 2.79874 -2.10168 -8.23938e-17 2.57843 -2.36681 -7.69774e-17 2.36659 -2.57864 -7.18298e-17 2.16778 -2.74787 -6.70336e-17 1.98432 -2.88314 -6.26273e-17 1.81703 -2.99139 -5.44803e-17 1.51043 -3.15732 8.34899 -4.04964 -6.885 8.39805 -3.69378 -6.885 8.38106 -3.32303 -6.885 -3.71403e-18 -0.344295 -3.48304 4.61049e-18 -0.640891 -3.44084 1.18053e-17 -0.895591 -3.38349 1.80085e-17 -1.11392 -3.31801 2.33496e-17 -1.30094 -3.24924 3.24609e-17 -1.61773 -3.1037 8.2808 -2.91871 -6.885 7.95131 -2.33696 -6.885 7.1788 -1.75736 -6.885 6.93708 -1.67299 -6.885 6.69061 -1.62079 -6.885 5.56835 -1.78083 -6.885 7.97333e-17 -3.1898 -1.44054 8.55483e-17 -3.36237 -0.971863 8.95255e-17 -3.46691 -0.480175 9.11214e-17 -3.49734 -0.136809 9.1746e-17 -3.49623 0.162772 9.17083e-17 -3.47436 0.422933 9.12324e-17 -3.43946 0.648185 9.04797e-17 -3.397 0.842863 8.8415e-17 -3.2963 1.17663 5.2532 -1.96124 -6.885 4.50587 -2.95828 -6.885 4.57482 -4.4168 -6.885 4.68317 -4.62509 -6.885 6.053e-17 -2.16778 2.74787 4.81064 -4.81334 -6.885 5.13276e-17 -1.81703 2.99139 4.31805e-17 -1.51043 3.15732 3.00352e-17 -1.02182 3.34753 5.11709 -5.13372 -6.885 2.23648 -3.82653 -0.0254695 1.74824 -2.27474e-10 -3.5 5.46271 -5.36625 -6.885 -2.72603e-17 0.505605 -3.46329 -4.13349e-17 1.02182 -3.34753 5.80528 -5.50904 -6.885 6.15644 -5.58469 -6.885 7.10573 -5.47106 -6.885 2.50516 -4.07462 -0.0250632 6.34892 -7.11462 -0.578506 6.31855 -7.11395 -0.53819 6.31088 -7.11374 -0.5 -9.48582e-17 3.08355 -1.65585 6.41088 -7.01517 -0.6 3.05798 -4.81429 -0.0266867 6.41088 -7.11517 -0.6 6.50141 -7.01517 -0.542487 1.2325 -3.47436 0.0752258 6.51088 -7.01517 -0.1 7.91911 -5.2329 -6.85968 8.12941 -5.00762 -6.85985 8.30631 -4.75528 -6.86013 8.44641 -4.48085 -6.86051 8.54687 -4.18959 -6.86098 -7.92622e-17 2.816 2.0785 -7.45249e-17 2.66072 2.27389 -6.86545e-17 2.46578 2.48394 -5.67307e-17 2.06323 2.82722 -4.37606e-17 1.61773 3.1037 -3.46494e-17 1.30094 3.24924 -2.93083e-17 1.11392 3.31801 -2.31051e-17 0.895591 3.38349 8.60576 -3.88723 -6.86154 8.6218 -3.57966 -6.86217 2.0075e-18 -9.23706e-15 3.5 8.59475 -3.27295 -6.86286 8.54538 -3.03732 -6.86325 1.27 0.0999993 3.49857 1.30878 0.0922386 3.49878 8.46868 -2.80116 -6.86363 8.34025 -2.52557 -6.86395 8.17096 -2.26326 -6.86414 7.94917 -2.009 -6.86418 1.98957 0.76786 3.41473 2.07441 1.0378 3.3426 7.67552 -1.77825 -6.86393 2.31525 1.80412 2.99919 7.33008 -1.57462 -6.86349 6.92609 -1.4275 -6.86278 6.38259 -1.35553 -6.86197 2.71323 3.07031 1.68024 5.83078 -1.41892 -6.86146 5.44259 -1.55344 -6.86123 8.10606 -5.39902 -6.7885 8.3509 -5.12679 -6.78908 8.5515 -4.82104 -6.79004 8.70331 -4.48909 -6.79135 2.76154 3.22385 -1.36265 8.80288 -4.1388 -6.79297 8.84818 -3.77857 -6.79488 8.83839 -3.41692 -6.79703 2.44133 2.20529 -2.71785 2.29498 1.73962 -3.03706 2.13545 1.23202 -3.27599 8.77429 -3.06238 -6.79939 1.92367 0.558189 -3.4552 8.69435 -2.80005 -6.80075 1.22029 -3.49868 0.0552188 8.58483 -2.54298 -6.80204 1.59605e-17 -0.505605 3.46329 8.41651 -2.25047 -6.80314 8.20702 -1.97842 -6.80381 7.94465 -1.7211 -6.80393 5.57339e-17 -1.98432 2.88314 7.6357 -1.49408 -6.80308 6.56777e-17 -2.36659 2.57864 7.10941e-17 -2.57843 2.36681 7.66288e-17 -2.79874 2.10168 8.35584e-17 -3.08355 1.65585 7.25753 -1.29873 -6.80156 6.83039 -1.16208 -6.79914 6.26342 -1.1013 -6.79637 5.69053 -1.17308 -6.79461 5.29182 -1.31159 -6.7938 8.3028 -5.56063 -6.67863 8.58712 -5.23158 -6.67973 8.8131 -4.86096 -6.68153 8.97471 -4.45937 -6.68398 7.48902e-17 -3.03867 -1.73681 7.17907e-17 -2.93981 -1.89936 6.79625e-17 -2.816 -2.0785 6.32252e-17 -2.66072 -2.27389 5.73548e-17 -2.46578 -2.48394 4.5431e-17 -2.06323 -2.82722 9.06777 -4.03815 -6.68702 9.09025 -3.6093 -6.69059 9.04214 -3.18484 -6.69463 8.92573 -2.77658 -6.69905 8.80394 -2.48745 -6.7016 8.65064 -2.21198 -6.70402 -1.33072e-17 4.06718e-14 -3.5 8.43095 -1.90883 -6.70608 1.6128 -0.430943 -3.47337 1.47925 -0.855894 -3.39374 1.32413 -1.34945 -3.22939 8.17171 -1.63587 -6.70733 1.04323 -2.24323 -2.68662 0.923925 -2.62285 -2.31747 7.86173 -1.38699 -6.70757 7.51546 -1.17698 -6.70597 7.10731 -1.00402 -6.70312 6.66698 -0.89014 -6.69858 6.09354 -0.850107 -6.69338 0.8 -3.42243 -0.732777 5.51869 -0.932451 -6.69008 5.12526 -1.07078 -6.68857 0.8 -3.38622 0.885173 0.8 -3.1946 1.42987 0.8 -3.19436 1.4304 8.4953 -5.71005 -6.53725 8.82029 -5.32053 -6.53881 0.820001 -2.95351 1.87797 0.902376 -2.69142 2.23746 9.07138 -4.88078 -6.54137 1.12712 -1.97634 2.88861 9.24091 -4.40506 -6.54485 9.32395 -3.90866 -6.54918 1.58084 -0.532658 3.45923 9.31852 -3.40761 -6.55426 9.2256 -2.91783 -6.55999 9.04924 -2.45476 -6.56629 8.88016 -2.14025 -6.56992 1.27 -0.100001 3.49857 8.67802 -1.84908 -6.57335 0.82 -1.11769e-14 3.5 1.20787 -3.51214 0.0333975 8.40194 -1.54011 -6.57628 8.08915 -1.27233 -6.57807 7.72934 -1.03928 -6.5784 7.34641 -0.85451 -6.57614 0.82 -0.100001 3.49857 3.05554 -4.86902 -0.0927705 6.91182 -0.712481 -6.57208 6.46588 -0.628646 -6.56561 1.27 0.0999993 3.4 5.89808 -0.614929 -6.55823 0.82 0.0999993 3.49857 5.33463 -0.708875 -6.55353 4.95712 -0.844232 -6.55138 1.31249 0.0905248 3.4 1.34692 0.0638965 3.4 8.66948 -5.83962 -6.37152 1.37 -1.48707e-07 3.5 1.34243 0.0689481 3.49932 9.0326 -5.39222 -6.37335 9.3066 -4.88623 -6.37635 0.820001 -3.14525 1.53539 0.800001 -3.19403 1.43113 9.48223 -4.33954 -6.38043 9.55382 -3.77135 -6.3855 9.51952 -3.20167 -6.39146 9.38128 -2.65028 -6.39818 9.14499 -2.13617 -6.40555 8.92905 -1.7992 -6.4098 8.67888 -1.49523 -6.41383 8.34788 -1.18382 -6.41726 7.98347 -0.924507 -6.41936 0.89465 -3.35198 1.01319 0.989214 -3.2115 1.39946 1.11122 -3.03001 1.76328 7.57643 -0.7106 -6.41975 7.16016 -0.554232 -6.41709 1.62851 -2.26139 2.70085 1.88908 -1.87624 2.99109 2.18891 -1.43509 3.23213 6.70343 -0.446082 -6.41234 6.25713 -0.394571 -6.40476 5.70219 -0.408762 -6.3961 5.15771 -0.514208 -6.3906 3.86934 1.00055 3.22104 4.80164 -0.645156 -6.38808 8.81129 -5.94167 -6.18861 4.61736 2.07193 2.35048 4.82971 2.37519 1.89653 4.91907 2.50269 1.64703 5.02933 2.65992 1.25013 5.10893 2.77339 0.832023 9.20628 -5.44521 -6.19037 9.49904 -4.88303 -6.19325 9.67898 -4.27618 -6.19717 9.73979 -3.64725 -6.20204 9.67977 -3.01967 -6.20775 9.50173 -2.41659 -6.2142 4.06534 3.33078 -3.78022e-07 3.76642 3.40398 -3.05949e-07 3.31022 3.47568 -1.77521e-07 9.21317 -1.86003 -6.22128 2.84724 3.49681 0.149512 2.82422 3.42355 0.727529 2.7716 3.25612 1.28361 8.95662 -1.50504 -6.22536 2.64117 2.84107 2.0441 2.58616 2.66611 2.26756 2.45955 2.26325 2.66977 8.66513 -1.19135 -6.22923 2.19777 1.4303 3.19441 8.28713 -0.879432 -6.23253 7.8788 -0.6291 -6.23454 1.86958 0.386078 3.47864 1.74824 2.39893e-06 3.5 7.43191 -0.433583 -6.23492 1.42189 -1.0384 3.34241 1.26956 -1.52307 3.15123 6.98829 -0.3037 -6.23236 0.997808 -2.38775 2.55903 6.51454 -0.226804 -6.2278 6.07074 -0.204884 -6.22052 1.18958 -3.51811 -1.7748e-08 3.45732 3.3841 0.697359 3.38089 3.17811 1.36452 3.25793 2.84706 1.9737 3.09435 2.40717 2.50143 2.8974 1.87817 2.92915 2.67508 1.28161 3.24355 2.43577 0.639917 3.43541 2.18794 -0.0243671 3.50008 1.94011 -0.688652 3.4354 1.7008 -1.33035 3.24355 1.47849 -1.9269 2.92914 1.28153 -2.45591 2.50143 1.11795 -2.89579 1.9737 4.07485 3.251 0.696015 3.98772 3.04901 1.36221 3.84741 2.72433 1.97103 3.66052 2.29266 2.49902 3.4352 1.77315 2.92743 3.18054 1.18689 3.24265 2.90617 0.555909 3.43518 2.6219 -0.0974751 3.50006 2.33763 -0.750859 3.43517 2.06325 -1.38184 3.24265 1.8086 -1.9681 2.92743 4.66814 3.03505 0.694672 4.57079 2.83928 1.3599 4.4139 2.52441 1.96836 4.20468 2.10541 2.49661 3.95215 1.60067 2.92572 3.66647 1.03059 3.24175 3.35843 0.416634 3.43495 0.8 -3.19404 -1.43113 0.82 -3.14525 -1.53538 0.82 -2.95351 -1.87797 5.53099 -0.244596 -6.21222 5.00731 -0.360303 -6.20694 1.17771 -1.81536 -2.9924 4.67305 -0.486763 -6.20451 8.90667 -6.00853 -5.99571 9.32352 -5.47806 -5.99691 9.62897 -4.87692 -5.99887 1.79307 0.142646 -3.49709 9.81146 -4.22837 -6.00153 2.05205 0.966655 -3.36386 9.86428 -3.55739 -6.00485 9.78579 -2.88982 -6.00874 9.57948 -2.25116 -6.01313 2.54006 2.51943 -2.4295 2.62744 2.79744 -2.1034 2.67872 2.96062 -1.86674 9.25395 -1.66559 -6.01795 2.81891 3.40665 -0.802957 2.84087 3.47655 -0.404446 2.84824 3.5 3.44516e-14 8.96891 -1.29854 -6.02072 8.64869 -0.978394 -6.02335 8.2381 -0.666446 -6.0256 4.68257 3.10977 -5.37926e-07 5.26289 2.80477 -7.72193e-07 7.79925 -0.422831 -6.02696 7.32473 -0.240866 -6.02722 6.86241 -0.13048 -6.02548 5.07604 2.53789 -1.43566 6.37753 -0.0766341 -6.02238 5.93675 -0.0765639 -6.01743 5.40963 -0.13543 -6.01177 4.24479 1.35077 -2.98692 4.90279 -0.259017 -6.00818 4.58557 -0.382271 -6.00653 3.32138 0.0320148 -3.48537 3.07843 -0.315088 -3.4993 2.8092 -0.699391 -3.46358 2.53804 -4.15981 -0.0875619 5.98356 -1.6435 -6.885 6.44573 -1.60013 -6.885 7.40507 -1.87033 -6.885 7.79265 -2.16389 -6.885 1.38529 -2.7331 -2.21278 1.18299 -3.02209 -1.7835 1.03678 -3.23052 -1.3597 0.926444 -3.38807 -0.889146 0.868172 -3.47115 -0.463662 8.08459 -2.52114 -6.885 8.34197 -3.12019 -6.885 0.800778 -3.46388 -0.50704 0.800381 -3.36194 -0.97466 8.39824 -3.50958 -6.885 1.58543 -3.55966 -0.100511 0.995013 -3.22684 -1.36452 1.11797 -2.89579 -1.9737 1.28156 -2.45591 -2.50143 1.47851 -1.9269 -2.92914 1.70083 -1.33035 -3.24355 1.94014 -0.688652 -3.43541 2.18797 -0.0243684 -3.50008 2.4358 0.639915 -3.43541 2.67512 1.28161 -3.24355 2.89744 1.87816 -2.92914 3.09439 2.40717 -2.50143 3.25797 2.84706 -1.9737 3.38093 3.1781 -1.36452 3.45736 3.3841 -0.697359 1.80865 -1.9681 -2.92743 2.06331 -1.38184 -3.24265 2.33769 -0.750869 -3.43518 2.62196 -0.0974877 -3.50006 2.90624 0.555893 -3.43518 3.18062 1.18687 -3.24265 3.43528 1.77313 -2.92743 3.6606 2.29264 -2.49902 3.8475 2.72431 -1.97103 3.98781 3.04898 -1.36221 4.07495 3.25097 -0.696015 3.03925 -0.219378 -3.50005 3.35854 0.416597 -3.43495 3.66658 1.03055 -3.24175 3.95227 1.60063 -2.92572 4.2048 2.10536 -2.49661 4.41402 2.52435 -1.96836 4.57092 2.83922 -1.3599 4.66827 3.03499 -0.694672 8.17314 -4.52534 -6.885 8.09409 -4.66307 -6.885 0.8 -3.48567 0.316383 0.8 -3.49366 -0.210584 7.6789 -5.42591 -6.85985 0.8 -3.32714 -1.08633 0.8 -3.19544 -1.428 7.90758 -5.75253 -6.7285 8.33179 -6.35843 -6.18076 0.800993 -3.50099 -2.81161e-14 0.800817 -3.46935 0.468326 0.800369 -3.36467 0.965217 2.1279 -3.7874 -0.0896511 1.37 -6.7965e-07 3.4 1.36053 -0.0424876 3.4 1.3339 -0.0769237 3.4 8.41841 -6.48221 -5.8 8.88373 -6.09208 -5.8 1.33118 -0.0791187 3.49911 1.35511 -0.0525716 3.49961 9.27462 -5.62741 -5.8 1.58977 -3.53718 -0.0363216 9.45233 -5.34714 -5.8 9.61329 -5.02752 -5.8 9.73287 -4.71726 -5.8 9.82521 -4.38494 -5.8 1.59614 -3.50368 -0.0097173 9.75001 -2.56611 -5.8 0.82 0.0999993 3.4 0.82 -0.100001 3.4 1.27 -0.100001 3.4 9.55077 -2.06873 -5.8 8.88537 -1.12748 -5.8 8.35503 -0.674341 -5.8 7.80909 -0.360139 -5.8 7.17189 -0.134143 -5.8 1.4083 -3.49761 0.00164018 5.80607 -0.0321932 -5.8 5.27401 -0.112061 -5.8 0.860086 -3.48288 0.364366 0.8484 -3.5 0.111643 0.847028 -3.50177 -5.40743e-06 4.97185 -0.187797 -5.8 4.57483 -0.334721 -5.8 1.39506 -3.52776 -0.0413958 4.37745 -0.710416 -6.25537 0.979055 -3.44319 0.310376 4.55965 -0.9707 -6.5002 4.76213 -1.25995 -6.68214 5.12109 -1.77261 -6.86619 7.54732 -5.23799 -6.885 6.31088 -7.11374 -0.1 5.90706 -7.07872 -0.100005 0.935408 -3.49664 0.222266 1.05327 -3.50784 0.0940662 1.07908 -3.49977 0.124999 4.96079 -6.80065 -0.100018 1.80973 -3.51462 3.08956e-08 0.894763 -3.467 0.408246 0.992903 -3.48448 0.229979 4.45186 -6.51557 -0.100026 3.67151 -5.7937 -0.10004 3.54371 -5.6228 -0.100043 3.23754 0.0905139 3.4833 2.94281 -0.335999 3.49743 2.5524 -0.903687 3.41578 3.54376 -5.62278 -0.0968668 3.68994 -5.81456 -0.0837295 4.0811 -6.22138 -0.071101 1.42759 -2.55949 2.40988 1.24847 -2.82592 2.08111 4.64497 -6.62806 -0.0614279 5.51627 -6.98656 -0.0526584 7.82134 -5.62936 -6.78916 0.831114 -3.44623 0.617721 0.846156 -3.44565 0.615744 0.884573 -3.4329 0.608681 6.31088 -7.0989 -0.1 6.31088 -7.01517 -0.1 7.99441 -5.87655 -6.65423 1.18794 -3.01486 1.68867 1.31521 -2.83309 1.9792 1.46595 -2.61783 2.25818 1.63627 -2.37458 2.51541 9.88571 -3.28051 -0.0582441 2.02057 -1.82574 2.94185 2.22445 -1.53458 3.10262 2.43159 -1.23874 3.22766 9.42479 -1.83563 -0.1 9.61087 -2.19727 -0.1 9.75374 -2.57806 -0.1 2.79274 -4.31407 2.9776e-08 1.00493 -3.25331 1.26597 1.20857 -2.959 1.85896 1.40301 -2.6779 2.25305 1.62556 -2.35626 2.59674 1.87139 -2.00122 2.88769 2.13404 -1.62229 3.12155 2.5088 -1.08245 3.34451 2.89773 -0.523246 3.45711 5.16889 2.67053 0.599988 5.18465 2.70781 0.607536 5.18291 2.75222 0.614282 5.13653 2.81271 0.618658 9.89089 -3.2412 -0.1 9.91077 -3.64742 -0.1 9.86381 -4.18742 -0.1 9.639 -4.96772 -0.1 9.4603 -5.33307 -0.1 4.36406 1.70971 2.73959 4.12336 1.36498 3.01103 8.88841 -6.0874 -0.1 3.55477 0.548149 3.39349 8.25201 -6.59179 -0.1 3.28977 0.0514911 3.46113 3.31091 0.0326951 3.42496 3.31612 0.024491 3.38373 3.57044 0.387707 3.31819 7.89427 -6.78528 -0.1 4.20056 1.28761 2.90744 7.51651 -6.93596 -0.1 6.51088 -7.11374 -0.1 4.7783 2.11271 2.05795 6.51088 -7.09829 -0.0465996 7.63507 -6.87499 -0.0429177 8.15564 -6.10682 -6.47627 3.62445 0.519019 3.36149 3.94024 0.971144 3.18563 4.24036 1.40045 2.92527 4.51249 1.78944 2.58723 4.75118 2.13043 2.17443 4.9459 2.40847 1.70156 5.09272 2.61804 1.17372 4.25006 1.37167 2.89522 3.95251 0.946564 3.15329 4.51969 1.75681 2.56035 4.75605 2.09439 2.15162 4.94878 2.36963 1.68356 5.09405 2.57707 1.16122 4.49011 1.82206 2.60374 4.21656 1.43069 2.94382 4.73019 2.16514 2.18843 4.92616 2.44491 1.71261 5.07397 2.65578 1.18141 8.07527 -6.67322 -0.0422523 5.24019 2.80575 0.270278 5.17634 2.82482 0.427194 9.30327 -5.55523 -0.0438562 9.45511 -5.3083 -0.0447666 9.82384 -4.3277 -0.0498407 8.2527 -6.24546 -6.33386 5.19043 2.68331 0.489248 9.4314 -5.35002 0.11 9.03175 -5.90774 0.11 8.53097 -6.37677 0.11 8.39532 -6.4492 -5.99119 5.2209 2.76097 0.437221 5.22078 2.71941 0.43886 5.20489 2.79879 0.43058 8.18983 -6.60796 0.11 7.56862 -6.89928 0.11 7.17273 -7.01374 0.11 5.67258 -7.02355 0.11 3.30502 -5.23393 -0.0465718 5.40622 -6.95591 0.11 5.46233 2.67462 7.71264e-09 4.09255 -6.23147 0.11 3.39233 -5.38955 0.11 3.20284 -5.02359 0.11 6.51384 1.78232 -0.106149 3.101 -4.76834 0.11 7.14904 1.13347 -0.107115 2.98655 -4.37245 0.11 2.91942 -3.96585 0.11 8.18431 -0.107613 -0.104438 8.43918 -0.443842 -0.103058 2.91493 -3.27974 0.11 2.97673 -2.8723 0.11 3.18448 -2.21838 0.11 3.76881 -1.29226 0.11 9.27794 -1.6076 -0.1 9.27795 -1.6076 -0.812499 9.27795 -1.6076 -1.525 4.26959 -0.823233 0.11 4.97669 -0.402556 0.11 7.39435 -0.244094 0.11 7.7819 -0.384196 0.11 9.00132 -1.25802 0.11 9.17705 -1.46931 0.11 9.40824 -1.81045 0.11 8.95938 -1.20754 -5.80025 8.6003 -0.863613 -5.79989 9.59773 -2.17641 0.11 7.87378 -0.393096 -5.79993 7.63527 -0.287399 -5.79978 7.03829 -0.10555 -5.79977 6.43326 -0.0247765 -5.79993 9.69956 -2.43166 0.11 5.39476 -0.0915629 -5.7999 4.96662 -0.193252 -5.79963 4.59105 -0.331638 -5.79966 9.88115 -3.23415 0.11 9.89912 -3.50838 0.11 4.21422 -0.478369 -4.9118 4.16769 -0.411523 -4.52847 4.09601 -0.308924 -4.18072 4.0175 -0.196784 -3.93347 3.92208 -0.060461 -3.72766 9.88564 -3.92026 0.11 3.66013 0.313466 -3.44104 7.32234 -6.99441 -5.8 3.91003 0.872867 -3.25888 2.90144 -3.69162 0.11 4.52379 1.7491 -2.65344 4.76209 2.08954 -2.25754 4.96006 2.37213 -1.80162 3.62352 -5.73069 0.11 5.1718 2.67454 -1.01427 5.21871 2.74128 -0.711545 5.25192 2.7887 -0.358172 6.99819 -7.06554 -5.8 5.44213 2.64944 -0.461269 5.68696 2.4779 -0.409122 5.92719 2.29056 -0.345069 6.2667 2.00167 -0.238225 6.60148 1.69654 -0.119155 5.39629 2.56719 -0.913214 5.64395 2.40538 -0.868388 5.88737 2.22903 -0.812614 6.23104 1.95441 -0.716511 6.56893 1.65999 -0.605503 6.94263 1.30753 -0.464564 7.30973 0.932342 -0.306517 7.70751 0.490769 -0.11155 5.32248 2.40338 -1.40356 5.57384 2.2543 -1.36831 5.82197 2.09415 -1.32474 6.17276 1.84404 -1.24708 6.51712 1.57184 -1.1528 6.89712 1.24104 -1.02817 7.26973 0.884815 -0.8844 7.67299 0.462111 -0.703639 8.06754 0.00944161 -0.500319 8.38308 -0.381029 -0.318461 8.69351 -0.78914 -0.123327 5.23113 2.17926 -1.84851 5.4868 2.04502 -1.82444 5.7405 1.90401 -1.79526 6.10018 1.68448 -1.74064 6.45329 1.44239 -1.66902 6.84228 1.14249 -1.56765 7.22291 0.813826 -1.44462 7.63408 0.418305 -1.28432 8.03565 -0.0101951 -1.0992 8.35622 -0.38339 -0.930345 8.67083 -0.777099 -0.746053 8.95065 -1.14944 -0.567136 9.22673 -1.53464 -0.378538 5.11474 1.8772 -2.29021 5.37655 1.76403 -2.28201 5.63758 1.64823 -2.27182 6.00873 1.46815 -2.24688 6.37324 1.26524 -2.20476 6.77415 1.00635 -2.13426 7.16555 0.714721 -2.03912 7.58734 0.355743 -1.90633 7.99824 -0.0406848 -1.74534 8.32533 -0.391445 -1.59338 8.64525 -0.766911 -1.42282 8.92852 -1.12737 -1.25285 9.20644 -1.50625 -1.06901 4.53529 1.6917 -2.68985 4.98369 1.52467 -2.69393 5.25398 1.44067 -2.70769 5.52413 1.35627 -2.72113 5.90854 1.22177 -2.73051 6.28574 1.06251 -2.72125 6.69985 0.849016 -2.68492 7.10327 0.598717 -2.62089 7.53701 0.28084 -2.51904 7.95842 -0.0794445 -2.38527 8.29285 -0.404974 -2.2523 8.61875 -0.759888 -2.09721 8.90597 -1.10676 -1.93746 9.18604 -1.47823 -1.7592 4.37982 1.25283 -3.01224 4.84519 1.14416 -3.06025 5.12656 1.09826 -3.10268 5.40742 1.05069 -3.14385 5.80611 0.965282 -3.19019 6.19629 0.850652 -3.21452 6.62372 0.682973 -3.21268 7.03936 0.474693 -3.18028 7.48542 0.199173 -3.11032 7.91779 -0.123427 -3.00492 8.25993 -0.422446 -2.8919 8.59213 -0.755649 -2.75316 8.88355 -1.08812 -2.60425 9.16601 -1.45138 -2.43217 4.21065 0.766829 -3.29914 4.70159 0.746094 -3.41335 4.9963 0.746091 -3.49033 5.28895 0.739039 -3.562 5.70235 0.704217 -3.64642 6.10541 0.633892 -3.7041 6.54599 0.511421 -3.7363 6.97382 0.345056 -3.73545 7.43234 0.112411 -3.69777 7.87595 -0.171548 -3.62145 8.22606 -0.443133 -3.52909 8.56486 -0.753692 -3.40739 8.8607 -1.07092 -3.26996 9.1458 -1.42509 -3.10472 4.01062 0.187687 -3.60424 4.53871 0.294714 -3.81463 4.85045 0.353267 -3.93569 5.15715 0.394507 -4.04371 5.58697 0.416177 -4.17066 6.00387 0.393434 -4.26416 6.45854 0.31943 -4.33284 6.8996 0.198546 -4.36624 7.3718 0.0129408 -4.36396 7.82789 -0.228109 -4.31995 8.18694 -0.468958 -4.25072 8.53321 -0.753794 -4.14839 8.83424 -1.05319 -4.02438 9.12263 -1.39607 -3.86764 4.38693 -0.118524 -4.24463 4.71673 0.00212975 -4.41245 5.0368 0.0893679 -4.5551 5.48091 0.160156 -4.71902 5.90948 0.177577 -4.84276 6.3763 0.145322 -4.94287 6.82901 0.0645129 -5.00643 7.31334 -0.0793731 -5.03556 7.78071 -0.281639 -5.02074 8.14789 -0.494514 -4.97257 8.50114 -0.755362 -4.8883 8.80728 -1.0372 -4.77751 9.09917 -1.36802 -4.62984 4.31662 -0.299297 -4.52439 4.6543 -0.151567 -4.71258 4.97971 -0.0459437 -4.86908 5.42934 0.0438231 -5.04728 5.8627 0.0776843 -5.1834 6.33477 0.0635104 -5.29712 6.79275 0.000829858 -5.37433 7.28272 -0.123682 -5.41804 7.75542 -0.307581 -5.41705 8.12651 -0.50703 -5.37899 8.48326 -0.755863 -5.30376 8.79203 -1.02863 -5.1998 9.08588 -1.35272 -5.0572 8.10602 -0.516502 -5.78771 8.46583 -0.754799 -5.72041 8.77694 -1.01951 -5.62252 9.07255 -1.33756 -5.48447 4.26051 -0.431254 -4.84091 4.60412 -0.263112 -5.04447 4.93296 -0.145702 -5.20983 5.38597 -0.0443243 -5.39678 5.8225 0.000480306 -5.54113 6.29826 -0.00103949 -5.66438 6.76007 -0.0505317 -5.75152 9.00854 -1.26906 -5.8 4.56018 -0.339771 -5.49427 4.89192 -0.21238 -5.66715 3.97651 0.816181 -3.27138 3.86646 0.492097 -3.39795 4.11127 0.479433 -3.45333 4.61983 0.519311 -3.61316 4.45985 0.0778857 -4.02194 3.79925 -5.94198 0.11 4.41784 -6.48447 0.11 4.65026 -6.63112 0.11 5.01866 -6.8158 0.11 6.08002 -7.08536 0.11 6.4919 -7.09884 0.11 6.76614 -7.08086 0.11 7.82388 -6.79744 0.11 8.74227 -6.20104 0.11 9.28476 -5.58244 0.11 9.61609 -4.98162 0.11 3.54382 -5.62283 -0.426129 9.75619 -4.59406 0.11 3.29441 -5.24599 -0.0976395 9.77556 -4.52616 -0.0486256 2.80759 -4.50116 -0.0891703 9.64064 -4.92302 -0.0464846 2.34307 -3.95999 -0.0878574 8.93324 -6.01544 -0.0425993 1.95186 -3.68265 -0.0922749 1.7607 -3.60369 -0.0966962 8.48572 -6.41091 -0.042098 1.38143 -3.53223 -0.0754333 7.08014 -7.03338 -0.0443907 1.13683 -3.51443 -2.97096e-14 6.51088 -7.09829 -0.1 6.31088 -7.0989 -0.0475628 6.07129 -7.08454 -0.048911 5.0314 -6.82125 -0.0569444 4.28913 -6.39165 -0.0669058 3.54389 -5.62269 -0.0936203 1.61983 -2.39821 -2.58531 1.84975 -2.06962 -2.86635 2.09103 -1.72509 -3.09419 2.2537 -1.49264 -3.21562 2.53712 -1.08795 -3.37251 3.3925 -5.38985 -0.0697938 3.22904 -5.08108 -0.0257898 3.15346 -4.90707 -0.00742444 3.58939 0.414757 -3.41776 3.09145 -4.74101 3.09134e-08 3.79998 0.114043 -3.55291 3.02161 -4.51368 3.09141e-08 8.93252 -1.18168 -5.8 2.91521 -3.27664 3.09141e-08 2.90124 -3.68357 3.09141e-08 2.91822 -3.95425 3.09141e-08 4.2399 -0.515059 -5.3311 2.97342 -4.31194 3.09141e-08 2.44891 -3.92326 3.0759e-08 2.06096 -3.62814 3.05899e-08 1.6041 -3.46144 1.01121e-07 3.60804 -1.20159 -5.8 6.55533 1.60319 2.35777e-08 3.35772 -1.61588 -5.79999 7.34915 0.759804 3.09142e-08 3.10485 -2.18169 -5.80003 3.00637 -2.48752 -5.80001 2.964 -2.65237 -5.80001 2.92764 -2.82489 -5.80001 2.87511 -3.21774 -5.80004 2.86463 -3.61008 -5.80007 8.03737 -0.0807986 3.08394e-08 8.26893 -0.640538 3.09124e-08 2.91781 -4.13662 -5.80007 6.28104 -0.101994 3.0913e-08 5.25714 -0.291907 3.09132e-08 4.77773 -0.498777 3.09134e-08 8.62612 -0.888197 -5.8 3.52711 -5.5986 -3.25676 3.40109 -5.40267 -4.04047 3.28743 -5.19921 -4.73826 3.16872 -4.95379 -5.47564 3.47483 -5.52119 -0.249165 3.50801 -5.57075 -0.552758 3.52397 -5.59409 -0.88051 3.52209 -5.59135 -1.23102 3.50374 -5.56439 -1.60508 3.45041 -5.48298 -2.21475 3.37322 -5.35547 -2.88901 3.27873 -5.17974 -3.63209 3.17209 -4.94782 -4.44435 3.07673 -4.70426 -5.17281 3.09092 -4.93072 -0.161369 3.17275 -5.04831 -0.398811 3.23041 -5.11697 -0.64505 3.26264 -5.1682 -0.920495 3.27967 -5.19644 -1.22746 3.28217 -5.19806 -1.56356 3.27085 -5.17335 -1.92888 3.23201 -5.08967 -2.53514 3.1732 -4.9515 -3.21651 3.10052 -4.75512 -3.97609 3.01795 -4.49154 -4.81335 2.94078 -4.21484 -5.56883 1.04818 -3.50274 -0.198974 2.63748 -4.28373 -0.122533 2.78886 -4.50004 -0.301941 2.91264 -4.65987 -0.497078 3.01085 -4.7583 -0.701153 3.07653 -4.82106 -0.922977 3.11303 -4.87069 -1.17798 3.13292 -4.90081 -1.46892 3.13984 -4.90502 -1.79365 3.13484 -4.882 -2.15183 3.10854 -4.79745 -2.75444 3.06527 -4.65307 -3.43965 3.01025 -4.44422 -4.20954 2.9453 -4.16204 -5.06287 1.09901 -3.44754 -0.65981 1.5401 -3.52941 -0.489538 1.90241 -3.66764 -0.417444 2.19116 -3.8576 -0.43839 2.42046 -4.06403 -0.528235 2.60447 -4.24844 -0.661073 2.75276 -4.38483 -0.817982 2.86681 -4.47127 -0.992208 2.94302 -4.52957 -1.19089 2.98732 -4.57637 -1.42577 3.01269 -4.60643 -1.70016 3.0254 -4.61205 -2.0127 3.0276 -4.59029 -2.36293 3.01483 -4.50529 -2.96073 2.98779 -4.35628 -3.64847 2.95034 -4.13798 -4.42707 2.90123 -3.84209 -5.29445 1.12178 -3.29564 -1.20912 1.54513 -3.41664 -1.0586 1.89003 -3.57369 -1.00251 2.1677 -3.74755 -1.02556 2.39114 -3.90532 -1.10331 2.56928 -4.02415 -1.21586 2.70464 -4.10292 -1.3551 2.79776 -4.15773 -1.52515 2.85625 -4.20061 -1.73443 2.89263 -4.22855 -1.98683 2.91529 -4.23422 -2.28245 2.92813 -4.21325 -2.62112 2.93381 -4.12821 -3.2108 2.92769 -3.97588 -3.89979 2.91137 -3.75046 -4.68728 2.87887 -3.44454 -5.56988 1.2282 -3.1019 -1.65093 1.62396 -3.24737 -1.52665 1.94597 -3.40556 -1.48895 2.20589 -3.55129 -1.51696 2.41265 -3.66411 -1.58986 2.57057 -3.74189 -1.69729 2.68332 -3.79606 -1.84022 2.75932 -3.8361 -2.02475 2.81025 -3.8612 -2.25526 2.84538 -3.86566 -2.53333 2.87016 -3.84478 -2.85943 2.89443 -3.76053 -3.43912 2.9077 -3.60831 -4.12709 2.90912 -3.38211 -4.92059 1.35826 -2.83532 -2.08117 1.7264 -2.9908 -1.98052 2.02535 -3.13573 -1.95642 2.26426 -3.25171 -1.98782 2.44952 -3.33453 -2.06142 2.58715 -3.39168 -2.17485 2.68591 -3.43106 -2.33224 2.75643 -3.45403 -2.5384 2.80814 -3.45722 -2.79636 2.84763 -3.4366 -3.10746 2.89254 -3.355 -3.67397 2.92511 -3.20749 -4.35814 2.94197 -2.98816 -5.15495 1.5431 -2.558 -2.42508 1.87826 -2.7119 -2.35376 2.14857 -2.83872 -2.34725 2.36192 -2.93204 -2.38961 2.52576 -2.99648 -2.47548 2.6487 -3.03911 -2.60748 2.74033 -3.06293 -2.79081 2.80974 -3.06675 -3.02965 2.86417 -3.0478 -3.32598 2.92807 -2.97168 -3.87829 2.97623 -2.8339 -4.55611 3.00339 -2.62908 -5.35236 1.76439 -2.27896 -2.70389 2.06475 -2.42238 -2.66295 2.30592 -2.53118 -2.6768 2.4961 -2.60764 -2.73739 2.64338 -2.65827 -2.84622 2.75624 -2.68716 -3.00891 2.84317 -2.69486 -3.2304 2.9118 -2.68007 -3.51298 2.99231 -2.613 -4.05076 3.05236 -2.48974 -4.71989 3.08556 -2.30603 -5.51157 2.01175 -2.00216 -2.9321 2.27958 -2.13056 -2.91978 2.49521 -2.22379 -2.95739 2.66591 -2.28751 -3.04549 2.79889 -2.32626 -3.19016 2.9021 -2.3417 -3.39673 2.98342 -2.33402 -3.66716 3.07772 -2.27968 -4.19044 3.14643 -2.17513 -4.84831 3.18267 -2.01783 -5.63109 2.28056 -1.73215 -3.11875 2.51999 -1.84604 -3.13487 2.71231 -1.92754 -3.20439 2.86346 -1.98064 -3.33385 2.98095 -2.00745 -3.52834 3.07301 -2.00955 -3.7885 3.17819 -1.97099 -4.29712 3.25304 -1.88828 -4.94047 3.29088 -1.76124 -5.7094 2.56709 -1.47841 -3.27198 2.77862 -1.58117 -3.32438 2.94547 -1.65201 -3.44139 3.07497 -1.69272 -3.62684 3.17574 -1.70628 -3.87863 3.28929 -1.68513 -4.37164 3.36858 -1.62578 -4.99587 3.40779 -1.53105 -5.74486 2.63259 -1.12715 -3.37321 2.8606 -1.25282 -3.40915 3.04074 -1.34296 -3.5163 3.18028 -1.39838 -3.69589 3.28818 -1.42352 -3.94097 3.40845 -1.4195 -4.41606 3.49148 -1.38303 -5.01474 3.5329 -1.32029 -5.73619 2.95387 -0.947237 -3.46395 3.14561 -1.05613 -3.56383 3.29412 -1.12512 -3.74085 3.40847 -1.16034 -3.98046 3.53518 -1.17118 -4.43364 3.62257 -1.15495 -4.99839 3.66822 -1.12104 -5.68312 3.05454 -0.667657 -3.49458 3.25751 -0.793108 -3.59011 3.41529 -0.872981 -3.76808 3.5365 -0.915508 -4.00278 3.67101 -0.937579 -4.42836 3.76518 -0.937414 -4.94947 3.81784 -0.925524 -5.58684 3.16077 -0.414231 -3.50626 3.37591 -0.553368 -3.60118 3.54447 -0.640877 -3.78365 3.67395 -0.687587 -4.01292 3.81926 -0.716956 -4.40413 3.92496 -0.728751 -4.872 3.98955 -0.730486 -5.4509 3.27404 -0.184176 -3.50276 3.50278 -0.334192 -3.60191 3.68418 -0.426689 -3.79136 3.82407 -0.4754 -4.01298 3.98438 -0.509155 -4.3635 4.10831 -0.53037 -4.771 4.19455 -0.542767 -5.28112 3.39896 0.0267925 -3.48612 3.64189 -0.131158 -3.59502 3.83771 -0.227481 -3.79001 3.99096 -0.278479 -4 3.52258 0.198923 -3.46144 3.77633 0.0373855 -3.58163 3.44918 -5.48077 -4.97067 3.31197 -5.25098 -5.70006 3.48664 -5.5384 -5.40535 1.29644 -3.50813 -0.339098 1.71297 -3.59058 -0.197724 2.05043 -3.74409 -0.158738 1.32493 -3.42552 -0.85717 1.71858 -3.55112 -0.744227 2.036 -3.72171 -0.725637 2.28999 -3.90953 -0.781299 1.38175 -3.26606 -1.36076 1.7528 -3.41503 -1.26943 2.05314 -3.5792 -1.26139 1.4859 -3.04552 -1.8104 1.83161 -3.20064 -1.7403 1.11469 -3.4474 0.163744 1.10169 -3.47579 0.150466 3.5946 -1.50753 3.09137e-08 3.31454 -1.9482 3.09139e-08 3.113 -2.39832 3.0914e-08 2.97673 -2.8723 3.09141e-08 4.8052 -1.99969 -6.86123 4.54599 -2.31843 -6.86146 4.29763 -2.81525 -6.86197 8.54935 -0.827637 -5.8 4.17931 -3.35059 -6.86278 4.17934 -3.78052 -6.86349 5.55959 2.48137 0.0250202 5.44835 2.56234 0.0857106 4.25249 -4.17479 -6.86393 4.3757 -4.51088 -6.86418 4.53874 -4.80627 -6.86414 4.7273 -5.05509 -6.86395 4.94233 -5.27006 -6.86363 0.932389 -3.43531 0.40725 5.138 -5.42292 -6.86325 5.34252 -5.54993 -6.86286 5.62147 -5.68028 -6.86217 1.38952 -3.4483 0.0296456 8.16 -0.553711 -5.8 0.914658 -3.40519 0.599988 5.91595 -5.77043 -6.86154 5.10397 2.57781 1.02999 4.97668 2.39602 1.53938 6.22023 -5.81854 -6.86098 4.65259 1.93317 2.30365 4.51179 1.73209 2.53088 6.52829 -5.82379 -6.86051 3.87426 0.821609 3.16881 6.83409 -5.78603 -6.86013 7.13171 -5.70614 -6.85985 3.09383 -0.292967 3.39997 2.82886 -0.671383 3.37086 2.63507 -0.948141 3.31624 7.41536 -5.58559 -6.85968 4.62953 -1.77527 -6.7938 4.36297 -2.10253 -6.79461 1.8233 -2.10747 2.74561 4.09952 -2.6163 -6.79637 3.96265 -3.16986 -6.79914 3.94492 -3.61796 -6.80156 3.9991 -4.04014 -6.80308 1.04277 -3.22218 1.24991 0.950677 -3.35371 0.839176 8.07199 -0.499271 -5.8 5.25805 2.79774 0.237223 5.29073 2.74765 0.269372 5.2915 2.70656 0.280864 5.27519 2.66419 0.282823 5.35174 2.6242 0.175134 4.10673 -4.40814 -6.80393 5.47101 2.60812 0.0743535 5.47648 2.64205 0.0503539 4.25875 -4.7427 -6.80381 5.35111 2.74684 0.104355 7.70901 -0.320114 -5.8 4.44272 -5.03264 -6.80314 4.65999 -5.29087 -6.80204 5.69223 2.37697 -3.13898e-08 5.71676 2.40786 -0.00812263 4.86408 -5.48173 -6.80075 5.08323 -5.6466 -6.79939 5.60483 2.57119 -0.0770657 5.39445 -5.82812 -6.79703 5.73092 -5.96104 -6.79488 6.08492 -6.04173 -6.79297 7.6019 -0.277267 -5.8 5.60753 2.5495 -0.0222188 5.58849 2.50712 0.0146175 8.6884 -0.951458 3.09104e-08 6.44813 -6.06801 -6.79135 6.81199 -6.03892 -6.79004 7.16792 -5.95503 -6.78908 9.15212 -1.43722 -0.0687589 9.2184 -1.52441 -0.0859896 7.5075 -5.81809 -6.7885 4.46024 -1.53637 -6.68857 9.26089 -1.58328 -0.0986187 4.19565 -1.85873 -6.69008 3.9216 -2.37072 -6.69338 3.76303 -2.92327 -6.69857 8.97885 -1.18425 -0.100509 8.70401 -0.802916 -0.101631 3.71939 -3.37598 -6.70312 3.74227 -3.81867 -6.70597 7.86552 0.297606 -0.105774 7.5215 0.712676 -0.106764 3.82114 -4.21591 -6.70757 6.74491 1.5559 -0.106577 3.94895 -4.59232 -6.70733 6.26055 2.01905 -0.105325 5.75434 2.4552 -0.104074 5.7388 2.43563 -0.0337782 4.11675 -4.92931 -6.70608 4.32645 -5.23946 -6.70402 4.53285 -5.47776 -6.7016 4.76286 -5.69112 -6.69905 5.10667 -5.94018 -6.69462 7.06242 -0.112918 -5.8 8.46276 -0.522707 -0.0303254 7.64205 0.528181 -0.0316376 6.97217 1.28403 -0.031841 6.24942 1.99233 -0.0312504 5.48904 -6.1306 -6.69059 5.89972 -6.2562 -6.68702 7.80788 -0.39548 3.09126e-08 7.31549 -0.221737 3.09127e-08 6.80274 -0.123178 3.09128e-08 6.32735 -6.31286 -6.68398 5.76198 -0.158657 3.09131e-08 6.76001 -6.2984 -6.68153 7.18557 -6.21285 -6.67973 4.33443 -0.774665 3.09135e-08 3.93711 -1.11343 3.09136e-08 7.59205 -6.05825 -6.67863 4.30489 -1.30087 -6.55138 4.04854 -1.60929 -6.55353 3.76749 -2.1066 -6.55822 3.58611 -2.64484 -6.56561 3.04438 -2.60594 0.11 3.51233 -3.09253 -6.57208 3.36916 -1.84998 0.11 3.51581 -1.61756 0.11 3.4971 -3.5495 -6.57613 4.0583 -0.998965 0.11 3.5397 -3.97255 -6.5784 4.61074 -0.592045 0.11 3.63559 -4.39037 -6.57807 5.23195 -0.300719 0.11 5.62783 -0.186264 0.11 6.03443 -0.119135 0.11 6.30866 -0.101161 0.11 6.72054 -0.114645 0.11 7.12798 -0.176446 0.11 3.78021 -4.77591 -6.57628 3.97608 -5.14104 -6.57335 8.1503 -0.568878 0.11 8.38273 -0.715527 0.11 8.70802 -0.968532 0.11 4.18052 -5.4306 -6.56991 4.41821 -5.69708 -6.56629 4.79301 -6.02122 -6.55999 5.22142 -6.27609 -6.55426 5.6904 -6.45262 -6.54918 9.81402 -2.82755 0.11 6.18525 -6.54442 -6.54485 6.69027 -6.54787 -6.54136 7.18939 -6.46237 -6.53881 9.82384 -4.3277 0.11 7.66661 -6.29025 -6.53725 9.88293 -3.94849 -0.0524552 9.90029 -3.58495 -0.0553865 4.17102 -1.08667 -6.38808 9.81294 -2.82282 -0.0634283 9.68892 -2.40202 -0.0696023 9.44218 -1.86878 -0.0817985 3.92615 -1.37645 -6.3906 9.27574 -1.60451 -0.0975352 3.64079 -1.85199 -6.3961 9.27284 -1.60033 -0.0984444 3.43759 -2.36861 -6.40476 9.27084 -1.59746 -0.0991566 3.3333 -2.80558 -6.41234 9.26964 -1.59574 -0.100001 9.26373 -1.58731 -0.100002 9.26334 -1.58675 -0.0996812 9.26267 -1.5858 -0.099331 3.27867 -3.27175 -6.41709 9.25581 -1.57609 -0.0969571 9.2439 -1.55941 -0.0932612 3.28318 -3.71642 -6.41975 3.34492 -4.17206 -6.41935 9.07018 -1.33681 -0.0490153 8.90584 -1.15614 -0.0177606 8.80115 -1.05318 -0.00520883 6.99403 -0.0996543 -5.8 3.46392 -4.60322 -6.41726 9.27032 -1.59672 -0.099381 3.64329 -5.02079 -6.41383 9.27168 -1.59866 -0.0988417 3.84333 -5.35986 -6.4098 9.2741 -1.60215 -0.0980419 4.08609 -5.67806 -6.40555 9.2779 -1.60762 -0.0968803 4.48834 -6.07598 -6.39817 4.95914 -6.3945 -6.39146 5.48274 -6.62164 -6.3855 6.04113 -6.74876 -6.38043 6.61492 -6.77076 -6.37634 5.50999 -6.99725 -0.100011 7.18411 -6.6864 -6.37335 7.72877 -6.49824 -6.37152 4.03412 -6.18443 -0.100033 4.06619 -0.911643 -6.20451 3.83299 -1.18247 -6.20694 3.5451 -1.63496 -6.21221 3.54382 -5.62268 -0.740933 3.54382 -5.62268 -1.05226 3.54382 -5.62267 -1.36828 3.54413 -5.62313 -1.89636 3.54403 -5.62296 -2.48632 3.54386 -5.62273 -3.09975 3.54387 -5.62274 -3.69337 3.54388 -5.62267 -4.22053 3.54371 -5.62252 -4.74617 3.54387 -5.6226 -5.27085 3.54414 -5.62246 -5.8 3.32312 -2.12857 -6.22052 4.11714 -6.25881 -5.8 3.19188 -2.55307 -6.2278 4.81507 -6.73021 -5.8 3.10206 -3.02454 -6.23236 3.07232 -3.48585 -6.23492 5.95131 -7.08487 -5.8 6.31035 -7.11373 -5.8 6.6428 -7.10748 -5.8 3.10315 -3.97264 -6.23454 3.19868 -4.442 -6.23253 7.89267 -6.78603 -5.8 3.36246 -4.90391 -6.22923 3.5575 -5.28513 -6.22536 3.8033 -5.64765 -6.22128 4.22755 -6.10921 -6.2142 4.73331 -6.48281 -6.20775 5.30251 -6.75394 -6.20204 5.91429 -6.91196 -6.19717 9.8844 -4.04514 -5.8 9.91005 -3.69319 -5.8 9.87616 -3.1231 -5.8 6.54608 -6.95049 -6.19325 7.17449 -6.86772 -6.19037 9.27794 -1.60759 -5.8 9.27795 -1.6076 -5.0875 9.27795 -1.6076 -4.73125 9.27795 -1.6076 -4.37499 9.27795 -1.6076 -3.66249 9.27795 -1.6076 -2.94999 9.27795 -1.6076 -2.2375 7.77615 -6.6664 -6.18861 3.99793 -0.793695 -6.00653 3.77358 -1.0496 -6.00818 3.48405 -1.48357 -6.01177 3.24838 -1.95876 -6.01742 3.09765 -2.37295 -6.02238 9.82401 -2.84002 -0.1 2.98235 -2.847 -6.02548 2.9279 -3.3192 -6.02722 2.93654 -3.82733 -6.02696 9.73405 -4.7137 -0.1 3.01532 -4.32306 -6.02559 3.16797 -4.8156 -6.02335 9.24042 -5.67522 -0.1 3.35925 -5.22603 -6.02072 8.47698 -6.44029 -0.1 3.60663 -5.61945 -6.01794 4.0455 -6.12567 -6.01312 4.57502 -6.53802 -6.00873 7.02021 -7.06172 -0.1 5.17547 -6.84016 -6.00485 6.51088 -7.11374 -0.5 6.503 -7.11396 -0.539006 6.47983 -7.11449 -0.572432 5.82404 -7.02009 -6.00153 6.49589 -7.07049 -5.99886 7.16525 -6.98914 -5.9969 6.4577 -0.0280696 -5.8 4.24688 -0.525153 -5.80005 7.80635 -6.77891 -5.99571 6.41993 -0.0248721 -5.8 7.34929 -5.36008 -6.885 5.91593 -0.0272748 -5.7995 6.82004 -5.55504 -6.885 6.66359 -5.5822 -6.885 6.49974 -5.59714 -6.885 5.63212 -5.44621 -6.885 8.11647 -0.52317 -5.79997 5.28549 -5.26012 -6.885 4.43157 -3.95217 -6.885 4.40282 -3.70091 -6.885 9.14165 -1.42208 -5.8 4.40624 -3.44491 -6.885 8.68026 -0.930907 -5.8 4.44151 -3.19546 -6.885 8.01269 -0.46259 -5.8 4.70475 -2.53883 -6.885 7.44718 -0.215383 -5.8 4.97584 -2.19565 -6.885 6.75437 -0.0531873 -5.8 6.33338 -0.0175389 -5.8 4.97669 -1.5664 -6.81249 4.87029 -1.41443 -6.75513 4.31127 -0.615871 -6.12078 4.2663 -0.551626 -5.98061 4.2453 -0.521629 -5.8 3.94835 -0.776376 -5.8 3.70338 -1.06364 -5.8 3.389 -1.55227 -5.8 3.13524 -2.09422 -5.8 3.03876 -2.37024 -5.8 2.92566 -2.82537 -5.8 2.86657 -3.32575 -5.8 2.88129 -3.87255 -5.80007 2.89703 -4.00449 -5.80007 3.05225 -4.6624 -5.80003 3.25942 -5.15337 -5.80001 3.39275 -5.39073 -5.80003 3.81095 -5.95835 -5.8 3.21897 -1.89983 -5.79996 4.37697 -6.46355 -5.8 3.51872 -1.33755 -5.80001 5.28745 -6.92998 -5.8 3.70441 -1.06763 -5.79999 3.96879 -0.760825 -5.79997 4.10557 -0.634115 -5.80025 5.62694 -7.02625 -5.8 2.93892 -2.77198 -5.8 3.0207 -2.44292 -5.8 2.91069 -2.95216 -5.8 3.10386 -2.18401 -5.8 2.87366 -3.26568 -5.8 3.10517 -2.18028 -5.8 3.17024 -2.01946 -5.8 3.36569 -1.60205 -5.8 3.44322 -1.46799 -5.8 3.67861 -1.10214 -5.8 3.98504 -0.744891 -5.8 4.18938 -0.569611 -5.8 5.36743 -0.0980438 -5.8 5.48432 -0.0804909 -5.8 5.89564 -0.0297002 -5.8 5.9997 -0.0268118 -5.8</float_array>
					<technique_common>
						<accessor count="1387" source="#ID6" stride="3">
							<param name="X" type="float"/>
							<param name="Y" type="float"/>
							<param name="Z" type="float"/>
						</accessor>
					</technique_common>
				</source>
				<source id="ID7">
					<float_array id="ID8" count="4704" digits="2490374">-1 0 -0 0 0 1 0 0.0285312 0.999563 0 0.0983438 0.995094 0 0.110281 0.993875 0 0.0196563 0.999781 0 0.0263125 0.999625 0 0.183094 0.983063 0 0.255844 0.966688 0 0.219344 0.975594 0 0.296469 0.954969 0 0.31825 0.948 0 0.371688 0.928344 0 0.462156 0.886719 0 0.408625 0.912656 0 0.515406 0.856875 0 0.589469 0.807719 0 0.646594 0.762781 0 0.7045 0.709656 0 0.760188 0.649625 0 0.761719 0.647844 0 0.804563 0.593844 0 0.811719 0.583969 0 0.839938 0.542625 0 0.868156 0.496188 0 0.877187 0.480063 0 0.911344 0.411563 0 0.930313 0.366688 0 0.960625 0.277656 0 0.978156 0.207844 0 0.990531 0.137156 0 0.999219 0.0390625 0 0.999031 0.0426875 0 1 -0 0 0.998906 -0.0465 0 0.99325 -0.115531 0 0.992625 -0.120781 0 0.973281 -0.229406 0 0.982656 -0.185188 0 0.970563 -0.240781 0 0.921094 -0.389313 0 0.94175 -0.336125 0 0.880969 -0.473062 0 0.845875 -0.533312 0 0.799594 -0.600469 0 0.79925 -0.600969 0 0.719813 -0.694094 0 0.736656 -0.676188 0 0.676125 -0.73675 0 0.630063 -0.776469 0 0.619344 -0.785062 0 0.497 -0.867719 0 0.566938 -0.82375 0 0.519094 -0.854656 0 0.431531 -0.902031 0 0.351969 -0.935969 0 0.291938 -0.956375 0 0.276125 -0.961062 0 0.159469 -0.987188 0 0.144438 -0.989469 0 0.04075 -0.999125 0 0 -1 0 -0.123125 -0.992375 0 -0.0983438 -0.995094 0 -0.183094 -0.983063 0 -0.2445 -0.969594 0 -0.255844 -0.966688 0 -0.3855 -0.922656 0 -0.31825 -0.948 0 -0.371688 -0.928344 0 -0.518656 -0.854937 0 -0.462156 -0.886719 0 -0.640906 -0.767563 0 -0.589469 -0.807719 0 -0.7045 -0.709656 0 -0.749344 -0.662094 0 -0.760188 -0.649625 0 -0.843844 -0.536531 0 -0.804563 -0.593844 0 -0.839938 -0.542625 0 -0.868156 -0.496188 0 -0.898625 -0.438625 0 -0.911344 -0.411563 0 -0.912531 -0.408844 0 -0.912969 -0.407969 0 -0.950594 -0.310375 0 -0.960625 -0.277656 0 -0.977813 -0.209312 0 -0.990531 -0.137156 0 -0.998156 -0.060125 0 -0.999219 -0.0390625 0 -0.995875 0.0903438 0 -0.998906 0.0465 0 -0.992625 0.120781 0 -0.967438 0.252906 0 -0.982656 0.185188 0 -0.970563 0.240781 0 -0.94175 0.336125 0 -0.912719 0.4085 0 -0.880969 0.473062 0 -0.912625 0.408625 0 -0.912531 0.408844 0 -0.898625 0.438625 0 -0.843844 0.536563 0 -0.799594 0.600469 0 -0.768969 0.639219 0 -0.736656 0.676188 0 -0.682156 0.731094 0 -0.676125 0.73675 0 -0.619344 0.785062 0 -0.566938 0.82375 0 -0.564656 0.825281 0 -0.519094 0.854656 0 -0.435156 0.900344 0 -0.431531 0.902031 0 -0.291938 0.956375 0 -0.296656 0.954969 0 -0.144438 0.989469 0 -0.152156 0.988344 0 -0.0285312 0.999563 0 -0.0225625 0.999687 0 -0.0149688 0.999875 1 0 -0 0 -1 -0 -0.387563 -0.921781 -0 -0.424844 -0.90525 -0 -0.724281 -0.689438 -0 -0.769188 -0.638969 -0 0.0333438 0.086625 0.995656 0.0650625 0.17025 0.983187 0.0909375 0.214125 0.972531 0.133469 0.333813 0.933125 0.1565 0.339125 0.927594 0.20175 0.48725 0.849594 0.215 0.439531 0.872063 0.274781 0.534906 0.798906 0.266219 0.62575 0.733156 0.342219 0.636063 0.6915 0.322781 0.743906 0.585063 0.402375 0.721875 0.562906 0.367375 0.835344 0.408844 0.428688 0.758344 0.490969 0.462063 0.803688 0.374781 0.396188 0.893625 0.210719 0.48675 0.836688 0.25075 0.495469 0.848281 0.186656 0.526062 0.850375 -0 0.402219 0.915531 -0 0.505813 0.852875 0.129031 0.5205 0.849906 0.081625 0.5245 0.848375 0.0716562 -0.0670312 -0.358594 0.931063 -0.0892188 -0.498906 0.861969 -0.0862188 -0.529375 0.843938 -0.08275 -0.361469 0.928625 -0.0575938 -0.200563 0.977969 -0.0376563 -0.180312 0.982844 -0.0119375 -0.0348438 0.999313 0.0434063 0.177844 0.983063 0.09 0.349313 0.932625 0.137031 0.510531 0.848813 0.181656 0.656344 0.732188 0.220875 0.781 0.584094 0.251781 0.877469 0.408094 0.271625 0.939125 0.210281 0.270063 0.962781 -0 -0.0430937 -0.860344 0.507812 -0.0376563 -0.822156 0.567937 -0.0565625 -0.797719 0.60025 -0.0409063 -0.693156 0.719531 -0.0715313 -0.714719 0.695656 -0.08325 -0.620531 0.779719 -0.0395 -0.539125 0.84125 -0.032 -0.367438 0.929469 -0.0185312 -0.185781 0.982406 0.0221562 0.184406 0.982531 0.0465 0.362563 0.93075 0.071125 0.529813 0.845031 0.094375 0.680313 0.72675 0.114531 0.808062 0.577781 0.130063 0.906156 0.402344 0.13975 0.968313 0.20675 0.205156 0.978719 -0 0.1045 0.994469 -0 -0.0141563 -0.999875 -0 -0.0199375 -0.99925 0.0321563 -0.0198125 -0.999781 -0 -0.0130937 -0.990844 0.134281 -0.0209688 -0.994219 0.104719 -0.0160313 -0.984031 0.177219 -0.00959375 -0.960906 0.276688 -0.0215 -0.956438 0.291063 -0.00321875 -0.9125 0.409 -0.0306563 -0.914844 0.4025 -0.00375 -0.898313 0.439219 -0.00321875 -0.912406 0.409156 -0.00315625 -0.912313 0.409375 0.00421875 -0.84425 0.535875 0.00425 -0.769531 0.638563 0.00384375 -0.682781 0.730563 0.002875 -0.565313 0.824844 0.00178125 -0.43575 0.900031 0.0008125 -0.296594 0.954969 0.0001875 -0.152406 0.988281 3.125e-05 0 0.999969 9.375e-05 0.110594 0.993813 0.00028125 0.219187 0.975656 0.00059375 0.296 0.955156 0.00109375 0.408406 0.91275 0.0015 0.515156 0.857063 0.00190625 0.646156 0.763125 0.00203125 0.761469 0.648125 0.00196875 0.8115 0.584312 0.0016875 0.877062 0.480281 0.00121875 0.93025 0.366781 0.0005 0.978094 0.207875 0 0.999031 0.04275 0.396188 0.893625 -0.210719 0.522438 0.845719 -0.108031 0.511688 0.832031 -0.214188 0.367438 0.835281 -0.408844 0.496688 0.812719 -0.304406 0.466563 0.773562 -0.428688 0.322781 0.743906 -0.585063 0.431094 0.726562 -0.534906 0.372813 0.647219 -0.664813 0.266219 0.62575 -0.733156 0.306313 0.55275 -0.774938 0.201813 0.487188 -0.849594 0.233469 0.443344 -0.865344 0.133469 0.333813 -0.933125 0.153344 0.312438 -0.937469 0.0650625 0.17025 -0.983187 0.0844688 0.186531 -0.97875 0.0335625 0.0800937 -0.996188 -0.007 -0.0183438 -0.999781 -0.0448125 -0.129594 -0.990531 -0.0742813 -0.245063 -0.966594 0.271625 0.939125 -0.210281 0.251781 0.877469 -0.408094 0.220875 0.781 -0.584094 0.181656 0.656344 -0.732188 0.137031 0.510531 -0.848813 0.0900313 0.349313 -0.932625 0.0434063 0.177844 -0.983063 -0.0377188 -0.180312 -0.982844 -0.0670312 -0.358594 -0.931063 -0.0943438 -0.369406 -0.924438 -0.0862188 -0.529375 -0.843938 -0.100406 -0.442375 -0.891156 -0.101344 -0.552188 -0.827469 -0.093125 -0.657844 -0.747344 0.13975 0.968313 -0.20675 0.130094 0.906156 -0.402344 0.114531 0.808062 -0.577781 0.094375 0.680313 -0.72675 0.071125 0.529813 -0.845031 0.0465 0.362563 -0.93075 0.0221562 0.184406 -0.982531 -0.0185312 -0.185781 -0.982406 -0.032 -0.367438 -0.929469 -0.0395 -0.539125 -0.84125 -0.0409063 -0.693156 -0.719531 -0.0760313 -0.765063 -0.639344 -0.0376563 -0.822156 -0.567937 -0.0556875 -0.855687 -0.514406 -0.0322188 -0.919156 -0.3925 -0.0393437 -0.919281 -0.391469 -0.027375 -0.966344 -0.25575 0.000125 0.99325 -0.1155 0.0005625 0.973281 -0.2295 0.00128125 0.921 -0.389406 0.00184375 0.845719 -0.5335 0.002 0.799 -0.60125 0.00203125 0.719531 -0.694406 0.00190625 0.629625 -0.776875 0.0014375 0.496781 -0.867813 0.00084375 0.351562 -0.936156 0.00053125 0.27575 -0.961219 0.000125 0.159562 -0.987156 3.125e-05 0.041 -0.999125 3.125e-05 0 -0.999969 0.000125 -0.123438 -0.992312 0.00053125 -0.2445 -0.969594 0.00140625 -0.385875 -0.9225 0.00246875 -0.519313 -0.854563 0.0035 -0.641469 -0.767094 0.00421875 -0.75 -0.661406 0.00421875 -0.84425 -0.535875 -0.00375 -0.898313 -0.439219 -0.00315625 -0.912313 -0.409375 -0.00325 -0.91275 -0.408469 -0.00946875 -0.960125 -0.279344 -0.0216875 -0.990844 -0.133188 -0.0129375 -0.98925 -0.145375 -0.707094 -0.645375 0.288875 -0.707094 -0.679688 0.194937 -0.707094 -0.684094 0.178813 -0.707094 -0.704188 0.0639063 -0.707094 -0.700719 0.0945625 -0.707094 -0.705813 -0.0425 -0.707094 -0.707094 -0 -0.707094 -0.699625 -0.102375 -0.707094 -0.679125 -0.196875 -0.707094 -0.691406 -0.148 -0.707094 -0.672156 -0.219437 -0.707094 -0.645563 -0.288437 -0.90525 0.424844 -0 -0.850781 0.525469 -0 -0.638969 0.769188 -0 -0.611719 0.791 -0 -0.030125 -0.997187 0.0678438 -0.0175 -0.999344 0.0299687 -0.01575 -0.993937 0.108344 -0.0666875 -0.997719 0.00340625 -0.0521563 -0.998125 0.0305312 -0.072375 -0.997344 0.005875 -0.02 -0.999781 -6.25e-05 0.562375 -0.39375 0.727 0.433031 -0.677375 0.594594 0.366844 -0.852813 0.371563 0.717313 -0.502187 0.482844 0.429281 -0.871094 0.238438 0.775781 -0.543063 0.321156 0.819094 -0.573625 -0 0.519 -0.850344 0.0866563 0.134844 -0.97825 0.157406 0.205844 -0.91825 0.33825 -0.0512813 -0.998219 0.0302188 -0.0304688 -0.997375 0.0654688 -0.0223125 -0.99425 0.104219 -0.0161875 -0.984 0.17725 0.555656 -0.303531 0.773969 0.0332813 0.086625 0.995656 0.553594 -0.454844 0.6975 -0.0577188 -0.200594 0.977969 0.509844 -0.554875 0.657313 -0.0833438 -0.361156 0.928719 0.478781 -0.645594 0.594938 -0.0897188 -0.498688 0.862063 0.464188 -0.704625 0.536625 -0.0829687 -0.620656 0.779625 0.45625 -0.755594 0.469938 -0.0715 -0.714719 0.695656 0.453281 -0.798031 0.397 -0.0555938 -0.798031 0.6 0.453281 -0.832031 0.319656 -0.042125 -0.860406 0.507812 0.454688 -0.864969 0.212219 -0.0305 -0.915 0.402219 -0.0215313 -0.956438 0.291063 0.134312 -0.978281 0.157469 0.518438 -0.850656 0.0868438 0.767031 -0.491531 0.412313 0.819094 -0.573563 -0 0.819094 -0.573563 6.25e-05 0.819094 -0.573563 0.000125 0.819094 -0.573563 0.0001875 0.819094 -0.573656 0.00021875 0.819031 -0.573656 0.00025 0.819 -0.573687 0.00025 0.819 -0.57375 0.00025 0.819 -0.573781 0.00025 0.819 -0.573781 0.00021875 0.819 -0.573781 0.000125 0.819 -0.573687 6.25e-05 0.819188 -0.573469 -0 0.761563 0.552312 0.338969 0.48675 0.836719 0.250625 0.462063 0.803688 0.374813 0.959312 0.243281 0.142875 0.949 0.174906 0.262094 0.719375 0.494344 0.487875 0.428688 0.758313 0.491031 0.916844 0.13 0.377375 0.665438 0.418219 0.618219 0.342313 0.636063 0.6915 0.875313 0.071125 0.478281 0.602313 0.326063 0.728594 0.274719 0.535 0.798906 0.826063 -9.375e-05 0.563469 0.534469 0.222219 0.815406 0.214813 0.439656 0.872063 0.772438 -0.0800625 0.629938 0.976687 -0.200656 0.0754375 0.962313 -0.234781 0.137063 0.819125 -0.573563 -0 0.945625 -0.258344 0.197344 0.924 -0.289156 0.250156 0.898094 -0.326375 0.294688 0.869531 -0.367938 0.329313 0.716531 -0.166938 0.67725 0.839281 -0.41275 0.353875 0.156188 0.339344 0.927531 0.661563 -0.256719 0.704531 0.0907812 0.214219 0.972531 0.49525 0.848406 0.186656 0.505844 0.852844 0.129031 0.772344 0.594938 0.2225 0.959281 0.243437 0.142906 0.932469 0.216688 0.288938 0.97675 -0.200594 0.0754375 0.931219 -0.198812 0.305313 0.804563 -0.56425 0.184813 0.695312 -0.486844 0.528594 0.5205 0.849906 0.0816875 0.851219 0.347469 0.393156 0.858938 -0.0634063 0.508094 0.545031 0.837781 0.0315 0.524469 0.848375 0.0716562 0.525688 0.850594 0.0003125 0.566406 0.824094 0.00496875 0.522438 0.845719 -0.108094 0.566406 0.824094 -0.00496875 0.525688 0.850594 -0.0003125 0.561625 0.816063 -0.136281 0.595125 0.803031 -0.0295 0.610156 0.7835 -0.116938 0.621219 0.782531 -0.0406875 0.64525 0.757594 -0.098375 0.672938 0.737719 -0.0531875 0.674156 0.734469 -0.0770938 0.690281 0.721 -0.0602188 0.6965 0.714625 -0.0643125 0.706469 0.704625 -0.06575 0.511719 0.832 -0.214188 0.536469 0.799812 -0.268969 0.584063 0.774844 -0.241719 0.623563 0.752906 -0.210219 0.6625 0.729719 -0.168781 0.690656 0.710125 -0.136438 0.718313 0.687187 -0.107906 0.734656 0.674719 -0.0705 0.743781 0.662969 -0.0847813 0.758594 0.648 -0.0673125 0.769219 0.635813 -0.063 0.777531 0.626156 -0.0574375 0.496625 0.812781 -0.304406 0.489906 0.769625 -0.409375 0.529031 0.75975 -0.377969 0.569969 0.748937 -0.337813 0.620625 0.733594 -0.276781 0.6605 0.717313 -0.221563 0.696813 0.696844 -0.169563 0.727094 0.674688 -0.126844 0.755219 0.649469 -0.0879062 0.77875 0.624781 -0.0558125 0.79175 0.60925 -0.0434688 0.794688 0.606 -0.0342188 0.80075 0.598188 -0.03025 0.808125 0.58875 -0.0165938 0.8075 0.589594 -0.0170625 0.795438 0.605656 -0.0187813 0.466563 0.773625 -0.428688 0.431125 0.726562 -0.534906 0.424688 0.732313 -0.532188 0.450219 0.742688 -0.495594 0.488813 0.748281 -0.448281 0.549469 0.747844 -0.372438 0.604375 0.7385 -0.298656 0.655062 0.720906 -0.226063 0.695312 0.699313 -0.165656 0.730594 0.673594 -0.111313 0.759094 0.647344 -0.0679063 0.778656 0.626063 -0.0399688 0.808156 0.588844 -0.0060625 0.814 0.580719 -0.005 0.817781 0.575469 -0.000125 0.818875 0.573875 -0 0.819 0.573781 -0 0.819094 0.573563 -0 0.324531 0.696688 -0.63975 0.336188 0.730344 -0.5945 0.370969 0.755406 -0.540031 0.441594 0.774219 -0.453219 0.515281 0.774719 -0.36625 0.586906 0.760531 -0.277531 0.643344 0.738281 -0.20225 0.6915 0.709719 -0.13425 0.729688 0.678937 -0.0807813 0.756094 0.652656 -0.0470625 0.779594 0.625781 -0.022125 0.7985 0.601875 -0.00728125 0.815063 0.579313 -0.00028125 0.28325 0.553875 -0.782875 0.30625 0.55275 -0.774938 0.185031 0.673406 -0.715625 0.187875 0.729031 -0.658094 0.223625 0.771375 -0.595719 0.307656 0.807719 -0.502813 0.402125 0.818156 -0.410906 0.497594 0.808219 -0.314813 0.574219 0.785469 -0.230687 0.639625 0.753156 -0.153219 0.6915 0.716469 -0.0918125 0.727594 0.683906 -0.0532813 0.759969 0.649406 -0.0249688 0.786656 0.61725 -0.00821875 0.811281 0.584531 -0.0005 0.134469 0.506156 -0.851875 0.009375 0.670875 -0.741437 0.0162813 0.740625 -0.671656 0.0617188 0.792875 -0.606188 0.1635 0.840406 -0.516594 0.277813 0.859344 -0.429344 0.395656 0.855031 -0.335063 0.492563 0.833875 -0.24875 0.577313 0.799344 -0.166531 0.645625 0.757031 -0.1 0.693687 0.717875 -0.0579688 0.737188 0.675125 -0.0271875 0.773281 0.633969 -0.00915625 0.8065 0.591156 -0.00071875 -0.0878438 0.501938 -0.860406 -0.184594 0.685063 -0.704625 -0.157219 0.757219 -0.633875 -0.096 0.812688 -0.574625 0.0232813 0.866813 -0.498031 0.152531 0.89325 -0.422781 0.287094 0.896469 -0.337375 0.401406 0.879656 -0.254906 0.505313 0.845375 -0.172937 0.592031 0.799 -0.104813 0.654312 0.753688 -0.0611563 0.711 0.702563 -0.0289687 0.757937 0.652125 -0.010125 0.800563 0.599156 -0.001 -0.289 0.691188 -0.662313 -0.386094 0.694531 -0.606969 -0.329906 0.771125 -0.544469 -0.248594 0.831156 -0.497281 -0.112125 0.890813 -0.44025 0.0259062 0.923281 -0.383063 0.169031 0.934344 -0.313625 0.295781 0.924 -0.242188 0.417625 0.892906 -0.168 0.524938 0.844719 -0.103813 0.604719 0.794 -0.0618125 0.677906 0.734469 -0.0303125 0.738344 0.674281 -0.011125 0.792406 0.609937 -0.00134375 -0.338969 0.426469 -0.838531 -0.376719 0.517969 -0.767906 -0.094375 0.372219 -0.923281 -0.484375 0.528625 -0.697031 -0.470094 0.708656 -0.526031 -0.526906 0.739219 -0.419313 -0.443063 0.809875 -0.384313 -0.344 0.866188 -0.362406 -0.198563 0.920812 -0.3355 -0.0634063 0.951156 -0.301969 0.074625 0.964094 -0.254656 0.203531 0.958 -0.201937 0.334938 0.931 -0.144719 0.457875 0.884188 -0.0923125 0.554375 0.83025 -0.0571875 0.642875 0.765375 -0.0294688 0.716688 0.69725 -0.011625 0.782625 0.622469 -0.00175 -0.589188 0.693875 -0.413875 -0.555719 0.778656 -0.291094 -0.462813 0.843188 -0.273375 -0.35925 0.894188 -0.266906 -0.216937 0.941688 -0.257094 -0.089625 0.967219 -0.237375 0.0399688 0.977844 -0.205187 0.164094 0.972188 -0.167063 0.296594 0.947125 -0.122313 0.424406 0.901875 -0.0800625 0.527875 0.84775 -0.0507188 0.623656 0.781219 -0.0264063 0.704281 0.709813 -0.0108438 0.776531 0.63 -0.00178125 -0.589281 0.762156 -0.267875 -0.562625 0.807281 -0.17775 -0.45825 0.873 -0.166719 -0.350344 0.921438 -0.167688 -0.213813 0.962219 -0.168313 -0.0965 0.982188 -0.160812 0.0225313 0.989031 -0.145562 0.137906 0.982625 -0.124031 0.208844 0.972125 -0.106188 0.370688 0.925969 -0.0711875 0.437438 0.897469 -0.0555938 0.503125 0.86325 -0.0396563 0.605906 0.795219 -0.02025 0.692281 0.721531 -0.00746875 0.770406 0.637469 -0.00115625 0.819656 0.572781 -0 -0.572688 0.805219 -0.153281 -0.440031 0.896469 -0.051375 -0.319969 0.946281 -0.0454688 -0.285562 0.958094 -0.0209375 -0.178813 0.981438 -0.0686563 -0.0642188 0.991844 -0.109969 0.0555938 0.99075 -0.123438 0.505531 0.861875 -0.0385313 0.6405 0.767812 -0.0114063 0.739125 0.6735 9.375e-05 -0.559531 0.826281 -0.0638125 -0.573219 0.819313 0.00753125 -0.411344 0.911344 0.0139375 0.153375 0.312375 -0.937469 0.071 0.363219 -0.928937 0.084375 0.186625 -0.97875 -0.0681562 0.272938 -0.959594 -0.236188 0.515719 -0.823531 -0.5585 0.61825 -0.552938 -0.25275 -0.769 -0.587094 -0.173031 -0.828219 -0.532875 -0.339 -0.788063 -0.513687 -0.0849688 -0.792844 -0.603406 -0.273219 -0.852844 -0.444875 -0.429469 -0.795531 -0.427344 -0.056375 -0.855781 -0.514125 -0.076125 -0.765063 -0.639406 -0.0823125 -0.873594 -0.479531 -0.367 -0.861406 -0.351 -0.508969 -0.790531 -0.340531 -0.461844 -0.853375 -0.241719 -0.585406 -0.773094 -0.243938 -0.163844 -0.90425 -0.394188 -0.259594 -0.922406 -0.285844 -0.03925 -0.919594 -0.390875 -0.066875 -0.935313 -0.347313 -0.55025 -0.825844 -0.12275 -0.654281 -0.742938 -0.141031 -0.624781 -0.780719 -0.0038125 -0.711469 -0.701688 -0.0374688 -0.362563 -0.918375 -0.15825 -0.460875 -0.887125 -0.0235625 -0.138281 -0.962469 -0.233344 -0.222281 -0.969594 -0.102156 -0.0235625 -0.966344 -0.256125 -0.054875 -0.980344 -0.189313 -0.29225 -0.956281 0.00184375 -0.526031 -0.847188 0.0743125 -0.451688 -0.888781 0.0770938 -0.30625 -0.951375 0.0329687 -0.0900313 -0.991406 -0.0944688 -0.187063 -0.982313 -0.00509375 -0.0942188 -0.995094 -0.0288125 -0.0206875 -0.990781 -0.133469 -0.0501563 -0.996844 -0.061 -0.072375 -0.997344 -0.005875 -0.02 -0.999781 6.25e-05 -0.0666875 -0.997719 -0.00340625 -0.853406 -0.521156 0.00265625 -0.832094 -0.554563 -0.002125 -0.821719 -0.56975 0.0044375 -0.876469 -0.481375 0.004625 -0.818687 -0.574125 -0.002 -0.890031 -0.455781 0.008875 -0.843938 -0.536406 0.0001875 -0.918531 -0.395125 0.008 -0.820094 -0.572156 0.0003125 -0.889125 -0.4575 0.0015625 -0.819219 -0.573406 -9.375e-05 -0.338406 0.426469 -0.83875 -0.385719 0.420844 -0.820969 -0.484406 0.528938 -0.696719 -0.02575 0.191031 -0.981219 -0.0659062 0.272875 -0.959719 0.08325 0.187656 -0.978688 -0.5585 0.618344 -0.552813 -0.601031 0.619438 -0.504969 -0.589188 0.693781 -0.414062 -0.574719 0.508 -0.6415 -0.425 0.362406 -0.829406 -0.0403438 0.138375 -0.989531 0.0335938 0.0799688 -0.996188 -0.571281 0.820656 0.00925 -0.559563 0.82625 -0.0642188 -0.646219 0.763125 0.00315625 -0.586438 0.806813 -0.0715625 -0.572688 0.80525 -0.153156 -0.633344 0.752688 -0.1795 -0.589188 0.76225 -0.267719 -0.680969 0.666906 -0.302344 -0.696375 0.549656 -0.461344 -0.644875 0.445094 -0.621188 -0.456969 0.3005 -0.837125 -0.0795625 0.0892188 -0.992813 -0.703531 0.709406 -0.041 -0.707469 0.706688 0.0046875 -0.731313 0.669375 -0.130688 -0.76475 0.594094 -0.249094 -0.764313 0.487656 -0.42175 -0.697 0.388438 -0.602656 -0.492219 0.243531 -0.835625 -0.136312 0.0469063 -0.989531 -0.00728125 -0.0183125 -0.999781 -0.7715 0.636031 -0.0136563 -0.798187 0.60175 0.02675 -0.799656 0.592469 -0.0970313 -0.824 0.527313 -0.207062 -0.815281 0.431344 -0.386219 -0.742625 0.33425 -0.580187 -0.5375 0.188094 -0.821938 -0.206125 0.0051875 -0.9785 -0.045 -0.129562 -0.990531 -0.813563 0.581219 0.0148125 -0.823656 0.56575 0.0379688 -0.845875 0.528531 -0.0715313 -0.866437 0.467313 -0.175437 -0.856188 0.376719 -0.3535 -0.786563 0.278625 -0.550969 -0.592469 0.130531 -0.794906 -0.285625 -0.0413125 -0.957438 -0.845438 0.532562 0.0389375 -0.845594 0.531531 0.049125 -0.878906 0.474219 -0.0507188 -0.898344 0.412375 -0.151031 -0.8905 0.321375 -0.321969 -0.829063 0.219563 -0.514188 -0.653813 0.06825 -0.753531 -0.371688 -0.0966875 -0.923281 -0.131688 -0.213625 -0.967969 -0.0740312 -0.245188 -0.966594 -0.872813 0.48475 0.0561563 -0.880625 0.468625 0.0691875 -0.905062 0.42375 -0.0344062 -0.923937 0.359188 -0.131156 -0.919594 0.264313 -0.290469 -0.868688 0.157875 -0.469438 -0.716781 0.00290625 -0.697219 -0.460969 -0.160125 -0.872813 -0.227031 -0.270875 -0.935438 -0.8985 0.433906 0.066 -0.910062 0.405813 0.0836875 -0.928062 0.371563 -0.02275 -0.945719 0.304031 -0.114312 -0.944219 0.204938 -0.257625 -0.903938 0.0954688 -0.416813 -0.777875 -0.0613438 -0.625313 -0.551281 -0.226562 -0.802938 -0.325031 -0.338594 -0.883 -0.165844 -0.399719 -0.901469 -0.0941563 -0.369406 -0.924438 -0.924156 0.37575 0.0680625 -0.935531 0.341062 0.0915625 -0.949313 0.313781 -0.0158438 -0.964625 0.243875 -0.0995625 -0.964281 0.142937 -0.222844 -0.933469 0.0347813 -0.356875 -0.834312 -0.118906 -0.538188 -0.641344 -0.286813 -0.711563 -0.4255 -0.407094 -0.808156 -0.263 -0.471938 -0.841438 -0.137562 -0.508875 -0.849688 -0.100281 -0.442469 -0.891125 -0.948563 0.31 0.0633125 -0.95875 0.268156 0.0939375 -0.96875 0.247562 -0.0131563 -0.980531 0.176406 -0.086 -0.979469 0.0776875 -0.185969 -0.956344 -0.0231562 -0.291281 -0.88325 -0.165844 -0.438469 -0.728938 -0.331531 -0.598844 -0.5295 -0.463844 -0.710156 -0.363906 -0.539688 -0.759094 -0.240969 -0.582031 -0.776563 -0.116563 -0.609656 -0.783969 -0.101125 -0.55225 -0.827469 -0.970438 0.235344 0.0531875 -0.969375 0.227156 0.0927188 -0.985094 0.171438 -0.0132813 -0.992281 0.100031 -0.0726563 -0.989 0.0079375 -0.147594 -0.971438 -0.0798438 -0.223281 -0.921094 -0.202531 -0.332437 -0.808031 -0.356094 -0.469219 -0.634875 -0.498188 -0.590469 -0.469438 -0.589188 -0.657531 -0.349156 -0.641688 -0.682813 -0.23975 -0.679375 -0.693438 -0.0979375 -0.704531 -0.702812 -0.0931875 -0.657875 -0.747281 -0.987844 0.150031 0.0395 -0.978938 0.183187 0.0899063 -0.996312 0.084 -0.0144687 -0.998125 0.0135938 -0.0587813 -0.991625 -0.0680313 -0.109344 -0.977656 -0.138719 -0.157688 -0.9445 -0.234812 -0.229625 -0.869156 -0.364344 -0.33425 -0.732094 -0.506594 -0.455219 -0.575844 -0.612688 -0.541219 -0.462125 -0.676125 -0.57375 -0.373406 -0.724563 -0.579219 -0.99825 0.0529688 0.024875 -0.993688 0.0796563 0.0788438 -0.99975 -0.0153125 -0.0148125 -0.995531 -0.08325 -0.0440938 -0.985563 -0.152187 -0.0734688 -0.973813 -0.204344 -0.0995938 -0.952219 -0.271469 -0.139906 -0.905688 -0.36825 -0.20975 -0.807719 -0.496719 -0.317469 -0.673625 -0.611281 -0.415281 -0.576844 -0.682312 -0.448938 -0.516375 -0.736094 -0.4375 -0.997906 0.0264063 0.0589375 -0.997563 -0.026875 0.0640313 -0.999 -0.041875 0.0135938 -0.993594 -0.111656 -0.0135 -0.983844 -0.176031 -0.0310938 -0.971313 -0.23325 -0.04625 -0.961031 -0.270063 -0.0584688 -0.946375 -0.31325 -0.0783437 -0.917531 -0.378844 -0.120656 -0.8495 -0.484625 -0.20825 -0.742969 -0.596 -0.304344 -0.672625 -0.664719 -0.324969 -0.640406 -0.713188 -0.284813 -0.996531 -0.0743125 0.0358125 -0.987063 -0.158656 0.0214063 -0.989125 -0.146563 0.005375 -0.97625 -0.216188 -0.0103438 -0.961125 -0.275219 -0.0188125 -0.946719 -0.321063 -0.0245625 -0.938031 -0.345313 -0.0285 -0.928937 -0.368406 -0.0350938 -0.913094 -0.403844 -0.0551875 -0.869438 -0.479688 -0.118 -0.792875 -0.575844 -0.199125 -0.756094 -0.627031 -0.187063 -0.746063 -0.65675 -0.10975 -0.993594 -0.0997187 0.0529375 -0.968313 -0.249375 0.0108438 -0.9725 -0.232875 0.0016875 -0.953781 -0.300281 -0.00703125 -0.935219 -0.353875 -0.01075 -0.92 -0.391688 -0.0124063 -0.912562 -0.408625 -0.0132188 -0.907094 -0.420656 -0.01475 -0.899594 -0.436063 -0.0225937 -0.871813 -0.4855 -0.0645313 -0.817875 -0.5615 -0.12525 -0.805719 -0.587438 -0.0753438 -0.801938 -0.596844 0.0252813 -0.771906 -0.626188 0.109031 -0.742938 -0.657656 0.124156 -0.671875 -0.730656 0.120969 -0.563688 -0.819531 0.103063 -0.989469 -0.136719 0.047125 -0.98175 -0.187312 0.0319688 -0.983906 -0.173719 0.0414688 -0.946156 -0.3235 -0 -0.922312 -0.386313 -0.00375 -0.90125 -0.433188 -0.004625 -0.885938 -0.46375 -0.0044375 -0.87975 -0.475344 -0.00425 -0.876938 -0.480469 -0.00409375 -0.876156 -0.481969 -0.0055625 -0.864125 -0.5025 -0.0260625 -0.833219 -0.549969 -0.0562188 -0.838719 -0.543281 0.0367813 -0.838531 -0.540031 0.0720313 -0.807312 -0.580063 0.108125 -0.948219 -0.317313 0.01075 -0.947281 -0.319469 0.0222812 -0.924563 -0.380906 0.00290625 -0.893562 -0.448813 -0.0001875 -0.86525 -0.501188 -0.00059375 -0.843063 -0.53775 -0.00028125 -0.82875 -0.559563 -6.25e-05 -0.824094 -0.566375 -3.125e-05 -0.823438 -0.567281 -9.375e-05 -0.826469 -0.562906 -0.0009375 -0.832438 -0.554031 -0.00290625 -0.818687 -0.574125 -0.0016875 -0.843594 -0.536438 0.0232813 -0.858063 -0.513438 0.00025 -0.823656 -0.567031 -0 -0.819188 -0.573469 -0 -0.819094 -0.573625 -0 -0.819031 -0.573656 -0 -0.819094 -0.573563 -0 -0.819125 -0.573531 3.125e-05 -0.819219 -0.573438 6.25e-05 -0.819031 -0.573656 -0.00075 -0.819125 -0.573531 -0 0.562281 -0.39 0.729156 0.42125 -0.290188 0.859219 0.346875 -0.558469 0.753469 0.431781 -0.67775 0.595062 0.225281 -0.802281 0.552719 0.206437 -0.917531 0.339719 0.102469 -0.937063 0.333688 -0.0530938 -0.998156 0.0272813 -0.0779063 -0.996875 -0.00746875 0.00403125 -0.0028125 0.999969 0.234094 -0.163875 0.958281 0.004 -0.0028125 0.999969 0.254281 -0.178031 0.950531 0.421906 -0.295438 0.857094 0.578406 -0.405 0.708094 0.562375 -0.39375 0.727063 0.717344 -0.502281 0.482688 0.805031 -0.563688 0.184563 0.775688 -0.543156 0.321219 0.524625 0.848281 0.07175 0.545125 0.837687 0.0316875 0.851125 0.347969 0.393 0.706438 0.499781 0.501156 0.563375 0.826156 -0.001 0.650594 0.161375 0.742031 0.859031 -0.063 0.508 0.578469 -0.405031 0.707906 0.234344 -0.163906 0.958219 0.432656 0.161563 0.886906 0.00403125 -0.00265625 0.999969 0.421969 -0.295344 0.857094 0.65275 0.159875 0.740469 0.623125 0.585375 0.518625 0.709656 0.497438 0.498781 0.566969 0.823656 -0.0038125 0.249 0.306469 0.918688 0.468531 0.585063 0.661875 0.621281 0.7825 -0.0406875 0.594938 0.803156 -0.03025 0.0001875 0.00021875 0.999969 0.245469 0.309125 0.918719 -0.00025 -0.00025 0.999969 0.489688 0.536188 0.687469 0.530906 0.503469 0.681531 0.56075 0.467063 0.683594 0.575625 0.427938 0.696719 0.2585 0.186031 0.947906 0.462719 0.330938 0.822344 0.701937 0.497219 0.509781 0.465906 0.586781 0.662188 0.672938 0.737719 -0.0532813 0.734563 0.674719 -0.0707188 0.758563 0.648 -0.0680313 0.777438 0.626156 -0.0584688 0.79175 0.609219 -0.0443438 0.80075 0.598156 -0.0305312 0.808031 0.588844 -0.0161563 0.814094 0.580625 -0.00490625 0.818875 0.573875 0.00315625 0.776344 0.547375 0.312375 0.810188 0.569125 0.140062 0.81675 0.572937 0.0673437 0.818375 0.573781 0.030375 0.818781 0.573875 0.0138125 0.818875 0.573875 0.0066875 -0.978094 0.207875 -0 -0.958781 0.284 -0 -0.939188 0.343313 -0 -0.91875 0.394688 -0 -0.865969 0.5 -0 -0.881594 0.471875 -0 -0.824094 0.566375 -0 -0.801562 0.597781 -0 -0.751813 0.659344 -0 -0.70375 0.710406 -0 -0.669125 0.743125 -0 -0.590187 0.807187 -0 -0.608719 0.793312 -0 -0.511281 0.859375 -0 -0.463531 0.886031 -0 -0.406719 0.9135 -0 -0.326594 0.945156 -0 -0.33375 0.942594 -0 -0.220656 0.975281 -0 -0.182344 0.983187 -0 -0.1045 0.994469 -0 -0.0340625 0.999406 -0 -0.0261563 0.999656 -0 0.0914688 0.99575 -0 0.114937 0.993344 -0 0.207875 0.978094 -0 0.261438 0.965156 -0 0.284 0.958781 -0 0.394688 0.91875 -0 0.402156 0.915563 -0 0.5 0.865969 -0 0.533844 0.8455 -0 0.566375 0.824094 -0 0.653719 0.756688 -0 0.659344 0.751813 -0 0.743125 0.669125 -0 0.685938 0.727625 -0 0.715813 0.698219 -0 0.762781 0.646563 -0 0.793312 0.608719 -0 0.786219 0.617906 -0 0.805125 0.593 -0 0.859375 0.511281 -0 0.812406 0.583 -0 0.815844 0.578219 -0 0.81725 0.576156 -0 0.817813 0.575469 -0 0.818 0.575188 -0 0.818094 0.575 -0 0.81975 0.572594 -0 0.819969 0.572344 -0 0.820094 0.572125 -0 0.820375 0.571781 -0 0.820719 0.571281 -0 0.821063 0.57075 -0 0.8215 0.570094 -0 0.822156 0.569219 -0 0.869094 0.494625 -0 0.9135 0.406719 -0 0.939562 0.342219 -0 0.942594 0.33375 -0 0.975031 0.222031 -0 0.975281 0.220656 -0 0.995781 0.0912813 -0 0.994469 0.1045 -0 0.999656 0.0261563 -0 0.999969 0.00425 -0 0.995 -0.0995625 -0 0.99575 -0.0914688 -0 0.978094 -0.207875 -0 0.819 0.57375 -0 0.819 0.57375 0.0060625 0.819 0.573687 0.008375 0.818969 0.573656 0.0115625 0.818906 0.573625 0.0155938 0.818875 0.573563 0.0196563 0.818812 0.573438 0.0246875 0.818687 0.573313 0.0311875 0.861094 0.508375 -0 0.897094 0.441781 -0 0.91425 0.405094 -0 0.955063 0.29625 -0 0.954 0.299688 -0 0.975125 0.221406 -0 0.990031 0.140563 -0 0.994219 0.106781 -0 0.999906 -0.0091875 -0 0.99975 -0.02225 -0 0.986531 -0.163469 -0 0.992375 -0.122813 -0 0.975469 -0.219938 -0 0.949437 -0.313844 -0 0.949094 -0.314875 -0 0.922281 -0.386438 -0 0.914906 -0.403531 -0 0.871219 -0.490813 -0 0.868937 -0.494844 -0 0.808375 -0.588531 -0 0.818156 -0.574875 -0 0.707812 -0.706344 -0 0.706469 -0.707656 -0 0.59025 -0.807156 -0 0.573563 -0.819094 -0 0.526031 -0.850438 -0 0.423312 -0.905906 -0 0.423813 -0.905688 -0 0.315844 -0.948781 -0 0.260406 -0.965469 -0 0.174063 -0.984688 -0 0.16775 -0.985781 -0 0.0662187 -0.997781 -0 0.0285312 -0.999563 -0 -0.0287188 -0.999563 -0 0.0263125 -0.999625 -0 0.0196563 -0.999781 -0 -0.0176562 -0.999781 -0 -0.0263437 -0.999625 -0 -0.0285312 -0.999563 -0 -0.143906 -0.989563 -0 -0.131281 -0.991313 -0 -0.223937 -0.974594 -0 -0.257375 -0.96625 -0 -0.320938 -0.947031 -0 -0.41425 -0.910125 -0 -0.455938 -0.889969 -0 -0.559656 -0.828656 -0 -0.581062 -0.813781 -0 -0.679031 -0.734031 -0 -0.655344 -0.755313 -0 -0.782656 -0.622406 -0 -0.819125 -0.573563 -0 -0.742813 -0.669469 -0 -0.144187 -0.757375 0.636781 -0.30625 -0.951344 0.0327188 -0.292625 -0.616094 0.73125 -0.451688 -0.888781 0.0771563 -0.410844 -0.525063 0.745281 -0.563656 -0.8195 0.103375 -0.671875 -0.730594 0.121375 -0.483531 -0.452281 0.749344 -0.742844 -0.65775 0.124156 -0.570625 -0.369875 0.733156 -0.807156 -0.580281 0.108031 -0.838562 -0.539844 0.0722812 -0.713281 -0.453594 0.534281 -0.566844 -0.357625 0.742063 -0.843437 -0.536625 0.0230938 -0.798187 -0.521125 0.302 -0.818687 -0.574125 -0.00040625 -0.817031 -0.573 0.06375 -0.818313 -0.573875 0.0312813 -0.080375 -0.422406 0.902781 0 -0.000125 0.999969 -3.125e-05 -6.25e-05 0.999969 -3.125e-05 -3.125e-05 0.999969 9.375e-05 6.25e-05 0.999969 -0.318875 -0.203156 0.92575 -0.09425 -0.995094 -0.0288125 -0.00465625 -0.946344 0.323063 -0.07175 -0.997375 -0.0046875 0.106469 -0.93725 0.331906 0.127719 -0.644844 0.753531 0.228844 -0.802531 0.550875 0.349375 -0.559156 0.75175 0.254281 -0.178906 0.950406 0.421906 -0.2955 0.857094 -0.141625 -0.758219 0.636375 -0.0765937 -0.423531 0.902625 0.00425 -0.00109375 0.999969 -0.0865625 0.122688 -0.988625 -0.11925 0.117719 -0.985844 -0.141844 0.0955625 -0.985219 -0.1665 0.0600625 -0.984156 -0.18075 0.0189375 -0.983281 -0.184188 -0.0160937 -0.982719 -0.181125 -0.049625 -0.982188 -0.173031 -0.0790313 -0.981719 -0.160969 -0.105687 -0.981219 -0.146156 -0.12875 -0.980781 -0.128531 -0.149219 -0.980375 -0.112031 -0.163625 -0.980125 -0.0944688 -0.174531 -0.980094 -0.0691875 -0.186 -0.980094 -0.0428438 -0.193875 -0.980031 -0.0155938 -0.198188 -0.980031 0.0118438 -0.198812 -0.979906 0.0391875 -0.195625 -0.979875 0.0657813 -0.188656 -0.979813 0.0911563 -0.178031 -0.979781 0.114281 -0.16325 -0.979906 0.194406 -0.277656 -0.94075 -0.150844 0.212844 -0.965344 -0.206125 0.203469 -0.957125 -0.246094 0.168563 -0.954406 -0.292625 0.113063 -0.9495 -0.32475 0.0471562 -0.944562 -0.338813 -0.0115625 -0.94075 -0.339438 -0.069375 -0.938031 -0.329844 -0.122125 -0.936063 -0.310906 -0.170219 -0.935063 -0.286 -0.212969 -0.934219 -0.255031 -0.249656 -0.934125 -0.225094 -0.276563 -0.934219 -0.194031 -0.292125 -0.936437 -0.146563 -0.315375 -0.937563 -0.0970938 -0.331375 -0.938469 -0.0461875 -0.340438 -0.939125 0.0050625 -0.342156 -0.939562 0.05575 -0.336625 -0.939969 0.104938 -0.324031 -0.940188 0.151688 -0.304563 -0.940313 0.23375 -0.333906 -0.913156 -0.189938 0.267719 -0.944531 -0.279938 0.276938 -0.919156 -0.3325 0.233531 -0.913719 -0.392844 0.16575 -0.9045 -0.434063 0.086625 -0.896688 -0.451906 0.0164688 -0.891875 -0.452719 -0.052625 -0.890063 -0.442688 -0.117281 -0.888906 -0.42175 -0.178031 -0.889 -0.394344 -0.235031 -0.888344 -0.358719 -0.284875 -0.888875 -0.323563 -0.324813 -0.888656 -0.28575 -0.347438 -0.893094 -0.225719 -0.389969 -0.892656 -0.159719 -0.421906 -0.892438 -0.0893125 -0.44275 -0.892125 -0.0165 -0.45175 -0.891937 0.056625 -0.448813 -0.891781 0.128281 -0.434063 -0.891688 0.196562 -0.407813 -0.891594 0.270875 -0.386875 -0.881375 -0.2275 0.3205 -0.919469 -0.352781 0.350031 -0.867719 -0.414219 0.299625 -0.859375 -0.480938 0.223219 -0.847844 -0.522125 0.137156 -0.841688 -0.537406 0.0624375 -0.840937 -0.537 -0.0124375 -0.843437 -0.527656 -0.0845625 -0.845219 -0.509063 -0.155594 -0.846531 -0.483875 -0.224844 -0.845688 -0.449031 -0.288219 -0.845688 -0.413281 -0.341406 -0.844156 -0.372656 -0.376437 -0.848094 -0.305438 -0.440906 -0.843938 -0.22675 -0.492281 -0.840344 -0.139156 -0.528813 -0.837219 -0.0458438 -0.548719 -0.834719 0.0499375 -0.551313 -0.83275 0.144938 -0.536438 -0.831375 0.235875 -0.504438 -0.830531 0.34275 -0.489625 -0.801656 -0.303813 0.42875 -0.850781 -0.434406 0.432281 -0.790156 -0.502281 0.374344 -0.779375 -0.570594 0.290125 -0.768219 -0.607938 0.199563 -0.768438 -0.620281 0.121375 -0.774906 -0.621625 0.0393125 -0.782313 -0.615562 -0.041625 -0.786906 -0.601781 -0.125437 -0.788688 -0.580156 -0.208625 -0.787281 -0.547281 -0.288125 -0.785688 -0.51125 -0.355563 -0.782406 -0.46825 -0.406844 -0.784281 -0.393 -0.493844 -0.775594 -0.300813 -0.565625 -0.767781 -0.194937 -0.618781 -0.760938 -0.0796563 -0.6505 -0.755281 0.0405 -0.65925 -0.750781 0.160781 -0.644313 -0.747594 0.276344 -0.606219 -0.745656 0.396625 -0.5665 -0.722281 -0.406656 0.576125 -0.708969 -0.53275 0.531656 -0.658375 -0.605781 0.463844 -0.646344 -0.674469 0.370531 -0.638531 -0.710719 0.275156 -0.647344 -0.725344 0.191813 -0.661094 -0.733563 0.098375 -0.672406 -0.733844 0.0038125 -0.67925 -0.725906 -0.0979375 -0.680719 -0.707094 -0.199687 -0.67825 -0.674469 -0.299781 -0.674656 -0.635594 -0.384313 -0.6695 -0.587781 -0.454781 -0.669031 -0.498781 -0.565719 -0.656563 -0.387719 -0.658312 -0.645094 -0.258875 -0.727656 -0.635094 -0.117375 -0.770281 -0.626719 0.03075 -0.783844 -0.620094 0.179469 -0.767469 -0.615313 0.322531 -0.721656 -0.612469 0.456688 -0.652313 -0.604813 -0.469156 0.666219 -0.579531 -0.643094 0.643844 -0.414469 -0.720156 0.562688 -0.40575 -0.791094 0.458656 -0.404563 -0.834406 0.358156 -0.418813 -0.859812 0.268156 -0.434344 -0.880625 0.159875 -0.445906 -0.890625 0.0469688 -0.45225 -0.888406 -0.0782188 -0.45225 -0.870406 -0.203938 -0.448063 -0.834594 -0.32875 -0.441938 -0.788969 -0.433313 -0.435531 -0.732719 -0.524188 -0.433844 -0.621844 -0.659375 -0.4225 -0.484844 -0.771375 -0.412031 -0.327563 -0.8545 -0.403031 -0.156156 -0.905031 -0.3955 0.0225 -0.920656 -0.389625 0.201219 -0.900469 -0.385406 0.372719 -0.845219 -0.382906 0.531438 -0.759125 -0.375688 -0.5325 0.757906 -0.376719 -0.573875 0.818812 0.0074375 -0.715062 0.699 0.00225 -0.798344 0.602125 -0.00475 -0.87575 0.482406 -0.0161875 -0.931844 0.36175 -0.0256875 -0.954406 0.297031 -0.0275625 -0.982656 0.182875 -0.0293438 -0.998344 0.0499375 -0.0281875 -0.999219 -0.0276562 -0.0262187 -0.994656 -0.1005 -0.0235313 -0.990219 -0.137469 -0.0218438 -0.984375 -0.174594 -0.02 -0.947125 -0.320625 -0.0110625 -0.889969 -0.455875 -0.00303125 -0.854875 -0.518781 -0.0003125 -0.818563 -0.574344 -9.375e-05 -0.742719 -0.669563 -0.0001875 -0.655187 -0.755406 -0 -0.581062 -0.813781 -3.125e-05 -0.455875 -0.890031 -6.25e-05 -0.320844 -0.947062 -3.125e-05 -0.224 -0.974563 -3.125e-05 -0.131156 -0.991313 -3.125e-05 -0.02875 -0.999563 -3.125e-05 0.0662813 -0.997781 -3.125e-05 0.167719 -0.985781 -3.125e-05 0.260406 -0.965469 -3.125e-05 0.423375 -0.905906 -3.125e-05 0.573469 -0.819188 -3.125e-05 0.958781 -0.284 -0 0.964312 -0.264594 -0 0.925781 -0.377969 -0 0.91875 -0.394688 -0 0.872781 -0.488063 -0 0.865969 -0.5 -0 0.829406 -0.558594 -0 0.824094 -0.566375 -0 0.723688 -0.690094 -0 0.751813 -0.659344 -0 0.669125 -0.743125 -0 0.595781 -0.803062 -0 0.608719 -0.793312 -0 0.511281 -0.859375 -0 0.4785 -0.878031 -0 0.406719 -0.9135 -0 0.35275 -0.935656 -0 0.33375 -0.942594 -0 0.220656 -0.975281 -0 0.194219 -0.980906 -0 0.1045 -0.994469 -0 0.0261563 -0.999656 -0 0.0315938 -0.999469 -0 -0.0255 -0.999656 -0 -0.0914688 -0.99575 -0 -0.0939375 -0.995531 -0 -0.207875 -0.978094 -0 -0.252531 -0.967531 -0 -0.284 -0.958781 -0 -0.394688 -0.91875 -0 -0.391094 -0.920344 -0 -0.5 -0.865969 -0 -0.566375 -0.824094 -0 -0.5015 -0.865125 -0 -0.603156 -0.797594 -0 -0.659344 -0.751813 -0 -0.662562 -0.748906 -0 -0.743125 -0.669125 -0 -0.774375 -0.632688 -0 -0.793312 -0.608719 -0 -0.816063 -0.577875 -0 -0.859375 -0.511281 -0 -0.859344 -0.511375 -0 -0.884313 -0.466781 -0 -0.9135 -0.406719 -0 -0.906031 -0.423156 -0 -0.927625 -0.373406 -0 -0.942594 -0.33375 -0 -0.945375 -0.325938 -0 -0.975281 -0.220656 -0 -0.965281 -0.261 -0 -0.979031 -0.203375 -0 -0.994469 -0.1045 -0 -0.994812 -0.101156 -0 -0.999656 -0.0261563 -0 -0.999656 -0.0238438 -0 -0.99575 0.0914688 -0 -0.995719 0.092375 -0 0.02425 -0.845125 0.533938 0.159656 -0.815594 0.556094 0.288625 -0.768562 0.570844 0.390219 -0.717031 0.577469 0.485875 -0.654688 0.578969 0.593156 -0.564438 0.574 0.68725 -0.460969 0.561375 0.7285 -0.405156 0.552281 0.782969 -0.317031 0.535062 0.828125 -0.224219 0.513687 0.846844 -0.176781 0.501531 0.875656 -0.0840625 0.475406 0.894938 0.0076875 0.446063 0.904406 0.0870625 0.417563 0.906438 0.211094 0.36575 0.893344 0.330594 0.30425 0.851875 0.49075 0.182688 0.81875 0.57325 0.0311875 -0.819094 -0.573563 -0.00040625 -0.818687 -0.57325 0.0312813 -0.782656 -0.622406 -0.000375 -0.767219 -0.620125 0.163438 -0.679031 -0.734031 -0.00028125 -0.638 -0.713719 0.288938 -0.572937 -0.749781 0.330875 -0.559656 -0.828656 -0.00025 -0.41425 -0.910125 -0.000125 -0.4665 -0.795969 0.385719 -0.356687 -0.829063 0.430531 -0.257375 -0.96625 -9.375e-05 -0.225875 -0.851313 0.4735 -0.143906 -0.989563 -3.125e-05 -0.0836875 -0.855469 0.510938 -0.0244063 -0.851125 0.524281 0.136094 -0.146563 -0.979781 0.15475 -0.126375 -0.979813 0.170406 -0.103781 -0.979875 0.18275 -0.0791562 -0.979906 0.191594 -0.053125 -0.98 0.196812 -0.0260313 -0.980031 0.198437 0.00140625 -0.980094 0.196313 0.0290625 -0.980094 0.192031 0.0492813 -0.980125 0.184188 0.06975 -0.980375 0.171031 0.0933125 -0.980781 0.154406 0.115094 -0.981219 0.133437 0.1355 -0.981719 0.108625 0.153219 -0.982188 0.0781875 0.167531 -0.982719 0.0439687 0.176344 -0.983281 0.0005 0.177031 -0.984156 -0.04125 0.165969 -0.985219 -0.0698125 0.152344 -0.985844 -0.085625 0.123344 -0.988625 -0.148438 0.214563 -0.965344 0.234281 -0.246688 -0.940313 0.268594 -0.209469 -0.940188 0.29725 -0.167562 -0.939906 0.319813 -0.121813 -0.939562 0.335656 -0.0730625 -0.939125 0.344656 -0.022125 -0.938438 0.3465 0.0298125 -0.937563 0.340906 0.0823437 -0.936437 0.336906 0.116875 -0.934219 0.321875 0.154188 -0.934125 0.298 0.195844 -0.934219 0.266313 0.233906 -0.935063 0.227594 0.268156 -0.936063 0.181344 0.295188 -0.938031 0.126781 0.314375 -0.94075 0.0667187 0.321312 -0.944562 -0.00609375 0.313625 -0.9495 -0.0742188 0.288938 -0.954406 -0.120656 0.263281 -0.957125 -0.186594 0.270125 -0.944531 0.23375 -0.333906 -0.913094 0.315969 -0.32425 -0.891594 0.363906 -0.269031 -0.891688 0.402375 -0.206781 -0.891781 0.430156 -0.138969 -0.891937 0.446594 -0.0675313 -0.892125 0.451094 0.00575 -0.892438 0.443656 0.0786562 -0.892656 0.42425 0.149625 -0.893031 0.415906 0.192875 -0.888656 0.390438 0.239625 -0.888875 0.355781 0.290125 -0.888344 0.311625 0.335375 -0.889 0.261656 0.375813 -0.888969 0.204344 0.407375 -0.890063 0.139094 0.430313 -0.891875 0.0670938 0.437531 -0.896688 -0.021375 0.425875 -0.9045 -0.105656 0.392344 -0.913719 -0.164438 0.357781 -0.919156 -0.223312 0.323438 -0.919469 0.393313 -0.39425 -0.830531 0.454406 -0.31975 -0.831375 0.500969 -0.235563 -0.83275 0.531313 -0.144594 -0.834719 0.544469 -0.0500938 -0.837219 0.540156 0.0446563 -0.840344 0.518844 0.136125 -0.843938 0.481219 0.221406 -0.848094 0.462219 0.271531 -0.844156 0.424469 0.323344 -0.845688 0.376781 0.37775 -0.845688 0.320344 0.425063 -0.846531 0.259969 0.466875 -0.845219 0.195438 0.500313 -0.843437 0.125156 0.526344 -0.840937 0.0496875 0.537562 -0.841688 -0.0451563 0.528281 -0.847844 -0.139781 0.49175 -0.859375 -0.208188 0.45125 -0.867719 -0.298906 0.432219 -0.85075 0.342813 -0.489625 -0.801656 0.475125 -0.467063 -0.745656 0.550438 -0.371563 -0.747594 0.605563 -0.263594 -0.750781 0.638531 -0.147625 -0.755281 0.648125 -0.0284688 -0.760938 0.634438 0.089125 -0.767781 0.5985 0.200312 -0.775594 0.5425 0.300813 -0.784281 0.509 0.358719 -0.782406 0.458 0.415688 -0.785688 0.394531 0.473781 -0.787281 0.323781 0.522563 -0.788688 0.249719 0.564188 -0.786906 0.175688 0.597531 -0.782313 0.0980625 0.624406 -0.774906 0.0204062 0.639531 -0.768438 -0.0774062 0.635406 -0.768219 -0.179906 0.600062 -0.779375 -0.257531 0.556094 -0.790156 -0.402219 0.579219 -0.708969 0.567781 -0.549969 -0.612469 0.659781 -0.43125 -0.615313 0.726 -0.297062 -0.620094 0.763969 -0.153156 -0.626719 0.772344 -0.00565625 -0.635094 0.75125 0.139125 -0.645156 0.70225 0.275156 -0.656563 0.628469 0.396688 -0.669031 0.578562 0.46575 -0.6695 0.512438 0.531156 -0.674656 0.429563 0.596094 -0.67825 0.340375 0.648562 -0.680719 0.247469 0.690875 -0.67925 0.1585 0.722938 -0.672406 0.0678438 0.747156 -0.661094 -0.015375 0.762 -0.647344 -0.117406 0.7605 -0.638531 -0.228594 0.727969 -0.646344 -0.31725 0.6825 -0.658375 -0.465531 0.668813 -0.579531 0.456688 -0.652313 -0.604875 0.666687 -0.639406 -0.382906 0.777313 -0.497156 -0.385406 0.857406 -0.336094 -0.389625 0.903844 -0.162844 -0.3955 0.915031 0.0154688 -0.403031 0.890719 0.191719 -0.412031 0.832313 0.358719 -0.4225 0.74325 0.509188 -0.433906 0.677063 0.593094 -0.435531 0.594406 0.67175 -0.441938 0.489406 0.748062 -0.448063 0.377469 0.808031 -0.45225 0.2605 0.852969 -0.45225 0.151031 0.882219 -0.445906 0.042125 0.899719 -0.434344 -0.0510625 0.906563 -0.418813 -0.160281 0.900281 -0.404563 -0.282313 0.869219 -0.40575 -0.384969 0.824562 -0.414469 -0.529969 0.759656 -0.376719 0.531469 -0.759125 -0.375688 0.573531 -0.819125 -3.125e-05 0.706375 -0.707781 -3.125e-05 0.818094 -0.575 -3.125e-05 0.868906 -0.494875 -3.125e-05 0.914844 -0.403625 -3.125e-05 0.949094 -0.314875 -3.125e-05 0.975469 -0.220094 -3.125e-05 0.992375 -0.122906 -3.125e-05 0.999687 -0.0224375 -3.125e-05 0.990031 0.140406 -3.125e-05 0.954 0.299625 -0 0.897125 0.441719 -9.375e-05 0.819719 0.572719 -6.25e-05 0.787344 0.616406 -6.25e-05 0.719312 0.694625 -0.0039375 0.662844 0.748656 -0.00809375 0.572906 0.819438 -0.0150938 0.477188 0.878531 -0.02125 0.420125 0.907094 -0.0240312 0.3205 0.946813 -0.0275 0.245906 0.968844 -0.0289063 0.136656 0.990188 -0.0290313 0.032625 0.999094 -0.0270937 -0.0885938 0.995781 -0.021875 -0.206437 0.978375 -0.0117813 -0.283781 0.958844 -0.00540625 -0.41675 0.908938 0.00253125 -0.573031 0.819438 0.0074375 -0.920812 0 0.389906 -0.90525 0 0.424844 -0.689438 0 0.724281 -0.638969 0 0.769188 0.424844 0 0.90525 0.619469 0 0.784938 0.769188 0 0.638969 0.924031 0 0.382156</float_array>
					<technique_common>
						<accessor count="1568" source="#ID8" stride="3">
							<param name="X" type="float"/>
							<param name="Y" type="float"/>
							<param name="Z" type="float"/>
						</accessor>
					</technique_common>
				</source>
				<source id="ID9">
					<float_array id="ID10" count="2" digits="2490374">0 1</float_array>
					<technique_common>
						<accessor count="1" source="#ID10" stride="2">
							<param name="S" type="float"/>
							<param name="T" type="float"/>
						</accessor>
					</technique_common>
				</source>
				<vertices id="ID11">
					<input semantic="POSITION" source="#ID5"/>
				</vertices>
				<polylist count="2714">
					<input offset="0" semantic="VERTEX" source="#ID11" set="0"/>
					<input offset="1" semantic="NORMAL" source="#ID7" set="0"/>
					<input offset="2" semantic="TEXCOORD" source="#ID9" set="0"/>
					<vcount>3 3 3 3 3 3 3 3 3 3 3 3 3 3 3 3 3 3 3 3 3 3 3 3 3 3 3 3 3 3 3 3 3 3 3 3 3 3 3 3 3 3 3 3 3 3 3 3 3 3 3 3 3 3 3 3 3 3 3 3 3 3 3 3 3 3 3 3 3 3 3 3 3 3 3 3 3 3 3 3 3 3 3 3 3 3 3 3 3 3 3 3 3 3 3 3 3 3 3 3 3 3 3 3 3 3 3 3 3 3 3 3 3 3 3 3 3 3 3 3 3 3 3 3 3 3 3 3 3 3 3 3 3 3 3 3 3 3 3 3 3 3 3 3 3 3 3 3 3 3 3 3 3 3 3 3 3 3 3 3 3 3 3 3 3 3 3 3 3 3 3 3 3 3 3 3 3 3 3 3 3 3 3 3 3 3 3 3 3 3 3 3 3 3 3 3 3 3 3 3 3 3 3 3 3 3 3 3 3 3 3 3 3 3 3 3 3 3 3 3 3 3 3 3 3 3 3 3 3 3 3 3 3 3 3 3 3 3 3 3 3 3 3 3 3 3 3 3 3 3 3 3 3 3 3 3 3 3 3 3 3 3 3 3 3 3 3 3 3 3 3 3 3 3 3 3 3 3 3 3 3 3 3 3 3 3 3 3 3 3 3 3 3 3 3 3 3 3 3 3 3 3 3 3 3 3 3 3 3 3 3 3 3 3 3 3 3 3 3 3 3 3 3 3 3 3 3 3 3 3 3 3 3 3 3 3 3 3 3 3 3 3 3 3 3 3 3 3 3 3 3 3 3 3 3 3 3 3 3 3 3 3 3 3 3 3 3 3 3 3 3 3 3 3 3 3 3 3 3 3 3 3 3 3 3 3 3 3 3 3 3 3 3 3 3 3 3 3 3 3 3 3 3 3 3 3 3 3 3 3 3 3 3 3 3 3 3 3 3 3 3 3 3 3 3 3 3 3 3 3 3 3 3 3 3 3 3 3 3 3 3 3 3 3 3 3 3 3 3 3 3 3 3 3 3 3 3 3 3 3 3 3 3 3 3 3 3 3 3 3 3 3 3 3 3 3 3 3 3 3 3 3 3 3 3 3 3 3 3 3 3 3 3 3 3 3 3 3 3 3 3 3 3 3 3 3 3 3 3 3 3 3 3 3 3 3 3 3 3 3 3 3 3 3 3 3 3 3 3 3 3 3 3 3 3 3 3 3 3 3 3 3 3 3 3 3 3 3 3 3 3 3 3 3 3 3 3 3 3 3 3 3 3 3 3 3 3 3 3 3 3 3 3 3 3 3 3 3 3 3 3 3 3 3 3 3 3 3 3 3 3 3 3 3 3 3 3 3 3 3 3 3 3 3 3 3 3 3 3 3 3 3 3 3 3 3 3 3 3 3 3 3 3 3 3 3 3 3 3 3 3 3 3 3 3 3 3 3 3 3 3 3 3 3 3 3 3 3 3 3 3 3 3 3 3 3 3 3 3 3 3 3 3 3 3 3 3 3 3 3 3 3 3 3 3 3 3 3 3 3 3 3 3 3 3 3 3 3 3 3 3 3 3 3 3 3 3 3 3 3 3 3 3 3 3 3 3 3 3 3 3 3 3 3 3 3 3 3 3 3 3 3 3 3 3 3 3 3 3 3 3 3 3 3 3 3 3 3 3 3 3 3 3 3 3 3 3 3 3 3 3 3 3 3 3 3 3 3 3 3 3 3 3 3 3 3 3 3 3 3 3 3 3 3 3 3 3 3 3 3 3 3 3 3 3 3 3 3 3 3 3 3 3 3 3 3 3 3 3 3 3 3 3 3 3 3 3 3 3 3 3 3 3 3 3 3 3 3 3 3 3 3 3 3 3 3 3 3 3 3 3 3 3 3 3 3 3 3 3 3 3 3 3 3 3 3 3 3 3 3 3 3 3 3 3 3 3 3 3 3 3 3 3 3 3 3 3 3 3 3 3 3 3 3 3 3 3 3 3 3 3 3 3 3 3 3 3 3 3 3 3 3 3 3 3 3 3 3 3 3 3 3 3 3 3 3 3 3 3 3 3 3 3 3 3 3 3 3 3 3 3 3 3 3 3 3 3 3 3 3 3 3 3 3 3 3 3 3 3 3 3 3 3 3 3 3 3 3 3 3 3 3 3 3 3 3 3 3 3 3 3 3 3 3 3 3 3 3 3 3 3 3 3 3 3 3 3 3 3 3 3 3 3 3 3 3 3 3 3 3 3 3 3 3 3 3 3 3 3 3 3 3 3 3 3 3 3 3 3 3 3 3 3 3 3 3 3 3 3 3 3 3 3 3 3 3 3 3 3 3 3 3 3 3 3 3 3 3 3 3 3 3 3 3 3 3 3 3 3 3 3 3 3 3 3 3 3 3 3 3 3 3 3 3 3 3 3 3 3 3 3 3 3 3 3 3 3 3 3 3 3 3 3 3 3 3 3 3 3 3 3 3 3 3 3 3 3 3 3 3 3 3 3 3 3 3 3 3 3 3 3 3 3 3 3 3 3 3 3 3 3 3 3 3 3 3 3 3 3 3 3 3 3 3 3 3 3 3 3 3 3 3 3 3 3 3 3 3 3 3 3 3 3 3 3 3 3 3 3 3 3 3 3 3 3 3 3 3 3 3 3 3 3 3 3 3 3 3 3 3 3 3 3 3 3 3 3 3 3 3 3 3 3 3 3 3 3 3 3 3 3 3 3 3 3 3 3 3 3 3 3 3 3 3 3 3 3 3 3 3 3 3 3 3 3 3 3 3 3 3 3 3 3 3 3 3 3 3 3 3 3 3 3 3 3 3 3 3 3 3 3 3 3 3 3 3 3 3 3 3 3 3 3 3 3 3 3 3 3 3 3 3 3 3 3 3 3 3 3 3 3 3 3 3 3 3 3 3 3 3 3 3 3 3 3 3 3 3 3 3 3 3 3 3 3 3 3 3 3 3 3 3 3 3 3 3 3 3 3 3 3 3 3 3 3 3 3 3 3 3 3 3 3 3 3 3 3 3 3 3 3 3 3 3 3 3 3 3 3 3 3 3 3 3 3 3 3 3 3 3 3 3 3 3 3 3 3 3 3 3 3 3 3 3 3 3 3 3 3 3 3 3 3 3 3 3 3 3 3 3 3 3 3 3 3 3 3 3 3 3 3 3 3 3 3 3 3 3 3 3 3 3 3 3 3 3 3 3 3 3 3 3 3 3 3 3 3 3 3 3 3 3 3 3 3 3 3 3 3 3 3 3 3 3 3 3 3 3 3 3 3 3 3 3 3 3 3 3 3 3 3 3 3 3 3 3 3 3 3 3 3 3 3 3 3 3 3 3 3 3 3 3 3 3 3 3 3 3 3 3 3 3 3 3 3 3 3 3 3 3 3 3 3 3 3 3 3 3 3 3 3 3 3 3 3 3 3 3 3 3 3 3 3 3 3 3 3 3 3 3 3 3 3 3 3 3 3 3 3 3 3 3 3 3 3 3 3 3 3 3 3 3 3 3 3 3 3 3 3 3 3 3 3 3 3 3 3 3 3 3 3 3 3 3 3 3 3 3 3 3 3 3 3 3 3 3 3 3 3 3 3 3 3 3 3 3 3 3 3 3 3 3 3 3 3 3 3 3 3 3 3 3 3 3 3 3 3 3 3 3 3 3 3 3 3 3 3 3 3 3 3 3 3 3 3 3 3 3 3 3 3 3 3 3 3 3 3 3 3 3 3 3 3 3 3 3 3 3 3 3 3 3 3 3 3 3 3 3 3 3 3 3 3 3 3 3 3 3 3 3 3 3 3 3 3 3 3 3 3 3 3 3 3 3 3 3 3 3 3 3 3 3 3 3 3 3 3 3 3 3 3 3 3 3 3 3 3 3 3 3 3 3 3 3 3 3 3 3 3 3 3 3 3 3 3 3 3 3 3 3 3 3 3 3 3 3 3 3 3 3 3 3 3 3 3 3 3 3 3 3 3 3 3 3 3 3 3 3 3 3 3 3 3 3 3 3 3 3 3 3 3 3 3 3 3 3 3 3 3 3 3 3 3 3 3 3 3 3 3 3 3 3 3 3 3 3 3 3 3 3 3 3 3 3 3 3 3 3 3 3 3 3 3 3 3 3 3 3 3 3 3 3 3 3 3 3 3 3 3 3 3 3 3 3 3 3 3 3 3 3 3 3 3 3 3 3 3 3 3 3 3 3 3 3 3 3 3 3 3 3 3 3 3 3 3 3 3 3 3 3 3 3 3 3 3 3 3 3 3 3 3 3 3 3 3 3 3 3 3 3 3 3 3 3 3 3 3 3 3 3 3 3 3 3 3 3 3 3 3 3 3 3 3 3 3 3 3 3 3 3 3 3 3 3 3 3 3 3 3 3 3 3 3 3 3 3 3 3 3 3 3 3 3 3 3 3 3 3 3 3 3 3 3 3 3 3 3 3 3 3 3 3 3 3 3 3 3 3 3 3 3 3 3 3 3 3 3 3 3 3 3 3 3 3 3 3 3 3 3 3 3 3 3 3 3 3 3 3 3 3 3 3 3 3 3 3 3 3 3 3 3 3 3 3 3 3 3 3 3 3 3 3 3 3 3 3 3 3 3 3 3 3 3 3 3 3 3 3 3 3 3 3 3 3 3 3 3 3 3 3 3 3 3 3 3 3 3 3 3 3 3 3 3 3 3 3 3 3 3 3 3 3 3 3 3 3 3 3 3 3 3 3 3 3 3 3 3 3 3 3 3 3 3 3 3 3 3 3 3 3 3 3 3 3 3 3 3 3 3 3 3 3 3 3 3 3 3 3 3 3 3 3 3 3 3 3 3 3 3 3 3 3 3 3 3 3 3 3 3 3 3 3 3 3 3 3 3 3 3 3 3 3 3 3 3 3 3 3 3 3 3 3 3 3 3 3 3 3 3 3 3 3 3 3 3 3 3 3 3 3 3 3 3 3 3 3 3 3 3 3 3 3 3 3 3 3 3 3 3 3 3 3 3 3 3 3 3 3 3 3 3 3 3 3 3 3 3 3 3 3 3 3 3 3 3 3 3 3 3 3 3 3 3 3 3 3 3 3 3 3 3 3 3 3 3 3 3 3 3 3 3 3 3 3 3 3 3 3 3 3 3 3 3 3 3 3 3 3 3 3 3 3 3 3 3 3 3 3 3 3 3 3 3 3 3 3 3 3 3 3 3 3 3 3 3 3 3 3 3 3 3 3 3 3 3 3 3 3 3 3 3 3 3 3 3 3 3 3 3 3 3 3 3 3 3 3 3 3 3 3 3 3 3 3 3 3 3 3 3 3 3 3 3 3 3 3 3 3 3 3 3 3 3 3 3 3 3 3 3 3 3 3 3 3 3 3 3 3 3 3 3 3 3 3 3 3 3 3 3 3 3 3 3 3 3 3 3 3 3 3 3 3 3 3 3 3 3 3 3 3 3 3 3 3 3 3 3 3 3 3 3 3 3 3 3 3 3 3 3 3 3 3 3 3 3 3 3 3 3 3 3 3 3 3 3 3 3 3 3 3 3 3 3 3 3 3 3 3 3 3 3 3 3 3 3 3 3 3 3 3 3 3 3 3 3 3 3 3 3 3 3 3 3 3 3 3 3 3 3 3 3 3 3 3 3 3 3 3 3 3 3 3 3 3 3 3 3 3 3 3 3 3 3 3 3 3 3 3 3 3 3 3 3 3 3 3 3 3 3 3 3 3 3 3 3 3 3 3 3 3 3 3 3 3 3 3 3 3 3 3 3 3 3 3 3 3 3 3 3 3 3 3 3 3 3 3 3 3 3 3 3 3 3 3 3 3 3 3 3 3 3 3 3 3 3 3 3 3 3 3 3 3 3 3 3 3 3 3 3 3 3 3 3 3 3 3 3 3 3 3 3 3 3 3 3 3 3 3 3 3 3 3 3 3 3 3 3 3 3 3 3 3 3 3 3 3 3 3 3 3 3 3 3 3 3 3 3 3 3 3 3 3 3 3 3 3 3 3 3 3 3 3 3 3 3 3 3 3 3 3 3 3 3 3 3 3 3 3 3 3 3 3 3 3 3 3 3 3 3 3 3 3 3 3 3 3 3 3 3 3 3 3 3 3 3 3 3 3 3 3 3 3 3 3</vcount>
					<p>67 0 0 164 0 0 33 0 0 67 0 0 33 0 0 34 0 0 67 0 0 34 0 0 68 0 0 68 0 0 34 0 0 35 0 0 68 0 0 35 0 0 36 0 0 68 0 0 36 0 0 29 0 0 29 0 0 36 0 0 37 0 0 29 0 0 37 0 0 38 0 0 29 0 0 38 0 0 28 0 0 28 0 0 38 0 0 157 0 0 28 0 0 157 0 0 27 0 0 27 0 0 157 0 0 26 0 0 26 0 0 157 0 0 156 0 0 26 0 0 156 0 0 25 0 0 25 0 0 156 0 0 24 0 0 24 0 0 156 0 0 155 0 0 24 0 0 155 0 0 23 0 0 23 0 0 155 0 0 154 0 0 23 0 0 154 0 0 76 0 0 76 0 0 154 0 0 153 0 0 76 0 0 153 0 0 152 0 0 76 0 0 152 0 0 45 0 0 76 0 0 45 0 0 21 0 0 21 0 0 45 0 0 46 0 0 21 0 0 46 0 0 20 0 0 20 0 0 46 0 0 47 0 0 20 0 0 47 0 0 19 0 0 19 0 0 47 0 0 18 0 0 18 0 0 47 0 0 48 0 0 18 0 0 48 0 0 17 0 0 17 0 0 48 0 0 16 0 0 16 0 0 48 0 0 49 0 0 16 0 0 49 0 0 15 0 0 15 0 0 49 0 0 50 0 0 15 0 0 50 0 0 51 0 0 15 0 0 51 0 0 14 0 0 14 0 0 51 0 0 52 0 0 14 0 0 52 0 0 53 0 0 14 0 0 53 0 0 13 0 0 13 0 0 53 0 0 142 0 0 13 0 0 142 0 0 12 0 0 12 0 0 142 0 0 141 0 0 12 0 0 141 0 0 11 0 0 11 0 0 141 0 0 88 0 0 88 0 0 141 0 0 89 0 0 89 0 0 141 0 0 140 0 0 89 0 0 140 0 0 90 0 0 90 0 0 140 0 0 139 0 0 90 0 0 139 0 0 91 0 0 91 0 0 139 0 0 58 0 0 91 0 0 58 0 0 137 0 0 91 0 0 137 0 0 92 0 0 92 0 0 137 0 0 60 0 0 92 0 0 60 0 0 61 0 0 92 0 0 61 0 0 93 0 0 93 0 0 61 0 0 62 0 0 93 0 0 62 0 0 94 0 0 94 0 0 62 0 0 95 0 0 95 0 0 62 0 0 133 0 0 95 0 0 133 0 0 2 0 0 2 0 0 133 0 0 1 0 0 1 0 0 133 0 0 98 0 0 198 1 0 210 2 0 98 1 0 98 1 0 210 2 0 1 3 0 273 1 0 272 4 0 216 1 0 216 1 0 272 4 0 217 5 0 217 5 0 272 4 0 102 6 0 102 6 0 272 4 0 101 2 0 101 2 0 272 4 0 210 2 0 210 2 0 272 4 0 1 3 0 1 3 0 272 4 0 2 7 0 95 8 0 2 7 0 272 4 0 107 9 0 95 8 0 272 4 0 95 8 0 107 9 0 108 10 0 95 8 0 108 10 0 94 11 0 93 12 0 94 11 0 108 10 0 92 13 0 93 12 0 108 10 0 269 14 0 92 13 0 108 10 0 92 13 0 269 14 0 110 15 0 92 13 0 110 15 0 91 16 0 267 17 0 91 16 0 110 15 0 91 16 0 267 17 0 90 18 0 89 19 0 90 18 0 267 17 0 266 20 0 89 19 0 267 17 0 89 19 0 266 20 0 88 21 0 88 21 0 266 20 0 265 22 0 88 21 0 265 22 0 11 23 0 12 24 0 11 23 0 265 22 0 114 25 0 12 24 0 265 22 0 12 24 0 114 25 0 13 26 0 13 26 0 114 25 0 263 27 0 13 26 0 263 27 0 14 28 0 262 29 0 14 28 0 263 27 0 14 28 0 262 29 0 15 30 0 16 31 0 15 30 0 262 29 0 261 32 0 16 31 0 262 29 0 16 31 0 261 32 0 335 33 0 16 31 0 335 33 0 17 34 0 334 35 0 17 34 0 335 33 0 17 34 0 334 35 0 18 36 0 18 36 0 334 35 0 333 37 0 18 36 0 333 37 0 19 38 0 19 38 0 333 37 0 20 39 0 121 40 0 20 39 0 333 37 0 20 39 0 121 40 0 21 41 0 21 41 0 121 40 0 76 42 0 331 43 0 76 42 0 121 40 0 76 42 0 331 43 0 23 44 0 23 44 0 331 43 0 330 45 0 329 46 0 23 44 0 330 45 0 23 44 0 329 46 0 24 47 0 24 47 0 329 46 0 25 48 0 25 48 0 329 46 0 125 49 0 25 48 0 125 49 0 26 50 0 126 51 0 26 50 0 125 49 0 26 50 0 126 51 0 27 52 0 27 52 0 126 51 0 28 53 0 28 53 0 126 51 0 29 54 0 127 55 0 29 54 0 126 51 0 29 54 0 127 55 0 68 56 0 68 56 0 127 55 0 325 57 0 129 58 0 68 56 0 325 57 0 68 56 0 129 58 0 67 59 0 67 59 0 129 58 0 323 60 0 67 59 0 323 60 0 164 61 0 164 61 0 323 60 0 65 61 0 65 61 0 166 62 0 164 61 0 164 61 0 166 62 0 33 63 0 33 63 0 166 62 0 34 64 0 167 65 0 34 64 0 166 62 0 34 64 0 167 65 0 35 66 0 35 66 0 167 65 0 168 67 0 35 66 0 168 67 0 36 68 0 36 68 0 168 67 0 37 69 0 318 70 0 37 69 0 168 67 0 37 69 0 318 70 0 38 71 0 170 72 0 38 71 0 318 70 0 38 71 0 170 72 0 157 73 0 157 73 0 170 72 0 156 74 0 171 75 0 156 74 0 170 72 0 156 74 0 171 75 0 155 76 0 155 76 0 171 75 0 315 77 0 155 76 0 315 77 0 154 78 0 154 78 0 315 77 0 153 79 0 152 80 0 153 79 0 315 77 0 314 81 0 152 80 0 315 77 0 152 80 0 314 81 0 45 82 0 45 82 0 314 81 0 313 83 0 45 82 0 313 83 0 409 84 0 45 82 0 409 84 0 408 85 0 45 82 0 408 85 0 46 86 0 177 87 0 46 86 0 408 85 0 46 86 0 177 87 0 47 88 0 406 89 0 47 88 0 177 87 0 406 89 0 48 90 0 47 88 0 48 90 0 406 89 0 405 91 0 48 90 0 405 91 0 49 92 0 49 92 0 405 91 0 50 93 0 180 94 0 50 93 0 405 91 0 50 93 0 180 94 0 51 95 0 51 95 0 180 94 0 52 96 0 53 97 0 52 96 0 180 94 0 181 98 0 53 97 0 180 94 0 53 97 0 181 98 0 142 99 0 142 99 0 181 98 0 182 100 0 142 99 0 182 100 0 221 101 0 142 99 0 221 101 0 220 102 0 185 103 0 142 99 0 220 102 0 142 99 0 185 103 0 141 104 0 141 104 0 185 103 0 186 105 0 141 104 0 186 105 0 140 106 0 278 107 0 140 106 0 186 105 0 140 106 0 278 107 0 139 108 0 58 109 0 139 108 0 278 107 0 137 110 0 58 109 0 278 107 0 188 111 0 137 110 0 278 107 0 137 110 0 188 111 0 60 112 0 60 112 0 188 111 0 276 113 0 60 112 0 276 113 0 61 114 0 62 115 0 61 114 0 276 113 0 275 116 0 62 115 0 276 113 0 133 117 0 62 115 0 275 116 0 191 118 0 133 117 0 275 116 0 133 117 0 191 118 0 273 1 0 133 117 0 273 1 0 196 119 0 196 119 0 273 1 0 421 120 0 421 120 0 273 1 0 422 121 0 422 121 0 273 1 0 216 1 0 98 1 0 133 117 0 204 119 0 204 119 0 133 117 0 196 119 0 98 1 0 204 119 0 198 1 0 432 122 0 210 122 0 198 122 0 198 122 0 204 122 0 432 122 0 431 122 0 210 122 0 432 122 0 5 123 0 481 123 0 6 123 0 210 123 0 431 123 0 208 123 0 101 123 0 210 123 0 208 123 0 4 123 0 481 123 0 5 123 0 101 123 0 208 123 0 102 124 0 213 125 0 102 124 0 208 123 0 102 124 0 213 125 0 217 126 0 213 125 0 214 127 0 217 126 0 217 126 0 214 127 0 216 0 0 214 127 0 416 0 0 216 0 0 515 130 0 312 129 0 466 128 0 312 129 0 515 130 0 311 131 0 243 132 0 311 131 0 515 130 0 311 131 0 243 132 0 310 133 0 310 133 0 243 132 0 513 134 0 512 135 0 310 133 0 513 134 0 310 133 0 512 135 0 309 136 0 246 137 0 309 136 0 512 135 0 309 136 0 246 137 0 308 138 0 247 139 0 308 138 0 246 137 0 308 138 0 247 139 0 307 140 0 307 140 0 247 139 0 248 141 0 249 142 0 307 140 0 248 141 0 307 140 0 249 142 0 306 143 0 306 143 0 249 142 0 250 144 0 506 145 0 306 143 0 250 144 0 339 147 0 306 143 0 340 146 0 306 143 0 506 145 0 549 148 0 306 143 0 549 148 0 340 146 0 549 148 0 548 149 0 340 146 0 548 149 0 1101 150 0 340 146 0 305 153 0 237 152 0 304 151 0 304 151 0 237 152 0 238 154 0 468 155 0 304 151 0 238 154 0 304 151 0 468 155 0 303 156 0 467 157 0 303 156 0 468 155 0 303 156 0 467 157 0 302 1 0 301 158 0 302 1 0 467 157 0 466 128 0 301 158 0 467 157 0 466 128 0 312 129 0 301 158 0 312 129 0 311 131 0 301 158 0 301 158 0 311 131 0 300 159 0 311 131 0 310 133 0 300 159 0 300 159 0 310 133 0 299 160 0 310 133 0 309 136 0 299 160 0 299 160 0 309 136 0 298 161 0 309 136 0 308 138 0 298 161 0 298 161 0 308 138 0 297 162 0 308 138 0 307 140 0 297 162 0 297 162 0 307 140 0 296 163 0 307 140 0 306 143 0 296 163 0 296 163 0 306 143 0 295 164 0 339 147 0 295 164 0 306 143 0 257 165 0 295 164 0 339 147 0 473 168 0 294 167 0 233 166 0 294 167 0 473 168 0 293 169 0 293 169 0 473 168 0 472 170 0 236 171 0 293 169 0 472 170 0 293 169 0 236 171 0 292 172 0 305 153 0 292 172 0 236 171 0 237 152 0 305 153 0 236 171 0 305 153 0 304 151 0 292 172 0 292 172 0 304 151 0 291 173 0 304 151 0 303 156 0 291 173 0 291 173 0 303 156 0 290 174 0 303 156 0 302 1 0 290 174 0 290 174 0 302 1 0 289 1 0 302 1 0 301 158 0 289 1 0 289 1 0 301 158 0 288 175 0 301 158 0 300 159 0 288 175 0 288 175 0 300 159 0 287 176 0 300 159 0 299 160 0 287 176 0 287 176 0 299 160 0 286 177 0 299 160 0 298 161 0 286 177 0 286 177 0 298 161 0 285 178 0 298 161 0 297 162 0 285 178 0 285 178 0 297 162 0 284 179 0 297 162 0 296 163 0 284 179 0 284 179 0 296 163 0 283 180 0 296 163 0 295 164 0 283 180 0 283 180 0 295 164 0 282 181 0 257 165 0 282 181 0 295 164 0 259 183 0 282 181 0 258 182 0 282 181 0 257 165 0 258 182 0 444 186 0 443 185 0 412 184 0 412 184 0 443 185 0 413 187 0 413 187 0 443 185 0 442 188 0 413 187 0 442 188 0 477 189 0 413 187 0 477 189 0 414 190 0 231 191 0 414 190 0 477 189 0 181 192 0 414 190 0 231 191 0 232 193 0 181 192 0 231 191 0 220 194 0 181 192 0 232 193 0 220 194 0 182 195 0 181 192 0 220 194 0 221 196 0 182 195 0 294 167 0 220 194 0 232 193 0 233 166 0 294 167 0 232 193 0 220 194 0 294 167 0 185 197 0 185 197 0 294 167 0 186 198 0 294 167 0 293 169 0 186 198 0 186 198 0 293 169 0 278 199 0 293 169 0 292 172 0 278 199 0 278 199 0 292 172 0 188 200 0 188 200 0 292 172 0 276 201 0 292 172 0 291 173 0 276 201 0 276 201 0 291 173 0 275 202 0 291 173 0 290 174 0 275 202 0 275 202 0 290 174 0 191 203 0 290 174 0 289 1 0 191 203 0 191 203 0 289 1 0 273 204 0 289 1 0 288 175 0 273 204 0 273 204 0 288 175 0 272 205 0 272 205 0 288 175 0 107 206 0 288 175 0 287 176 0 107 206 0 107 206 0 287 176 0 108 207 0 108 207 0 287 176 0 269 208 0 287 176 0 286 177 0 269 208 0 269 208 0 286 177 0 110 209 0 110 209 0 286 177 0 267 210 0 286 177 0 285 178 0 267 210 0 267 210 0 285 178 0 266 211 0 285 178 0 284 179 0 266 211 0 266 211 0 284 179 0 265 212 0 265 212 0 284 179 0 114 213 0 284 179 0 283 180 0 114 213 0 114 213 0 283 180 0 263 214 0 283 180 0 282 181 0 263 214 0 263 214 0 282 181 0 262 215 0 262 215 0 282 181 0 261 216 0 259 183 0 261 216 0 282 181 0 259 183 0 335 33 0 261 216 0 340 146 0 622 218 0 402 217 0 621 219 0 402 217 0 622 218 0 402 217 0 621 219 0 401 220 0 401 220 0 621 219 0 620 221 0 344 222 0 401 220 0 620 221 0 401 220 0 344 222 0 400 223 0 400 223 0 344 222 0 618 224 0 617 225 0 400 223 0 618 224 0 400 223 0 617 225 0 399 226 0 616 227 0 399 226 0 617 225 0 399 226 0 616 227 0 398 228 0 348 229 0 398 228 0 616 227 0 398 228 0 348 229 0 397 230 0 614 231 0 397 230 0 348 229 0 397 230 0 614 231 0 396 232 0 396 232 0 614 231 0 814 233 0 351 234 0 396 232 0 814 233 0 396 232 0 351 234 0 395 61 0 352 235 0 395 61 0 351 234 0 810 237 0 395 61 0 353 236 0 395 61 0 352 235 0 353 236 0 340 146 0 402 217 0 339 147 0 339 147 0 402 217 0 394 238 0 402 217 0 401 220 0 394 238 0 394 238 0 401 220 0 393 239 0 401 220 0 400 223 0 393 239 0 393 239 0 400 223 0 392 240 0 400 223 0 399 226 0 392 240 0 392 240 0 399 226 0 391 241 0 399 226 0 398 228 0 391 241 0 391 241 0 398 228 0 390 242 0 398 228 0 397 230 0 390 242 0 390 242 0 397 230 0 389 243 0 397 230 0 396 232 0 389 243 0 389 243 0 396 232 0 388 244 0 396 232 0 395 61 0 388 244 0 388 244 0 395 61 0 387 61 0 386 245 0 387 61 0 395 61 0 810 237 0 386 245 0 395 61 0 386 245 0 810 237 0 385 246 0 809 247 0 385 246 0 810 237 0 385 246 0 809 247 0 384 248 0 384 248 0 809 247 0 808 249 0 807 250 0 384 248 0 808 249 0 806 251 0 384 248 0 807 250 0 339 147 0 394 238 0 257 165 0 257 165 0 394 238 0 258 182 0 258 182 0 394 238 0 383 252 0 394 238 0 393 239 0 383 252 0 383 252 0 393 239 0 382 253 0 393 239 0 392 240 0 382 253 0 382 253 0 392 240 0 381 254 0 392 240 0 391 241 0 381 254 0 381 254 0 391 241 0 380 255 0 391 241 0 390 242 0 380 255 0 380 255 0 390 242 0 379 256 0 390 242 0 389 243 0 379 256 0 379 256 0 389 243 0 378 257 0 389 243 0 388 244 0 378 257 0 378 257 0 388 244 0 377 258 0 388 244 0 387 61 0 377 258 0 377 258 0 387 61 0 376 61 0 387 61 0 386 245 0 376 61 0 376 61 0 386 245 0 375 259 0 386 245 0 385 246 0 375 259 0 375 259 0 385 246 0 374 260 0 385 246 0 384 248 0 374 260 0 374 260 0 384 248 0 373 261 0 806 251 0 373 261 0 384 248 0 806 251 0 372 262 0 373 261 0 359 263 0 372 262 0 806 251 0 372 262 0 359 263 0 371 264 0 360 265 0 371 264 0 359 263 0 371 264 0 360 265 0 370 266 0 361 267 0 370 266 0 360 265 0 362 268 0 370 266 0 361 267 0 258 182 0 383 252 0 259 183 0 259 183 0 383 252 0 335 33 0 335 33 0 383 252 0 334 269 0 334 269 0 383 252 0 333 270 0 383 252 0 382 253 0 333 270 0 333 270 0 382 253 0 121 271 0 121 271 0 382 253 0 331 272 0 382 253 0 381 254 0 331 272 0 331 272 0 381 254 0 330 273 0 381 254 0 380 255 0 330 273 0 330 273 0 380 255 0 329 274 0 329 274 0 380 255 0 125 275 0 380 255 0 379 256 0 125 275 0 125 275 0 379 256 0 126 276 0 379 256 0 378 257 0 126 276 0 126 276 0 378 257 0 127 277 0 378 257 0 377 258 0 127 277 0 127 277 0 377 258 0 325 278 0 325 278 0 377 258 0 129 279 0 377 258 0 376 61 0 129 279 0 129 279 0 376 61 0 323 280 0 323 280 0 376 61 0 65 281 0 376 61 0 375 259 0 65 281 0 65 281 0 375 259 0 166 282 0 166 282 0 375 259 0 167 283 0 375 259 0 374 260 0 167 283 0 167 283 0 374 260 0 168 284 0 374 260 0 373 261 0 168 284 0 168 284 0 373 261 0 318 285 0 318 285 0 373 261 0 170 286 0 373 261 0 372 262 0 170 286 0 170 286 0 372 262 0 171 287 0 372 262 0 371 264 0 171 287 0 171 287 0 371 264 0 315 288 0 371 264 0 370 266 0 315 288 0 315 288 0 370 266 0 314 289 0 314 289 0 370 266 0 313 290 0 313 290 0 370 266 0 409 291 0 409 291 0 370 266 0 367 292 0 362 268 0 367 292 0 370 266 0 363 293 0 367 292 0 362 268 0 363 293 0 366 294 0 367 292 0 366 294 0 363 293 0 412 184 0 412 184 0 363 293 0 444 186 0 180 297 0 414 296 0 181 295 0 405 298 0 414 296 0 180 297 0 414 296 0 405 298 0 413 299 0 406 300 0 413 299 0 405 298 0 413 299 0 406 300 0 412 301 0 406 300 0 366 302 0 412 301 0 366 302 0 406 300 0 367 303 0 406 300 0 177 304 0 367 303 0 408 305 0 367 303 0 177 304 0 409 306 0 367 303 0 408 305 0 417 307 0 216 0 0 416 0 0 216 0 0 417 307 0 422 308 0 418 309 0 422 308 0 417 307 0 418 309 0 421 310 0 422 308 0 421 310 0 418 309 0 196 33 0 418 309 0 433 33 0 196 33 0 196 33 0 432 33 0 204 33 0 433 33 0 432 33 0 196 33 0 208 1 0 431 1 0 213 1 0 213 1 0 431 1 0 214 1 0 214 1 0 431 1 0 416 1 0 416 1 0 431 1 0 417 1 0 417 1 0 431 1 0 432 1 0 417 1 0 432 1 0 418 1 0 418 1 0 432 1 0 433 1 0 442 313 0 443 312 0 456 311 0 281 316 0 457 315 0 799 314 0 799 314 0 457 315 0 444 317 0 444 317 0 457 315 0 456 311 0 444 317 0 456 311 0 443 312 0 462 320 0 1052 319 0 1051 318 0 449 321 0 462 320 0 1051 318 0 462 320 0 449 321 0 461 322 0 461 322 0 449 321 0 1070 323 0 1076 324 0 461 322 0 1070 323 0 478 326 0 461 322 0 479 325 0 461 322 0 1076 324 0 479 325 0 1052 319 0 462 320 0 458 327 0 457 328 0 458 327 0 462 320 0 457 328 0 462 320 0 456 329 0 462 320 0 461 322 0 456 329 0 456 329 0 461 322 0 442 330 0 442 330 0 461 322 0 477 331 0 461 322 0 478 326 0 477 331 0 466 333 0 467 157 0 517 332 0 517 332 0 467 157 0 502 334 0 468 335 0 502 334 0 467 157 0 502 334 0 468 335 0 501 336 0 238 337 0 501 336 0 468 335 0 501 336 0 238 337 0 500 338 0 237 339 0 500 338 0 238 337 0 500 338 0 237 339 0 499 340 0 236 341 0 499 340 0 237 339 0 499 340 0 236 341 0 498 342 0 472 343 0 498 342 0 236 341 0 498 342 0 472 343 0 497 344 0 473 345 0 497 344 0 472 343 0 497 344 0 473 345 0 496 346 0 233 347 0 496 346 0 473 345 0 496 346 0 233 347 0 495 348 0 495 348 0 233 347 0 232 349 0 231 350 0 495 348 0 232 349 0 479 352 0 495 348 0 478 351 0 495 348 0 231 350 0 478 351 0 231 350 0 477 189 0 478 351 0 517 332 0 502 334 0 518 353 0 518 353 0 502 334 0 519 354 0 519 354 0 502 334 0 1087 354 0 1087 354 0 502 334 0 1088 355 0 502 334 0 501 336 0 1088 355 0 1088 355 0 501 336 0 1089 356 0 1089 356 0 501 336 0 490 357 0 501 336 0 500 338 0 490 357 0 490 357 0 500 338 0 489 358 0 489 358 0 500 338 0 488 359 0 500 338 0 499 340 0 488 359 0 488 359 0 499 340 0 1093 360 0 499 340 0 498 342 0 1093 360 0 1093 360 0 498 342 0 486 361 0 498 342 0 497 344 0 486 361 0 486 361 0 497 344 0 485 362 0 485 362 0 497 344 0 484 363 0 497 344 0 496 346 0 484 363 0 484 363 0 496 346 0 483 364 0 496 346 0 495 348 0 483 364 0 483 364 0 495 348 0 1098 365 0 1098 365 0 495 348 0 1099 354 0 479 352 0 1099 354 0 495 348 0 1099 354 0 479 352 0 1076 366 0 506 145 0 250 368 0 546 367 0 249 369 0 546 367 0 250 368 0 506 145 0 546 367 0 505 370 0 505 370 0 546 367 0 535 371 0 546 367 0 249 369 0 545 372 0 545 372 0 249 369 0 248 373 0 247 139 0 545 372 0 248 373 0 546 367 0 545 372 0 535 371 0 535 371 0 545 372 0 534 374 0 545 372 0 247 139 0 544 375 0 246 376 0 544 375 0 247 139 0 545 372 0 544 375 0 534 374 0 534 374 0 544 375 0 533 377 0 544 375 0 246 376 0 542 378 0 512 379 0 542 378 0 246 376 0 544 375 0 542 378 0 533 377 0 533 377 0 542 378 0 532 380 0 542 378 0 512 379 0 543 381 0 513 382 0 543 381 0 512 379 0 542 378 0 543 381 0 532 380 0 532 380 0 543 381 0 531 383 0 505 370 0 535 371 0 504 384 0 504 384 0 535 371 0 541 385 0 504 384 0 541 385 0 503 386 0 503 386 0 541 385 0 1078 354 0 535 371 0 534 374 0 541 385 0 541 385 0 534 374 0 540 387 0 1078 354 0 541 385 0 1079 354 0 541 385 0 540 387 0 1079 354 0 534 374 0 533 377 0 540 387 0 540 387 0 533 377 0 539 388 0 1079 354 0 540 387 0 525 354 0 540 387 0 539 388 0 525 354 0 533 377 0 532 380 0 539 388 0 539 388 0 532 380 0 538 389 0 525 354 0 539 388 0 1081 354 0 539 388 0 538 389 0 1081 354 0 1081 354 0 538 389 0 1082 354 0 532 380 0 531 383 0 538 389 0 538 389 0 531 383 0 536 390 0 538 389 0 536 390 0 1082 354 0 531 383 0 530 391 0 536 390 0 536 390 0 530 391 0 537 392 0 1082 354 0 536 390 0 522 354 0 536 390 0 537 392 0 522 354 0 543 381 0 513 382 0 531 383 0 531 383 0 513 382 0 530 391 0 243 393 0 530 391 0 513 382 0 530 391 0 243 393 0 529 394 0 515 395 0 529 394 0 243 393 0 518 353 0 529 394 0 517 332 0 529 394 0 515 395 0 517 332 0 515 395 0 466 333 0 517 332 0 530 391 0 529 394 0 537 392 0 522 354 0 537 392 0 1084 354 0 537 392 0 529 394 0 1084 354 0 1084 354 0 529 394 0 520 354 0 518 353 0 520 354 0 529 394 0 518 353 0 519 354 0 520 354 0 561 398 0 549 397 0 506 396 0 505 399 0 561 398 0 506 396 0 561 398 0 505 399 0 559 400 0 504 401 0 559 400 0 505 399 0 559 400 0 504 401 0 560 402 0 503 354 0 560 402 0 504 401 0 1104 404 0 560 402 0 554 403 0 560 402 0 503 354 0 554 403 0 1102 406 0 1101 150 0 548 405 0 561 398 0 1102 406 0 548 405 0 549 397 0 561 398 0 548 405 0 1102 406 0 561 398 0 559 400 0 1102 406 0 559 400 0 1103 407 0 559 400 0 560 402 0 1103 407 0 1103 407 0 560 402 0 1104 404 0 340 410 0 1101 409 0 1110 408 0 340 410 0 1110 408 0 568 411 0 340 414 0 568 413 0 622 412 0 622 412 0 568 413 0 624 415 0 1118 416 0 624 415 0 568 413 0 625 417 0 624 415 0 1118 416 0 1147 418 0 625 417 0 1118 416 0 626 419 0 625 417 0 1147 418 0 1146 420 0 626 419 0 1147 418 0 627 421 0 626 419 0 1146 420 0 572 422 0 627 421 0 1146 420 0 628 423 0 627 421 0 572 422 0 1144 424 0 628 423 0 572 422 0 622 412 0 624 415 0 621 425 0 621 425 0 624 415 0 629 426 0 625 417 0 629 426 0 624 415 0 630 427 0 629 426 0 625 417 0 626 419 0 630 427 0 625 417 0 631 428 0 630 427 0 626 419 0 627 421 0 631 428 0 626 419 0 632 429 0 631 428 0 627 421 0 628 423 0 632 429 0 627 421 0 633 430 0 632 429 0 628 423 0 1144 424 0 633 430 0 628 423 0 634 431 0 633 430 0 1144 424 0 574 432 0 634 431 0 1144 424 0 635 433 0 634 431 0 574 432 0 1142 434 0 635 433 0 574 432 0 636 435 0 635 433 0 1142 434 0 1141 436 0 636 435 0 1142 434 0 621 425 0 629 426 0 620 437 0 620 437 0 629 426 0 637 438 0 630 427 0 637 438 0 629 426 0 638 439 0 637 438 0 630 427 0 631 428 0 638 439 0 630 427 0 639 440 0 638 439 0 631 428 0 632 429 0 639 440 0 631 428 0 640 441 0 639 440 0 632 429 0 633 430 0 640 441 0 632 429 0 641 442 0 640 441 0 633 430 0 634 431 0 641 442 0 633 430 0 642 443 0 641 442 0 634 431 0 635 433 0 642 443 0 634 431 0 643 444 0 642 443 0 635 433 0 636 435 0 643 444 0 635 433 0 644 445 0 643 444 0 636 435 0 1141 436 0 644 445 0 636 435 0 645 446 0 644 445 0 1141 436 0 577 447 0 645 446 0 1141 436 0 646 448 0 645 446 0 577 447 0 578 449 0 646 448 0 577 447 0 1138 450 0 646 448 0 578 449 0 1138 450 0 647 451 0 646 448 0 658 452 0 647 451 0 1138 450 0 620 437 0 637 438 0 344 453 0 637 438 0 618 454 0 344 453 0 618 454 0 637 438 0 648 455 0 638 439 0 648 455 0 637 438 0 649 456 0 648 455 0 638 439 0 639 440 0 649 456 0 638 439 0 650 457 0 649 456 0 639 440 0 640 441 0 650 457 0 639 440 0 651 458 0 650 457 0 640 441 0 641 442 0 651 458 0 640 441 0 652 459 0 651 458 0 641 442 0 642 443 0 652 459 0 641 442 0 653 460 0 652 459 0 642 443 0 643 444 0 653 460 0 642 443 0 654 461 0 653 460 0 643 444 0 644 445 0 654 461 0 643 444 0 655 462 0 654 461 0 644 445 0 645 446 0 655 462 0 644 445 0 656 463 0 655 462 0 645 446 0 646 448 0 656 463 0 645 446 0 657 464 0 656 463 0 646 448 0 647 451 0 657 464 0 646 448 0 658 452 0 657 464 0 647 451 0 659 465 0 658 452 0 1138 450 0 1137 466 0 659 465 0 1138 450 0 660 467 0 659 465 0 1137 466 0 1220 468 0 660 467 0 1137 466 0 1219 469 0 660 467 0 1220 468 0 583 470 0 660 467 0 1219 469 0 584 470 0 660 467 0 583 470 0 618 454 0 648 455 0 617 225 0 617 225 0 648 455 0 661 471 0 649 456 0 661 471 0 648 455 0 662 472 0 661 471 0 649 456 0 650 457 0 662 472 0 649 456 0 663 473 0 662 472 0 650 457 0 651 458 0 663 473 0 650 457 0 664 474 0 663 473 0 651 458 0 652 459 0 664 474 0 651 458 0 665 475 0 664 474 0 652 459 0 653 460 0 665 475 0 652 459 0 666 476 0 665 475 0 653 460 0 654 461 0 666 476 0 653 460 0 667 477 0 666 476 0 654 461 0 655 462 0 667 477 0 654 461 0 668 478 0 667 477 0 655 462 0 656 463 0 668 478 0 655 462 0 669 479 0 668 478 0 656 463 0 657 464 0 669 479 0 656 463 0 670 480 0 669 479 0 657 464 0 658 452 0 670 480 0 657 464 0 671 481 0 670 480 0 658 452 0 659 465 0 671 481 0 658 452 0 672 482 0 671 481 0 659 465 0 660 467 0 672 482 0 659 465 0 673 483 0 672 482 0 660 467 0 584 470 0 673 483 0 660 467 0 585 470 0 673 483 0 584 470 0 616 485 0 661 471 0 674 484 0 617 225 0 661 471 0 616 485 0 675 486 0 674 484 0 661 471 0 662 472 0 675 486 0 661 471 0 676 487 0 675 486 0 662 472 0 663 473 0 676 487 0 662 472 0 677 488 0 676 487 0 663 473 0 664 474 0 677 488 0 663 473 0 678 489 0 677 488 0 664 474 0 665 475 0 678 489 0 664 474 0 679 490 0 678 489 0 665 475 0 666 476 0 679 490 0 665 475 0 680 491 0 679 490 0 666 476 0 667 477 0 680 491 0 666 476 0 681 492 0 680 491 0 667 477 0 668 478 0 681 492 0 667 477 0 682 493 0 681 492 0 668 478 0 669 479 0 682 493 0 668 478 0 683 494 0 682 493 0 669 479 0 670 480 0 683 494 0 669 479 0 684 495 0 683 494 0 670 480 0 671 481 0 684 495 0 670 480 0 685 496 0 684 495 0 671 481 0 672 482 0 685 496 0 671 481 0 686 497 0 685 496 0 672 482 0 673 483 0 686 497 0 672 482 0 687 498 0 686 497 0 673 483 0 585 470 0 687 498 0 673 483 0 1293 470 0 687 498 0 585 470 0 616 485 0 674 484 0 348 229 0 348 229 0 674 484 0 688 499 0 675 486 0 688 499 0 674 484 0 689 500 0 688 499 0 675 486 0 676 487 0 689 500 0 675 486 0 690 501 0 689 500 0 676 487 0 677 488 0 690 501 0 676 487 0 691 502 0 690 501 0 677 488 0 678 489 0 691 502 0 677 488 0 692 503 0 691 502 0 678 489 0 679 490 0 692 503 0 678 489 0 693 504 0 692 503 0 679 490 0 680 491 0 693 504 0 679 490 0 694 505 0 693 504 0 680 491 0 681 492 0 694 505 0 680 491 0 695 506 0 694 505 0 681 492 0 682 493 0 695 506 0 681 492 0 696 507 0 695 506 0 682 493 0 683 494 0 696 507 0 682 493 0 697 508 0 696 507 0 683 494 0 684 495 0 697 508 0 683 494 0 698 509 0 697 508 0 684 495 0 685 496 0 698 509 0 684 495 0 699 510 0 698 509 0 685 496 0 686 497 0 699 510 0 685 496 0 700 511 0 699 510 0 686 497 0 687 498 0 700 511 0 686 497 0 701 512 0 700 511 0 687 498 0 1293 470 0 701 512 0 687 498 0 1292 470 0 701 512 0 1293 470 0 689 500 0 702 513 0 688 499 0 703 514 0 702 513 0 689 500 0 690 501 0 703 514 0 689 500 0 704 515 0 703 514 0 690 501 0 691 502 0 704 515 0 690 501 0 705 516 0 704 515 0 691 502 0 692 503 0 705 516 0 691 502 0 706 517 0 705 516 0 692 503 0 693 504 0 706 517 0 692 503 0 707 518 0 706 517 0 693 504 0 694 505 0 707 518 0 693 504 0 708 519 0 707 518 0 694 505 0 695 506 0 708 519 0 694 505 0 709 520 0 708 519 0 695 506 0 696 507 0 709 520 0 695 506 0 710 521 0 709 520 0 696 507 0 697 508 0 710 521 0 696 507 0 711 522 0 710 521 0 697 508 0 698 509 0 711 522 0 697 508 0 712 523 0 711 522 0 698 509 0 699 510 0 712 523 0 698 509 0 713 524 0 712 523 0 699 510 0 700 511 0 713 524 0 699 510 0 714 525 0 713 524 0 700 511 0 701 512 0 714 525 0 700 511 0 715 526 0 714 525 0 701 512 0 1292 470 0 715 526 0 701 512 0 1291 470 0 715 526 0 1292 470 0 704 515 0 717 528 0 773 527 0 773 527 0 703 514 0 704 515 0 718 529 0 717 528 0 704 515 0 705 516 0 718 529 0 704 515 0 719 530 0 718 529 0 705 516 0 706 517 0 719 530 0 705 516 0 720 531 0 719 530 0 706 517 0 707 518 0 720 531 0 706 517 0 721 532 0 720 531 0 707 518 0 708 519 0 721 532 0 707 518 0 722 533 0 721 532 0 708 519 0 709 520 0 722 533 0 708 519 0 723 534 0 722 533 0 709 520 0 710 521 0 723 534 0 709 520 0 724 535 0 723 534 0 710 521 0 711 522 0 724 535 0 710 521 0 725 536 0 724 535 0 711 522 0 712 523 0 725 536 0 711 522 0 726 537 0 725 536 0 712 523 0 713 524 0 726 537 0 712 523 0 727 538 0 726 537 0 713 524 0 714 525 0 727 538 0 713 524 0 728 539 0 727 538 0 714 525 0 715 526 0 728 539 0 714 525 0 729 540 0 728 539 0 715 526 0 1291 470 0 729 540 0 715 526 0 1290 470 0 729 540 0 1291 470 0 771 543 0 716 542 0 816 541 0 716 542 0 610 544 0 816 541 0 718 529 0 730 546 0 774 545 0 774 545 0 717 528 0 718 529 0 731 547 0 730 546 0 718 529 0 719 530 0 731 547 0 718 529 0 732 548 0 731 547 0 719 530 0 720 531 0 732 548 0 719 530 0 733 549 0 732 548 0 720 531 0 721 532 0 733 549 0 720 531 0 734 550 0 733 549 0 721 532 0 722 533 0 734 550 0 721 532 0 735 551 0 734 550 0 722 533 0 723 534 0 735 551 0 722 533 0 736 552 0 735 551 0 723 534 0 724 535 0 736 552 0 723 534 0 737 553 0 736 552 0 724 535 0 725 536 0 737 553 0 724 535 0 738 554 0 737 553 0 725 536 0 726 537 0 738 554 0 725 536 0 739 555 0 738 554 0 726 537 0 727 538 0 739 555 0 726 537 0 740 556 0 739 555 0 727 538 0 728 539 0 740 556 0 727 538 0 741 557 0 740 556 0 728 539 0 729 540 0 741 557 0 728 539 0 742 558 0 741 557 0 729 540 0 1290 470 0 742 558 0 729 540 0 1289 470 0 742 558 0 1290 470 0 774 545 0 730 546 0 608 559 0 608 559 0 730 546 0 743 560 0 731 547 0 743 560 0 730 546 0 744 561 0 743 560 0 731 547 0 732 548 0 744 561 0 731 547 0 745 562 0 744 561 0 732 548 0 733 549 0 745 562 0 732 548 0 746 563 0 745 562 0 733 549 0 734 550 0 746 563 0 733 549 0 747 564 0 746 563 0 734 550 0 735 551 0 747 564 0 734 550 0 748 565 0 747 564 0 735 551 0 736 552 0 748 565 0 735 551 0 749 566 0 748 565 0 736 552 0 737 553 0 749 566 0 736 552 0 750 567 0 749 566 0 737 553 0 738 554 0 750 567 0 737 553 0 751 568 0 750 567 0 738 554 0 739 555 0 751 568 0 738 554 0 752 569 0 751 568 0 739 555 0 740 556 0 752 569 0 739 555 0 753 570 0 752 569 0 740 556 0 741 557 0 753 570 0 740 556 0 754 571 0 753 570 0 741 557 0 742 558 0 754 571 0 741 557 0 755 572 0 754 571 0 742 558 0 1289 470 0 755 572 0 742 558 0 1288 470 0 755 572 0 1289 470 0 608 559 0 743 560 0 607 573 0 607 573 0 743 560 0 760 574 0 744 561 0 760 574 0 743 560 0 761 575 0 760 574 0 744 561 0 745 562 0 761 575 0 744 561 0 762 576 0 761 575 0 745 562 0 746 563 0 762 576 0 745 562 0 763 577 0 762 576 0 746 563 0 747 564 0 763 577 0 746 563 0 764 578 0 763 577 0 747 564 0 748 565 0 764 578 0 747 564 0 765 579 0 764 578 0 748 565 0 749 566 0 765 579 0 748 565 0 766 580 0 765 579 0 749 566 0 750 567 0 766 580 0 749 566 0 598 581 0 766 580 0 750 567 0 598 581 0 750 567 0 597 582 0 751 568 0 597 582 0 750 567 0 597 582 0 751 568 0 596 583 0 596 583 0 751 568 0 752 569 0 596 583 0 752 569 0 756 584 0 753 570 0 756 584 0 752 569 0 757 585 0 756 584 0 753 570 0 754 571 0 757 585 0 753 570 0 758 586 0 757 585 0 754 571 0 755 572 0 758 586 0 754 571 0 759 587 0 758 586 0 755 572 0 1288 470 0 759 587 0 755 572 0 1287 588 0 759 587 0 1288 470 0 607 573 0 760 574 0 606 589 0 606 589 0 760 574 0 761 575 0 606 589 0 761 575 0 768 590 0 762 576 0 768 590 0 761 575 0 769 591 0 768 590 0 762 576 0 602 592 0 769 591 0 762 576 0 602 592 0 762 576 0 763 577 0 602 592 0 763 577 0 601 593 0 764 578 0 601 593 0 763 577 0 601 593 0 764 578 0 1326 594 0 765 579 0 1326 594 0 764 578 0 1326 594 0 765 579 0 599 595 0 766 580 0 599 595 0 765 579 0 599 595 0 766 580 0 598 581 0 596 583 0 756 584 0 1331 596 0 757 585 0 1331 596 0 756 584 0 1331 596 0 757 585 0 594 597 0 758 586 0 594 597 0 757 585 0 594 597 0 758 586 0 593 598 0 759 587 0 593 598 0 758 586 0 593 598 0 759 587 0 1287 588 0 606 589 0 768 590 0 822 599 0 768 590 0 1322 600 0 822 599 0 1322 600 0 768 590 0 603 601 0 769 591 0 603 601 0 768 590 0 603 601 0 769 591 0 602 592 0 688 499 0 770 603 0 614 602 0 348 229 0 688 499 0 614 602 0 702 513 0 770 603 0 688 499 0 614 602 0 770 603 0 771 543 0 771 543 0 612 605 0 814 604 0 614 602 0 771 543 0 814 604 0 702 513 0 771 543 0 770 603 0 772 606 0 771 543 0 702 513 0 612 605 0 771 543 0 816 541 0 771 543 0 772 606 0 716 542 0 703 514 0 772 606 0 702 513 0 773 527 0 772 606 0 703 514 0 773 527 0 716 542 0 772 606 0 717 528 0 716 542 0 773 527 0 610 544 0 716 542 0 717 528 0 610 544 0 717 528 0 609 607 0 717 528 0 774 545 0 609 607 0 609 607 0 774 545 0 608 559 0 1050 610 0 1049 609 0 932 608 0 932 608 0 1049 609 0 931 611 0 919 613 0 918 612 0 1050 610 0 1050 610 0 918 612 0 1049 609 0 359 615 0 931 611 0 360 614 0 918 612 0 917 616 0 1049 609 0 931 611 0 1049 609 0 360 614 0 1049 609 0 917 616 0 360 614 0 1048 618 0 1047 617 0 919 613 0 919 613 0 1047 617 0 918 612 0 904 620 0 903 619 0 1048 618 0 1048 618 0 903 619 0 1047 617 0 1047 617 0 1046 621 0 918 612 0 918 612 0 1046 621 0 917 616 0 903 619 0 902 622 0 1047 617 0 1047 617 0 902 622 0 1046 621 0 360 614 0 917 616 0 361 623 0 902 622 0 901 624 0 1046 621 0 917 616 0 1046 621 0 361 623 0 1046 621 0 901 624 0 361 623 0 1045 626 0 1044 625 0 904 620 0 904 620 0 1044 625 0 903 619 0 888 628 0 887 627 0 1045 626 0 1045 626 0 887 627 0 1044 625 0 1044 625 0 1043 629 0 903 619 0 903 619 0 1043 629 0 902 622 0 887 627 0 886 630 0 1044 625 0 1044 625 0 886 630 0 1043 629 0 1043 629 0 1042 631 0 902 622 0 902 622 0 1042 631 0 901 624 0 886 630 0 885 632 0 1043 629 0 1043 629 0 885 632 0 1042 631 0 361 623 0 901 624 0 362 633 0 885 632 0 884 634 0 1042 631 0 901 624 0 1042 631 0 362 633 0 1041 636 0 1040 635 0 886 630 0 886 630 0 1040 635 0 885 632 0 1041 636 0 794 637 0 1040 635 0 795 638 0 1040 635 0 794 637 0 1040 635 0 1039 639 0 885 632 0 885 632 0 1039 639 0 884 634 0 1040 635 0 795 638 0 1039 639 0 1039 639 0 795 638 0 369 640 0 797 641 0 1039 639 0 369 640 0 363 642 0 362 633 0 884 634 0 884 634 0 1039 639 0 363 642 0 1039 639 0 797 641 0 363 642 0 797 641 0 281 644 0 870 643 0 363 642 0 870 643 0 444 645 0 870 643 0 799 646 0 444 645 0 1262 649 0 1038 648 0 1361 647 0 1361 647 0 1038 648 0 1037 650 0 1261 651 0 1038 648 0 1262 649 0 1361 647 0 1037 650 0 1360 652 0 1360 652 0 1037 650 0 1036 653 0 1360 652 0 1036 653 0 847 654 0 1038 648 0 1261 651 0 1037 650 0 1037 650 0 1261 651 0 1036 653 0 1260 655 0 1036 653 0 1261 651 0 846 656 0 847 654 0 1036 653 0 1259 657 0 846 656 0 1260 655 0 846 656 0 1036 653 0 1260 655 0 610 660 0 1035 659 0 816 658 0 1035 659 0 1034 661 0 816 658 0 816 658 0 1034 661 0 612 662 0 814 663 0 612 662 0 1034 661 0 608 666 0 1033 665 0 609 664 0 1033 665 0 1032 667 0 609 664 0 609 664 0 1032 667 0 610 660 0 1032 667 0 1031 668 0 610 660 0 610 660 0 1031 668 0 1035 659 0 1031 668 0 1030 669 0 1035 659 0 1035 659 0 1030 669 0 1034 661 0 814 663 0 1034 661 0 351 670 0 1369 673 0 822 672 0 1322 671 0 1369 673 0 1029 674 0 822 672 0 822 672 0 1029 674 0 606 675 0 1029 674 0 1028 676 0 606 675 0 606 675 0 1028 676 0 607 677 0 1028 676 0 1027 678 0 607 677 0 607 677 0 1027 678 0 608 666 0 1027 678 0 1026 679 0 608 666 0 608 666 0 1026 679 0 1033 665 0 1026 679 0 1025 680 0 1033 665 0 1033 665 0 1025 680 0 1032 667 0 1025 680 0 1024 681 0 1032 667 0 1032 667 0 1024 681 0 1031 668 0 1024 681 0 1023 682 0 1031 668 0 1031 668 0 1023 682 0 1030 669 0 1034 661 0 1030 669 0 351 670 0 351 670 0 1030 669 0 1023 682 0 1022 683 0 1029 674 0 1369 673 0 1368 684 0 1022 683 0 1369 673 0 1022 683 0 1021 685 0 1029 674 0 1029 674 0 1021 685 0 1028 676 0 1021 685 0 1020 686 0 1028 676 0 1028 676 0 1020 686 0 1027 678 0 1020 686 0 1019 687 0 1027 678 0 1027 678 0 1019 687 0 1026 679 0 1019 687 0 1018 688 0 1026 679 0 1026 679 0 1018 688 0 1025 680 0 1018 688 0 1017 689 0 1025 680 0 1025 680 0 1017 689 0 1024 681 0 1017 689 0 1016 690 0 1024 681 0 1024 681 0 1016 690 0 1023 682 0 352 691 0 1023 682 0 1016 690 0 351 670 0 1023 682 0 352 691 0 1015 692 0 1022 683 0 1368 684 0 1367 693 0 1015 692 0 1368 684 0 1015 692 0 1014 694 0 1022 683 0 1022 683 0 1014 694 0 1021 685 0 1014 694 0 1013 695 0 1021 685 0 1021 685 0 1013 695 0 1020 686 0 1013 695 0 1012 696 0 1020 686 0 1020 686 0 1012 696 0 1019 687 0 1012 696 0 1011 697 0 1019 687 0 1019 687 0 1011 697 0 1018 688 0 1011 697 0 1010 698 0 1018 688 0 1018 688 0 1010 698 0 1017 689 0 1010 698 0 1009 699 0 1017 689 0 1017 689 0 1009 699 0 1016 690 0 352 691 0 1016 690 0 353 700 0 1008 701 0 1015 692 0 1367 693 0 827 702 0 1008 701 0 1367 693 0 1008 701 0 1007 703 0 1015 692 0 1015 692 0 1007 703 0 1014 694 0 1007 703 0 1006 704 0 1014 694 0 1014 694 0 1006 704 0 1013 695 0 1006 704 0 1005 705 0 1013 695 0 1013 695 0 1005 705 0 1012 696 0 1005 705 0 1004 706 0 1012 696 0 1012 696 0 1004 706 0 1011 697 0 1004 706 0 1003 707 0 1011 697 0 1011 697 0 1003 707 0 1010 698 0 1003 707 0 1002 708 0 1010 698 0 1010 698 0 1002 708 0 1009 699 0 353 700 0 1009 699 0 1002 708 0 1016 690 0 1009 699 0 353 700 0 1001 709 0 1008 701 0 827 702 0 1365 710 0 1001 709 0 827 702 0 1001 709 0 1000 711 0 1008 701 0 1008 701 0 1000 711 0 1007 703 0 1000 711 0 999 712 0 1007 703 0 1007 703 0 999 712 0 1006 704 0 999 712 0 998 713 0 1006 704 0 1006 704 0 998 713 0 1005 705 0 998 713 0 997 714 0 1005 705 0 1005 705 0 997 714 0 1004 706 0 997 714 0 996 715 0 1004 706 0 1004 706 0 996 715 0 1003 707 0 996 715 0 995 716 0 1003 707 0 1003 707 0 995 716 0 1002 708 0 995 716 0 994 717 0 1002 708 0 353 700 0 1002 708 0 810 718 0 829 720 0 993 719 0 1365 710 0 1001 709 0 1365 710 0 993 719 0 993 719 0 992 721 0 1001 709 0 1001 709 0 992 721 0 1000 711 0 992 721 0 991 722 0 1000 711 0 1000 711 0 991 722 0 999 712 0 991 722 0 990 723 0 999 712 0 999 712 0 990 723 0 998 713 0 990 723 0 989 724 0 998 713 0 998 713 0 989 724 0 997 714 0 989 724 0 988 725 0 997 714 0 997 714 0 988 725 0 996 715 0 988 725 0 987 726 0 996 715 0 996 715 0 987 726 0 995 716 0 987 726 0 986 727 0 995 716 0 995 716 0 986 727 0 994 717 0 810 718 0 994 717 0 986 727 0 1002 708 0 994 717 0 810 718 0 1363 729 0 985 728 0 829 720 0 829 720 0 985 728 0 993 719 0 985 728 0 984 730 0 993 719 0 993 719 0 984 730 0 992 721 0 984 730 0 983 731 0 992 721 0 992 721 0 983 731 0 991 722 0 983 731 0 982 732 0 991 722 0 991 722 0 982 732 0 990 723 0 982 732 0 981 733 0 990 723 0 990 723 0 981 733 0 989 724 0 981 733 0 980 734 0 989 724 0 989 724 0 980 734 0 988 725 0 980 734 0 979 735 0 988 725 0 988 725 0 979 735 0 987 726 0 979 735 0 978 736 0 987 726 0 987 726 0 978 736 0 986 727 0 978 736 0 977 737 0 986 727 0 810 718 0 986 727 0 809 738 0 986 727 0 977 737 0 809 738 0 831 740 0 976 739 0 1363 729 0 1363 729 0 976 739 0 985 728 0 976 739 0 975 741 0 985 728 0 985 728 0 975 741 0 984 730 0 975 741 0 974 742 0 984 730 0 984 730 0 974 742 0 983 731 0 974 742 0 973 743 0 983 731 0 983 731 0 973 743 0 982 732 0 973 743 0 972 744 0 982 732 0 982 732 0 972 744 0 981 733 0 972 744 0 971 745 0 981 733 0 981 733 0 971 745 0 980 734 0 971 745 0 970 746 0 980 734 0 980 734 0 970 746 0 979 735 0 970 746 0 969 747 0 979 735 0 979 735 0 969 747 0 978 736 0 969 747 0 968 748 0 978 736 0 978 736 0 968 748 0 977 737 0 968 748 0 967 749 0 977 737 0 809 738 0 977 737 0 808 750 0 977 737 0 967 749 0 808 750 0 832 752 0 966 751 0 831 740 0 831 740 0 966 751 0 976 739 0 966 751 0 965 753 0 976 739 0 976 739 0 965 753 0 975 741 0 965 753 0 964 754 0 975 741 0 975 741 0 964 754 0 974 742 0 964 754 0 963 755 0 974 742 0 974 742 0 963 755 0 973 743 0 963 755 0 962 756 0 973 743 0 973 743 0 962 756 0 972 744 0 962 756 0 961 757 0 972 744 0 972 744 0 961 757 0 971 745 0 961 757 0 960 758 0 971 745 0 971 745 0 960 758 0 970 746 0 960 758 0 959 759 0 970 746 0 970 746 0 959 759 0 969 747 0 959 759 0 958 760 0 969 747 0 969 747 0 958 760 0 968 748 0 958 760 0 957 761 0 968 748 0 968 748 0 957 761 0 967 749 0 957 761 0 956 762 0 967 749 0 808 750 0 967 749 0 807 763 0 967 749 0 956 762 0 807 763 0 833 765 0 955 764 0 832 752 0 832 752 0 955 764 0 966 751 0 955 764 0 954 766 0 966 751 0 966 751 0 954 766 0 965 753 0 954 766 0 953 767 0 965 753 0 965 753 0 953 767 0 964 754 0 953 767 0 952 768 0 964 754 0 964 754 0 952 768 0 963 755 0 952 768 0 951 769 0 963 755 0 963 755 0 951 769 0 962 756 0 951 769 0 950 770 0 962 756 0 962 756 0 950 770 0 961 757 0 950 770 0 949 771 0 961 757 0 961 757 0 949 771 0 960 758 0 949 771 0 948 772 0 960 758 0 960 758 0 948 772 0 959 759 0 948 772 0 947 773 0 959 759 0 959 759 0 947 773 0 958 760 0 947 773 0 946 774 0 958 760 0 958 760 0 946 774 0 957 761 0 946 774 0 945 775 0 957 761 0 957 761 0 945 775 0 956 762 0 945 775 0 944 776 0 956 762 0 807 763 0 956 762 0 806 777 0 956 762 0 944 776 0 806 777 0 834 779 0 943 778 0 833 765 0 833 765 0 943 778 0 955 764 0 943 778 0 942 780 0 955 764 0 955 764 0 942 780 0 954 766 0 942 780 0 941 781 0 954 766 0 954 766 0 941 781 0 953 767 0 941 781 0 940 782 0 953 767 0 953 767 0 940 782 0 952 768 0 940 782 0 939 783 0 952 768 0 952 768 0 939 783 0 951 769 0 939 783 0 938 784 0 951 769 0 951 769 0 938 784 0 950 770 0 938 784 0 937 785 0 950 770 0 950 770 0 937 785 0 949 771 0 937 785 0 936 786 0 949 771 0 949 771 0 936 786 0 948 772 0 936 786 0 935 787 0 948 772 0 948 772 0 935 787 0 947 773 0 935 787 0 934 788 0 947 773 0 947 773 0 934 788 0 946 774 0 934 788 0 933 789 0 946 774 0 946 774 0 933 789 0 945 775 0 933 789 0 932 608 0 945 775 0 945 775 0 932 608 0 944 776 0 932 608 0 931 611 0 944 776 0 806 777 0 944 776 0 359 615 0 944 776 0 931 611 0 359 615 0 835 791 0 930 790 0 834 779 0 834 779 0 930 790 0 943 778 0 930 790 0 929 792 0 943 778 0 943 778 0 929 792 0 942 780 0 929 792 0 928 793 0 942 780 0 942 780 0 928 793 0 941 781 0 928 793 0 927 794 0 941 781 0 941 781 0 927 794 0 940 782 0 927 794 0 926 795 0 940 782 0 940 782 0 926 795 0 939 783 0 926 795 0 925 796 0 939 783 0 939 783 0 925 796 0 938 784 0 925 796 0 924 797 0 938 784 0 938 784 0 924 797 0 937 785 0 924 797 0 923 798 0 937 785 0 937 785 0 923 798 0 936 786 0 923 798 0 922 799 0 936 786 0 936 786 0 922 799 0 935 787 0 922 799 0 921 800 0 935 787 0 935 787 0 921 800 0 934 788 0 921 800 0 920 801 0 934 788 0 934 788 0 920 801 0 933 789 0 920 801 0 919 613 0 933 789 0 1050 610 0 932 608 0 933 789 0 933 789 0 919 613 0 1050 610 0 836 803 0 916 802 0 835 791 0 835 791 0 916 802 0 915 804 0 835 791 0 915 804 0 930 790 0 915 804 0 914 805 0 930 790 0 930 790 0 914 805 0 929 792 0 914 805 0 913 806 0 929 792 0 929 792 0 913 806 0 928 793 0 913 806 0 912 807 0 928 793 0 928 793 0 912 807 0 927 794 0 912 807 0 911 808 0 927 794 0 927 794 0 911 808 0 926 795 0 911 808 0 910 809 0 926 795 0 926 795 0 910 809 0 925 796 0 910 809 0 909 810 0 925 796 0 925 796 0 909 810 0 924 797 0 909 810 0 908 811 0 924 797 0 924 797 0 908 811 0 923 798 0 908 811 0 907 812 0 923 798 0 923 798 0 907 812 0 922 799 0 907 812 0 906 813 0 922 799 0 922 799 0 906 813 0 921 800 0 906 813 0 905 814 0 921 800 0 921 800 0 905 814 0 920 801 0 905 814 0 904 620 0 920 801 0 1048 618 0 919 613 0 920 801 0 920 801 0 904 620 0 1048 618 0 883 816 0 900 815 0 836 803 0 836 803 0 900 815 0 916 802 0 900 815 0 899 817 0 916 802 0 916 802 0 899 817 0 915 804 0 899 817 0 898 818 0 915 804 0 915 804 0 898 818 0 914 805 0 898 818 0 897 819 0 914 805 0 914 805 0 897 819 0 913 806 0 897 819 0 896 820 0 913 806 0 913 806 0 896 820 0 912 807 0 896 820 0 895 821 0 912 807 0 912 807 0 895 821 0 911 808 0 895 821 0 894 822 0 911 808 0 911 808 0 894 822 0 910 809 0 894 822 0 893 823 0 910 809 0 910 809 0 893 823 0 909 810 0 893 823 0 892 824 0 909 810 0 909 810 0 892 824 0 908 811 0 892 824 0 891 825 0 908 811 0 908 811 0 891 825 0 907 812 0 891 825 0 890 826 0 907 812 0 907 812 0 890 826 0 906 813 0 890 826 0 889 827 0 906 813 0 906 813 0 889 827 0 905 814 0 889 827 0 888 628 0 905 814 0 1045 626 0 904 620 0 905 814 0 905 814 0 888 628 0 1045 626 0 1042 631 0 884 634 0 362 633 0 868 829 0 883 816 0 1357 828 0 1357 828 0 883 816 0 836 803 0 883 816 0 882 830 0 900 815 0 900 815 0 882 830 0 899 817 0 882 830 0 881 831 0 899 817 0 899 817 0 881 831 0 898 818 0 881 831 0 880 832 0 898 818 0 898 818 0 880 832 0 897 819 0 880 832 0 879 833 0 897 819 0 897 819 0 879 833 0 896 820 0 879 833 0 878 834 0 896 820 0 896 820 0 878 834 0 895 821 0 878 834 0 877 835 0 895 821 0 895 821 0 877 835 0 894 822 0 877 835 0 876 836 0 894 822 0 894 822 0 876 836 0 893 823 0 876 836 0 875 837 0 893 823 0 893 823 0 875 837 0 892 824 0 875 837 0 874 838 0 892 824 0 892 824 0 874 838 0 891 825 0 874 838 0 873 839 0 891 825 0 891 825 0 873 839 0 890 826 0 873 839 0 872 840 0 890 826 0 890 826 0 872 840 0 889 827 0 872 840 0 871 841 0 889 827 0 889 827 0 871 841 0 888 628 0 354 842 0 888 628 0 871 841 0 354 842 0 887 627 0 888 628 0 792 843 0 887 627 0 354 842 0 887 627 0 792 843 0 886 630 0 886 630 0 792 843 0 415 844 0 1041 636 0 886 630 0 415 844 0 794 637 0 1041 636 0 415 844 0 797 641 0 870 643 0 363 642 0 839 847 0 869 846 0 1358 845 0 1358 845 0 869 846 0 868 829 0 1358 845 0 868 829 0 1357 828 0 868 829 0 867 848 0 883 816 0 883 816 0 867 848 0 882 830 0 867 848 0 866 849 0 882 830 0 882 830 0 866 849 0 881 831 0 866 849 0 865 850 0 881 831 0 881 831 0 865 850 0 880 832 0 865 850 0 864 851 0 880 832 0 880 832 0 864 851 0 879 833 0 864 851 0 863 852 0 879 833 0 879 833 0 863 852 0 878 834 0 863 852 0 862 853 0 878 834 0 878 834 0 862 853 0 877 835 0 862 853 0 861 854 0 877 835 0 877 835 0 861 854 0 876 836 0 861 854 0 860 855 0 876 836 0 876 836 0 860 855 0 875 837 0 860 855 0 859 856 0 875 837 0 875 837 0 859 856 0 874 838 0 859 856 0 858 857 0 874 838 0 874 838 0 858 857 0 873 839 0 205 858 0 873 839 0 858 857 0 205 858 0 872 840 0 873 839 0 790 859 0 872 840 0 205 858 0 872 840 0 790 859 0 871 841 0 354 842 0 871 841 0 790 859 0 799 646 0 870 643 0 281 644 0 1359 861 0 857 860 0 839 847 0 839 847 0 857 860 0 869 846 0 857 860 0 856 862 0 869 846 0 869 846 0 856 862 0 868 829 0 856 862 0 855 863 0 868 829 0 868 829 0 855 863 0 867 848 0 855 863 0 854 864 0 867 848 0 867 848 0 854 864 0 866 849 0 854 864 0 853 865 0 866 849 0 866 849 0 853 865 0 865 850 0 853 865 0 852 866 0 865 850 0 865 850 0 852 866 0 864 851 0 852 866 0 851 867 0 864 851 0 864 851 0 851 867 0 863 852 0 851 867 0 850 868 0 863 852 0 863 852 0 850 868 0 862 853 0 850 868 0 849 869 0 862 853 0 862 853 0 849 869 0 861 854 0 849 869 0 848 870 0 861 854 0 861 854 0 848 870 0 860 855 0 859 856 0 860 855 0 848 870 0 788 872 0 859 856 0 465 871 0 859 856 0 788 872 0 858 857 0 205 858 0 858 857 0 788 872 0 1360 652 0 847 654 0 1359 861 0 1359 861 0 847 654 0 846 656 0 1359 861 0 846 656 0 857 860 0 846 656 0 845 873 0 857 860 0 857 860 0 845 873 0 856 862 0 845 873 0 844 874 0 856 862 0 856 862 0 844 874 0 855 863 0 1257 875 0 855 863 0 844 874 0 1257 875 0 854 864 0 855 863 0 1256 876 0 854 864 0 1257 875 0 854 864 0 1256 876 0 853 865 0 1255 877 0 853 865 0 1256 876 0 853 865 0 1255 877 0 852 866 0 1254 878 0 852 866 0 1255 877 0 852 866 0 1254 878 0 851 867 0 1253 879 0 851 867 0 1254 878 0 851 867 0 1253 879 0 850 868 0 1252 880 0 850 868 0 1253 879 0 850 868 0 1252 880 0 849 869 0 786 881 0 849 869 0 1252 880 0 849 869 0 786 881 0 848 870 0 465 871 0 848 870 0 786 881 0 859 856 0 848 870 0 465 871 0 846 656 0 1259 657 0 845 873 0 1258 882 0 845 873 0 1259 657 0 845 873 0 1258 882 0 844 874 0 1257 875 0 844 874 0 1258 882 0 81 885 0 0 884 0 1051 883 0 1052 886 0 81 885 0 1051 883 0 81 885 0 1052 886 0 131 887 0 458 888 0 131 887 0 1052 886 0 458 888 0 199 889 0 131 887 0 199 889 0 458 888 0 457 890 0 199 889 0 457 890 0 281 891 0 1114 894 0 1063 893 0 826 892 0 826 892 0 1063 893 0 1074 895 0 0 896 0 1074 895 0 1063 893 0 1064 896 0 0 896 0 1063 893 0 0 896 0 1064 896 0 1105 897 0 0 896 0 1105 897 0 1051 898 0 1051 898 0 1105 897 0 1104 404 0 1051 898 0 1104 404 0 449 899 0 554 900 0 449 899 0 1104 404 0 449 899 0 554 900 0 1070 901 0 1070 901 0 554 900 0 1076 354 0 1076 354 0 554 900 0 503 354 0 1076 354 0 503 354 0 1078 354 0 1076 354 0 1078 354 0 1079 354 0 1076 354 0 1079 354 0 525 354 0 1076 354 0 525 354 0 1081 354 0 1076 354 0 1081 354 0 1082 354 0 1076 354 0 1082 354 0 522 354 0 1076 354 0 522 354 0 1084 354 0 1076 354 0 1084 354 0 520 354 0 1076 354 0 520 354 0 519 354 0 1076 354 0 519 354 0 1087 354 0 1076 354 0 1087 354 0 1088 354 0 1076 354 0 1088 354 0 1089 354 0 1076 354 0 1089 354 0 490 354 0 1076 354 0 490 354 0 489 354 0 1076 354 0 489 354 0 488 354 0 1076 354 0 488 354 0 1093 354 0 1076 354 0 1093 354 0 486 354 0 1076 354 0 486 354 0 485 354 0 1076 354 0 485 354 0 484 354 0 1076 354 0 484 354 0 483 354 0 1076 354 0 483 354 0 1098 354 0 1076 354 0 1098 354 0 1099 354 0 1102 904 0 1110 903 0 1101 902 0 568 906 0 1110 903 0 1108 905 0 1102 904 0 1108 905 0 1110 903 0 1107 907 0 1108 905 0 1102 904 0 1103 908 0 1107 907 0 1102 904 0 1107 907 0 1103 908 0 1064 896 0 1105 909 0 1064 896 0 1103 908 0 1103 908 0 1104 404 0 1105 909 0 1114 912 0 1124 911 0 1063 910 0 1064 913 0 1063 910 0 1124 911 0 1064 913 0 1124 911 0 1107 914 0 1124 911 0 1123 915 0 1107 914 0 1107 914 0 1123 915 0 1108 916 0 1108 916 0 1123 915 0 568 917 0 1115 918 0 1124 911 0 1114 912 0 1124 911 0 1115 918 0 1123 915 0 1123 915 0 1115 918 0 1148 919 0 1147 920 0 1123 915 0 1148 919 0 568 917 0 1123 915 0 1118 921 0 1123 915 0 1147 920 0 1118 921 0 828 924 0 1115 923 0 1114 922 0 828 924 0 1158 925 0 1115 923 0 1158 925 0 828 924 0 1157 926 0 830 1 0 1157 926 0 828 924 0 1157 926 0 830 1 0 1156 927 0 837 1 0 1156 927 0 830 1 0 1156 927 0 837 1 0 1155 928 0 1125 1 0 1155 928 0 837 1 0 1155 928 0 1125 1 0 1230 929 0 1155 928 0 1230 929 0 1229 930 0 1228 931 0 1155 928 0 1229 930 0 1115 923 0 1158 925 0 1148 932 0 1148 932 0 1158 925 0 1147 418 0 1147 418 0 1158 925 0 1146 933 0 1146 933 0 1158 925 0 572 422 0 1158 925 0 1157 926 0 572 422 0 572 422 0 1157 926 0 1144 424 0 1144 424 0 1157 926 0 574 934 0 1157 926 0 1156 927 0 574 934 0 574 934 0 1156 927 0 1142 935 0 1142 935 0 1156 927 0 1141 936 0 1156 927 0 1155 928 0 1141 936 0 1141 936 0 1155 928 0 577 937 0 577 937 0 1155 928 0 578 938 0 578 938 0 1155 928 0 1138 939 0 1228 931 0 1138 939 0 1155 928 0 1228 931 0 1137 940 0 1138 939 0 1221 941 0 1220 468 0 1137 940 0 1137 940 0 1228 931 0 1129 942 0 1137 940 0 1129 942 0 1130 943 0 1137 940 0 1130 943 0 1225 944 0 1137 940 0 1225 944 0 1224 945 0 1137 940 0 1224 945 0 1133 946 0 1137 940 0 1133 946 0 1222 947 0 1137 940 0 1222 947 0 1221 941 0 580 948 0 1175 949 0 1056 948 0 1056 948 0 1175 949 0 1055 950 0 1055 950 0 1175 949 0 581 951 0 1177 952 0 1055 950 0 581 951 0 1177 952 0 1054 953 0 1055 950 0 1054 953 0 1177 952 0 1178 954 0 1054 953 0 1178 954 0 1053 955 0 582 956 0 1053 955 0 1178 954 0 1053 955 0 582 956 0 1169 957 0 1169 957 0 582 956 0 1180 958 0 1169 957 0 1180 958 0 1168 959 0 1180 958 0 586 960 0 1168 959 0 1168 959 0 586 960 0 1182 961 0 1168 959 0 1182 961 0 842 962 0 587 963 0 842 962 0 1182 961 0 842 962 0 587 963 0 841 964 0 841 964 0 587 963 0 1184 965 0 1185 966 0 841 964 0 1184 965 0 1185 966 0 1165 967 0 841 964 0 1165 967 0 1185 966 0 1186 968 0 1165 967 0 1186 968 0 840 969 0 1186 968 0 1187 970 0 840 969 0 840 969 0 1187 970 0 1188 971 0 840 969 0 1188 971 0 1163 972 0 1189 973 0 1163 972 0 1188 971 0 1163 972 0 1189 973 0 1162 974 0 1162 974 0 1189 973 0 588 975 0 589 976 0 1162 974 0 588 975 0 589 976 0 1161 977 0 1162 974 0 1161 977 0 589 976 0 1192 978 0 1161 977 0 1192 978 0 838 979 0 1192 978 0 1193 980 0 838 979 0 838 979 0 1193 980 0 1125 981 0 1125 981 0 1193 980 0 1194 982 0 590 983 0 1125 981 0 1194 982 0 1125 981 0 590 983 0 1230 984 0 1230 984 0 590 983 0 1229 985 0 1229 985 0 590 983 0 1228 986 0 1228 986 0 590 983 0 591 987 0 1228 986 0 591 987 0 1129 988 0 1129 988 0 591 987 0 1130 989 0 592 990 0 1130 989 0 591 987 0 1130 989 0 592 990 0 1225 991 0 1225 991 0 592 990 0 1224 992 0 1224 992 0 592 990 0 1133 993 0 1133 993 0 592 990 0 1222 994 0 1222 994 0 592 990 0 1221 995 0 1221 995 0 592 990 0 1220 996 0 1220 996 0 592 990 0 1219 997 0 1219 997 0 592 990 0 1233 998 0 1233 998 0 592 990 0 1217 999 0 1217 999 0 592 990 0 1235 1000 0 1235 1000 0 592 990 0 1215 1001 0 1215 1001 0 592 990 0 1237 1002 0 1237 1002 0 592 990 0 1213 1003 0 1213 1003 0 592 990 0 1239 1004 0 1239 1004 0 592 990 0 1211 1005 0 1211 1005 0 592 990 0 595 1006 0 1211 1005 0 595 1006 0 1210 1007 0 595 1006 0 600 1008 0 1210 1007 0 1210 1007 0 600 1008 0 1209 1009 0 1209 1009 0 600 1008 0 1200 1010 0 1209 1009 0 1200 1010 0 487 1011 0 604 1012 0 487 1011 0 1200 1010 0 487 1011 0 604 1012 0 605 1013 0 487 1011 0 605 1013 0 1207 1014 0 1206 1015 0 1207 1014 0 605 1013 0 611 1016 0 1206 1015 0 605 1013 0 1206 1015 0 611 1016 0 1204 1017 0 1206 1015 0 1204 1017 0 552 1017 0 77 123 0 481 123 0 4 123 0 1233 1019 0 583 470 0 1219 1018 0 1217 1020 0 583 470 0 1233 1019 0 1235 1021 0 583 470 0 1217 1020 0 1215 1022 0 583 470 0 1235 1021 0 1237 1023 0 583 470 0 1215 1022 0 1213 1024 0 583 470 0 1237 1023 0 1239 1025 0 583 470 0 1213 1024 0 583 470 0 491 1026 0 584 470 0 584 470 0 491 1026 0 585 470 0 585 470 0 491 1026 0 1293 470 0 1293 470 0 491 1026 0 1292 470 0 1292 470 0 491 1026 0 1291 470 0 1291 470 0 491 1026 0 1290 470 0 1290 470 0 491 1026 0 1289 470 0 1289 470 0 491 1026 0 1288 470 0 1288 470 0 491 1026 0 1287 470 0 1287 470 0 491 1026 0 434 1027 0 434 1027 0 491 1026 0 492 1028 0 493 1029 0 434 1027 0 492 1028 0 493 1029 0 430 1030 0 434 1027 0 430 1030 0 493 1029 0 1300 1031 0 430 1030 0 1300 1031 0 1284 1032 0 507 1033 0 1284 1032 0 1300 1031 0 1284 1032 0 507 1033 0 508 1034 0 1284 1032 0 508 1034 0 1283 1035 0 509 1036 0 1283 1035 0 508 1034 0 1283 1035 0 509 1036 0 1282 1037 0 1282 1037 0 509 1036 0 428 1038 0 1304 1039 0 428 1038 0 509 1036 0 1304 1039 0 427 1040 0 428 1038 0 427 1040 0 1304 1039 0 510 1041 0 427 1040 0 510 1041 0 426 1042 0 511 1043 0 426 1042 0 510 1041 0 511 1043 0 425 1044 0 426 1042 0 425 1044 0 511 1043 0 1307 1045 0 425 1044 0 1307 1045 0 423 1046 0 514 1047 0 423 1046 0 1307 1045 0 514 1047 0 420 1048 0 423 1046 0 1309 1049 0 420 1048 0 514 1047 0 1309 1049 0 419 1050 0 420 1048 0 419 1050 0 1309 1049 0 516 1051 0 1274 1052 0 419 1050 0 516 1051 0 521 1053 0 1274 1052 0 516 1051 0 1274 1052 0 521 1053 0 523 1054 0 1274 1052 0 523 1054 0 613 1055 0 1313 1056 0 613 1055 0 523 1054 0 613 1055 0 1313 1056 0 623 1057 0 1271 1058 0 623 1057 0 1313 1056 0 524 1059 0 1271 1058 0 1313 1056 0 1271 1058 0 524 1059 0 1315 1059 0 1271 1058 0 1315 1059 0 1270 1060 0 1270 1060 0 1315 1059 0 1316 1061 0 1270 1060 0 1316 1061 0 1317 1062 0 1270 1060 0 1317 1062 0 79 123 0 1270 1060 0 79 123 0 73 1063 0 1270 1060 0 73 1063 0 74 1064 0 1270 1060 0 74 1064 0 75 1065 0 455 1066 0 75 1065 0 454 1065 0 1269 1067 0 1270 1060 0 75 1065 0 455 1066 0 1269 1067 0 75 1065 0 1269 1067 0 455 1066 0 1370 1068 0 1370 1068 0 455 1066 0 1245 1069 0 1370 1068 0 1245 1069 0 1366 1070 0 459 1071 0 1366 1070 0 1245 1069 0 459 1071 0 1266 1072 0 1366 1070 0 463 1073 0 1266 1072 0 459 1071 0 463 1073 0 1364 1074 0 1266 1072 0 1364 1074 0 463 1073 0 1248 1075 0 1364 1074 0 1248 1075 0 1264 1076 0 464 1077 0 1264 1076 0 1248 1075 0 464 1077 0 1256 876 0 1257 878 0 1254 878 0 1255 877 0 464 1077 0 1252 878 0 1253 878 0 464 1077 0 464 1077 0 1253 878 0 1254 878 0 464 1077 0 465 878 0 786 1078 0 464 1077 0 786 1078 0 1252 878 0 464 1077 0 1362 1079 0 1264 1076 0 1362 1079 0 464 1077 0 1262 878 0 1261 1078 0 1262 878 0 464 1077 0 464 1077 0 1255 877 0 1256 876 0 1258 878 0 1259 878 0 464 1077 0 1257 878 0 1258 878 0 464 1077 0 1260 882 0 1261 1078 0 464 1077 0 464 1077 0 1259 878 0 1260 882 0 1373 1 0 1375 1 0 835 1 0 832 1 0 1371 1 0 833 1 0 1372 1 0 1371 1 0 832 1 0 1376 1 0 1374 1 0 831 1 0 829 1 0 1377 1 0 1363 1 0 1378 1 0 1377 1 0 829 1 0 827 1 0 1379 1 0 1365 1 0 1380 1 0 1379 1 0 827 1 0 1382 1 0 1381 1 0 1369 1 0 767 1 0 818 1 0 593 1 0 843 1 0 1060 1 0 594 1 0 1384 1 0 1383 1 0 601 1 0 1075 1 0 1100 1 0 1331 1 0 1386 1 0 1385 1 0 1326 1 0 1111 1 0 1122 1 0 597 1 0 1321 1 0 1324 1 0 599 1 0 1231 1 0 598 1 0 1154 1 0 1321 1 0 1231 1 0 1343 1 0 1341 1 0 438 1 0 1154 1 0 1341 1 0 1154 1 0 1122 1 0 1386 1 0 1324 1 0 1344 1 0 1111 1 0 596 1 0 437 1 0 437 1 0 596 1 0 1339 1 0 1339 1 0 596 1 0 1100 1 0 1384 1 0 1385 1 0 440 1 0 1075 1 0 1060 1 0 436 1 0 843 1 0 818 1 0 1337 1 0 1337 1 0 818 1 0 435 1 0 767 1 0 1287 1 0 1335 1 0 602 1 0 1383 1 0 441 1 0 602 1 0 441 1 0 445 1 0 602 1 0 445 1 0 446 1 0 602 1 0 446 1 0 603 1 0 603 1 0 446 1 0 1322 1 0 1322 1 0 446 1 0 1349 1 0 1322 1 0 1349 1 0 1382 1 0 3 123 0 481 123 0 77 123 0 1381 1 0 1350 1 0 1368 1 0 1368 1 0 1350 1 0 1367 1 0 1367 1 0 1350 1 0 1351 1 0 1367 1 0 1351 1 0 1380 1 0 1378 1 0 1379 1 0 1352 1 0 1376 1 0 1377 1 0 1353 1 0 1372 1 0 1374 1 0 1354 1 0 1371 1 0 1355 1 0 834 1 0 834 1 0 1355 1 0 1373 1 0 836 1 0 1375 1 0 1356 1 0 369 640 0 795 1081 0 424 1080 0 424 1080 0 795 1081 0 8 1082 0 794 1083 0 8 1082 0 795 1081 0 8 1082 0 794 1083 0 64 1084 0 64 1084 0 794 1083 0 415 1085 0 792 1086 0 64 1084 0 415 1085 0 64 1084 0 792 1086 0 72 1087 0 354 1088 0 72 1087 0 792 1086 0 72 1087 0 354 1088 0 78 1089 0 78 1089 0 354 1088 0 790 1090 0 205 1091 0 78 1089 0 790 1090 0 812 1093 0 78 1089 0 566 1092 0 78 1089 0 205 1091 0 566 1092 0 205 1091 0 788 1094 0 566 1092 0 566 1092 0 788 1094 0 811 1095 0 811 1095 0 788 1094 0 465 1096 0 469 1098 0 805 1097 0 811 1095 0 811 1095 0 465 1096 0 469 1098 0 460 1 0 826 1100 0 429 1099 0 8 1082 0 460 1 0 429 1099 0 424 1080 0 8 1082 0 429 1099 0 460 1 0 8 1082 0 825 1101 0 8 1082 0 64 1084 0 825 1101 0 825 1101 0 64 1084 0 824 1102 0 64 1084 0 72 1087 0 824 1102 0 824 1102 0 72 1087 0 494 1103 0 72 1087 0 78 1089 0 494 1103 0 494 1103 0 78 1089 0 815 1 0 78 1089 0 812 1093 0 813 1104 0 815 1 0 78 1089 0 813 1104 0 369 640 0 447 1106 0 797 1105 0 797 1105 0 447 1106 0 281 1107 0 281 1107 0 447 1106 0 199 1108 0 447 1106 0 439 1109 0 199 1108 0 199 1108 0 439 1109 0 131 1110 0 131 1110 0 439 1109 0 81 1111 0 1074 1112 0 81 1111 0 439 1109 0 0 1113 0 81 1111 0 1074 1112 0 424 1114 0 447 1106 0 369 640 0 447 1106 0 424 1114 0 439 1109 0 429 1115 0 439 1109 0 424 1114 0 1074 1112 0 439 1109 0 826 1116 0 439 1109 0 429 1115 0 826 1116 0 1057 1118 0 452 1117 0 54 61 0 1342 61 0 1057 1118 0 54 61 0 1057 1118 0 1342 61 0 1058 1119 0 1340 61 0 1058 1119 0 1342 61 0 1058 1119 0 1340 61 0 1059 1120 0 55 61 0 1059 1120 0 1340 61 0 1059 1120 0 55 61 0 1061 1121 0 1061 1121 0 55 61 0 1338 61 0 1336 61 0 1061 1121 0 1338 61 0 1061 1121 0 1336 61 0 1062 1122 0 1062 1122 0 1336 61 0 1334 61 0 1333 61 0 1062 1122 0 1334 61 0 1062 1122 0 1333 61 0 1065 1123 0 56 61 0 1065 1123 0 1333 61 0 1065 1123 0 56 61 0 1066 1124 0 57 61 0 1066 1124 0 56 61 0 1066 1124 0 57 61 0 1067 1125 0 59 61 0 1067 1125 0 57 61 0 1067 1125 0 59 61 0 1068 1126 0 63 61 0 1068 1126 0 59 61 0 1068 1126 0 63 61 0 1069 1127 0 1332 61 0 1069 1127 0 63 61 0 1069 1127 0 1332 61 0 1071 1128 0 66 61 0 1071 1128 0 1332 61 0 1071 1128 0 66 61 0 1072 1129 0 1330 61 0 1072 1129 0 66 61 0 1072 1129 0 1330 61 0 1073 1130 0 69 61 0 1073 1130 0 1330 61 0 1073 1130 0 69 61 0 1077 1131 0 70 61 0 1077 1131 0 69 61 0 1077 1131 0 70 61 0 1080 1132 0 1329 61 0 1080 1132 0 70 61 0 1080 1132 0 1329 61 0 1083 1133 0 1328 61 0 1083 1133 0 1329 61 0 1083 1133 0 1328 61 0 1085 1134 0 1327 61 0 1085 1134 0 1328 61 0 1085 1134 0 1327 61 0 1086 1135 0 71 61 0 1086 1135 0 1327 61 0 1086 1135 0 71 61 0 1090 1136 0 1325 61 0 1090 1136 0 71 61 0 476 1138 0 1090 1136 0 407 1137 0 1090 1136 0 1325 61 0 407 1137 0 1325 61 0 453 61 0 407 1137 0 452 1117 0 1057 1118 0 1345 1139 0 1345 1139 0 1057 1118 0 1091 1140 0 1057 1118 0 1058 1119 0 1091 1140 0 1091 1140 0 1058 1119 0 1092 1141 0 1058 1119 0 1059 1120 0 1092 1141 0 1092 1141 0 1059 1120 0 1094 1142 0 1059 1120 0 1061 1121 0 1094 1142 0 1094 1142 0 1061 1121 0 1095 1143 0 1061 1121 0 1062 1122 0 1095 1143 0 1095 1143 0 1062 1122 0 1096 1144 0 1062 1122 0 1065 1123 0 1096 1144 0 1096 1144 0 1065 1123 0 1097 1145 0 1065 1123 0 1066 1124 0 1097 1145 0 1097 1145 0 1066 1124 0 1106 1146 0 1066 1124 0 1067 1125 0 1106 1146 0 1106 1146 0 1067 1125 0 1109 1147 0 1067 1125 0 1068 1126 0 1109 1147 0 1109 1147 0 1068 1126 0 1112 1148 0 1068 1126 0 1069 1127 0 1112 1148 0 1112 1148 0 1069 1127 0 1113 1149 0 1069 1127 0 1071 1128 0 1113 1149 0 1113 1149 0 1071 1128 0 1116 1150 0 1071 1128 0 1072 1129 0 1116 1150 0 1116 1150 0 1072 1129 0 1117 1151 0 1072 1129 0 1073 1130 0 1117 1151 0 1117 1151 0 1073 1130 0 1119 1152 0 1073 1130 0 1077 1131 0 1119 1152 0 1119 1152 0 1077 1131 0 1120 1153 0 1077 1131 0 1080 1132 0 1120 1153 0 1120 1153 0 1080 1132 0 1121 1154 0 1080 1132 0 1083 1133 0 1121 1154 0 1121 1154 0 1083 1133 0 1126 1155 0 1083 1133 0 1085 1134 0 1126 1155 0 1126 1155 0 1085 1134 0 1127 1156 0 1085 1134 0 1086 1135 0 1127 1156 0 1127 1156 0 1086 1135 0 1128 1157 0 1086 1135 0 1090 1136 0 1128 1157 0 1128 1157 0 1090 1136 0 1131 1158 0 476 1138 0 1131 1158 0 1090 1136 0 410 1159 0 1131 1158 0 476 1138 0 1345 1139 0 1091 1140 0 1346 1160 0 1346 1160 0 1091 1140 0 1132 1161 0 1091 1140 0 1092 1141 0 1132 1161 0 1132 1161 0 1092 1141 0 1134 1162 0 1092 1141 0 1094 1142 0 1134 1162 0 1134 1162 0 1094 1142 0 1135 1163 0 1094 1142 0 1095 1143 0 1135 1163 0 1135 1163 0 1095 1143 0 1136 1164 0 1095 1143 0 1096 1144 0 1136 1164 0 1136 1164 0 1096 1144 0 1139 1165 0 1096 1144 0 1097 1145 0 1139 1165 0 1139 1165 0 1097 1145 0 1140 1166 0 1097 1145 0 1106 1146 0 1140 1166 0 1140 1166 0 1106 1146 0 1143 1167 0 1106 1146 0 1109 1147 0 1143 1167 0 1143 1167 0 1109 1147 0 1145 1168 0 1109 1147 0 1112 1148 0 1145 1168 0 1145 1168 0 1112 1148 0 1149 1169 0 1112 1148 0 1113 1149 0 1149 1169 0 1149 1169 0 1113 1149 0 1150 1170 0 1113 1149 0 1116 1150 0 1150 1170 0 1150 1170 0 1116 1150 0 1151 1171 0 1116 1150 0 1117 1151 0 1151 1171 0 1151 1171 0 1117 1151 0 1152 1172 0 1117 1151 0 1119 1152 0 1152 1172 0 1152 1172 0 1119 1152 0 1153 1173 0 1119 1152 0 1120 1153 0 1153 1173 0 1153 1173 0 1120 1153 0 1159 1174 0 1120 1153 0 1121 1154 0 1159 1174 0 1159 1174 0 1121 1154 0 1160 1175 0 1121 1154 0 1126 1155 0 1160 1175 0 1160 1175 0 1126 1155 0 1164 1176 0 1126 1155 0 1127 1156 0 1164 1176 0 1164 1176 0 1127 1156 0 1166 1177 0 1127 1156 0 1128 1157 0 1166 1177 0 1166 1177 0 1128 1157 0 1167 1178 0 1128 1157 0 1131 1158 0 1167 1178 0 1167 1178 0 1131 1158 0 1170 1179 0 410 1159 0 1170 1179 0 1131 1158 0 482 1180 0 1170 1179 0 410 1159 0 1346 1160 0 1132 1161 0 451 1181 0 451 1181 0 1132 1161 0 1171 1182 0 1132 1161 0 1134 1162 0 1171 1182 0 1171 1182 0 1134 1162 0 1172 1183 0 1134 1162 0 1135 1163 0 1172 1183 0 1172 1183 0 1135 1163 0 1173 1184 0 1135 1163 0 1136 1164 0 1173 1184 0 1173 1184 0 1136 1164 0 1174 1185 0 1136 1164 0 1139 1165 0 1174 1185 0 1174 1185 0 1139 1165 0 1176 1186 0 1139 1165 0 1140 1166 0 1176 1186 0 1176 1186 0 1140 1166 0 1179 1187 0 1140 1166 0 1143 1167 0 1179 1187 0 1179 1187 0 1143 1167 0 1181 1188 0 1143 1167 0 1145 1168 0 1181 1188 0 1181 1188 0 1145 1168 0 1183 1189 0 1145 1168 0 1149 1169 0 1183 1189 0 1183 1189 0 1149 1169 0 1190 1190 0 1149 1169 0 1150 1170 0 1190 1190 0 1190 1190 0 1150 1170 0 1191 1191 0 1150 1170 0 1151 1171 0 1191 1191 0 1191 1191 0 1151 1171 0 1195 1192 0 1151 1171 0 1152 1172 0 1195 1192 0 1195 1192 0 1152 1172 0 1196 1193 0 1152 1172 0 1153 1173 0 1196 1193 0 1196 1193 0 1153 1173 0 1197 1194 0 1153 1173 0 1159 1174 0 1197 1194 0 1197 1194 0 1159 1174 0 1198 1195 0 1159 1174 0 1160 1175 0 1198 1195 0 1198 1195 0 1160 1175 0 1199 1196 0 1160 1175 0 1164 1176 0 1199 1196 0 1199 1196 0 1164 1176 0 1201 1197 0 1164 1176 0 1166 1177 0 1201 1197 0 1201 1197 0 1166 1177 0 1202 1198 0 1166 1177 0 1167 1178 0 1202 1198 0 1202 1198 0 1167 1178 0 1203 1199 0 1167 1178 0 1170 1179 0 1203 1199 0 1203 1199 0 1170 1179 0 1205 1200 0 482 1180 0 1205 1200 0 1170 1179 0 528 1201 0 1205 1200 0 482 1180 0 451 1181 0 1171 1182 0 450 1202 0 450 1202 0 1171 1182 0 1208 1203 0 1171 1182 0 1172 1183 0 1208 1203 0 1208 1203 0 1172 1183 0 1212 1204 0 1172 1183 0 1173 1184 0 1212 1204 0 1212 1204 0 1173 1184 0 1214 1205 0 1173 1184 0 1174 1185 0 1214 1205 0 1214 1205 0 1174 1185 0 1216 1206 0 1174 1185 0 1176 1186 0 1216 1206 0 1216 1206 0 1176 1186 0 1218 1207 0 1176 1186 0 1179 1187 0 1218 1207 0 1218 1207 0 1179 1187 0 1223 1208 0 1179 1187 0 1181 1188 0 1223 1208 0 1223 1208 0 1181 1188 0 1226 1209 0 1181 1188 0 1183 1189 0 1226 1209 0 1226 1209 0 1183 1189 0 1227 1210 0 1183 1189 0 1190 1190 0 1227 1210 0 1227 1210 0 1190 1190 0 1232 1211 0 1190 1190 0 1191 1191 0 1232 1211 0 1232 1211 0 1191 1191 0 1234 1212 0 1191 1191 0 1195 1192 0 1234 1212 0 1234 1212 0 1195 1192 0 1236 1213 0 1195 1192 0 1196 1193 0 1236 1213 0 1236 1213 0 1196 1193 0 1238 1214 0 1196 1193 0 1197 1194 0 1238 1214 0 1238 1214 0 1197 1194 0 1240 1215 0 1197 1194 0 1198 1195 0 1240 1215 0 1240 1215 0 1198 1195 0 1241 1216 0 1198 1195 0 1199 1196 0 1241 1216 0 1241 1216 0 1199 1196 0 1242 1217 0 1199 1196 0 1201 1197 0 1242 1217 0 1242 1217 0 1201 1197 0 1243 1218 0 1201 1197 0 1202 1198 0 1243 1218 0 1243 1218 0 1202 1198 0 1244 1219 0 1202 1198 0 1203 1199 0 1244 1219 0 1244 1219 0 1203 1199 0 1246 1220 0 1203 1199 0 1205 1200 0 1246 1220 0 1246 1220 0 1205 1200 0 1247 1221 0 528 1201 0 1247 1221 0 1205 1200 0 553 1222 0 1247 1221 0 528 1201 0 450 1202 0 1208 1203 0 448 1223 0 448 1223 0 1208 1203 0 1249 1224 0 1208 1203 0 1212 1204 0 1249 1224 0 1249 1224 0 1212 1204 0 1250 1225 0 1212 1204 0 1214 1205 0 1250 1225 0 1250 1225 0 1214 1205 0 1251 1226 0 1214 1205 0 1216 1206 0 1251 1226 0 1251 1226 0 1216 1206 0 1263 1227 0 1216 1206 0 1218 1207 0 1263 1227 0 1263 1227 0 1218 1207 0 1265 1228 0 1218 1207 0 1223 1208 0 1265 1228 0 1265 1228 0 1223 1208 0 1267 1229 0 1223 1208 0 1226 1209 0 1267 1229 0 1267 1229 0 1226 1209 0 1268 1230 0 1226 1209 0 1227 1210 0 1268 1230 0 1268 1230 0 1227 1210 0 1272 1231 0 1227 1210 0 1232 1211 0 1272 1231 0 1272 1231 0 1232 1211 0 1273 1232 0 1232 1211 0 1234 1212 0 1273 1232 0 1273 1232 0 1234 1212 0 1275 1233 0 1234 1212 0 1236 1213 0 1275 1233 0 1275 1233 0 1236 1213 0 1276 1234 0 1236 1213 0 1238 1214 0 1276 1234 0 1276 1234 0 1238 1214 0 1277 1235 0 1238 1214 0 1240 1215 0 1277 1235 0 1277 1235 0 1240 1215 0 1278 1236 0 1240 1215 0 1241 1216 0 1278 1236 0 1278 1236 0 1241 1216 0 1279 1237 0 1241 1216 0 1242 1217 0 1279 1237 0 1279 1237 0 1242 1217 0 1280 1238 0 1242 1217 0 1243 1218 0 1280 1238 0 1280 1238 0 1243 1218 0 1281 1239 0 1243 1218 0 1244 1219 0 1281 1239 0 1281 1239 0 1244 1219 0 1285 1240 0 1244 1219 0 1246 1220 0 1285 1240 0 1285 1240 0 1246 1220 0 1286 1241 0 1246 1220 0 1247 1221 0 1286 1241 0 1286 1241 0 1247 1221 0 1294 1242 0 553 1222 0 1294 1242 0 1247 1221 0 411 1243 0 1294 1242 0 553 1222 0 448 1223 0 1249 1224 0 1347 1244 0 1347 1244 0 1249 1224 0 1295 1245 0 1249 1224 0 1250 1225 0 1295 1245 0 1295 1245 0 1250 1225 0 1296 1246 0 1250 1225 0 1251 1226 0 1296 1246 0 1296 1246 0 1251 1226 0 1297 1247 0 1251 1226 0 1263 1227 0 1297 1247 0 1297 1247 0 1263 1227 0 1298 1248 0 1263 1227 0 1265 1228 0 1298 1248 0 1298 1248 0 1265 1228 0 1299 1249 0 1265 1228 0 1267 1229 0 1299 1249 0 1299 1249 0 1267 1229 0 1301 1250 0 1267 1229 0 1268 1230 0 1301 1250 0 1301 1250 0 1268 1230 0 1302 1251 0 1268 1230 0 1272 1231 0 1302 1251 0 1302 1251 0 1272 1231 0 1303 1252 0 1272 1231 0 1273 1232 0 1303 1252 0 1303 1252 0 1273 1232 0 1305 1253 0 1273 1232 0 1275 1233 0 1305 1253 0 1305 1253 0 1275 1233 0 1306 1254 0 1275 1233 0 1276 1234 0 1306 1254 0 1306 1254 0 1276 1234 0 1308 1255 0 1276 1234 0 1277 1235 0 1308 1255 0 1308 1255 0 1277 1235 0 1310 1256 0 1277 1235 0 1278 1236 0 1310 1256 0 1310 1256 0 1278 1236 0 1311 1257 0 1278 1236 0 1279 1237 0 1311 1257 0 1311 1257 0 1279 1237 0 1312 1258 0 1279 1237 0 1280 1238 0 1312 1258 0 1312 1258 0 1280 1238 0 1314 1259 0 1280 1238 0 1281 1239 0 1314 1259 0 1314 1259 0 1281 1239 0 1318 1260 0 1281 1239 0 1285 1240 0 1318 1260 0 1318 1260 0 1285 1240 0 1319 1261 0 1285 1240 0 1286 1241 0 1319 1261 0 1319 1261 0 1286 1241 0 1320 1262 0 1286 1241 0 1294 1242 0 1320 1262 0 1320 1262 0 1294 1242 0 1323 1263 0 411 1243 0 1323 1263 0 1294 1242 0 558 1264 0 1323 1263 0 411 1243 0 1347 1244 0 1295 1245 0 1348 1265 0 1348 1265 0 1295 1245 0 1349 1266 0 1349 1266 0 1295 1245 0 1350 1267 0 1295 1245 0 1296 1246 0 1350 1267 0 1350 1267 0 1296 1246 0 1351 1268 0 1296 1246 0 1297 1247 0 1351 1268 0 1351 1268 0 1297 1247 0 1352 1269 0 1297 1247 0 1298 1248 0 1352 1269 0 1352 1269 0 1298 1248 0 1353 1270 0 1298 1248 0 1299 1249 0 1353 1270 0 1353 1270 0 1299 1249 0 1354 1271 0 1299 1249 0 1301 1250 0 1354 1271 0 1354 1271 0 1301 1250 0 1355 1272 0 1301 1250 0 1302 1251 0 1355 1272 0 1355 1272 0 1302 1251 0 1356 1273 0 1302 1251 0 1303 1252 0 1356 1273 0 1356 1273 0 1303 1252 0 836 1274 0 836 1274 0 1303 1252 0 1357 1275 0 1303 1252 0 1305 1253 0 1357 1275 0 1357 1275 0 1305 1253 0 1358 1276 0 1358 1276 0 1305 1253 0 839 1277 0 839 1277 0 1305 1253 0 1359 1278 0 1305 1253 0 1306 1254 0 1359 1278 0 1359 1278 0 1306 1254 0 1360 1279 0 1306 1254 0 1308 1255 0 1360 1279 0 1360 1279 0 1308 1255 0 1361 1280 0 1308 1255 0 1310 1256 0 1361 1280 0 1361 1280 0 1310 1256 0 1262 1281 0 1310 1256 0 1311 1257 0 1262 1281 0 1262 1281 0 1311 1257 0 1362 1282 0 1362 1282 0 1311 1257 0 1264 1283 0 1311 1257 0 1312 1258 0 1264 1283 0 1264 1283 0 1312 1258 0 1364 1284 0 1364 1284 0 1312 1258 0 1266 1285 0 1312 1258 0 1314 1259 0 1266 1285 0 1266 1285 0 1314 1259 0 1366 1286 0 1314 1259 0 1318 1260 0 1366 1286 0 1366 1286 0 1318 1260 0 1370 1287 0 1370 1287 0 1318 1260 0 1269 1288 0 1318 1260 0 1319 1261 0 1269 1288 0 1269 1288 0 1319 1261 0 1270 1289 0 1270 1289 0 1319 1261 0 1271 1290 0 1319 1261 0 1320 1262 0 1271 1290 0 1271 1290 0 1320 1262 0 623 1291 0 623 1291 0 1320 1262 0 613 1292 0 1320 1262 0 1323 1263 0 613 1292 0 613 1292 0 1323 1263 0 1274 1293 0 558 1264 0 1274 1293 0 1323 1263 0 558 1264 0 419 1294 0 1274 1293 0 1125 1 0 837 1 0 838 1 0 838 1 0 837 1 0 1161 1 0 1161 1 0 837 1 0 1162 1 0 1169 1 0 828 1 0 1114 1 0 1114 1 0 826 1 0 1169 1 0 828 1 0 1169 1 0 1168 1 0 828 1 0 1168 1 0 842 1 0 841 1 0 830 1 0 828 1 0 828 1 0 842 1 0 841 1 0 830 1 0 841 1 0 1165 1 0 830 1 0 1165 1 0 840 1 0 1163 1 0 837 1 0 830 1 0 830 1 0 840 1 0 1163 1 0 837 1 0 1163 1 0 1162 1 0 1169 1 0 826 1 0 1053 1 0 1053 1 0 826 1 0 1054 1 0 1054 1 0 826 1 0 1055 1 0 1055 1 0 826 1 0 1056 1 0 1056 1 0 826 1 0 819 1 0 819 1 0 826 1 0 820 1 0 820 1 0 826 1 0 460 1 0 820 1 0 460 1 0 821 1 0 821 1 0 460 1 0 825 1 0 821 1 0 825 1 0 824 1 0 821 1 0 824 1 0 823 1 0 823 1 0 824 1 0 494 1 0 823 1 0 494 1 0 817 1 0 817 1 0 494 1 0 815 1 0 1204 1017 0 787 1295 0 552 1017 0 552 1017 0 787 1295 0 789 1296 0 789 1296 0 787 1295 0 791 1297 0 791 1297 0 787 1295 0 785 1298 0 791 1297 0 785 1298 0 551 1299 0 555 1300 0 551 1299 0 785 1298 0 551 1299 0 555 1300 0 550 1301 0 550 1301 0 555 1300 0 784 1302 0 550 1301 0 784 1302 0 793 1303 0 556 1304 0 793 1303 0 784 1302 0 793 1303 0 556 1304 0 783 1305 0 793 1303 0 783 1305 0 796 1306 0 783 1305 0 557 1307 0 796 1306 0 796 1306 0 557 1307 0 562 1308 0 796 1306 0 562 1308 0 547 1309 0 782 1310 0 547 1309 0 562 1308 0 547 1309 0 782 1310 0 527 1311 0 527 1311 0 782 1310 0 563 1312 0 564 1313 0 527 1311 0 563 1312 0 527 1311 0 564 1313 0 798 1314 0 798 1314 0 564 1313 0 781 1315 0 798 1314 0 781 1315 0 780 1316 0 798 1314 0 780 1316 0 526 1317 0 480 1318 0 800 1317 0 526 1317 0 526 1317 0 780 1316 0 480 1318 0 480 1318 0 780 1316 0 801 1318 0 780 1316 0 779 1319 0 801 1318 0 801 1318 0 779 1319 0 802 1320 0 565 1321 0 802 1320 0 779 1319 0 802 1320 0 565 1321 0 475 1322 0 475 1322 0 565 1321 0 567 1323 0 778 1324 0 475 1322 0 567 1323 0 475 1322 0 778 1324 0 803 1325 0 803 1325 0 778 1324 0 777 1326 0 803 1325 0 777 1326 0 776 1327 0 803 1325 0 776 1327 0 474 1328 0 474 1328 0 776 1327 0 804 1329 0 804 1329 0 776 1327 0 569 1330 0 804 1329 0 569 1330 0 471 1331 0 775 1332 0 471 1331 0 569 1330 0 471 1331 0 775 1332 0 470 1333 0 470 1333 0 775 1332 0 619 1334 0 470 1333 0 619 1334 0 805 1335 0 470 1333 0 805 1335 0 469 1335 0 570 1336 0 805 1335 0 619 1334 0 805 1335 0 570 1336 0 811 1337 0 811 1337 0 570 1336 0 566 1338 0 566 1338 0 570 1336 0 571 1339 0 566 1338 0 571 1339 0 812 1340 0 812 1340 0 571 1339 0 813 1341 0 571 1339 0 573 1342 0 813 1341 0 813 1341 0 573 1342 0 815 1343 0 815 1343 0 573 1342 0 575 1344 0 815 1343 0 575 1344 0 817 1345 0 817 1345 0 575 1344 0 823 1346 0 576 1347 0 823 1346 0 575 1344 0 823 1346 0 576 1347 0 821 1348 0 821 1348 0 576 1347 0 615 1349 0 821 1348 0 615 1349 0 820 1350 0 579 1351 0 820 1350 0 615 1349 0 579 1351 0 819 1352 0 820 1350 0 819 1352 0 579 1351 0 580 948 0 819 1352 0 580 948 0 1056 948 0 1189 1 0 1188 1 0 588 1 0 588 1 0 1188 1 0 589 1 0 589 1 0 1188 1 0 1187 1 0 589 1 0 1187 1 0 1192 1 0 1192 1 0 1187 1 0 1186 1 0 1192 1 0 1186 1 0 1185 1 0 1192 1 0 1185 1 0 1193 1 0 1193 1 0 1185 1 0 1194 1 0 1194 1 0 1185 1 0 1184 1 0 1194 1 0 1184 1 0 590 1 0 590 1 0 1184 1 0 587 1 0 590 1 0 587 1 0 591 1 0 591 1 0 587 1 0 1182 1 0 591 1 0 1182 1 0 592 1 0 592 1 0 1182 1 0 586 1 0 592 1 0 586 1 0 595 1 0 595 1 0 586 1 0 1180 1 0 595 1 0 1180 1 0 582 1 0 595 1 0 582 1 0 600 1 0 600 1 0 582 1 0 1200 1 0 1200 1 0 582 1 0 1178 1 0 1200 1 0 1178 1 0 604 1 0 604 1 0 1178 1 0 1177 1 0 604 1 0 1177 1 0 581 1 0 604 1 0 581 1 0 605 1 0 605 1 0 581 1 0 611 1 0 611 1 0 581 1 0 1175 1 0 611 1 0 1175 1 0 1204 1 0 1204 1 0 1175 1 0 580 1 0 1204 1 0 580 1 0 579 1 0 1204 1 0 579 1 0 787 1 0 787 1 0 579 1 0 785 1 0 785 1 0 579 1 0 615 1 0 785 1 0 615 1 0 555 1 0 555 1 0 615 1 0 576 1 0 555 1 0 576 1 0 575 1 0 555 1 0 575 1 0 784 1 0 784 1 0 575 1 0 556 1 0 556 1 0 575 1 0 573 1 0 556 1 0 573 1 0 783 1 0 783 1 0 573 1 0 571 1 0 783 1 0 571 1 0 570 1 0 783 1 0 570 1 0 557 1 0 557 1 0 570 1 0 562 1 0 562 1 0 570 1 0 619 1 0 562 1 0 619 1 0 782 1 0 782 1 0 619 1 0 775 1 0 782 1 0 775 1 0 563 1 0 563 1 0 775 1 0 569 1 0 563 1 0 569 1 0 564 1 0 564 1 0 569 1 0 776 1 0 564 1 0 776 1 0 781 1 0 781 1 0 776 1 0 777 1 0 781 1 0 777 1 0 778 1 0 781 1 0 778 1 0 780 1 0 780 1 0 778 1 0 779 1 0 779 1 0 778 1 0 567 1 0 779 1 0 567 1 0 565 1 0 1313 1056 0 526 1353 0 524 1059 0 1313 1056 0 798 1354 0 526 1353 0 523 1054 0 798 1354 0 1313 1056 0 798 1354 0 523 1054 0 527 1355 0 521 1053 0 527 1355 0 523 1054 0 516 1051 0 527 1355 0 521 1053 0 527 1355 0 516 1051 0 547 1356 0 1309 1049 0 547 1356 0 516 1051 0 1309 1049 0 796 1357 0 547 1356 0 796 1357 0 1309 1049 0 793 1358 0 1309 1049 0 514 1047 0 793 1358 0 793 1358 0 514 1047 0 550 1359 0 514 1047 0 1307 1045 0 550 1359 0 511 1043 0 550 1359 0 1307 1045 0 511 1043 0 551 1360 0 550 1359 0 551 1360 0 511 1043 0 791 1361 0 511 1043 0 510 1041 0 791 1361 0 1304 1039 0 791 1361 0 510 1041 0 1304 1039 0 789 1362 0 791 1361 0 789 1362 0 1304 1039 0 552 1363 0 509 1036 0 552 1363 0 1304 1039 0 509 1036 0 1206 1364 0 552 1363 0 1206 1364 0 509 1036 0 1207 1365 0 509 1036 0 508 1034 0 1207 1365 0 508 1034 0 487 1366 0 1207 1365 0 507 1033 0 487 1366 0 508 1034 0 487 1366 0 507 1033 0 1209 1367 0 507 1033 0 1300 1031 0 1209 1367 0 493 1029 0 1209 1367 0 1300 1031 0 493 1029 0 1210 1368 0 1209 1367 0 1210 1368 0 493 1029 0 1211 1369 0 493 1029 0 492 1028 0 1211 1369 0 491 1026 0 1211 1369 0 492 1028 0 583 470 0 1211 1369 0 491 1026 0 1239 1370 0 1211 1369 0 583 470 0 454 122 0 480 122 0 801 122 0 75 122 0 481 122 0 480 122 0 480 122 0 454 122 0 75 122 0 6 122 0 481 122 0 75 122 0 464 1373 0 469 1372 0 465 1371 0 464 1373 0 470 1374 0 469 1372 0 1248 1375 0 470 1374 0 464 1373 0 470 1374 0 1248 1375 0 471 1376 0 1248 1375 0 804 1377 0 471 1376 0 463 1378 0 804 1377 0 1248 1375 0 459 1379 0 804 1377 0 463 1378 0 804 1377 0 459 1379 0 474 1380 0 459 1379 0 803 1381 0 474 1380 0 1245 1382 0 803 1381 0 459 1379 0 803 1381 0 1245 1382 0 475 1383 0 455 1384 0 475 1383 0 1245 1382 0 475 1383 0 455 1384 0 802 1385 0 455 1384 0 801 1386 0 802 1385 0 455 1384 0 454 1065 0 801 1386 0 453 61 0 9 61 0 407 1137 0 407 1137 0 9 61 0 83 1387 0 10 61 0 83 1387 0 9 61 0 83 1387 0 10 61 0 84 1388 0 404 61 0 84 1388 0 10 61 0 84 1388 0 404 61 0 85 1389 0 403 61 0 85 1389 0 404 61 0 85 1389 0 403 61 0 86 1390 0 22 281 0 86 1390 0 403 61 0 86 1390 0 22 281 0 87 1391 0 30 281 0 87 1391 0 22 281 0 87 1391 0 30 281 0 96 1392 0 31 281 0 96 1392 0 30 281 0 96 1392 0 31 281 0 97 1393 0 368 281 0 97 1393 0 31 281 0 97 1393 0 368 281 0 99 1394 0 32 61 0 99 1394 0 368 281 0 99 1394 0 32 61 0 100 1395 0 365 61 0 100 1395 0 32 61 0 100 1395 0 365 61 0 103 1396 0 39 61 0 103 1396 0 365 61 0 103 1396 0 39 61 0 104 1397 0 364 61 0 104 1397 0 39 61 0 104 1397 0 364 61 0 105 1398 0 40 61 0 105 1398 0 364 61 0 105 1398 0 40 61 0 106 1399 0 358 61 0 106 1399 0 40 61 0 106 1399 0 358 61 0 109 1400 0 357 61 0 109 1400 0 358 61 0 109 1400 0 357 61 0 111 1401 0 41 61 0 111 1401 0 357 61 0 111 1401 0 41 61 0 112 1402 0 112 1402 0 41 61 0 42 61 0 43 61 0 112 1402 0 42 61 0 112 1402 0 43 61 0 113 1403 0 113 1403 0 43 61 0 356 61 0 355 61 0 113 1403 0 356 61 0 113 1403 0 355 61 0 115 1404 0 44 61 0 115 1404 0 355 61 0 115 1404 0 44 61 0 116 1405 0 54 61 0 116 1405 0 44 61 0 1345 1407 0 116 1405 0 452 1406 0 116 1405 0 54 61 0 452 1406 0 407 1137 0 83 1387 0 476 1138 0 476 1138 0 83 1387 0 117 1408 0 83 1387 0 84 1388 0 117 1408 0 117 1408 0 84 1388 0 118 1409 0 84 1388 0 85 1389 0 118 1409 0 118 1409 0 85 1389 0 119 1410 0 85 1389 0 86 1390 0 119 1410 0 119 1410 0 86 1390 0 120 1411 0 86 1390 0 87 1391 0 120 1411 0 120 1411 0 87 1391 0 122 1412 0 87 1391 0 96 1392 0 122 1412 0 122 1412 0 96 1392 0 123 1413 0 96 1392 0 97 1393 0 123 1413 0 123 1413 0 97 1393 0 124 1414 0 97 1393 0 99 1394 0 124 1414 0 124 1414 0 99 1394 0 128 1415 0 99 1394 0 100 1395 0 128 1415 0 128 1415 0 100 1395 0 130 1416 0 100 1395 0 103 1396 0 130 1416 0 130 1416 0 103 1396 0 132 1417 0 103 1396 0 104 1397 0 132 1417 0 132 1417 0 104 1397 0 134 1418 0 104 1397 0 105 1398 0 134 1418 0 134 1418 0 105 1398 0 135 1419 0 105 1398 0 106 1399 0 135 1419 0 135 1419 0 106 1399 0 136 1420 0 106 1399 0 109 1400 0 136 1420 0 136 1420 0 109 1400 0 138 1421 0 109 1400 0 111 1401 0 138 1421 0 138 1421 0 111 1401 0 143 1422 0 111 1401 0 112 1402 0 143 1422 0 143 1422 0 112 1402 0 144 1423 0 112 1402 0 113 1403 0 144 1423 0 144 1423 0 113 1403 0 145 1424 0 113 1403 0 115 1404 0 145 1424 0 145 1424 0 115 1404 0 146 1425 0 115 1404 0 116 1405 0 146 1425 0 146 1425 0 116 1405 0 147 1426 0 1345 1407 0 147 1426 0 116 1405 0 1346 1427 0 147 1426 0 1345 1407 0 476 1138 0 117 1408 0 410 1428 0 410 1428 0 117 1408 0 148 1429 0 117 1408 0 118 1409 0 148 1429 0 148 1429 0 118 1409 0 149 1430 0 118 1409 0 119 1410 0 149 1430 0 149 1430 0 119 1410 0 150 1431 0 119 1410 0 120 1411 0 150 1431 0 150 1431 0 120 1411 0 151 1432 0 120 1411 0 122 1412 0 151 1432 0 151 1432 0 122 1412 0 158 1433 0 122 1412 0 123 1413 0 158 1433 0 158 1433 0 123 1413 0 159 1434 0 123 1413 0 124 1414 0 159 1434 0 159 1434 0 124 1414 0 160 1435 0 124 1414 0 128 1415 0 160 1435 0 160 1435 0 128 1415 0 161 1436 0 128 1415 0 130 1416 0 161 1436 0 161 1436 0 130 1416 0 162 1437 0 130 1416 0 132 1417 0 162 1437 0 162 1437 0 132 1417 0 163 1438 0 132 1417 0 134 1418 0 163 1438 0 163 1438 0 134 1418 0 165 1439 0 134 1418 0 135 1419 0 165 1439 0 165 1439 0 135 1419 0 169 1440 0 135 1419 0 136 1420 0 169 1440 0 169 1440 0 136 1420 0 172 1441 0 136 1420 0 138 1421 0 172 1441 0 172 1441 0 138 1421 0 173 1442 0 138 1421 0 143 1422 0 173 1442 0 173 1442 0 143 1422 0 174 1443 0 143 1422 0 144 1423 0 174 1443 0 174 1443 0 144 1423 0 175 1444 0 144 1423 0 145 1424 0 175 1444 0 175 1444 0 145 1424 0 176 1445 0 145 1424 0 146 1425 0 176 1445 0 176 1445 0 146 1425 0 178 1446 0 146 1425 0 147 1426 0 178 1446 0 178 1446 0 147 1426 0 179 1447 0 1346 1427 0 179 1447 0 147 1426 0 451 1448 0 179 1447 0 1346 1427 0 410 1428 0 148 1429 0 482 1180 0 482 1180 0 148 1429 0 183 1449 0 148 1429 0 149 1430 0 183 1449 0 183 1449 0 149 1430 0 184 1450 0 149 1430 0 150 1431 0 184 1450 0 184 1450 0 150 1431 0 187 1451 0 150 1431 0 151 1432 0 187 1451 0 187 1451 0 151 1432 0 189 1452 0 151 1432 0 158 1433 0 189 1452 0 189 1452 0 158 1433 0 190 1453 0 158 1433 0 159 1434 0 190 1453 0 190 1453 0 159 1434 0 192 1454 0 159 1434 0 160 1435 0 192 1454 0 192 1454 0 160 1435 0 193 1455 0 160 1435 0 161 1436 0 193 1455 0 193 1455 0 161 1436 0 194 1456 0 161 1436 0 162 1437 0 194 1456 0 194 1456 0 162 1437 0 195 1457 0 162 1437 0 163 1438 0 195 1457 0 195 1457 0 163 1438 0 197 1458 0 163 1438 0 165 1439 0 197 1458 0 197 1458 0 165 1439 0 200 1459 0 165 1439 0 169 1440 0 200 1459 0 200 1459 0 169 1440 0 201 1460 0 169 1440 0 172 1441 0 201 1460 0 201 1460 0 172 1441 0 202 1461 0 172 1441 0 173 1442 0 202 1461 0 202 1461 0 173 1442 0 203 1462 0 173 1442 0 174 1443 0 203 1462 0 203 1462 0 174 1443 0 206 1463 0 174 1443 0 175 1444 0 206 1463 0 206 1463 0 175 1444 0 207 1464 0 175 1444 0 176 1445 0 207 1464 0 207 1464 0 176 1445 0 209 1465 0 176 1445 0 178 1446 0 209 1465 0 209 1465 0 178 1446 0 211 1466 0 178 1446 0 179 1447 0 211 1466 0 211 1466 0 179 1447 0 212 1467 0 451 1448 0 212 1467 0 179 1447 0 450 1468 0 212 1467 0 451 1448 0 482 1180 0 183 1449 0 528 1469 0 528 1469 0 183 1449 0 215 1470 0 183 1449 0 184 1450 0 215 1470 0 215 1470 0 184 1450 0 218 1471 0 184 1450 0 187 1451 0 218 1471 0 218 1471 0 187 1451 0 219 1472 0 187 1451 0 189 1452 0 219 1472 0 219 1472 0 189 1452 0 222 1473 0 189 1452 0 190 1453 0 222 1473 0 222 1473 0 190 1453 0 223 1474 0 190 1453 0 192 1454 0 223 1474 0 223 1474 0 192 1454 0 224 1475 0 192 1454 0 193 1455 0 224 1475 0 224 1475 0 193 1455 0 225 1476 0 193 1455 0 194 1456 0 225 1476 0 225 1476 0 194 1456 0 226 1477 0 194 1456 0 195 1457 0 226 1477 0 226 1477 0 195 1457 0 227 1478 0 195 1457 0 197 1458 0 227 1478 0 227 1478 0 197 1458 0 228 1479 0 197 1458 0 200 1459 0 228 1479 0 228 1479 0 200 1459 0 229 1480 0 200 1459 0 201 1460 0 229 1480 0 229 1480 0 201 1460 0 230 1481 0 201 1460 0 202 1461 0 230 1481 0 230 1481 0 202 1461 0 234 1482 0 202 1461 0 203 1462 0 234 1482 0 234 1482 0 203 1462 0 235 1483 0 203 1462 0 206 1463 0 235 1483 0 235 1483 0 206 1463 0 239 1484 0 206 1463 0 207 1464 0 239 1484 0 239 1484 0 207 1464 0 240 1485 0 207 1464 0 209 1465 0 240 1485 0 240 1485 0 209 1465 0 241 1486 0 209 1465 0 211 1466 0 241 1486 0 241 1486 0 211 1466 0 242 1487 0 211 1466 0 212 1467 0 242 1487 0 242 1487 0 212 1467 0 244 1488 0 450 1468 0 244 1488 0 212 1467 0 448 1489 0 244 1488 0 450 1468 0 528 1469 0 215 1470 0 553 1222 0 553 1222 0 215 1470 0 245 1490 0 215 1470 0 218 1471 0 245 1490 0 245 1490 0 218 1471 0 251 1491 0 218 1471 0 219 1472 0 251 1491 0 251 1491 0 219 1472 0 252 1492 0 219 1472 0 222 1473 0 252 1492 0 252 1492 0 222 1473 0 253 1493 0 222 1473 0 223 1474 0 253 1493 0 253 1493 0 223 1474 0 254 1494 0 223 1474 0 224 1475 0 254 1494 0 254 1494 0 224 1475 0 255 1495 0 224 1475 0 225 1476 0 255 1495 0 255 1495 0 225 1476 0 256 1496 0 225 1476 0 226 1477 0 256 1496 0 256 1496 0 226 1477 0 260 1497 0 226 1477 0 227 1478 0 260 1497 0 260 1497 0 227 1478 0 264 1498 0 227 1478 0 228 1479 0 264 1498 0 264 1498 0 228 1479 0 268 1499 0 228 1479 0 229 1480 0 268 1499 0 268 1499 0 229 1480 0 270 1500 0 229 1480 0 230 1481 0 270 1500 0 270 1500 0 230 1481 0 271 1501 0 230 1481 0 234 1482 0 271 1501 0 271 1501 0 234 1482 0 274 1502 0 234 1482 0 235 1483 0 274 1502 0 274 1502 0 235 1483 0 277 1503 0 235 1483 0 239 1484 0 277 1503 0 277 1503 0 239 1484 0 279 1504 0 239 1484 0 240 1485 0 279 1504 0 279 1504 0 240 1485 0 280 1505 0 240 1485 0 241 1486 0 280 1505 0 280 1505 0 241 1486 0 316 1506 0 241 1486 0 242 1487 0 316 1506 0 316 1506 0 242 1487 0 317 1507 0 242 1487 0 244 1488 0 317 1507 0 317 1507 0 244 1488 0 319 1508 0 448 1489 0 319 1508 0 244 1488 0 1347 1509 0 319 1508 0 448 1489 0 553 1222 0 245 1490 0 411 1510 0 411 1510 0 245 1490 0 320 1511 0 245 1490 0 251 1491 0 320 1511 0 320 1511 0 251 1491 0 321 1512 0 251 1491 0 252 1492 0 321 1512 0 321 1512 0 252 1492 0 322 1513 0 252 1492 0 253 1493 0 322 1513 0 322 1513 0 253 1493 0 324 1514 0 253 1493 0 254 1494 0 324 1514 0 324 1514 0 254 1494 0 326 1515 0 254 1494 0 255 1495 0 326 1515 0 326 1515 0 255 1495 0 327 1516 0 255 1495 0 256 1496 0 327 1516 0 327 1516 0 256 1496 0 328 1517 0 256 1496 0 260 1497 0 328 1517 0 328 1517 0 260 1497 0 332 1518 0 260 1497 0 264 1498 0 332 1518 0 332 1518 0 264 1498 0 336 1519 0 264 1498 0 268 1499 0 336 1519 0 336 1519 0 268 1499 0 337 1520 0 268 1499 0 270 1500 0 337 1520 0 337 1520 0 270 1500 0 338 1521 0 270 1500 0 271 1501 0 338 1521 0 338 1521 0 271 1501 0 341 1522 0 271 1501 0 274 1502 0 341 1522 0 341 1522 0 274 1502 0 342 1523 0 274 1502 0 277 1503 0 342 1523 0 342 1523 0 277 1503 0 343 1524 0 277 1503 0 279 1504 0 343 1524 0 343 1524 0 279 1504 0 345 1525 0 279 1504 0 280 1505 0 345 1525 0 345 1525 0 280 1505 0 346 1526 0 280 1505 0 316 1506 0 346 1526 0 346 1526 0 316 1506 0 347 1527 0 316 1506 0 317 1507 0 347 1527 0 347 1527 0 317 1507 0 349 1528 0 317 1507 0 319 1508 0 349 1528 0 349 1528 0 319 1508 0 350 1529 0 1348 1530 0 350 1529 0 1347 1509 0 1347 1509 0 350 1529 0 319 1508 0 411 1510 0 320 1511 0 558 1531 0 558 1531 0 320 1511 0 419 1532 0 419 1532 0 320 1511 0 420 1533 0 420 1533 0 320 1511 0 423 1534 0 320 1511 0 321 1512 0 423 1534 0 423 1534 0 321 1512 0 425 1535 0 321 1512 0 322 1513 0 425 1535 0 425 1535 0 322 1513 0 426 1536 0 426 1536 0 322 1513 0 427 1537 0 322 1513 0 324 1514 0 427 1537 0 427 1537 0 324 1514 0 428 1538 0 428 1538 0 324 1514 0 1282 1539 0 324 1514 0 326 1515 0 1282 1539 0 1282 1539 0 326 1515 0 1283 1540 0 1283 1540 0 326 1515 0 1284 1541 0 326 1515 0 327 1516 0 1284 1541 0 1284 1541 0 327 1516 0 430 1542 0 327 1516 0 328 1517 0 430 1542 0 430 1542 0 328 1517 0 434 1543 0 328 1517 0 332 1518 0 434 1543 0 434 1543 0 332 1518 0 1287 1544 0 1287 1544 0 332 1518 0 1335 1545 0 332 1518 0 336 1519 0 1335 1545 0 1335 1545 0 336 1519 0 435 1546 0 336 1519 0 337 1520 0 435 1546 0 435 1546 0 337 1520 0 1337 1547 0 1337 1547 0 337 1520 0 436 1548 0 337 1520 0 338 1521 0 436 1548 0 436 1548 0 338 1521 0 1339 1549 0 338 1521 0 341 1522 0 1339 1549 0 1339 1549 0 341 1522 0 437 1550 0 437 1550 0 341 1522 0 1341 1551 0 341 1522 0 342 1523 0 1341 1551 0 1341 1551 0 342 1523 0 438 1552 0 342 1523 0 343 1524 0 438 1552 0 438 1552 0 343 1524 0 1343 1553 0 343 1524 0 345 1525 0 1343 1553 0 1343 1553 0 345 1525 0 1344 1554 0 1344 1554 0 345 1525 0 440 1555 0 345 1525 0 346 1526 0 440 1555 0 346 1526 0 347 1527 0 440 1555 0 440 1555 0 347 1527 0 441 1556 0 347 1527 0 349 1528 0 441 1556 0 441 1556 0 349 1528 0 445 1557 0 445 1557 0 349 1528 0 446 1558 0 349 1528 0 350 1529 0 446 1558 0 446 1558 0 350 1529 0 1349 1559 0 350 1529 0 1348 1530 0 1349 1559 0 524 0 0 800 0 0 1315 0 0 524 0 0 526 0 0 800 0 0 82 0 0 1315 0 0 800 0 0 7 0 0 1315 0 0 82 0 0 7 0 0 1316 1560 0 1315 0 0 80 1561 0 1316 1560 0 7 0 0 1316 1560 0 80 1561 0 1317 1562 0 80 1561 0 3 1563 0 1317 1562 0 1317 1562 0 3 1563 0 79 1 0 3 1563 0 77 1 0 79 1 0 4 1564 0 79 1 0 77 1 0 79 1 0 4 1564 0 73 1565 0 5 1566 0 73 1565 0 4 1564 0 73 1565 0 5 1566 0 74 1567 0 6 122 0 74 1567 0 5 1566 0 75 122 0 74 1567 0 6 122 0 1336 61 0 1338 61 0 55 61 0 1336 61 0 55 61 0 1340 61 0 1336 61 0 1340 61 0 1334 61 0 1334 61 0 1340 61 0 1333 61 0 1333 61 0 1340 61 0 1342 61 0 1333 61 0 1342 61 0 56 61 0 56 61 0 1342 61 0 54 61 0 56 61 0 54 61 0 57 61 0 57 61 0 54 61 0 59 61 0 59 61 0 54 61 0 44 61 0 59 61 0 44 61 0 63 61 0 63 61 0 44 61 0 355 61 0 63 61 0 355 61 0 1332 61 0 1332 61 0 355 61 0 356 61 0 1332 61 0 356 61 0 66 61 0 66 61 0 356 61 0 1330 61 0 1330 61 0 356 61 0 43 61 0 1330 61 0 43 61 0 69 61 0 69 61 0 43 61 0 70 61 0 70 61 0 43 61 0 42 61 0 70 61 0 42 61 0 41 61 0 70 61 0 41 61 0 1329 61 0 1329 61 0 41 61 0 357 61 0 1329 61 0 357 61 0 1328 61 0 1328 61 0 357 61 0 358 61 0 1328 61 0 358 61 0 1327 61 0 1327 61 0 358 61 0 71 61 0 71 61 0 358 61 0 40 61 0 71 61 0 40 61 0 1325 61 0 1325 61 0 40 61 0 364 61 0 1325 61 0 364 61 0 453 61 0 453 61 0 364 61 0 39 61 0 453 61 0 39 61 0 9 61 0 9 61 0 39 61 0 10 61 0 10 61 0 39 61 0 365 61 0 10 61 0 365 61 0 404 61 0 404 61 0 365 61 0 32 61 0 404 61 0 32 61 0 403 61 0 403 61 0 32 61 0 368 61 0 403 61 0 368 61 0 22 61 0 22 61 0 368 61 0 31 61 0 22 61 0 31 61 0 30 61 0 82 61 0 800 61 0 481 61 0 481 61 0 800 61 0 480 61 0 80 123 0 481 123 0 3 123 0 82 123 0 481 123 0 7 123 0 7 123 0 481 123 0 80 123 0</p>
				</polylist>
			</mesh>
		</geometry>
	</library_geometries>
	<library_visual_scenes>
		<visual_scene id="ID1">
			<node id="ID2" name="J4_-_摆正.STEP">
				<translate sid="translate">0 0 -0</translate>
				<rotate sid="rotateY">0 1 0 -0</rotate>
				<rotate sid="rotateX">1 0 0 0</rotate>
				<rotate sid="rotateZ">0 0 1 -0</rotate>
				<scale sid="scale">1 1 1</scale>
				<node id="ID3" name="NONE">
					<translate sid="translate">0 0 -0</translate>
					<rotate sid="rotateY">0 1 0 -0</rotate>
					<rotate sid="rotateX">1 0 0 0</rotate>
					<rotate sid="rotateZ">0 0 1 -0</rotate>
					<scale sid="scale">1 1 1</scale>
					<instance_geometry url="#ID4"/>
				</node>
			</node>
		</visual_scene>
	</library_visual_scenes>
	<scene>
		<instance_visual_scene url="#ID1"/>
	</scene>
</COLLADA>
