<?xml version="1.0" encoding="UTF-8"?>
<COLLADA xmlns="http://www.collada.org/2008/03/COLLADASchema" version="1.5.0">
	<asset>
		<contributor>
			<authoring_tool>Cinema 4D 2023.103 COLLADA Exporter</authoring_tool>
		</contributor>
		<created>2025-07-30T06:08:43Z</created>
		<modified>2025-07-30T06:08:43Z</modified>
		<unit meter="0.01" name="centimeter"/>
		<up_axis>Y_UP</up_axis>
	</asset>
	<library_geometries>
		<geometry id="ID4">
			<mesh>
				<source id="ID5">
					<float_array id="ID6" count="3729" digits="2490374">19.3375 -3.5 -0.05 -0.826289 -3.37839 0.0373325 15.4225 -3.45691 -0.597521 15.4225 -3.3287 -1.13156 15.4225 -3.11852 -1.63897 15.4225 -2.83156 -2.10725 -1.60524 -3.08536 0.0373325 15.4225 -2.05725 -2.88156 15.4225 -1.58897 -3.16852 -2.2923 -2.61565 0.0373325 -2.84807 -1.99618 0.0373325 -3.24078 -1.26238 0.0373325 -3.4479 -0.456323 0.0373325 15.4225 1.08156 -3.3787 15.4225 1.58897 -3.16852 15.4225 2.05725 -2.88156 15.4225 2.47487 -2.52487 -3.45759 0.375889 0.0373325 -3.2693 1.18656 0.0373325 -2.8938 1.9293 0.0373325 15.4225 3.45691 -0.597521 -2.3526 2.56155 0.0373325 -1.67667 3.04713 0.0373325 -0.904756 3.35822 0.0373325 7.79805 1.77504 2.96717 19.3375 3.11852 -1.63897 -0.0815241 3.48292 0.0454291 -0.0815241 3.49892 0.094022 -0.0815241 3.49909 0.1 -0.623888 3.44398 0.1 -1.65042 3.08649 0.1 19.3375 0.547521 -3.50691 19.3375 -4.80844e-15 -3.55 19.3375 -0.547521 -3.50691 19.3375 -1.08156 -3.3787 19.3375 -1.58897 -3.16852 19.3375 -2.05725 -2.88156 19.3375 -2.47487 -2.52487 19.3375 -2.83156 -2.10725 19.3375 -3.11852 -1.63897 19.3375 -3.3287 -1.13156 19.3375 -3.45691 -0.597521 7.99696 1.32925 3.18776 -3.34353 1.03494 0.1 15.4225 3.45691 0.497521 15.4225 3.3287 1.03156 15.4225 3.11852 1.53897 15.4225 2.83156 2.00725 15.4225 2.47487 2.42487 15.4225 2.05725 2.78156 15.4225 1.58897 3.06852 -3.31851 -1.11254 0.1 15.4225 0.547521 3.40691 15.4225 9.62245e-15 3.45 -2.81714 -2.07701 0.1 -2.46045 -2.48927 0.1 15.4225 -1.58897 3.06852 15.4225 -2.05725 2.78156 -2.04406 -2.84114 0.1 -1.57808 -3.12409 0.1 -1.07381 -3.33124 0.1 1.78828e-16 -3.46452 0.0235664 1.70929e-16 -3.45974 0.0197803 -0.505901 -3.41709 0.0160389 -1.01349 -3.29663 0.0127813 -1.50976 -3.09498 0.0100075 -2.4021 -2.45402 0.00594289 -3.2194 -1.16933 0.00321054 19.3375 -2.9986 1.7551 19.3375 -2.67295 2.2095 19.3375 -2.2791 2.60626 -3.3658 -0.626474 0.00281473 -3.42276 -0.0396102 0.0026711 -3.42299 -4.95305e-06 0.00267049 19.3375 -0.243182 3.44154 -3.37634 0.566276 0.00278604 18.8675 -0.1 3.44857 18.8286 -0.0922024 3.44879 -3.24564 1.09352 0.00313518 -3.03765 1.58682 0.00374181 18.7827 0.0531184 3.4496 18.8093 0.0813356 3.44905 18.8675 0.1 3.44857 19.3375 0.1 3.44857 19.3375 0.487067 3.41594 19.3375 0.868135 3.34063 -2.45678 2.39844 0.00573232 19.3375 1.89004 2.8958 19.3375 2.33495 2.5573 19.3375 2.72029 2.15228 19.3375 3.03623 1.69107 19.3375 3.27471 1.18544 19.3375 3.42963 0.648288 19.3375 3.49706 0.0933248 -2.04199 2.76572 0.00744365 7.8623 2.81534 2.03062 15.4225 -3.5 -0.05 15.3925 -3.47 -0.05 -0.0815241 3.45004 0.5 -0.0815241 3.49909 0.5 -0.0815241 3.45791 0.2 7.67121 3.42765 0.668665 1.95361 -0.505213 7.535 1.76342 -0.977319 7.535 1.0926 -1.68708 7.535 15.3925 -1.82236 -3.00295 0.682755 -1.88646 7.535 -0.127742 -1.99465 7.535 15.3925 -0.735665 -3.44112 -0.318632 -1.97138 7.535 -0.50231 -1.931 7.535 -1.12321 -1.64209 7.535 -1.25172 -1.54485 7.535 15.3925 1.19591 -3.30741 15.3925 1.55589 -3.15163 15.3925 1.89599 -2.95622 15.3925 2.21186 -2.72368 15.3925 2.49947 -2.45698 15.3925 2.75515 -2.15952 15.3925 2.97562 -1.83511 -1.58409 -1.19655 7.535 -1.87973 -0.629944 7.535 -1.9759 0.150009 7.535 -1.94628 0.373908 7.535 -1.60947 1.16184 7.535 -0.617284 1.89629 7.535 15.4225 3.3287 -1.13156 15.4225 3.11852 -1.63897 15.4225 2.83156 -2.10725 -0.417859 1.95184 7.535 0.0142041 2.00001 7.535 0.693493 1.88266 7.535 1.65162 1.15448 7.535 15.4225 0.547521 -3.50691 15.4225 1.4088e-15 -3.55 15.4225 -0.547521 -3.50691 15.4225 -1.08156 -3.3787 1.86871 0.759365 7.535 7.56014 2.17708 2.69424 15.4225 -2.47487 -2.52487 -2.16471 0.302103 7.51481 -2.10237 0.598412 7.51495 -1.99971 0.883289 7.51518 -1.85873 1.1513 7.51548 7.09846 -3.4654 -0.113572 -1.68199 1.39727 7.51587 -1.47291 1.61647 7.51631 19.3675 3.44783 -0.441612 19.3675 3.33222 -1.0181 19.3675 3.12094 -1.56679 19.3675 2.92982 -1.90932 19.3675 2.70126 -2.22809 -1.2354 1.80455 7.51682 19.3675 2.14397 -2.77842 -0.974059 1.95791 7.51737 -0.72075 2.06603 7.51774 -0.447941 2.14396 7.51808 -0.111702 2.19085 7.51832 19.3675 0.348255 -3.50248 0.236451 2.18505 7.51845 19.3675 -0.434906 -3.49264 19.3675 -0.820652 -3.42156 19.3675 -1.19591 -3.30741 0.639436 2.109 7.51832 1.04037 1.9511 7.51799 1.54202 1.60122 7.51719 1.94017 1.11036 7.5165 19.3675 -2.75515 -2.15952 19.3675 -2.97562 -1.83511 19.3675 -3.15807 -1.48788 2.13948 0.676313 7.51619 2.2414 0.186736 7.51602 -2.37999 0.351531 7.45764 -2.30205 0.695085 7.45812 -2.17412 1.02294 7.45891 -1.99926 1.32775 7.45998 -1.78148 1.60269 7.46131 -1.52593 1.84167 7.46288 -1.23853 2.0394 7.46465 -0.926015 2.19177 7.46659 -0.634069 2.29138 7.46786 -0.325967 2.35512 7.46906 0.0445552 2.38036 7.46991 0.421562 2.34851 7.47036 0.84795 2.24168 7.46991 19.3375 1.08156 -3.3787 19.3375 1.58897 -3.16852 19.3375 2.05725 -2.88156 19.3375 2.47487 -2.52487 19.3375 2.83156 -2.10725 1.26489 2.05345 7.46874 19.3375 3.3287 -1.13156 19.3375 3.45691 -0.597521 6.82815 -3.49802 0.0795778 1.77694 1.67115 7.46593 15.3925 3.44783 0.341612 15.3925 3.33222 0.918099 2.18292 1.15315 7.46352 15.3925 2.92982 1.80932 15.3925 2.70126 2.12809 15.3925 2.4382 2.41903 15.3925 2.14397 2.67842 15.3925 1.82236 2.90295 15.3925 1.47745 3.08975 15.3925 1.11367 3.23643 2.38797 0.700568 7.46245 2.49358 0.196072 7.46187 -2.81248 0.474336 7.25256 -2.69135 0.934244 7.25393 -2.49375 1.36587 7.25618 -2.22606 1.7563 7.25925 -1.89672 2.09396 7.26306 15.3925 -1.89599 2.85622 -1.51623 2.36908 7.26753 15.3925 -2.49947 2.35698 -1.09657 2.57392 7.27257 -0.650896 2.70324 7.27811 -0.265374 2.76117 7.28173 0.122979 2.76846 7.28517 0.562331 2.71705 7.2876 0.98879 2.60095 7.28887 1.43981 2.40358 7.2876 15.4225 -3.45691 0.497521 15.4225 -3.3287 1.03156 15.4225 -3.11852 1.53897 15.4225 -2.83156 2.00725 15.4225 -2.47487 2.42487 1.85731 2.13659 7.28425 2.33836 1.69296 7.27624 15.4225 -1.08156 3.2787 15.4225 -0.547521 3.40691 2.71577 1.14811 7.26936 2.90979 0.69052 7.26629 15.4225 1.08156 3.2787 3.01095 0.201472 7.26464 -3.17997 0.595557 6.96029 -3.01365 1.16973 6.96214 -2.74329 1.70205 6.96517 -2.3789 2.17361 6.9693 -1.93387 2.56785 6.97444 -1.42453 2.8711 6.98046 15.4225 3.5 -0.05 -0.869505 3.07314 6.98725 -0.28889 3.16776 6.99471 0.187634 3.1728 6.99959 0.651065 3.11256 7.00423 1.14925 2.97273 7.0075 19.3675 -3.21769 1.24898 1.61203 2.76237 7.0092 2.06821 2.46737 7.00749 2.46357 2.12038 7.00298 19.3675 -2.30542 2.54344 19.3675 -1.9923 2.79106 19.3675 -1.65281 3.00109 19.3675 -1.29144 3.17073 19.3675 -0.912984 3.29774 19.3675 -0.510082 3.3823 19.3675 -0.1 3.41856 2.8808 1.62696 6.9922 3.20153 1.0787 6.98293 19.3375 -0.795993 3.35828 19.3375 -1.3285 3.18807 19.3375 -1.8271 2.93525 3.36949 0.639802 6.97879 3.45797 0.196439 6.97656 -3.31402 0.643007 6.79413 19.3375 -3.24775 1.25465 19.3375 -3.41404 0.720906 19.3375 -3.47845 0.337842 6.90095 -3.42035 -0.0441705 -3.12958 1.26182 6.7958 -2.83008 1.83327 6.79854 -2.42701 2.33604 6.80228 19.3375 -0.1 3.44857 -1.93576 2.75153 6.80692 -1.37508 3.06455 6.81237 -0.766254 3.26388 6.81852 18.7906 -0.0638997 3.41941 18.7675 -5.89134e-15 3.42 18.7675 -2.81205e-15 3.45 18.795 -0.0689484 3.44932 -0.132232 3.34294 6.82527 0.379711 3.32548 6.82968 0.871971 3.23718 6.83388 1.39193 3.06098 6.83684 18.777 0.0425387 3.41974 18.8036 0.076969 3.41915 1.86716 2.81204 6.83838 2.32242 2.47742 6.83684 2.70541 2.09854 6.83275 3.092 1.58711 6.82299 3.38543 1.04104 6.81461 3.54036 0.613221 6.81086 3.6222 0.192734 6.80885 8.01847 2.23641 2.6423 3.53078 -1.93294e-05 6.91968 2.86279 -6.12986e-05 7.33716 2.49362 -5.84019e-05 7.46434 2.01847 -1.23735e-07 7.535 1.98754 0.35045 7.535 19.3675 0.920976 3.29555 19.3675 1.39117 3.12892 19.3675 1.74708 2.9481 19.3675 2.07986 2.7276 1.32718 1.51239 7.535 19.3675 2.6588 2.17973 19.3675 2.8973 1.8596 19.3675 3.09745 1.51419 19.3675 3.25661 1.14809 19.3675 3.37266 0.766128 0.913496 1.78857 7.535 0.465596 1.94939 7.535 19.3375 3.5 -0.05 -0.806816 1.82181 7.535 -1.12598 1.6402 7.535 -1.26596 1.53307 7.535 -1.39367 1.41634 7.535 -1.77115 0.892937 7.535 -1.88122 0.625517 7.535 -2.21851 1.58977e-05 7.50829 19.3375 1.39691 3.15915 -2.47879 2.09041e-05 7.43203 -3.01025 2.41966e-05 7.14959 -3.28297 1.73917e-05 6.91044 -3.41684 0.521773 6.64999 14.5925 3.47 -0.05 15.3925 3.47 -0.05 15.3925 3.42556 -0.603592 15.3925 3.29336 -1.143 15.3925 3.15807 -1.48788 -2.79056 2.03929 6.64999 -1.8828 2.89806 6.65011 -1.35852 3.17755 6.65009 -0.236343 3.44732 6.64987 0.35624 3.44093 6.64983 1.51909 3.1363 6.64988 1.80706 2.98945 6.64997 15.3925 0.820652 -3.42156 15.3925 0.434906 -3.49264 15.3925 0.0436042 -3.51973 15.3925 -0.348255 -3.50248 2.06857 2.82536 6.65016 15.3925 -1.11367 -3.33643 15.3925 -1.47745 -3.18975 2.49834 2.4793 6.65002 15.3925 -2.14397 -2.77842 15.3925 -2.4382 -2.51903 15.3925 -2.70126 -2.22809 15.3925 -2.92982 -1.90932 15.3925 -3.12094 -1.56679 15.3925 -3.33222 -1.0181 15.3925 -3.44783 -0.441612 2.95241 1.97315 6.64996 3.5279 0.946278 6.65005 14.5925 -3.42728 -0.592828 14.5925 -3.30017 -1.12229 14.5925 -3.09179 -1.62535 -0.0414234 3.49979 0.580087 -0.0671271 3.49939 0.551705 -0.0664169 3.45004 0.552939 -0.0298627 3.45004 0.587541 6.8689 -3.4764 0.00219191 0.0823731 3.45004 0.576923 14.5925 -3.42019e-14 -3.52 14.5925 0.542828 -3.47728 14.5925 1.07229 -3.35017 14.5925 1.57535 -3.14179 0.0184759 3.45004 0.6 3.0807 -1.79376 6.64988 -0.0815241 3.45004 0.2 1.11699 -3.28984 6.65012 -3.4002 0.396529 -6.77314e-16 14.5925 3.42728 -0.592828 -0.151306 -3.45201 6.65007 19.3675 3.47 -0.05 19.3675 3.44558 0.360956 -3.33124 0.79147 -6.91232e-16 -3.22341 1.15814 -7.10853e-16 -2.96456 1.7211 -7.55254e-16 -2.01427 2.78637 -9.09716e-16 -1.51447 3.09261 -9.88788e-16 19.3675 2.38511 2.47034 -1.3 3.1912 -1.02244e-15 0.309083 3.44922 -1.27081e-15 0.485564 3.43077 0.00501179 0.118476 3.45898 0.019131 19.3675 0.431745 3.39304 -0.0815241 3.45791 0.0191394 -0.583933 3.40378 0.0155047 -1.08708 3.27227 0.0123439 -1.57791 3.05997 0.00965685 -2.77179 2.02043 0.00459817 -2.48669 -2.40047 6.64983 1.85029 3.39879 -2.4869e-15 -0.154567 3.45464 -1.19992e-15 19.3675 -2.58803 2.26149 19.3675 -2.83639 1.94895 19.3675 -3.04721 1.60995 -0.612696 3.3984 -1.12935e-15 19.3675 -3.3707 0.77418 19.3675 -3.45405 0.282343 19.3675 -3.47 -0.05 19.3675 -3.42556 -0.603592 19.3675 -3.29336 -1.143 -0.912035 3.32725 -1.08295e-15 -2.45063 2.40482 -8.39706e-16 -2.70251 2.11342 -7.98689e-16 19.3675 -2.49947 -2.45698 19.3675 -2.21186 -2.72368 19.3675 -1.89599 -2.95622 19.3675 -1.55589 -3.15163 -2.83137 1.93492 -7.77452e-16 -3.09759 1.46491 -7.32718e-16 -3.42299 -4.95348e-06 -1.50553e-15 19.3675 -0.0436042 -3.51973 -3.09407 -1.47238 4.3239e-10 19.3675 0.735665 -3.44112 19.3675 1.11367 -3.33643 19.3675 1.47745 -3.18975 19.3675 1.82236 -3.00295 -2.84556 -1.91373 5.7652e-10 19.3675 2.4382 -2.51903 -2.53527 -2.31406 7.20651e-10 -2.16985 -2.66481 8.64781e-10 -1.75715 -2.95845 1.00891e-09 -0.82606 -3.35058 1.29717e-09 -0.327631 -3.44068 1.4413e-09 -3.32662 -0.938452 6.6499 -3.42526 -0.463312 6.64997 15.3925 -3.42556 0.503592 15.3925 -3.29336 1.043 15.3925 -3.15807 1.38788 15.3925 -2.97562 1.73511 15.3925 -2.75515 2.05952 -3.00024 -1.6573 0.00385853 15.3925 -2.21186 2.62368 -2.7251 -2.08382 0.00475871 15.3925 -1.55589 3.05163 15.3925 -1.19591 3.20741 15.3925 -0.820652 3.32156 15.3925 -0.434906 3.39264 15.3925 -0.0436042 3.41973 15.3925 0.348255 3.40248 15.3925 0.735665 3.34112 -1.98036 -2.81099 0.00771739 0.0182597 -3.45992 0.0198369 0.681818 -3.39932 3.45932e-09 0.178612 -3.45704 1.58543e-09 -1.30599 -3.18868 1.15304e-09 -3.27549 -0.999475 2.88259e-10 -3.38591 -0.505153 1.44129e-10 15.3925 3.12094 1.46679 -3.45646 -1.4944e-11 6.65 1.77236e-15 -3.49072 0.0578584 0.0183847 -3.49085 0.0579107 -3.50005 -1.01529e-09 6.44999 -1.12323 3.31491 6.45 -2.34457 2.5987 6.45 -2.80822 2.08906 6.45 14.5925 2.80729 1.98961 -3.29093 1.19165 6.45 -3.44737 0.604937 6.44999 -3.29093 -1.19165 6.45 -3.16328 -1.49798 6.45 -2.99379 -1.81315 6.45 -2.57864 -2.36662 6.45 -2.07098 -2.82158 6.44999 0.00761295 -3.49998 6.44999 3.96592e-15 -3.50004 0.1 14.5925 -2.03961 2.75729 14.5925 -2.45366 2.40366 14.5925 -2.80729 1.98961 -0.5435 -3.45758 0.1 -3.1055 -1.61436 0.1 -3.45102 -0.583733 0.1 -3.4998 -0.0407648 0.1 -3.44737 -0.604937 6.44999 -3.46368 0.503193 0.1 19.3675 0.1 3.41856 18.8675 0.1 3.41856 -3.14226 1.54158 0.1 -2.86476 2.01083 0.1 -2.51776 2.43129 0.1 -2.10968 2.79276 0.1 18.8244 -0.0902371 3.41883 18.8675 -0.1 3.41856 -2.80822 -2.08906 6.45 -1.15112 3.30533 0.1 2.24146 -0.18673 7.51601 2.13953 -0.676324 7.51618 14.5925 3.30017 -1.12229 14.5925 3.09179 -1.62535 14.5925 2.80729 -2.08961 14.5925 2.45366 -2.50366 14.5925 2.03961 -2.85729 1.94022 -1.11037 7.51649 1.54207 -1.60125 7.51718 1.04041 -1.95113 7.51798 0.639469 -2.10904 7.51831 14.5925 -0.542828 -3.47728 14.5925 -1.07229 -3.35017 14.5925 -1.57535 -3.14179 14.5925 -2.03961 -2.85729 14.5925 -2.45366 -2.50366 14.5925 -2.80729 -2.08961 0.236477 -2.18509 7.51844 -0.111684 -2.1909 7.51831 -0.447931 -2.14401 7.51807 -0.720761 -2.06607 7.51773 -0.974066 -1.95796 7.51736 -1.23542 -1.80459 7.51681 14.5625 -3.36103 -1.02647 14.5625 -3.14792 -1.57991 -1.47295 -1.6165 7.5163 -1.68203 -1.39731 7.51586 14.5625 -2.45927 -2.54037 14.5625 -2.16251 -2.80201 14.5625 -1.83811 -3.02848 14.5625 -1.49023 -3.21689 14.5625 -1.1233 -3.36484 -1.85878 -1.15133 7.51547 -1.99976 -0.883304 7.51517 -2.10242 -0.598418 7.51494 -2.16476 -0.302092 7.5148 2.49371 -0.196066 7.46183 2.38811 -0.700577 7.46241 14.5625 1.56934 -3.17845 2.18306 -1.15317 7.46349 14.5625 2.23098 -2.7468 14.5625 2.52108 -2.47779 14.5625 2.77897 -2.17776 14.5625 3.00134 -1.85054 1.77708 -1.67117 7.4659 1.26502 -2.05349 7.4687 14.5625 3.45517 -0.608378 -2.34457 -2.5987 6.45 14.5925 -3.47 -0.05 14.5925 -3.42728 0.492828 14.5925 -3.30017 1.02229 14.5925 -3.09179 1.52535 0.848072 -2.24174 7.46988 0.421673 -2.34859 7.47032 0.0446514 -2.38046 7.46988 14.5925 -1.57535 3.04179 14.5925 -1.07229 3.25017 14.5925 -0.542828 3.37728 14.5925 1.0238e-14 3.42 14.5925 0.542828 3.37728 14.5925 1.07229 3.25017 14.5925 1.57535 3.04179 14.5925 2.03961 2.75729 14.5925 2.45366 2.40366 -0.32589 -2.35523 7.46903 14.5925 3.09179 1.52535 14.5925 3.30017 1.02229 14.5925 3.42728 0.492828 -0.634026 -2.2915 7.46782 14.5625 3.5 -0.05 14.5625 3.47764 0.344997 14.5625 3.36103 0.926469 14.5625 3.14792 1.47991 14.5625 2.95515 1.82539 14.5625 2.72462 2.14692 14.5625 2.45927 2.44037 -0.92598 -2.1919 7.46655 14.5625 1.83811 2.92848 14.5625 1.49023 3.11689 -1.23852 -2.03952 7.46461 14.5625 0.742025 3.37044 14.5625 0.351266 3.43233 14.5625 -0.0439811 3.44972 14.5625 -0.438666 3.4224 -1.52597 -1.84178 7.46284 14.5625 -1.20625 3.23557 14.5625 -1.56934 3.07845 14.5625 -1.91238 2.88135 14.5625 -2.23098 2.6468 -1.78154 -1.60279 7.46128 -1.99934 -1.32784 7.45994 -2.17422 -1.02301 7.45887 14.5625 -3.18537 1.40031 14.5625 -3.32184 1.05245 14.5625 -3.45517 0.508378 -2.30216 -0.695125 7.45808 7.41846 2.70122 2.1895 14.5625 -3.5 -0.05 -2.38011 -0.351535 7.4576 7.41848 -3.5 -0.0500146 7.41334 -3.5 -0.0500124 7.13949 -3.5 -0.0499672 3.01122 -0.201462 7.26451 2.91005 -0.690502 7.26616 7.43404 -3.4539 -0.616176 2.71605 -1.14809 7.26923 7.33227 -3.30444 -1.20355 2.33866 -1.69295 7.27612 6.9949 -2.80845 -2.13868 6.7328 -2.42303 -2.57566 6.43154 -1.98034 -2.93587 1.85763 -2.1366 7.28412 5.71119 -0.921067 -3.42663 1.44014 -2.40363 7.28748 0.989113 -2.60107 7.28875 0.562629 -2.71721 7.28748 4.41828 0.979775 -3.41007 4.10951 1.43378 -3.24285 0.123241 -2.76866 7.28505 -0.265173 -2.7614 7.28161 -0.650729 -2.7035 7.27798 2.97996 3.09428 -1.68568 2.82708 3.31918 -1.16041 -1.09648 -2.57419 7.27244 2.69404 3.47785 -0.443117 -1.51622 -2.36935 7.2674 -1.89677 -2.09421 7.26293 -2.22617 -1.75651 7.25911 7.41334 3.5 -0.0500038 -2.49392 -1.36604 7.25605 -2.69155 -0.934352 7.2538 -2.8127 -0.47437 7.25242 3.45827 -0.196425 6.97631 14.5625 3.32184 -1.15245 14.5625 3.18537 -1.50031 3.3698 -0.63976 6.97854 3.20186 -1.07864 6.98267 2.88117 -1.6269 6.99194 2.464 -2.12035 7.00272 14.5625 1.91238 -2.98135 2.06865 -2.4674 7.00724 14.5625 1.20625 -3.33557 14.5625 0.827746 -3.45071 14.5625 0.438666 -3.5224 14.5625 0.0439811 -3.54972 14.5625 -0.351266 -3.53233 14.5625 -0.742025 -3.47044 1.61246 -2.76247 7.00895 1.14966 -2.97289 7.00724 0.651435 -3.11279 7.00397 0.187929 -3.17308 6.99933 -0.288639 -3.16807 6.99445 14.5625 -2.72462 -2.24692 14.5625 -2.95515 -1.92539 -0.869351 -3.07347 6.987 -1.4245 -2.87142 6.9802 14.5625 -3.47764 -0.444997 7.41845 3.02912 1.7242 -1.9339 -2.56816 6.97418 -2.37902 -2.17388 6.96905 -2.74347 -1.70226 6.96492 8.01846 -1.3276 3.18844 8.01847 -1.83512 2.93032 8.01847 -2.29407 2.59334 8.01847 -2.69231 2.1864 -3.01387 -1.16987 6.96189 8.01848 -3.26638 1.20729 8.01848 -3.42701 0.661039 8.01848 -3.49695 0.0959692 -3.18022 -0.595599 6.96004 3.62245 -0.192719 6.80853 3.54062 -0.613179 6.81054 3.38571 -1.04098 6.81429 3.09233 -1.58705 6.82267 14.5625 -3.00134 1.75054 14.5625 -2.77897 2.07776 14.5625 -2.52108 2.37779 2.70579 -2.0985 6.83242 2.32281 -2.47744 6.83651 1.86755 -2.81212 6.83805 1.39231 -3.06112 6.83651 14.5625 -0.827746 3.35071 0.872306 -3.23738 6.83355 0.379975 -3.32572 6.82935 -0.132004 -3.34321 6.82494 -0.766111 -3.26417 6.8182 14.5625 1.1233 3.26484 -1.37504 -3.06483 6.81205 -1.93578 -2.75181 6.80661 14.5625 2.16251 2.70201 -2.4271 -2.33627 6.80196 -2.83023 -1.83344 6.79823 -3.12977 -1.26193 6.79548 -3.31423 -0.643036 6.79381 7.41847 3.2753 1.21002 3.2127 -4.50297e-05 7.15938 3.70416 -0.321161 6.64989 8.01848 3.5 -0.0500063 8.01848 3.47764 0.344986 8.01848 3.41085 0.734932 8.01848 3.23844 1.27759 8.01847 2.98033 1.78511 8.01847 2.64335 2.24406 3.6394 -0.614473 6.65011 8.01847 1.77028 2.96929 8.01846 1.2573 3.21637 8.01846 0.711049 3.37701 8.01846 0.145978 3.44695 7.41847 3.41185 0.756693 8.01848 -3.5 -0.0500004 3.41731 -1.20245 6.65003 2.67394 -2.30398 6.64997 2.18161 -2.74437 6.65011 8.01847 -3.0193 1.72027 1.63971 -3.07877 6.65 0.516027 -3.42327 6.64991 0.15909 -3.45293 6.65013 -0.846529 -3.35032 6.64995 8.01846 -0.784949 3.36084 8.01846 -0.394998 3.42764 8.01846 -2.66944e-08 3.45 -1.47084 -3.12725 6.64995 -2.02165 -2.80314 6.64988 -2.85948 -1.94166 6.64981 -3.13855 -1.44794 6.64984 -1.98153 1.00049e-05 7.535 7.41832 -2.29682 2.59872 -1.95591 -0.319007 7.535 -1.75478 -0.924971 7.535 -1.37186 -1.43771 7.535 -0.84035 -1.80621 7.535 0.267414 -1.98444 7.535 1.46863 -1.37733 7.535 7.41848 3.48572 0.285091 7.67121 -3.42765 0.668662 7.8623 -2.81534 2.03062 7.56014 -2.17708 2.69424 7.79804 -1.77504 2.96717 7.99696 -1.32925 3.18776 -1.6364 -3.09393 6.44999 3.68511 0.425675 6.64995 7.02172 -3.4994 0.0151628 3.28626 1.45823 6.65003 0.978103 3.33056 6.6499 -0.779527 3.36663 6.64969 7.4186 -3.49712 0.100664 7.4185 -3.43142 0.665101 7.41847 -3.27482 1.21129 7.41818 -3.02883 1.72471 7.41833 -2.70154 2.18913 -2.40689 2.48033 6.65 7.41824 -1.83806 2.93362 7.41846 -1.32874 3.19178 7.41834 -0.785332 3.36478 7.41839 -0.397138 3.43133 -3.08616 1.55631 6.64997 6.12498 -4.34766e-05 3.52579 5.50252 -5.26116e-05 3.63481 -3.29458 1.04527 6.64997 -3.16328 1.49798 6.45 4.46961 6.32468e-05 4.14798 4.28142 -3.15847e-05 4.35423 -2.99379 1.81315 6.45 -2.07098 2.82158 6.45 -1.61585 3.10471 6.45 -0.568884 3.4535 6.45 0.668027 3.44529 6.45 3.74851 -0.326443 6.45019 3.66654 -0.678259 6.44999 3.41144 -1.31536 6.45 1.21308 3.30696 6.45 2.80081 2.23456 6.45 3.40935 1.31956 6.45 3.74849 0.326569 6.45001 3.73927 -4.71712e-07 6.63051 1.21312 -3.30694 6.44998 -1.16668 -3.29987 6.44999 -1.27696e-07 3.50004 6.45 0.0197803 -3.49999 5.89553 0.0187426 -3.49999 5.46256 -4.28631e-16 3.50004 0.598278 0.0183555 -3.49999 2.37105 0.0183244 -3.5 1.23546 0.0181815 -3.49986 0.667497 0.0874256 3.49965 0.57243 0.109001 3.45004 0.542487 0.118476 3.45004 0.5 4.03186 3.5 -0.0499845 1.85545 -3.49878 0.101393 2.36343 -3.49862 0.101618 0.118476 3.45004 0.2 0.118476 3.45898 0.2 5.07526 -3.49796 0.102691 5.84222 -3.49773 0.103012 0.512579 3.47245 5.45081 1.63161 -3.49273 0.364705 1.39269 -3.48669 0.567786 1.15479 -3.48179 0.772219 0.92568 -3.48058 0.976105 0.700909 -3.48426 1.18586 0.445784 -3.49202 1.43108 0.189421 -3.49839 1.67465 3.68198 -3.49355 0.252171 3.03851 -3.45786 0.760326 2.69768 -3.4333 1.01816 2.35879 -3.4109 1.27859 2.11476 -3.39913 1.47482 1.87631 -3.39361 1.67851 1.64988 -3.39541 1.886 1.43 -3.40458 2.10231 1.18373 -3.42229 2.35943 0.941345 -3.44435 2.62176 4.83638 -3.48398 0.387001 4.17715 -3.43058 0.873971 3.49954 -3.35657 1.3363 3.14736 -3.31925 1.57889 2.80225 -3.28988 1.83098 2.55691 -3.27664 2.02545 2.31944 -3.27221 2.23044 2.09596 -3.27732 2.44189 1.88054 -3.2915 2.6642 1.64162 -3.31746 2.93118 1.40913 -3.35064 3.2068 0.484154 -3.47939 4.29685 6.24485 -3.48622 0.316592 5.30951 -3.39629 0.979219 4.60921 -3.29677 1.41105 3.90281 -3.19043 1.83473 3.54179 -3.14318 2.06545 3.19278 -3.10942 2.3123 2.94736 -3.09609 2.50666 2.71192 -3.09395 2.71439 2.49207 -3.10314 2.93071 2.2821 -3.12344 3.16033 2.05122 -3.15843 3.43811 1.82893 -3.20306 3.72742 0.966807 -3.40239 4.90186 6.64442 -3.41138 0.816685 5.65623 -3.2621 1.40836 4.92619 -3.12918 1.80026 4.19908 -2.99958 2.19614 3.83238 -2.94595 2.41923 3.4812 -2.90976 2.66317 3.23644 -2.89716 2.85841 3.00336 -2.89767 3.0693 2.78737 -2.91119 3.29081 2.58236 -2.93707 3.52709 2.35882 -2.9803 3.81472 2.14546 -3.03496 4.11602 1.3339 -3.29108 5.35834 6.99023 -3.27616 1.2446 5.95838 -3.07784 1.77765 5.20253 -2.91594 2.1349 4.45732 -2.76601 2.50647 4.08563 -2.70679 2.72288 3.73288 -2.66883 2.96471 3.48913 -2.65737 3.1613 3.25884 -2.66101 3.37595 3.0471 -2.67931 3.60315 2.84772 -2.7115 3.84699 2.63218 -2.76371 4.14536 2.42831 -2.82904 4.4594 1.66651 -3.14103 5.76853 0.913825 3.39949 5.95315 6.32993 -2.74184 2.22417 5.54026 -2.54195 2.53601 4.77049 -2.36445 2.87462 4.39165 -2.29719 3.08142 4.03658 -2.25662 3.32012 3.79446 -2.24699 3.51891 3.56861 -2.25562 3.73951 3.3638 -2.2817 3.97603 3.17366 -2.32427 4.23227 2.97117 -2.39115 4.54817 2.78255 -2.47359 4.88268 2.0962 -2.87033 6.29311 6.64627 -2.34384 2.59656 5.82254 -2.10571 2.86268 5.02659 -1.89879 3.16613 4.63929 -1.82203 3.36157 4.28084 -1.77768 3.59576 4.04007 -1.76957 3.79635 3.819 -1.78357 4.02338 3.6221 -1.81853 4.27051 3.44274 -1.87321 4.54122 3.25557 -1.95727 4.87768 3.08456 -2.0595 5.23584 6.88444 -1.96102 2.87116 6.03006 -1.68846 3.09613 5.20908 -1.45344 3.36598 4.81289 -1.3667 3.54949 4.45021 -1.31759 3.77799 4.21012 -1.31024 3.9795 3.99337 -1.32909 4.21232 3.80417 -1.3727 4.46979 3.63561 -1.43951 4.755 3.4638 -1.54083 5.11208 3.31032 -1.66274 5.49378 7.09071 -1.54237 3.10293 6.20486 -1.23447 3.28565 5.35652 -0.968723 3.51877 4.94982 -0.870175 3.68816 4.58137 -0.81459 3.90891 4.34131 -0.807277 4.11047 4.12897 -0.831073 4.34921 3.94856 -0.88455 4.61847 3.79277 -0.965703 4.92084 3.63911 -1.08741 5.30228 3.50555 -1.23169 5.71073 7.22841 -1.18093 3.25196 6.31649 -0.843761 3.39968 5.44388 -0.55076 3.60022 5.02728 -0.441087 3.75631 4.65271 -0.378632 3.96885 4.41177 -0.370328 4.16923 4.20262 -0.397707 4.41224 4.02989 -0.459818 4.69183 3.8863 -0.554664 5.01057 3.75087 -0.696847 5.4165 3.63735 -0.863633 5.85184 7.33941 -0.789522 3.36516 6.39781 -0.419011 3.47302 5.49645 -0.0937183 3.63495 3.93724 -0.0958004 5.04312 3.82526 -0.264316 5.48053 3.73994 -0.462772 5.95373 7.41023 -0.41858 3.42895 1.73994 3.16211 4.73515 3.78578 -0.0637847 5.984 0.509665 -3.47276 5.45404 0.91115 -3.40007 5.9567 2.04452 -2.9818 5.11011 1.73911 -3.16239 4.73643 1.27561 -3.2858 6.40966 2.43393 -2.66585 5.5806 2.77558 -2.29628 5.98698 3.03955 -1.94243 6.29622 3.66792 -0.673772 6.44002 3.5386 -1.04462 6.30224 1.27807 3.28498 6.40581 7.41862 -3.48085 -0.415654 7.31763 -3.49614 -0.214417 1.26083 3.49905 0.101145 7.11731 -3.49128 -0.0843006 0.734087 3.49931 0.100723 0.118476 3.49997 0.0939838 0.118476 3.48813 0.0524521 7.32199 -3.4405 -0.382786 7.35213 -3.41258 -0.6 7.38484 -3.44186 -0.608555 7.42774 -3.45382 -0.61544 2.0453 2.98147 5.10875 7.37211 -3.46935 -0.418586 7.28165 -3.48133 -0.248372 0.250999 3.4533 0.0154163 0.681808 3.39932 2.28233e-09 2.11524 3.49103 0.0243231 3.18869 2.78761 -2.16641 3.45789 2.39168 -2.60536 3.75593 1.95383 -2.95389 2.10534 3.4635 -0.0112963 2.09988 3.4223 -0.0312511 4.72434 0.529882 -3.50966 5.01708 0.0994294 -3.54859 5.35458 -0.397044 -3.52741 2.43462 2.66544 5.57913 6.08816 -1.47553 -3.22377 2.12647 3.49922 0.0635713 1.85032 3.47623 0.0367306 1.8503 3.44002 0.008895 7.20159 -3.1122 -1.65131 2.77618 2.29577 5.98539 7.41848 -3.43104 -0.741366 7.30917 -3.35123 -0.892813 6.37855 -2.02217 -2.82479 5.82376 -1.22985 -3.24144 5.41971 -0.652806 -3.39745 4.58584 0.538091 -3.39745 7.21141 -3.21161 -1.31911 7.0752 -3.01709 -1.72331 6.96418 -2.85853 -1.97701 6.76948 -2.58047 -2.329 6.54403 -2.25849 -2.64133 3.98853 1.39114 -3.126 6.1108 -1.63978 -3.0593 3.71381 1.78348 -2.90855 3.46152 2.14378 -2.64133 5.00278 -0.0573576 -3.45 3.30799 2.36305 -2.4378 4.18179 1.11513 -3.24144 2.93035 2.90238 -1.72331 2.65343 3.29786 -0.6 3.04008 1.94183 6.29453 2.13038 3.37852 -0.0409293 3.10263 2.65633 -2.09838 7.08881 -3.43549 -0.128578 2.83538 3.03801 -1.45665 2.72457 3.19625 -1.03692 7.22211 -3.44324 -0.234604 3.53879 1.04424 6.3013 0.0182802 -3.46468 0.0236223 0.489971 -3.4995 0.100109 2.70641 3.4491 -0.61871 3.66805 0.673329 6.439 2.79325 3.28673 -1.21846 2.96854 3.0295 -1.78006 3.20826 2.67801 -2.28681 3.50482 2.24363 -2.7232 3.84893 1.74012 -3.07609 4.22992 1.18319 -3.33495 4.63603 0.590082 -3.49214 5.05477 -0.0209471 -3.54309 5.47326 -0.631145 -3.48645 5.87861 -1.22182 -3.32411 6.25837 -1.77488 -3.06115 6.60084 -2.27341 -2.70573 6.89549 -2.70216 -2.26879 7.13324 -3.04801 -1.76377 7.30677 -3.30039 -1.20617 2.75374 3.24589 -1.21383 2.93055 2.98966 -1.77258 3.17208 2.63985 -2.27621 3.47052 2.20792 -2.70943 3.81647 1.70763 -3.05935 4.19916 1.15458 -3.31569 4.60681 0.56586 -3.47101 5.02689 -0.0404703 -3.52086 5.44653 -0.645856 -3.46396 5.85287 -1.2318 -3.30222 6.23345 -1.78039 -3.04069 6.5766 -2.27487 -2.68746 6.87178 -2.70013 -2.25339 7.10993 -3.04317 -1.7518 7.28374 -3.29349 -1.19807 2.74197 3.19239 -1.19789 2.91778 2.94054 -1.74986 3.15817 2.59621 -2.24819 3.45548 2.1704 -2.67765 3.80039 1.67647 -3.02524 4.18218 1.12978 -3.28056 4.58908 0.547215 -3.43598 5.00856 -0.0533086 -3.48691 5.42772 -0.653329 -3.43191 5.83368 -1.23442 -3.27278 6.21398 -1.77872 -3.01446 6.55691 -2.26952 -2.66493 6.85193 -2.69174 -2.23497 7.08997 -3.0324 -1.73781 7.2637 -3.28103 -1.18874 2.3275 3.36451 -0.128642 2.32401 3.40517 -0.133978 2.33111 3.44985 -0.122878 2.34245 3.47536 -0.105251 2.35699 3.49214 -0.0826714 2.37808 3.5 -0.0499584 2.61397 3.49208 -0.285315 0.961898 -3.49919 0.100939 2.73534 3.4539 -0.616176 1.38463 -3.49899 0.101192 2.66789 3.42645 -0.619418 2.64156 3.38612 -0.615829 2.63739 3.33684 -0.608231 2.89754 -3.4985 0.101858 2.58124 3.33296 -0.387188 2.51569 3.34554 -0.291348 0.209914 3.49799 1.70053 2.53277 3.48334 -0.250777 2.50232 3.44551 -0.274238 2.49092 3.39324 -0.281138 2.65103 3.46397 -0.46105 2.61329 3.42309 -0.470599 2.60163 3.36788 -0.468703 3.77584 9.60787e-07 6.44999 3.80354 0.000227645 5.76584 3.89866 -1.5698e-05 5.19082 3.9933 9.36938e-06 4.88226 4.13222 -2.57695e-05 4.58046 4.00014 -3.49825 0.102286 6.6091 -3.49738 0.103316 4.91341 -2.72449e-05 3.84443 5.1998 1.02124e-05 3.72423 6.6091 -3.48968 0.0613948 6.60909 -3.46245 0.0240203 7.41846 5.5419e-06 3.45393 7.41846 0.397454 3.43129 7.41846 0.787804 3.36421 7.41845 1.06183 3.28887 7.41847 1.33025 3.19117 7.41849 1.83951 2.93273 7.41844 2.30067 2.5954 6.60906 -3.39743 -2.26485e-15 0.516978 -3.42647 0.00371394 0.337227 -3.44689 0.0118202 0.465903 3.49121 1.45648 0.0184461 -3.5 4.64226 7.41848 3.5 -0.0500116 0.0184008 -3.50013 0.100018 2.51189 3.5 -0.0499917 0.720818 3.4832 1.21095 3.73093 -6.54065e-07 6.65 1.85032 3.49878 0.101456 3.0415 -1.93067 6.44998 2.80078 -2.23459 6.45007 0.403824 3.49961 0.100426 0.118476 3.50013 0.100159 0.118476 3.49953 0.5 0.110373 3.49955 0.539434 2.53705 -2.50865 6.44998 0.0184107 3.49986 0.6 0.0185016 3.49999 1.32791 0.0184393 3.49998 2.05567 0.0184708 3.50001 3.56493 0.0184661 3.5 4.03655 0.0184816 3.49999 5.07414 0.0185086 3.49999 6.45 2.10903 -2.8557 6.44998 1.67645 -3.11313 6.45004 1.67667 3.11302 6.45002 2.10908 2.85567 6.45 2.53705 2.50865 6.45 0.627063 -3.45212 6.45019 3.0415 1.93067 6.45 -0.427247 -3.47387 6.44999 3.66654 0.678247 6.45 -0.849937 -3.39527 6.44999 0.945482 3.47941 1.00108 7.41023 0.418588 3.42895 1.17455 3.48056 0.797113 3.78578 0.0637903 5.984 7.33942 0.789526 3.36515 6.39779 0.419009 3.47302 5.49646 0.0937253 3.63495 3.93724 0.0958026 5.04312 3.82526 0.264323 5.48054 3.73994 0.462773 5.95373 7.22841 1.18094 3.25196 6.31647 0.843757 3.39968 5.4439 0.550765 3.60022 5.02727 0.441086 3.75632 4.6527 0.378632 3.96886 4.41177 0.370329 4.16922 4.20262 0.397708 4.41224 4.02989 0.459821 4.69184 3.8863 0.554665 5.01057 3.75087 0.696852 5.41651 3.63735 0.863634 5.85183 7.09072 1.54237 3.10293 6.20485 1.23447 3.28566 5.35653 0.968726 3.51877 4.94981 0.870174 3.68817 4.58136 0.814589 3.90892 4.34132 0.807277 4.11047 4.12897 0.831073 4.34921 3.94855 0.884552 4.61848 3.79277 0.965702 4.92084 3.6391 1.08741 5.30229 3.50555 1.23169 5.71073 6.88444 1.96102 2.87116 6.03004 1.68846 3.09613 5.20909 1.45345 3.36597 4.81288 1.3667 3.54949 4.4502 1.3176 3.77799 4.21013 1.31025 3.9795 3.99337 1.32909 4.21231 3.80417 1.37271 4.46979 3.63561 1.43951 4.755 3.46379 1.54083 5.11209 3.31032 1.66274 5.49377 6.64627 2.34385 2.59656 5.82252 2.10571 2.86268 5.0266 1.8988 3.16612 4.63928 1.82204 3.36157 4.28083 1.77769 3.59576 4.04007 1.76957 3.79635 3.819 1.78357 4.02337 3.62209 1.81853 4.27051 3.44274 1.87321 4.54122 3.25556 1.95728 4.87768 3.08455 2.0595 5.23583 1.41251 3.48553 0.592766 6.32993 2.74185 2.22416 5.54024 2.54196 2.53601 4.7705 2.36446 2.87461 4.39164 2.29719 3.08142 4.03656 2.25663 3.32012 3.79445 2.247 3.5189 3.5686 2.25562 3.73951 3.36379 2.28171 3.97603 3.17365 2.32428 4.23226 2.97116 2.39116 4.54817 2.78254 2.47359 4.88267 2.09758 2.86951 6.29021 6.99024 3.27617 1.2446 5.95838 3.07784 1.77764 5.20252 2.91594 2.1349 4.45733 2.76601 2.50647 4.08563 2.70679 2.72288 3.73288 2.66883 2.96471 3.48913 2.65737 3.1613 3.25885 2.66101 3.37595 3.04709 2.67931 3.60316 2.84772 2.7115 3.84699 2.63217 2.76371 4.14537 2.42831 2.82904 4.4594 1.66806 3.1404 5.76587 6.64443 3.41138 0.816685 5.65624 3.26209 1.40836 4.92618 3.12917 1.80027 4.1991 2.99958 2.19613 3.83238 2.94595 2.41924 3.4812 2.90975 2.66318 3.23645 2.89716 2.85841 3.00336 2.89766 3.0693 2.78737 2.91119 3.29082 2.58237 2.93707 3.5271 2.35882 2.9803 3.81473 2.14546 3.03496 4.11602 1.33558 3.29058 5.35585 6.24486 3.48621 0.316598 5.30952 3.39629 0.979228 4.60921 3.29677 1.41107 3.90283 3.19042 1.83473 3.54179 3.14317 2.06547 3.19277 3.10941 2.31231 2.94737 3.09608 2.50667 2.71193 3.09395 2.7144 2.49207 3.10313 2.93073 2.28211 3.12344 3.16034 2.05122 3.15842 3.43813 1.82894 3.20305 3.72743 0.968621 3.40204 4.89954 4.83638 3.48398 0.386998 4.17714 3.43058 0.873977 3.49955 3.35657 1.3363 3.14735 3.31925 1.5789 2.80224 3.28988 1.83099 2.55692 3.27664 2.02545 2.31944 3.27221 2.23044 2.09595 3.27732 2.44189 1.88054 3.2915 2.6642 1.64161 3.31746 2.93119 1.40913 3.35064 3.20679 0.486122 3.47922 4.29474 3.68198 3.49355 0.252182 3.03852 3.45786 0.760322 2.69768 3.4333 1.01817 2.35878 3.4109 1.2786 2.11477 3.39913 1.47482 1.87631 3.39361 1.67851 1.64988 3.39541 1.88601 1.43 3.40458 2.10231 1.18373 3.42229 2.35944 0.941349 3.44435 2.62176 1.97662 3.49859 0.110881 1.65163 3.4918 0.389972</float_array>
					<technique_common>
						<accessor count="1243" source="#ID6" stride="3">
							<param name="X" type="float"/>
							<param name="Y" type="float"/>
							<param name="Z" type="float"/>
						</accessor>
					</technique_common>
				</source>
				<source id="ID7">
					<float_array id="ID8" count="4317" digits="2490374">0 1 -0 0 0.987688 -0.156406 0 0.951031 -0.308969 0 0.890969 -0.453969 0 0.809 -0.587781 0 0.707094 -0.707094 0 0.587781 -0.809 0 0.453969 -0.890969 0 0.308969 -0.951031 0 0.156406 -0.987688 0 0 -1 0 -0.156406 -0.987688 0 -0.308969 -0.951031 0 -0.453969 -0.890969 0 -0.587781 -0.809 0 -0.707094 -0.707094 0 -0.809 -0.587781 0 -0.890969 -0.453969 0 -0.951031 -0.308969 0 -0.987688 -0.156406 0 -1 -0 0 -0.993813 0.110781 0 -0.987688 0.156406 0 -0.975438 0.220219 0 -0.951031 0.308969 0 -0.927906 0.37275 0 -0.890969 0.453969 0 -0.856719 0.515719 0 -0.809 0.587781 0 -0.763656 0.645563 0 -0.707094 0.707094 0 -0.651125 0.758875 0 -0.587781 0.809 0 -0.522 0.852875 0 -0.453969 0.890969 0 -0.379531 0.925125 0 -0.308969 0.951031 0 -0.227375 0.97375 0 -0.156406 0.987688 0 -0.0694688 0.997563 0 0.0285312 0.999563 0 0.139156 0.990219 0 0 1 0 -0.0285312 0.999563 0 -0.0263125 0.999625 0 -0.0196563 0.999781 0 0.0151563 0.999875 0 0.156406 0.987688 0 0.0231875 0.999687 0 0.248 0.96875 0 0.308969 0.951031 0 0.399063 0.916875 0 0.453969 0.890969 0 0.54 0.841656 0 0.587781 0.809 0 0.667094 0.744906 0 0.707094 0.707094 0 0.777219 0.629219 0 0.809 0.587781 0 0.867469 0.497438 0 0.890969 0.453969 0 0.935625 0.352969 0 0.951031 0.308969 0 0.979875 0.199469 0 0.987688 0.156406 0 0.999125 0.0409063 -0.707094 -0.707094 -0 -0.707094 -0.702563 -0.07975 -0.707094 -0.698344 -0.110594 -0.707094 -0.679 -0.197219 -0.707094 -0.672437 -0.2185 -0.707094 -0.635938 -0.309063 -0.707094 -0.63 -0.321 -0.707094 -0.572031 -0.415625 -0.707094 -0.597 -0.378844 -0.707094 -0.550438 -0.443844 -0.707094 -0.5 -0.5 -0.707094 -0.496844 -0.503125 -0.707094 -0.436844 -0.555969 -0.707094 -0.415625 -0.572031 -0.707094 -0.371344 -0.601687 -0.707094 -0.321 -0.63 -0.707094 -0.301031 -0.63975 -0.707094 -0.226938 -0.669688 -0.707094 -0.2185 -0.672437 -0.707094 -0.149875 -0.691031 -0.707094 -0.110594 -0.698344 -0.707094 -0.0709063 -0.703531 -0.707094 0 -0.707094 -0.707094 0.008875 -0.707031 -0.707094 0.0885938 -0.701469 -0.707094 0.110594 -0.698344 -0.707094 0.167187 -0.687031 -0.707094 0.2185 -0.672437 -0.707094 0.243656 -0.66375 -0.707094 0.321 -0.63 -0.707094 0.317031 -0.632031 -0.707094 0.386313 -0.592219 -0.707094 0.415625 -0.572031 -0.707094 0.450719 -0.544813 -0.707094 0.5 -0.5 -0.707094 0.509313 -0.490438 -0.707094 0.572031 -0.415625 -0.707094 0.561406 -0.429844 -0.707094 0.606313 -0.36375 -0.707094 0.63 -0.321 -0.707094 0.643531 -0.293 -0.707094 0.671094 -0.222687 -0.707094 0.672437 -0.2185 -0.707094 0.698344 -0.110594 -0.707094 0.698 -0.11275 -0.707094 0.707094 -0 0.707094 0.707094 -0 0.707094 0.702563 -0.07975 0.707094 0.698344 -0.110594 0.707094 0.679 -0.197219 0.707094 0.672437 -0.2185 0.707094 0.635938 -0.309063 0.707094 0.63 -0.321 0.707094 0.572031 -0.415625 0.707094 0.597 -0.378844 0.707094 0.550438 -0.443844 0.707094 0.5 -0.5 0.707094 0.496844 -0.503125 0.707094 0.436844 -0.555969 0.707094 0.415625 -0.572031 0.707094 0.371344 -0.601687 0.707094 0.321 -0.63 0.707094 0.301031 -0.63975 0.707094 0.226938 -0.669688 0.707094 0.2185 -0.672437 0.707094 0.149875 -0.691031 0.707094 0.110594 -0.698344 0.707094 0.0709063 -0.703531 0.707094 0 -0.707094 0.707094 -0.008875 -0.707031 0.707094 -0.0885938 -0.701469 0.707094 -0.110594 -0.698344 0.707094 -0.167187 -0.687031 0.707094 -0.2185 -0.672437 0.707094 -0.243656 -0.66375 0.707094 -0.321 -0.63 0.707094 -0.317031 -0.632031 0.707094 -0.386313 -0.592219 0.707094 -0.415625 -0.572031 0.707094 -0.450719 -0.544813 0.707094 -0.5 -0.5 0.707094 -0.509313 -0.490438 0.707094 -0.572031 -0.415625 0.707094 -0.561406 -0.429844 0.707094 -0.606313 -0.36375 0.707094 -0.63 -0.321 0.707094 -0.643531 -0.293 0.707094 -0.671094 -0.222687 0.707094 -0.672437 -0.2185 0.707094 -0.698344 -0.110594 0.707094 -0.698 -0.11275 0.707094 -0.707094 -0 -0.707094 0.702563 0.07975 0 -0.644813 -0.764313 -0.185094 -0.756938 -0.626625 0 -0.906812 -0.421375 -0.707094 0.698344 0.110594 -0.707094 0.679 0.197219 -0.707094 0.672437 0.2185 -0.707094 0.635938 0.309063 -0.707094 0.63 0.321 -0.707094 0.572031 0.415625 -0.707094 0.597 0.378844 -0.707094 0.550438 0.443844 -0.707094 0.5 0.5 -0.707094 0.496844 0.503125 -0.707094 0.436844 0.555969 -0.707094 0.415625 0.572031 -0.707094 0.371344 0.601687 -0.707094 0.321 0.63 -0.707094 0.301031 0.63975 -0.707094 0.226938 0.669688 -0.707094 0.2185 0.672437 -0.707094 0.149875 0.691031 -0.707094 0.110594 0.698344 -0.707094 0.0709063 0.703531 -0.707094 0 0.707094 -0.707094 -0.008875 0.707031 -0.707094 -0.0885938 0.701469 -0.707094 -0.110594 0.698344 -0.707094 -0.167187 0.687031 -0.707094 -0.2185 0.672437 -0.707094 -0.243656 0.66375 -0.707094 -0.321 0.63 -0.707094 -0.317031 0.632031 -0.707094 -0.386313 0.592219 -0.707094 -0.415625 0.572031 -0.707094 -0.450719 0.544813 -0.707094 -0.5 0.5 -0.707094 -0.509313 0.490438 -0.707094 -0.572031 0.415625 -0.707094 -0.561406 0.429844 -0.707094 -0.606313 0.36375 -0.707094 -0.63 0.321 -0.707094 -0.643531 0.293 -0.707094 -0.671094 0.222687 -0.707094 -0.672437 0.2185 -0.707094 -0.698344 0.110594 -0.707094 -0.698 0.11275 0.707094 -0.703844 0.0677188 0.707094 -0.70275 0.0783125 0.707094 -0.686844 0.167938 0.707094 -0.689687 0.155687 0.707094 -0.656125 0.263563 0.707094 -0.655688 0.264688 0.707094 -0.605781 0.364625 0.707094 -0.620938 0.33825 0.707094 -0.577969 0.407313 0.707094 -0.54 0.456469 0.707094 -0.527344 0.470969 0.707094 -0.46975 0.528437 0.707094 -0.460438 0.536625 0.707094 -0.369125 0.603063 0.707094 -0.405969 0.578906 0.707094 -0.336781 0.621719 0.707094 -0.268375 0.654188 0.707094 -0.263125 0.65625 0.707094 -0.186031 0.682156 0.707094 -0.160781 0.688563 0.707094 -0.103906 0.699406 0.707094 -0.049125 0.705375 0.707094 -0.020375 0.706813 0.707094 -0.0201875 0.706813 0 -0.597 -0.802188 0.388281 0.921531 -0 -0.0794687 -0.537094 -0.839719 0.430906 0.902344 -0 0.769188 0.638969 -0 0.724281 0.689438 -0 1 0 -0 0.904969 -0.425375 -0 -0.359625 -0.691281 -0.626625 0.847313 -0.531031 -0 0.638406 -0.769656 -0 0.581563 -0.813469 -0 -0.143562 -0.467094 -0.872406 0.707094 0.020375 0.706813 0.707094 0.0201875 0.706813 0.707094 0.0879688 0.701594 0.707094 0.098375 0.700188 0.707094 0.187656 0.681719 -0.190906 -0.391375 -0.900156 0.707094 0.175344 0.685 0.707094 0.282156 0.648313 0.707094 0.283469 0.647781 0.707094 0.381813 0.595125 0.707094 0.356 0.610906 0.707094 0.423813 0.565969 0.707094 0.471719 0.52675 0.707094 0.486031 0.513563 0.707094 0.54175 0.454313 0.707094 0.549563 0.444906 0.707094 0.613375 0.351719 0.707094 0.590375 0.389094 0.707094 0.631156 0.318719 0.707094 0.661563 0.249563 0.707094 0.663594 0.244094 0.707094 0.68725 0.166281 0.707094 0.692875 0.141031 0.707094 0.702125 0.0836875 0.707094 0.706469 0.0289063 0 -0.993594 -0.112844 0 -0.960281 -0.278969 0 -0.899406 -0.437094 0 -0.844281 -0.535781 0 -0.778406 -0.627688 0 -0.702594 -0.7115 0 -0.617813 -0.78625 0 -0.525156 -0.850969 0 -0.425719 -0.904813 0 -0.320938 -0.947062 0 -0.211969 -0.977219 0 -0.100313 -0.994906 0 0.0125625 -0.999875 0 0.125313 -0.992063 0 0.236437 -0.971594 0 0.344594 -0.938688 0 0.448344 -0.893781 0 0.546344 -0.837469 0 0.637375 -0.7705 0 0.72025 -0.693594 0 0.793938 -0.607875 0 0.8575 -0.514406 0 0.910062 -0.414375 0 0.949094 -0.314969 0 0.987188 -0.159531 0 0.993594 0.112844 0 0.960281 0.278969 0 0.899406 0.437094 0 0.844281 0.535781 0 0.778406 0.627688 0 0.702594 0.7115 0 0.617813 0.78625 0 0.525156 0.850969 0 0.425719 0.904813 0 0.320938 0.947062 0 0.211969 0.977219 0 0.100313 0.994906 0 -0.0125625 0.999875 0 -0.125313 0.992063 0 -0.236437 0.971594 0 -0.344594 0.938688 0 -0.448344 0.893781 0 -0.546344 0.837469 0 -0.637375 0.7705 0 -0.72025 0.693594 0 -0.793938 0.607875 0 -0.8575 0.514406 0 -0.910062 0.414375 0 -0.949094 0.314969 0 -0.987188 0.159531 0 0.0287813 0.999563 0 0.022125 0.99975 0 -0.0287813 0.999563 0 0.0122188 0.999875 0 -0.018375 0.999781 0 -0.0259375 0.999656 0.707094 0.698 -0.11275 0.707094 0.671094 -0.222687 0.707094 0.643531 -0.293 0.707094 0.606313 -0.36375 0.707094 0.561406 -0.429844 0.707094 0.509313 -0.490438 0.707094 0.450719 -0.544813 0.707094 0.386313 -0.592219 0.707094 0.317031 -0.632031 0.707094 0.243656 -0.66375 0.707094 0.167187 -0.687031 0.707094 0.0885938 -0.701469 0.707094 0.008875 -0.707031 0.707094 -0.0709063 -0.703531 0.707094 -0.149875 -0.691031 0.707094 -0.226938 -0.669688 0.707094 -0.301031 -0.63975 0.707094 -0.371344 -0.601687 0.707094 -0.436844 -0.555969 0.707094 -0.496844 -0.503125 0.707094 -0.550438 -0.443844 0.707094 -0.597 -0.378844 0.707094 -0.635938 -0.309063 0.707094 -0.679 -0.197219 0.707094 -0.702563 -0.07975 0.707094 -0.698344 0.110594 0.707094 -0.698 0.11275 0.707094 -0.672437 0.2185 0.707094 -0.671094 0.222687 0.707094 -0.643531 0.293 0.707094 -0.63 0.321 0.707094 -0.606313 0.36375 0.707094 -0.572031 0.415625 0.707094 -0.561406 0.429844 0.707094 -0.5 0.5 0.707094 -0.509313 0.490438 0.707094 -0.450719 0.544813 0.707094 -0.415625 0.572031 0.707094 -0.386313 0.592219 0.707094 -0.321 0.63 0.707094 -0.317031 0.632031 0.707094 -0.2185 0.672437 0.707094 -0.243656 0.66375 0.707094 -0.167187 0.687031 0.707094 -0.110594 0.698344 0.707094 -0.0885938 0.701469 0.707094 -0.008875 0.707031 0.707094 0 0.707094 0.707094 0.0709063 0.703531 0.707094 0.110594 0.698344 0.707094 0.149875 0.691031 0.707094 0.2185 0.672437 0.707094 0.226938 0.669688 0.707094 0.301031 0.63975 0.707094 0.321 0.63 0.707094 0.371344 0.601687 0.707094 0.415625 0.572031 0.707094 0.436844 0.555969 0.707094 0.496844 0.503125 0.707094 0.5 0.5 0.707094 0.550438 0.443844 0.707094 0.572031 0.415625 0.707094 0.597 0.378844 0.707094 0.63 0.321 0.707094 0.635938 0.309063 0.707094 0.672437 0.2185 0.707094 0.679 0.197219 0.707094 0.702563 0.07975 0.707094 0.698344 0.110594 0 0.997719 -0.0672188 0 0.993656 -0.112313 0 0.986781 -0.16175 0 0.948313 -0.31725 0 0.884063 -0.467313 0 0.796438 -0.604688 0 0.683281 -0.730094 0 0.558219 -0.829625 0 0.409594 -0.912188 0 0.279875 -0.959969 0 0.151344 -0.988469 0 0.028375 -0.999563 0 -0.113438 -0.9935 0 -0.263125 -0.964719 0 -0.421531 -0.906781 0 -0.565813 -0.824531 0 -0.69225 -0.721563 0 -0.802406 -0.59675 0 -0.889188 -0.4575 0 -0.944094 -0.329531 0 -0.98025 -0.197531 0 -0.986781 -0.16175 0 -0.994469 -0.104438 0 -0.998875 -0.0469688 0 -0.999125 0.0416562 0 -0.979125 0.203125 0 -0.93325 0.359188 0 -0.862625 0.50575 0 -0.769188 0.638969 0 -0.655438 0.755188 0 -0.524281 0.851469 0 -0.379281 0.925219 0 -0.22425 0.9745 0 -0.112844 0.993594 0 0.0416562 0.999125 0 0.203125 0.979125 0 0.359188 0.933219 0 0.50575 0.862625 0 0.638969 0.769188 0 0.755188 0.655438 0 0.851469 0.524281 0 0.925219 0.379281 0 0.9745 0.22425 -0.000375 -0.379281 0.925219 0.0151875 -0.224688 0.974281 0.0008125 -0.224281 0.9745 -3.125e-05 -0.37975 0.925031 0.0137188 -0.378781 0.925344 0.00553125 -0.507031 0.861844 0.01425 -0.523531 0.851844 -6.25e-05 -0.524375 0.851438 0.0135312 -0.619781 0.784594 0.0208125 -0.651375 0.758375 -0.00053125 -0.655438 0.755188 0.0291563 -0.766406 0.641594 0.00040625 -0.769188 0.638969 -0.00428125 0.002 0.999969 0.00109375 -0.113031 0.993563 0.0151563 -0.00053125 0.999875 0.0164688 -0.113563 0.993375 0.0327813 -0.861969 0.505844 0.00859375 -0.803906 0.594594 0.00078125 -0.862625 0.50575 0.0265938 -0.934656 0.354531 0.000875 -0.933219 0.35925 0.0109063 -0.97925 0.202219 0.0122813 -0.980563 0.19575 0.00121875 -0.99925 0.0371875 -0.000625 -0.978813 0.204563 -0.0010625 -0.999125 0.0408438 -0.00128125 -0.999969 0.0041875 0.000875 -0.999969 0.0009375 0.0003125 -0.999875 0.0145313 0.00328125 -0.999438 0.0326875 0.0402813 -0.991406 0.124375 0.0005 -0.999875 0.012 0.00821875 -0.999219 0.0384687 0.0004375 -0.999906 0.00940625 0.0161875 -0.999219 0.0353438 0.001 -0.999969 0.00578125 0.027375 -0.999313 0.0239688 -0.00121875 -0.999969 0.00084375 0.0369375 -0.999219 0.0117188 0.0014375 -0.999969 -3.125e-05 0.0344688 -0.999344 0.003625 0.0005625 -0.999969 0.000125 0.0175 -0.999844 0.00059375 0.0001875 -0.999781 0.0188125 0.00090625 -0.999031 0.0425938 0.00025 -0.99975 0.0223125 0.010125 -0.994375 0.105031 0.00021875 -0.999844 0.0168125 0.0217813 -0.992188 0.122625 0.058125 -0.991656 0.114719 0.0783125 -0.992063 0.09775 0.0980625 -0.992188 0.0767813 0.11325 -0.991969 0.0555312 0.120594 -0.992063 0.034625 0.114719 -0.993156 0.0190938 0.00115625 -0.999969 -0 0.00025 -0.999656 0.0258438 0.002125 -0.997156 0.0746875 0.01425 -0.976438 0.215094 0.0114063 -0.987375 0.157875 0.0360625 -0.976313 0.213219 0.05975 -0.9735 0.220594 0.091875 -0.973625 0.208594 0.119219 -0.974719 0.188688 0.147656 -0.975688 0.161625 0.1735 -0.975969 0.13175 0.193937 -0.975688 0.101438 0.207094 -0.97575 0.0705312 0.206437 -0.977313 0.0460938 0.0890312 -0.995969 0.00321875 0.0010625 -0.999969 -0 0.0003125 -0.999563 0.0287813 0.0025625 -0.997063 0.0758438 0.00040625 -0.999438 0.033125 0.0334375 -0.953562 0.299188 0.077875 -0.9365 0.341844 0.115656 -0.934375 0.336844 0.163781 -0.936594 0.309719 0.201594 -0.939031 0.278344 0.238656 -0.940969 0.240031 0.272125 -0.941531 0.198375 0.297688 -0.9415 0.157813 0.314063 -0.942125 0.117063 0.318281 -0.944438 0.0819063 0.210344 -0.9775 0.0148125 0.00084375 -0.999969 0.0009375 -0.0004375 -0.999969 0.0015 -0.000125 -0.999875 0.015625 0.00053125 -0.999563 0.0290313 0.0163125 -0.976875 0.212969 0.0325313 -0.93575 0.351 0.0590938 -0.901156 0.429344 0.122 -0.880094 0.45875 0.17375 -0.879656 0.442594 0.236219 -0.883906 0.403469 0.284125 -0.887906 0.36175 0.329625 -0.890938 0.312281 0.367594 -0.89275 0.260344 0.397344 -0.893219 0.210156 0.417625 -0.894719 0.158031 0.422719 -0.898875 0.115094 0.392656 -0.917844 0.05775 0.32175 -0.946375 0.0284688 0.0329375 -0.935219 0.352469 0.0515 -0.873344 0.484313 0.084375 -0.827563 0.554969 0.1665 -0.803813 0.571063 0.233531 -0.804031 0.54675 0.312094 -0.810094 0.49625 0.371031 -0.8155 0.444094 0.425281 -0.819969 0.383063 0.469375 -0.822906 0.320031 0.501469 -0.825531 0.258719 0.52275 -0.829656 0.19575 0.527875 -0.837 0.143813 0.0641562 -0.762906 0.64325 0.10775 -0.702688 0.703219 0.217094 -0.671969 0.707969 0.30625 -0.670875 0.675344 0.409875 -0.677156 0.611 0.485781 -0.683656 0.5445 0.553125 -0.690219 0.466406 0.604906 -0.696344 0.386219 0.640312 -0.703125 0.308969 0.661687 -0.713313 0.230719 0.665438 -0.7275 0.166969 0.054 -0.650031 0.757906 0.109063 -0.577563 0.808937 0.241938 -0.536219 0.808594 0.351938 -0.530438 0.771156 0.481219 -0.533813 0.695281 0.575 -0.540094 0.614469 0.655875 -0.548375 0.518719 0.714938 -0.55825 0.420781 0.752688 -0.570625 0.328219 0.772687 -0.588969 0.236625 0.773438 -0.612281 0.163813 0.569656 -0.821375 0.02675 0.563906 -0.825094 0.0338125 0.449594 -0.892906 0.0214063 0.0375937 -0.550125 0.834188 0.0990625 -0.470906 0.876594 0.246406 -0.4205 0.873125 0.371719 -0.409375 0.833125 0.52225 -0.408844 0.748344 0.631938 -0.414375 0.654906 0.724719 -0.424344 0.54275 0.789781 -0.438406 0.428906 0.828531 -0.456906 0.323563 0.84675 -0.483063 0.222719 0.845906 -0.513219 0.144938 0.0247188 -0.437875 0.898625 0.0887813 -0.354469 0.930781 0.244375 -0.2935 0.924156 0.381 -0.275156 0.882656 0.549969 -0.268687 0.79075 0.675125 -0.272656 0.685344 0.780375 -0.284969 0.556531 0.851656 -0.305313 0.425875 0.891156 -0.333219 0.307813 0.906438 -0.372156 0.199281 0.902125 -0.414531 0.119438 0.020375 -0.337594 0.941063 0.0180625 -0.226313 0.973844 0.0839375 -0.246656 0.965406 0.24275 -0.172188 0.954625 0.383938 -0.145281 0.911781 0.562125 -0.131187 0.8165 0.697 -0.132156 0.70475 0.811938 -0.145063 0.565406 0.890063 -0.1705 0.422625 0.932813 -0.208656 0.293656 0.947875 -0.26475 0.177188 0.940844 -0.325125 0.0949688 0.924031 -0.380937 0.03175 0.895156 -0.445312 0.0165938 0.811625 -0.5835 0.0265938 0.0815 -0.121594 0.989219 0.240344 -0.0287813 0.97025 0.331187 0.000625 0.943531 0.446219 0.00071875 0.894844 0.681094 0.00071875 0.732188 0.791 0.0005625 0.61175 0.872406 0.00053125 0.488656 0.936594 0.00053125 0.350344 0.956594 -0.0377188 0.288938 0.980906 -0.109875 0.160187 0.977094 -0.200469 0.0705 0.0169063 -0.119562 0.992625 0.117563 0.00028125 0.993031 0.239125 0.0005625 0.970937 0.970781 0.0004375 0.239875 0.995281 0.0003125 0.0969063 0.997813 -0.0297813 0.0579688 0.999969 -0.00040625 -0.0075 0.987281 -0.158875 -0.0036875 0.11225 -0.993656 0.00384375 0.0015 -0.999969 3.125e-05 0.227 -0.97375 0.0121562 -0.00190625 -0.999969 -0.0001875 0.158906 -0.987219 0.004 0.498125 -0.863813 0.0747188 0.429406 -0.90225 0.03775 0.337063 -0.941281 0.0154688 0.320563 -0.947125 0.0135938 0.632281 -0.770281 0.0820312 0.739156 -0.670125 0.0667187 0.685125 -0.72775 0.0292188 0.809906 -0.584938 0.0421875 0.753094 -0.657281 0.0285938 0.958406 -0.285313 0.0045 0.957906 -0.286875 0.003125 9.375e-05 -0.994531 -0.104406 -0.063 -0.986 -0.154375 -0.43975 -0.870531 -0.22075 -0.392344 -0.85275 -0.344594 6.25e-05 -0.998875 -0.0469063 0.00021875 -0.999969 0.0003125 -0.221281 -0.912781 -0.343125 -0.410031 -0.653969 -0.635719 -0.491969 -0.866375 -0.0855 -0.819094 -0.573563 -0 -0.763625 -0.534563 -0.361969 -0.649688 -0.454906 -0.609 -0.506719 -0.354906 -0.785594 -0.665781 -0.739812 -0.0963125 -0.6715 -0.726656 -0.144938 -0.679656 -0.708 -0.191781 -0.690313 -0.683812 -0.236 -0.703687 -0.654281 -0.276844 -0.719906 -0.619219 -0.313406 -0.739031 -0.57875 -0.344563 -0.761281 -0.533063 -0.369031 -0.786687 -0.482313 -0.38525 -0.815188 -0.427063 -0.391219 -0.846375 -0.368156 -0.384688 -0.879531 -0.307375 -0.363094 -0.913156 -0.247313 -0.323938 -0.94475 -0.191938 -0.2655 -0.971156 -0.146531 -0.187813 -0.979469 -0.18375 -0.08225 -0.937813 0.308906 -0.158281 -0.465438 -0.864469 -0.189562 -0.471875 -0.834312 -0.284875 -0.481156 -0.791875 -0.375969 -0.493406 -0.737312 -0.46125 -0.508969 -0.670906 -0.539156 -0.528 -0.593 -0.607813 -0.550875 -0.504031 -0.665094 -0.577969 -0.404656 -0.708625 -0.609375 -0.295875 -0.735531 -0.645375 -0.179063 -0.7425 -0.685562 -0.056625 -0.72575 -0.729156 0.0678438 -0.680969 -0.774063 0.189063 -0.604125 -0.817125 0.299188 -0.492656 -0.8535 0.3885 -0.347156 -0.674469 0.712219 -0.194125 -0.235156 -0.933469 -0.270656 -0.238813 -0.882781 -0.4045 -0.244031 -0.812156 -0.529906 -0.250969 -0.722719 -0.643875 -0.259813 -0.615844 -0.743781 -0.270594 -0.493187 -0.826688 -0.283688 -0.356906 -0.889969 -0.299094 -0.209469 -0.930875 -0.317156 -0.0536563 -0.946813 -0.337813 0.106969 -0.935094 -0.361031 0.268219 -0.893094 -0.386156 0.424937 -0.818656 -0.41225 0.570719 -0.710125 -0.437219 0.697656 -0.567469 -0.458375 0.796844 -0.393531 -0.289313 0.93875 -0.187063 -9.375e-05 -0.98025 -0.197563 -0.0009375 -0.944188 -0.329313 -0.00025 -0.889219 -0.457344 -0.0004375 -0.8025 -0.596563 -0.000375 -0.692438 -0.721438 -0.002125 -0.566813 -0.823781 -0.0015625 -0.422469 -0.906344 0.00025 -0.262906 -0.96475 -0.0008125 -0.113906 -0.993469 0.00078125 0.0289687 -0.999563 0.00053125 0.151688 -0.988375 9.375e-05 0.279938 -0.959969 0.00078125 0.410094 -0.912 0.00175 0.559031 -0.829094 0.0004375 0.6835 -0.729906 0.00134375 0.796781 -0.604156 6.25e-05 0.884094 -0.467219 0.000875 0.948406 -0.317031 -0.934687 -0.102812 -0.340094 -0.765844 -0.536219 -0.354688 -0.818031 0.44925 -0.359094 -0.440688 0.858063 -0.263594 -0.702594 -0.491469 -0.5145 -0.769219 -0.0263437 -0.638344 -0.50675 -0.354906 -0.785563 -0.655281 0.496281 -0.569344 -0.350781 0.874563 -0.334781 0.0004375 0.997719 -0.066875 -0.541313 0.0516875 -0.839188 -0.469813 0.498469 -0.7285 -0.356219 0.753594 -0.552375 -0.210656 0.921313 -0.326656 0.00025 0.999969 0.0004375 0.0164688 0.113688 0.993375 0.0169063 0.119562 0.992625 0.0180625 0.226313 0.973844 0.0815 0.121594 0.989219 0.0151563 0.00053125 0.999875 0.999969 0.00040625 -0.0075 0.997813 0.0297813 0.0579688 0.995281 -0.000125 0.0969063 0.0151875 0.225375 0.974125 0.0140313 0.303906 0.952563 0.117563 -0.0003125 0.993031 0.239125 -0.00059375 0.970937 0.240344 0.0288125 0.970219 0.331187 -0.000625 0.943531 0.936594 -0.00053125 0.350344 0.956594 0.0377188 0.288938 0.932813 0.208656 0.293656 0.970781 -0.0004375 0.239875 0.980906 0.109875 0.160187 0.977094 0.200469 0.0705 0.020375 0.337594 0.941031 0.0137188 0.379219 0.925188 0.0839375 0.246656 0.965406 0.24275 0.172188 0.954625 0.383938 0.145281 0.911781 0.446219 -0.00075 0.894844 0.562125 0.131187 0.8165 0.681094 -0.000625 0.732188 0.697 0.132156 0.70475 0.791 -0.0005625 0.61175 0.811938 0.145063 0.565406 0.872406 -0.00053125 0.488656 0.890063 0.1705 0.422625 0.947875 0.26475 0.177188 0.940844 0.325125 0.0949688 0.0247188 0.437875 0.898625 0.0143125 0.523969 0.851562 0.0888125 0.354469 0.930781 0.244375 0.2935 0.924156 0.381 0.275156 0.882656 0.55 0.268687 0.790688 0.675125 0.272656 0.685344 0.780375 0.284969 0.556531 0.851656 0.305313 0.425875 0.891156 0.333219 0.307813 0.906438 0.372156 0.199281 0.902125 0.414531 0.119438 0.924031 0.380844 0.0318438 0.894719 0.446219 0.016625 0.957906 0.286875 0.003125 0.0375937 0.550125 0.834188 0.0209063 0.652469 0.757469 0.0990625 0.470906 0.876594 0.246344 0.4205 0.873125 0.371719 0.409375 0.833125 0.52225 0.408844 0.748344 0.631938 0.414375 0.654906 0.724719 0.424344 0.54275 0.789781 0.438406 0.428906 0.828531 0.456906 0.323563 0.84675 0.483063 0.222719 0.845906 0.513219 0.144938 0.054 0.650031 0.757906 0.0291563 0.766344 0.641688 0.109063 0.577563 0.808937 0.241938 0.536219 0.808594 0.351938 0.530438 0.771156 0.481219 0.533813 0.695281 0.575 0.540094 0.614469 0.655875 0.548375 0.518719 0.714938 0.55825 0.420781 0.752688 0.570625 0.328219 0.772687 0.588969 0.236625 0.773406 0.612312 0.163813 0.0641562 0.762906 0.643219 0.0327813 0.862063 0.505719 0.10775 0.702688 0.703219 0.217094 0.671969 0.707969 0.30625 0.670875 0.675344 0.409875 0.677156 0.611 0.485781 0.683656 0.5445 0.553125 0.690219 0.466406 0.604906 0.696344 0.386219 0.640312 0.703125 0.308969 0.661687 0.713313 0.230719 0.665438 0.7275 0.166969 0.569656 0.821375 0.02675 0.564219 0.824875 0.034 0.685125 0.72775 0.0292188 0.0265625 0.934781 0.354156 0.0329375 0.935219 0.352469 0.0163125 0.976875 0.212969 0.0515 0.873344 0.484313 0.084375 0.827563 0.554969 0.1665 0.803813 0.571063 0.233531 0.804031 0.54675 0.312094 0.810094 0.49625 0.371031 0.8155 0.444094 0.425281 0.819969 0.383063 0.469375 0.822906 0.320031 0.501469 0.825531 0.258719 0.52275 0.829656 0.19575 0.527875 0.837 0.143813 0.00278125 0.996188 0.0868125 0.0025625 0.997063 0.075875 0.0149062 0.974906 0.221969 0.0325313 0.93575 0.351 0.0590938 0.901156 0.429344 0.122 0.880094 0.45875 0.17375 0.879656 0.442594 0.236219 0.883906 0.403469 0.284125 0.887906 0.36175 0.329625 0.890938 0.312281 0.367594 0.89275 0.260344 0.397344 0.893219 0.210156 0.417625 0.894719 0.158031 0.422719 0.898875 0.115094 0.00084375 0.999969 0.0009375 0.000875 0.999969 0.0009375 0 0.999969 0.000875 0.01425 0.976438 0.215156 0.0334375 0.953562 0.299188 0.077875 0.9365 0.341844 0.115656 0.934375 0.336844 0.163781 0.936594 0.309719 0.201594 0.939031 0.278344 0.238656 0.940938 0.240031 0.272125 0.941531 0.198375 0.297688 0.9415 0.157813 0.314063 0.942125 0.117063 0.318281 0.944438 0.0819063 0.392781 0.91775 0.0578125 0.210719 0.977406 0.014875 0.322094 0.94625 0.0285 0.002125 0.997156 0.0746875 0.0114063 0.987375 0.157875 0.0360625 0.976313 0.213219 0.05975 0.9735 0.220594 0.091875 0.973625 0.208594 0.119219 0.974719 0.188688 0.147656 0.975688 0.161625 0.1735 0.975969 0.13175 0.193937 0.975688 0.101438 0.207094 0.97575 0.0705312 0.206437 0.977313 0.0460938 0.0894063 0.995969 0.00325 0.00090625 0.999031 0.0425938 0.010125 0.994375 0.105031 0.0217813 0.992188 0.122625 0.0402813 0.991406 0.124375 0.058125 0.991656 0.114719 0.0783125 0.992063 0.09775 0.0980625 0.992188 0.0767813 0.11325 0.991969 0.0555312 0.120594 0.992063 0.034625 0.114719 0.993156 0.0190938 0.00109375 0.999969 -0 0.0010625 0.999969 -0 0.112875 0.993594 0.00384375 -3.125e-05 0.999969 0.00115625 -3.125e-05 0.999969 0.00121875 0.000125 0.999875 0.0121562 0.0003125 0.999844 0.016 0.0003125 0.999875 0.0145313 0.00371875 0.999344 0.0347187 0.0089375 0.999125 0.040125 0.0172187 0.999125 0.0365313 0.028625 0.999219 0.024875 0.0383125 0.999125 0.0124375 0.0362188 0.999313 0.00409375 0.0195625 0.999781 0.00075 0.0004375 0.999875 0.0112813 0.00059375 0.999969 0.0078125 0.0015 0.999969 0.00471875 0.00109375 0.999969 0.0015625 0.00559375 0.999969 0.000875 0.005625 0.999969 0.00065625 0.00484375 0.999969 0.0004375 0.00140625 0.999969 9.375e-05 0.000625 0.999969 9.375e-05 0.987281 0.158906 -0.003625 0.958438 0.285188 0.00465625 0.811625 0.5835 0.0265938 0.81 0.584813 0.0423438 0.739313 0.67 0.066875 0.753094 0.657219 0.0285938 0.632438 0.770187 0.082125 0.49825 0.863719 0.0748125 0.429781 0.902125 0.037875 0.449688 0.892875 0.0214063 0.337719 0.941063 0.0155938 0.227656 0.973625 0.0122813 0.3205 0.947125 0.0135938 0.170094 0.985406 0.00453125 0.000625 0.999969 -0.00021875 0.0135312 0.619781 0.784594 0.00025 0.755188 0.655438 0.00859375 0.803906 0.594594 0.0008125 0.851531 0.524281 -0.0005625 0.638969 0.769188 0.00553125 0.507031 0.861844 -3.125e-05 0.37975 0.925031 0 0.505875 0.862531 -0.00025 0.35925 0.933219 0.00053125 0.203469 0.979031 0.00128125 0.0425 0.999094 -0.00428125 -0.002 0.999969 0.0109063 0.97925 0.202219 0.001 0.92525 0.379219 0.000625 0.974469 0.224438 -0.00128125 0.999969 0.0041875 -0.00040625 0.993813 0.110688 -0.172937 -0.77975 -0.601625 -0.308406 -0.215937 -0.926406 0.00025 -0.650156 -0.75975 0.000375 -0.922437 -0.386 0.00059375 -0.999563 0.0295 -0.506719 -0.354813 -0.785688 -0.410406 -0.653844 -0.635531 -0.222156 -0.91275 -0.342719 -0.000375 -0.999875 0.0150938 -0.0008125 -0.999969 0.0009375 0.912125 -0.0015 0.409813 0.926344 -0.0014375 0.3765 0.902906 -0.144094 0.404813 0.987281 -0.158719 -0.00315625 0.884875 -0.246125 0.395375 0.833875 -0.393656 0.38675 0.895063 -0.4455 0.0167188 0.760625 -0.514531 0.39575 0.666031 -0.625437 0.406281 0.753031 -0.657281 0.02875 0.545031 -0.730594 0.411125 0.407813 -0.815875 0.409813 0.449625 -0.892875 0.0215313 0.274063 -0.871375 0.406875 0.158875 -0.987281 0.00440625 0.120469 -0.907313 0.402719 0.00121875 -0.999969 -0 0.0321563 -0.914625 0.402938 -0.0401875 -0.913531 0.404656 -0.122094 -0.9925 0.000125 -0.242844 -0.970031 -3.125e-05 -0.224094 -0.888313 0.400813 -0.333219 -0.942813 -0 -0.467531 -0.883969 -0 -0.390219 -0.830375 0.397563 -0.59175 -0.806094 -0 -0.537188 -0.745219 0.394844 -0.669813 -0.7425 -0 -0.73675 -0.676094 -0 -0.661531 -0.638781 0.392719 -0.76125 -0.517125 0.391156 -0.802281 -0.596875 -0 -0.855344 -0.517969 -0 -0.836 -0.385844 0.390125 -0.90375 -0.428 -0 -0.940219 -0.340375 -0 -0.886375 -0.250094 0.389469 -0.984906 -0.17275 -0 -0.912781 -0.123438 0.38925 -1 0 -0 -0.921094 0 0.389188 0.0051875 -0.999969 -0 0.002125 -0.999969 -0 0.00515625 -0.999969 -0 0.00521875 -0.999969 -0 0.00534375 -0.999969 -0 0.005625 -0.999969 -0 0.00109375 -0.999969 0.0058125 0.0005 -0.999906 0.00925 0.0004375 -0.999875 0.0117188 0.0003125 -0.999875 0.01425 0.00025 -0.999844 0.0165 0.00025 -0.999625 0.0269063 0.0003125 -0.999531 0.0300313 0.00021875 -0.999687 0.0226563 0.0001875 -0.999781 0.0185938 -0.00134375 -0.999969 0.000125 -0.00121875 -0.907094 -0.420875 -0.000875 -0.645469 -0.76375 -0.0008125 -0.597781 -0.801625 0.0009375 -0.471625 -0.88175 0.00025 -0.269937 -0.962844 0 0.00025 -0.999969 -0.763563 -0.534625 -0.361969 -0.765844 -0.53625 -0.354625 -0.702438 -0.491844 -0.514406 -0.649719 -0.454906 -0.608938 -0.506813 -0.354844 -0.785563 -0.308469 -0.216 -0.926344 -0.297344 -0.208188 -0.93175 -0.109781 0.918063 -0.380906 0.000125 0.999875 0.0122188 0.00025 0.774375 -0.632688 -0.208813 0.642656 -0.737063 0.000125 0.41225 -0.911 -0.263438 0.230687 -0.936625 -0.00028125 0.999969 0.00078125 -0.211313 0.921313 -0.326219 -0.356875 0.753594 -0.551938 -0.470406 0.498531 -0.728094 -0.541625 0.05175 -0.838969 -0.296688 -0.208281 -0.931938 -0.506813 -0.354813 -0.785563 0.00184375 0.999969 0.00409375 0.00071875 0.999969 0.0015625 0.00071875 0.998156 -0.060125 0.00053125 0.999969 0.007 0.00059375 0.879687 -0.475406 0.00040625 0.588188 -0.808688 0.00109375 0.533406 -0.845781 0.00028125 0.312594 -0.949844 0 -0.0001875 -0.999969 -0.513563 -0.586031 -0.626625 -0.918938 0 -0.394313 -0.90525 0 -0.424844 -0.689438 0 -0.724281 -0.638969 0 -0.769188 0.00059375 0 -0.999969 0.00521875 0.999969 -0 0.00525 0.999969 -0 -0.9105 0.138969 0.389313 -0.984906 0.17275 -0 -0.877781 0.278531 0.38975 -0.940219 0.340375 -0 -0.821906 0.414594 0.3905 -0.90375 0.428 -0 -0.855344 0.517969 -0 -0.742719 0.542969 0.391688 -0.802281 0.596875 -0 -0.640063 0.659938 0.393375 -0.669813 0.7425 -0 -0.5 0.770187 0.395875 -0.59175 0.806094 -0 -0.461625 0.887031 -0 -0.360219 0.8435 0.398375 -0.206313 0.892594 0.40075 -0.320844 0.947062 -3.125e-05 -0.0625625 0.912625 0.403844 -0.162437 0.986656 3.125e-05 -0.000875 0.999969 -0 0.080375 0.912 0.402219 0.0043125 0.999969 -0 0.238656 0.882281 0.405594 0.376781 0.831125 0.408906 0.450719 0.792594 0.410562 0.449688 0.892875 0.0215 0.516688 0.750844 0.411344 0.753031 0.657281 0.0285938 0.6235 0.666313 0.408781 0.731438 0.552156 0.4 0.894625 0.446438 0.0167813 0.805844 0.446 0.389406 0.858281 0.33575 0.388063 0.987281 0.158781 -0.00359375 0.89725 0.183156 0.401563 0.926344 0.001625 0.3765 0.912125 0.0016875 0.409813 0.999969 0.00059375 -0.0075 0.150656 -0.0132813 0.988469 0.146406 -0.0481563 0.988031 0.136344 -0.0805937 0.987312 0.111719 -0.118719 0.986562 0.0764375 -0.147594 0.986063 0.0469063 -0.161906 0.985656 0.0160625 -0.170156 0.98525 -0.01125 -0.172844 0.984875 -0.0383125 -0.171281 0.984469 -0.060625 -0.166719 0.984125 -0.080875 -0.158781 0.983938 -0.102375 -0.1465 0.983844 -0.121906 -0.131375 0.983781 -0.139344 -0.113781 0.983625 -0.154156 -0.0939375 0.983563 -0.166063 -0.0722188 0.983406 -0.174781 -0.0489688 0.983375 -0.180094 -0.0247188 0.983281 -0.204344 0 0.978844 0.258219 -0.0014375 0.966031 0.261813 -0.0237188 0.964813 0.25725 -0.0833438 0.962687 0.244625 -0.140156 0.959406 0.210094 -0.210094 0.954813 0.155687 -0.268875 0.950469 0.105531 -0.300219 0.948 0.0512188 -0.318844 0.946375 0.00075 -0.325875 0.945375 -0.0490625 -0.323781 0.944844 -0.0905313 -0.314719 0.944844 -0.124375 -0.297875 0.946406 -0.165562 -0.27375 0.947375 -0.2025 -0.244656 0.948156 -0.234969 -0.211125 0.948781 -0.262313 -0.173719 0.949188 -0.284063 -0.133188 0.9495 -0.299906 -0.090125 0.949656 -0.3095 -0.0454688 0.94975 -0.348281 0 0.937375 0.388969 -0.00246875 0.921219 0.444594 -0.042125 0.894719 0.440469 -0.135125 0.887469 0.4255 -0.219969 0.877781 0.380781 -0.318563 0.867969 0.308844 -0.397344 0.864062 0.240375 -0.44275 0.863781 0.165531 -0.472375 0.865656 0.0917813 -0.493 0.865125 0.0161875 -0.501281 0.865125 -0.0514375 -0.5 0.864469 -0.107 -0.483344 0.868813 -0.188781 -0.462063 0.866437 -0.265781 -0.426469 0.864531 -0.335875 -0.377688 0.862844 -0.396469 -0.317156 0.861437 -0.445719 -0.246781 0.860438 -0.482031 -0.168844 0.859688 -0.504219 -0.0857188 0.85925 -0.582219 0 0.813 0.519094 -0.003 0.854688 0.649719 -0.064 0.757375 0.641469 -0.1835 0.744781 0.618875 -0.281781 0.733156 0.562187 -0.382906 0.732938 0.478719 -0.462875 0.745969 0.400281 -0.520594 0.754094 0.311469 -0.570844 0.759656 0.220437 -0.612906 0.75875 0.122625 -0.642219 0.756594 0.0305 -0.658094 0.75225 -0.0544688 -0.655906 0.752813 -0.177656 -0.645625 0.742594 -0.2985 -0.610687 0.733375 -0.411563 -0.551844 0.72525 -0.511719 -0.470906 0.718531 -0.594688 -0.371031 0.713188 -0.656656 -0.256063 0.709312 -0.694969 -0.130688 0.707031 -0.741094 0 0.671344 0.693969 -0.00271875 0.719938 0.781563 -0.0779063 0.618906 0.767125 -0.212437 0.605219 0.737938 -0.317156 0.595594 0.676719 -0.421969 0.603281 0.590125 -0.511719 0.624344 0.5055 -0.583313 0.635656 0.405688 -0.650906 0.641594 0.300719 -0.707125 0.639875 0.185813 -0.748906 0.636031 0.0760313 -0.773094 0.629625 -0.0288125 -0.777625 0.628031 -0.178062 -0.768 0.615125 -0.324844 -0.728312 0.60325 -0.462125 -0.659375 0.592875 -0.583969 -0.563563 0.584188 -0.684781 -0.444469 0.577344 -0.760219 -0.307 0.572438 -0.806875 -0.156781 0.569438 0.912125 -0.001625 0.409813 0.545 -0.730594 0.411156 0.0321563 -0.914594 0.402938 -0.0117813 0.999875 -0 -0.162531 0.986656 -0 -0.019125 0.999781 -0 -0.0232813 0.999687 -0 -0.178219 0.983938 -0 -0.328875 0.944313 -0 -0.320906 0.947062 -0 -0.4715 0.881813 -0 -0.591688 0.806094 -0 -0.60275 0.797906 -0 -0.669813 0.742469 -0 -0.719312 0.694625 -0 -0.802281 0.596844 -0 -0.818438 0.5745 -0 -0.855344 0.518 -0 -0.89775 0.440406 -0 -0.90375 0.427938 -0 -0.940219 0.340438 -0 -0.955281 0.295656 -0 -0.984906 0.172813 -0 -0.989563 0.143719 -0 -0.999875 -0.011625 -0 -0.984906 -0.172813 -0 -0.985969 -0.166719 -0 -0.948125 -0.317813 -0 -0.940219 -0.340438 -0 -0.88725 -0.461188 -0 -0.90375 -0.427938 -0 -0.855344 -0.518 -0 -0.804875 -0.593406 -0 -0.802281 -0.596844 -0 -0.702969 -0.711156 -0 -0.736719 -0.676125 -0 -0.669813 -0.742469 -0 -0.583969 -0.811719 -0 -0.591688 -0.806094 -0 -0.450844 -0.892563 -0 -0.333313 -0.942813 -0 -0.306781 -0.951719 -0 -0.242781 -0.970031 -0 -0.15525 -0.987844 -0 -0.122031 -0.9925 -0 0.00521875 -0.999969 0.000125 0.00471875 -0.907313 -0.420281 0.003375 -0.646281 -0.763 0.00315625 -0.598719 -0.800875 0.186375 -0.982437 -0 0.0409063 -0.999125 -0 0.138719 -0.990313 -0 0.08675 -0.996188 -0 -0.005375 -0.999969 -0 -0.010625 -0.999906 -0 -0.156844 -0.987594 -0 -0.105344 -0.994375 -0 -0.249375 -0.968375 -0 -0.303594 -0.952781 -0 -0.447031 -0.8945 -0 -0.388125 -0.921562 -0 -0.518531 -0.855031 -0 -0.583 -0.812406 -0 -0.637781 -0.770156 -0 -0.704938 -0.709219 -0 -0.798281 -0.602219 -0 -0.743375 -0.668813 -0 -0.833094 -0.553062 -0 -0.877813 -0.478938 -0 -0.904906 -0.4255 -0 -0.941156 -0.337938 -0 -0.957344 -0.288844 -0 -0.983469 -0.181063 -0 -0.98925 -0.145969 -0 -0.999875 -0.0114063 -0 -0.0342188 0.999406 -0 0.0235313 0.999687 -0 0.129656 0.991531 -0 0.078625 0.996844 -0 0.186375 0.982437 -0 0.0618125 0.998031 -0 -0.0553438 0.998438 -0 -0.187719 0.982188 -0 -0.179438 0.983719 -0 -0.27425 0.961594 -0 -0.324844 0.945719 -0 -0.386375 0.922281 -0 -0.466719 0.884344 -0 -0.448344 0.893781 -0 -0.592844 0.805313 -0 -0.600812 0.799344 -0 -0.718938 0.695 -0 -0.720688 0.693156 -0 -0.79175 0.610781 -0 -0.81175 0.583938 -0 -0.828969 0.559219 -0 -0.8675 0.497375 -0 -0.888625 0.458594 -0 -0.905906 0.423375 -0 -0.948687 0.316 -0 -0.942281 0.334719 -0 -0.973437 0.22875 -0 -0.9865 0.163625 -0 -0.993375 0.114594 -0 0.18475 0 -0.98275 -0.221656 -0.314656 -0.922938 0.483375 0 -0.875406 0.598906 0 -0.800781 0.8485 0 -0.529094 0.855969 0 -0.517 -0.180094 0.0247188 0.983281 -0.17475 0.0489688 0.983375 -0.166031 0.0721563 0.983469 -0.154125 0.0939375 0.983563 -0.139313 0.113781 0.983688 -0.121906 0.131344 0.983781 -0.102375 0.146437 0.983844 -0.080875 0.15875 0.983938 -0.060625 0.166688 0.984125 -0.0383125 0.17125 0.984469 -0.01125 0.172813 0.984875 0.0160313 0.170094 0.98525 0.046875 0.161844 0.985656 0.0764375 0.147563 0.986063 0.111656 0.118719 0.986625 0.136312 0.0805937 0.987312 0.146375 0.0481563 0.988031 0.150625 0.0132813 0.988469 0.258219 0.0014375 0.966031 -0.309438 0.0454688 0.949781 -0.299844 0.090125 0.949656 -0.284 0.133156 0.9495 -0.26225 0.173719 0.949219 -0.234938 0.211063 0.948781 -0.202469 0.244625 0.948219 -0.165562 0.273688 0.947438 -0.124375 0.297844 0.946469 -0.0905313 0.314656 0.944844 -0.0490625 0.323719 0.944875 0.00075 0.325781 0.945406 0.0511875 0.318781 0.946406 0.105469 0.300156 0.948 0.155656 0.268813 0.9505 0.210031 0.210031 0.954844 0.244594 0.140125 0.959406 0.257187 0.0833438 0.962687 0.26175 0.0237188 0.964813 0.388969 0.00246875 0.921219 -0.504094 0.0857188 0.859344 -0.481906 0.168812 0.859719 -0.445625 0.24675 0.860469 -0.396469 0.317094 0.861531 -0.335875 0.377594 0.862844 -0.265781 0.426406 0.864563 -0.188844 0.462 0.866531 -0.107063 0.483219 0.868875 -0.0514375 0.499938 0.864469 0.0161563 0.501188 0.865125 0.0916875 0.492938 0.865188 0.1655 0.472313 0.865687 0.240313 0.442688 0.863813 0.30875 0.397344 0.864125 0.38075 0.3185 0.868031 0.425438 0.219969 0.877813 0.440406 0.135094 0.887563 0.444469 0.042125 0.89475 0.519094 0.0029375 0.854688 -0.69475 0.130656 0.707219 -0.656469 0.256 0.7095 -0.5945 0.370906 0.713344 -0.511625 0.470781 0.718656 -0.4115 0.551656 0.725438 -0.298438 0.610563 0.7335 -0.177656 0.645469 0.74275 -0.0544688 0.655719 0.752937 0.0304062 0.657969 0.752375 0.122531 0.642031 0.756719 0.220344 0.61275 0.758875 0.311344 0.570719 0.75975 0.400094 0.5205 0.754219 0.478563 0.462813 0.746094 0.562063 0.382844 0.733063 0.618688 0.281719 0.733281 0.641344 0.183406 0.744969 0.649531 0.0639375 0.757594 0.693969 0.00271875 0.719938 -0.806656 0.156719 0.56975 -0.760063 0.306906 0.572719 -0.684656 0.444375 0.577688 -0.583781 0.563375 0.5845 -0.462063 0.659156 0.593188 -0.32475 0.728094 0.603531 -0.178031 0.767781 0.615438 -0.028875 0.777344 0.628344 0.0759375 0.772875 0.629938 0.185656 0.748688 0.636344 0.300594 0.706906 0.640188 0.405469 0.650688 0.641906 0.505313 0.583219 0.635969 0.589906 0.511594 0.624656 0.6765 0.421875 0.603594 0.737719 0.317094 0.595906 0.766906 0.212375 0.605531 0.78125 0.0779063 0.619219 0.912125 0.001625 0.409813 -0.360281 0.8435 0.398313 -0.20625 0.892563 0.400813 0.080375 0.911969 0.402219 0.450719 0.792594 0.410625 0.731438 0.552094 0.400094 -0.638125 -0.44725 -0.626625 -0.02325 0.997938 -0.0597188 -0.0195625 0.837844 -0.545469 -0.202688 0.752406 -0.626625 -0.0138125 0.588125 -0.808594 -0.375625 0.682719 -0.626625 -0.527125 0.573906 -0.626625 -0.648344 0.432281 -0.626625 -0.7325 0.265812 -0.626625 -0.774688 0.0841875 -0.626625 -0.772531 -0.102187 -0.626625 -0.726125 -0.282813 -0.626625 -0.0903438 0.526906 -0.845031 -0.151531 0.45625 -0.876813 -0.196187 0.380469 -0.903656 -0.224562 0.304188 -0.925687 -0.238656 0.232969 -0.942688 -0.242156 0.176469 -0.954 -0.240156 0.125437 -0.962563 -0.235469 0.0793438 -0.968625 -0.231281 0.0387813 -0.972094 -0.2295 0 -0.973281 -0.229563 -0.00265625 -0.973281 -0.231656 -0.0430625 -0.971781 -0.236219 -0.08575 -0.967875 -0.240688 -0.132938 -0.961438 -0.242031 -0.185062 -0.952438 -0.237438 -0.242594 -0.940594</float_array>
					<technique_common>
						<accessor count="1439" source="#ID8" stride="3">
							<param name="X" type="float"/>
							<param name="Y" type="float"/>
							<param name="Z" type="float"/>
						</accessor>
					</technique_common>
				</source>
				<source id="ID9">
					<float_array id="ID10" count="2" digits="2490374">0 1</float_array>
					<technique_common>
						<accessor count="1" source="#ID10" stride="2">
							<param name="S" type="float"/>
							<param name="T" type="float"/>
						</accessor>
					</technique_common>
				</source>
				<vertices id="ID11">
					<input semantic="POSITION" source="#ID5"/>
				</vertices>
				<polylist count="2481">
					<input offset="0" semantic="VERTEX" source="#ID11" set="0"/>
					<input offset="1" semantic="NORMAL" source="#ID7" set="0"/>
					<input offset="2" semantic="TEXCOORD" source="#ID9" set="0"/>
					<vcount>3 3 3 3 3 3 3 3 3 3 3 3 3 3 3 3 3 3 3 3 3 3 3 3 3 3 3 3 3 3 3 3 3 3 3 3 3 3 3 3 3 3 3 3 3 3 3 3 3 3 3 3 3 3 3 3 3 3 3 3 3 3 3 3 3 3 3 3 3 3 3 3 3 3 3 3 3 3 3 3 3 3 3 3 3 3 3 3 3 3 3 3 3 3 3 3 3 3 3 3 3 3 3 3 3 3 3 3 3 3 3 3 3 3 3 3 3 3 3 3 3 3 3 3 3 3 3 3 3 3 3 3 3 3 3 3 3 3 3 3 3 3 3 3 3 3 3 3 3 3 3 3 3 3 3 3 3 3 3 3 3 3 3 3 3 3 3 3 3 3 3 3 3 3 3 3 3 3 3 3 3 3 3 3 3 3 3 3 3 3 3 3 3 3 3 3 3 3 3 3 3 3 3 3 3 3 3 3 3 3 3 3 3 3 3 3 3 3 3 3 3 3 3 3 3 3 3 3 3 3 3 3 3 3 3 3 3 3 3 3 3 3 3 3 3 3 3 3 3 3 3 3 3 3 3 3 3 3 3 3 3 3 3 3 3 3 3 3 3 3 3 3 3 3 3 3 3 3 3 3 3 3 3 3 3 3 3 3 3 3 3 3 3 3 3 3 3 3 3 3 3 3 3 3 3 3 3 3 3 3 3 3 3 3 3 3 3 3 3 3 3 3 3 3 3 3 3 3 3 3 3 3 3 3 3 3 3 3 3 3 3 3 3 3 3 3 3 3 3 3 3 3 3 3 3 3 3 3 3 3 3 3 3 3 3 3 3 3 3 3 3 3 3 3 3 3 3 3 3 3 3 3 3 3 3 3 3 3 3 3 3 3 3 3 3 3 3 3 3 3 3 3 3 3 3 3 3 3 3 3 3 3 3 3 3 3 3 3 3 3 3 3 3 3 3 3 3 3 3 3 3 3 3 3 3 3 3 3 3 3 3 3 3 3 3 3 3 3 3 3 3 3 3 3 3 3 3 3 3 3 3 3 3 3 3 3 3 3 3 3 3 3 3 3 3 3 3 3 3 3 3 3 3 3 3 3 3 3 3 3 3 3 3 3 3 3 3 3 3 3 3 3 3 3 3 3 3 3 3 3 3 3 3 3 3 3 3 3 3 3 3 3 3 3 3 3 3 3 3 3 3 3 3 3 3 3 3 3 3 3 3 3 3 3 3 3 3 3 3 3 3 3 3 3 3 3 3 3 3 3 3 3 3 3 3 3 3 3 3 3 3 3 3 3 3 3 3 3 3 3 3 3 3 3 3 3 3 3 3 3 3 3 3 3 3 3 3 3 3 3 3 3 3 3 3 3 3 3 3 3 3 3 3 3 3 3 3 3 3 3 3 3 3 3 3 3 3 3 3 3 3 3 3 3 3 3 3 3 3 3 3 3 3 3 3 3 3 3 3 3 3 3 3 3 3 3 3 3 3 3 3 3 3 3 3 3 3 3 3 3 3 3 3 3 3 3 3 3 3 3 3 3 3 3 3 3 3 3 3 3 3 3 3 3 3 3 3 3 3 3 3 3 3 3 3 3 3 3 3 3 3 3 3 3 3 3 3 3 3 3 3 3 3 3 3 3 3 3 3 3 3 3 3 3 3 3 3 3 3 3 3 3 3 3 3 3 3 3 3 3 3 3 3 3 3 3 3 3 3 3 3 3 3 3 3 3 3 3 3 3 3 3 3 3 3 3 3 3 3 3 3 3 3 3 3 3 3 3 3 3 3 3 3 3 3 3 3 3 3 3 3 3 3 3 3 3 3 3 3 3 3 3 3 3 3 3 3 3 3 3 3 3 3 3 3 3 3 3 3 3 3 3 3 3 3 3 3 3 3 3 3 3 3 3 3 3 3 3 3 3 3 3 3 3 3 3 3 3 3 3 3 3 3 3 3 3 3 3 3 3 3 3 3 3 3 3 3 3 3 3 3 3 3 3 3 3 3 3 3 3 3 3 3 3 3 3 3 3 3 3 3 3 3 3 3 3 3 3 3 3 3 3 3 3 3 3 3 3 3 3 3 3 3 3 3 3 3 3 3 3 3 3 3 3 3 3 3 3 3 3 3 3 3 3 3 3 3 3 3 3 3 3 3 3 3 3 3 3 3 3 3 3 3 3 3 3 3 3 3 3 3 3 3 3 3 3 3 3 3 3 3 3 3 3 3 3 3 3 3 3 3 3 3 3 3 3 3 3 3 3 3 3 3 3 3 3 3 3 3 3 3 3 3 3 3 3 3 3 3 3 3 3 3 3 3 3 3 3 3 3 3 3 3 3 3 3 3 3 3 3 3 3 3 3 3 3 3 3 3 3 3 3 3 3 3 3 3 3 3 3 3 3 3 3 3 3 3 3 3 3 3 3 3 3 3 3 3 3 3 3 3 3 3 3 3 3 3 3 3 3 3 3 3 3 3 3 3 3 3 3 3 3 3 3 3 3 3 3 3 3 3 3 3 3 3 3 3 3 3 3 3 3 3 3 3 3 3 3 3 3 3 3 3 3 3 3 3 3 3 3 3 3 3 3 3 3 3 3 3 3 3 3 3 3 3 3 3 3 3 3 3 3 3 3 3 3 3 3 3 3 3 3 3 3 3 3 3 3 3 3 3 3 3 3 3 3 3 3 3 3 3 3 3 3 3 3 3 3 3 3 3 3 3 3 3 3 3 3 3 3 3 3 3 3 3 3 3 3 3 3 3 3 3 3 3 3 3 3 3 3 3 3 3 3 3 3 3 3 3 3 3 3 3 3 3 3 3 3 3 3 3 3 3 3 3 3 3 3 3 3 3 3 3 3 3 3 3 3 3 3 3 3 3 3 3 3 3 3 3 3 3 3 3 3 3 3 3 3 3 3 3 3 3 3 3 3 3 3 3 3 3 3 3 3 3 3 3 3 3 3 3 3 3 3 3 3 3 3 3 3 3 3 3 3 3 3 3 3 3 3 3 3 3 3 3 3 3 3 3 3 3 3 3 3 3 3 3 3 3 3 3 3 3 3 3 3 3 3 3 3 3 3 3 3 3 3 3 3 3 3 3 3 3 3 3 3 3 3 3 3 3 3 3 3 3 3 3 3 3 3 3 3 3 3 3 3 3 3 3 3 3 3 3 3 3 3 3 3 3 3 3 3 3 3 3 3 3 3 3 3 3 3 3 3 3 3 3 3 3 3 3 3 3 3 3 3 3 3 3 3 3 3 3 3 3 3 3 3 3 3 3 3 3 3 3 3 3 3 3 3 3 3 3 3 3 3 3 3 3 3 3 3 3 3 3 3 3 3 3 3 3 3 3 3 3 3 3 3 3 3 3 3 3 3 3 3 3 3 3 3 3 3 3 3 3 3 3 3 3 3 3 3 3 3 3 3 3 3 3 3 3 3 3 3 3 3 3 3 3 3 3 3 3 3 3 3 3 3 3 3 3 3 3 3 3 3 3 3 3 3 3 3 3 3 3 3 3 3 3 3 3 3 3 3 3 3 3 3 3 3 3 3 3 3 3 3 3 3 3 3 3 3 3 3 3 3 3 3 3 3 3 3 3 3 3 3 3 3 3 3 3 3 3 3 3 3 3 3 3 3 3 3 3 3 3 3 3 3 3 3 3 3 3 3 3 3 3 3 3 3 3 3 3 3 3 3 3 3 3 3 3 3 3 3 3 3 3 3 3 3 3 3 3 3 3 3 3 3 3 3 3 3 3 3 3 3 3 3 3 3 3 3 3 3 3 3 3 3 3 3 3 3 3 3 3 3 3 3 3 3 3 3 3 3 3 3 3 3 3 3 3 3 3 3 3 3 3 3 3 3 3 3 3 3 3 3 3 3 3 3 3 3 3 3 3 3 3 3 3 3 3 3 3 3 3 3 3 3 3 3 3 3 3 3 3 3 3 3 3 3 3 3 3 3 3 3 3 3 3 3 3 3 3 3 3 3 3 3 3 3 3 3 3 3 3 3 3 3 3 3 3 3 3 3 3 3 3 3 3 3 3 3 3 3 3 3 3 3 3 3 3 3 3 3 3 3 3 3 3 3 3 3 3 3 3 3 3 3 3 3 3 3 3 3 3 3 3 3 3 3 3 3 3 3 3 3 3 3 3 3 3 3 3 3 3 3 3 3 3 3 3 3 3 3 3 3 3 3 3 3 3 3 3 3 3 3 3 3 3 3 3 3 3 3 3 3 3 3 3 3 3 3 3 3 3 3 3 3 3 3 3 3 3 3 3 3 3 3 3 3 3 3 3 3 3 3 3 3 3 3 3 3 3 3 3 3 3 3 3 3 3 3 3 3 3 3 3 3 3 3 3 3 3 3 3 3 3 3 3 3 3 3 3 3 3 3 3 3 3 3 3 3 3 3 3 3 3 3 3 3 3 3 3 3 3 3 3 3 3 3 3 3 3 3 3 3 3 3 3 3 3 3 3 3 3 3 3 3 3 3 3 3 3 3 3 3 3 3 3 3 3 3 3 3 3 3 3 3 3 3 3 3 3 3 3 3 3 3 3 3 3 3 3 3 3 3 3 3 3 3 3 3 3 3 3 3 3 3 3 3 3 3 3 3 3 3 3 3 3 3 3 3 3 3 3 3 3 3 3 3 3 3 3 3 3 3 3 3 3 3 3 3 3 3 3 3 3 3 3 3 3 3 3 3 3 3 3 3 3 3 3 3 3 3 3 3 3 3 3 3 3 3 3 3 3 3 3 3 3 3 3 3 3 3 3 3 3 3 3 3 3 3 3 3 3 3 3 3 3 3 3 3 3 3 3 3 3 3 3 3 3 3 3 3 3 3 3 3 3 3 3 3 3 3 3 3 3 3 3 3 3 3 3 3 3 3 3 3 3 3 3 3 3 3 3 3 3 3 3 3 3 3 3 3 3 3 3 3 3 3 3 3 3 3 3 3 3 3 3 3 3 3 3 3 3 3 3 3 3 3 3 3 3 3 3 3 3 3 3 3 3 3 3 3 3 3 3 3 3 3 3 3 3 3 3 3 3 3 3 3 3 3 3 3 3 3 3 3 3 3 3 3 3 3 3 3 3 3 3 3 3 3 3 3 3 3 3 3 3 3 3 3 3 3 3 3 3 3 3 3 3 3 3 3 3 3 3 3 3 3 3 3 3 3 3 3 3 3 3 3 3 3 3 3 3 3 3 3 3 3 3 3 3 3 3 3 3 3 3 3 3 3 3 3 3 3 3 3 3 3 3 3 3 3 3 3 3 3 3 3 3 3 3 3 3 3 3 3 3 3 3 3 3 3 3 3 3 3 3 3 3 3 3 3 3 3 3 3 3 3 3 3 3 3 3 3 3 3 3 3 3 3 3 3 3 3 3 3 3 3 3 3 3 3 3 3 3 3 3 3 3 3 3 3 3 3 3 3 3 3 3 3 3 3 3 3 3 3 3 3 3 3 3 3 3 3 3 3 3 3 3 3 3 3 3 3 3 3 3 3 3 3 3 3 3 3 3 3 3 3 3 3 3 3 3 3 3 3 3 3 3 3 3 3 3 3 3 3 3 3 3 3 3 3 3 3 3 3 3 3 3</vcount>
					<p>312 0 0 192 1 0 241 0 0 241 0 0 192 1 0 20 1 0 126 2 0 20 1 0 192 1 0 191 2 0 126 2 0 192 1 0 126 2 0 191 2 0 25 3 0 126 2 0 25 3 0 127 3 0 189 4 0 127 3 0 25 3 0 189 4 0 128 4 0 127 3 0 16 5 0 128 4 0 189 4 0 188 5 0 16 5 0 189 4 0 16 5 0 188 5 0 187 6 0 16 5 0 187 6 0 15 6 0 186 7 0 15 6 0 187 6 0 186 7 0 14 7 0 15 6 0 13 8 0 14 7 0 186 7 0 185 8 0 13 8 0 186 7 0 13 8 0 185 8 0 31 9 0 13 8 0 31 9 0 133 9 0 32 10 0 133 9 0 31 9 0 32 10 0 134 10 0 133 9 0 135 11 0 134 10 0 32 10 0 33 11 0 135 11 0 32 10 0 135 11 0 33 11 0 34 12 0 135 11 0 34 12 0 136 12 0 35 13 0 136 12 0 34 12 0 35 13 0 8 13 0 136 12 0 7 14 0 8 13 0 35 13 0 36 14 0 7 14 0 35 13 0 7 14 0 36 14 0 37 15 0 7 14 0 37 15 0 139 15 0 38 16 0 139 15 0 37 15 0 38 16 0 5 16 0 139 15 0 4 17 0 5 16 0 38 16 0 39 17 0 4 17 0 38 16 0 4 17 0 39 17 0 40 18 0 4 17 0 40 18 0 3 18 0 41 19 0 3 18 0 40 18 0 41 19 0 2 19 0 3 18 0 2 19 0 41 19 0 0 20 0 2 19 0 0 20 0 96 20 0 0 20 0 268 21 0 96 20 0 96 20 0 268 21 0 222 22 0 222 22 0 268 21 0 267 23 0 223 24 0 222 22 0 267 23 0 266 25 0 223 24 0 267 23 0 223 24 0 266 25 0 224 26 0 68 27 0 224 26 0 266 25 0 224 26 0 68 27 0 225 28 0 225 28 0 68 27 0 69 29 0 225 28 0 69 29 0 226 30 0 70 31 0 226 30 0 69 29 0 226 30 0 70 31 0 57 32 0 262 33 0 57 32 0 70 31 0 57 32 0 262 33 0 56 34 0 56 34 0 262 33 0 261 35 0 56 34 0 261 35 0 229 36 0 260 37 0 229 36 0 261 35 0 229 36 0 260 37 0 230 38 0 74 39 0 230 38 0 260 37 0 84 41 0 82 40 0 83 40 0 230 38 0 74 39 0 53 42 0 53 42 0 74 39 0 76 43 0 76 43 0 74 39 0 273 43 0 53 42 0 76 43 0 77 44 0 53 42 0 77 44 0 280 45 0 53 42 0 280 45 0 279 42 0 53 42 0 279 42 0 80 46 0 53 42 0 80 46 0 52 47 0 80 46 0 81 48 0 52 47 0 81 48 0 82 40 0 52 47 0 84 41 0 52 47 0 82 40 0 52 47 0 84 41 0 85 49 0 52 47 0 85 49 0 233 50 0 320 51 0 233 50 0 85 49 0 233 50 0 320 51 0 50 52 0 50 52 0 320 51 0 87 53 0 50 52 0 87 53 0 49 54 0 88 55 0 49 54 0 87 53 0 49 54 0 88 55 0 48 56 0 89 57 0 48 56 0 88 55 0 89 57 0 47 58 0 48 56 0 47 58 0 89 57 0 90 59 0 47 58 0 90 59 0 46 60 0 91 61 0 46 60 0 90 59 0 46 60 0 91 61 0 45 62 0 92 63 0 45 62 0 91 61 0 92 63 0 44 64 0 45 62 0 44 64 0 92 63 0 93 65 0 44 64 0 93 65 0 241 0 0 241 0 0 93 65 0 312 0 0 351 67 0 96 66 0 97 66 0 351 67 0 2 68 0 96 66 0 2 68 0 351 67 0 350 69 0 2 68 0 350 69 0 3 70 0 349 71 0 3 70 0 350 69 0 349 71 0 4 72 0 3 70 0 4 72 0 349 71 0 5 73 0 349 71 0 348 74 0 5 73 0 347 75 0 5 73 0 348 74 0 5 73 0 347 75 0 139 76 0 347 75 0 346 77 0 139 76 0 345 78 0 139 76 0 346 77 0 345 78 0 7 79 0 139 76 0 7 79 0 345 78 0 105 80 0 7 79 0 105 80 0 8 81 0 343 82 0 8 81 0 105 80 0 8 81 0 343 82 0 342 83 0 8 81 0 342 83 0 136 84 0 108 85 0 136 84 0 342 83 0 108 85 0 135 86 0 136 84 0 340 87 0 135 86 0 108 85 0 135 86 0 340 87 0 134 88 0 339 89 0 134 88 0 340 87 0 134 88 0 339 89 0 338 90 0 134 88 0 338 90 0 133 91 0 337 92 0 133 91 0 338 90 0 337 92 0 13 93 0 133 91 0 113 94 0 13 93 0 337 92 0 13 93 0 113 94 0 14 95 0 113 94 0 114 96 0 14 95 0 115 97 0 14 95 0 114 96 0 14 95 0 115 97 0 15 98 0 116 99 0 15 98 0 115 97 0 116 99 0 16 100 0 15 98 0 117 101 0 16 100 0 116 99 0 16 100 0 117 101 0 128 102 0 117 101 0 118 103 0 128 102 0 119 104 0 128 102 0 118 103 0 128 102 0 119 104 0 127 105 0 119 104 0 329 106 0 127 105 0 328 107 0 127 105 0 329 106 0 328 107 0 126 108 0 127 105 0 126 108 0 328 107 0 20 109 0 328 107 0 327 110 0 20 109 0 326 111 0 20 109 0 327 110 0 241 111 0 20 109 0 326 111 0 147 113 0 312 112 0 374 112 0 147 113 0 192 114 0 312 112 0 192 114 0 147 113 0 148 115 0 192 114 0 148 115 0 191 116 0 149 117 0 191 116 0 148 115 0 149 117 0 25 118 0 191 116 0 25 118 0 149 117 0 189 119 0 149 117 0 150 120 0 189 119 0 151 121 0 189 119 0 150 120 0 189 119 0 151 121 0 188 122 0 151 121 0 421 123 0 188 122 0 153 124 0 188 122 0 421 123 0 153 124 0 187 125 0 188 122 0 187 125 0 153 124 0 419 126 0 187 125 0 419 126 0 186 127 0 418 128 0 186 127 0 419 126 0 186 127 0 418 128 0 417 129 0 186 127 0 417 129 0 185 130 0 416 131 0 185 130 0 417 129 0 416 131 0 31 132 0 185 130 0 158 133 0 31 132 0 416 131 0 31 132 0 158 133 0 32 134 0 414 135 0 32 134 0 158 133 0 32 134 0 414 135 0 160 136 0 32 134 0 160 136 0 33 137 0 161 138 0 33 137 0 160 136 0 161 138 0 34 139 0 33 137 0 162 140 0 34 139 0 161 138 0 34 139 0 162 140 0 35 141 0 162 140 0 410 142 0 35 141 0 409 143 0 35 141 0 410 142 0 35 141 0 409 143 0 36 144 0 408 145 0 36 144 0 409 143 0 408 145 0 37 146 0 36 144 0 407 147 0 37 146 0 408 145 0 37 146 0 407 147 0 38 148 0 407 147 0 167 149 0 38 148 0 168 150 0 38 148 0 167 149 0 38 148 0 168 150 0 39 151 0 168 150 0 169 152 0 39 151 0 403 153 0 39 151 0 169 152 0 403 153 0 40 154 0 39 151 0 40 154 0 403 153 0 41 155 0 403 153 0 402 156 0 41 155 0 401 157 0 41 155 0 402 156 0 0 157 0 41 155 0 401 157 0 195 158 0 241 111 0 326 111 0 453 161 0 1 160 0 61 159 0 195 158 0 44 162 0 241 111 0 44 162 0 195 158 0 196 163 0 44 162 0 196 163 0 45 164 0 451 165 0 45 164 0 196 163 0 451 165 0 46 166 0 45 164 0 46 166 0 451 165 0 47 167 0 451 165 0 198 168 0 47 167 0 199 169 0 47 167 0 198 168 0 47 167 0 199 169 0 48 170 0 199 169 0 200 171 0 48 170 0 201 172 0 48 170 0 200 171 0 201 172 0 49 173 0 48 170 0 49 173 0 201 172 0 202 174 0 49 173 0 202 174 0 50 175 0 203 176 0 50 175 0 202 174 0 50 175 0 203 176 0 204 177 0 50 175 0 204 177 0 233 178 0 443 179 0 233 178 0 204 177 0 443 179 0 52 180 0 233 178 0 442 181 0 52 180 0 443 179 0 52 180 0 442 181 0 53 182 0 441 183 0 53 182 0 442 181 0 53 182 0 441 183 0 440 184 0 53 182 0 440 184 0 230 185 0 439 186 0 230 185 0 440 184 0 439 186 0 229 187 0 230 185 0 438 188 0 229 187 0 439 186 0 229 187 0 438 188 0 56 189 0 438 188 0 437 190 0 56 189 0 212 191 0 56 189 0 437 190 0 56 189 0 212 191 0 57 192 0 435 193 0 57 192 0 212 191 0 435 193 0 226 194 0 57 192 0 214 195 0 226 194 0 435 193 0 226 194 0 214 195 0 225 196 0 214 195 0 433 197 0 225 196 0 432 198 0 225 196 0 433 197 0 225 196 0 432 198 0 224 199 0 432 198 0 431 200 0 224 199 0 430 201 0 224 199 0 431 200 0 430 201 0 223 202 0 224 199 0 223 202 0 430 201 0 222 203 0 430 201 0 429 204 0 222 203 0 97 66 0 222 203 0 429 204 0 96 66 0 222 203 0 97 66 0 400 205 0 0 157 0 401 157 0 400 205 0 268 206 0 0 157 0 268 206 0 400 205 0 399 207 0 268 206 0 399 207 0 267 208 0 399 207 0 266 209 0 267 208 0 247 210 0 266 209 0 399 207 0 266 209 0 247 210 0 68 211 0 247 210 0 397 212 0 68 211 0 396 213 0 68 211 0 397 212 0 68 211 0 396 213 0 69 214 0 396 213 0 395 215 0 69 214 0 251 216 0 69 214 0 395 215 0 251 216 0 70 217 0 69 214 0 70 217 0 251 216 0 262 218 0 251 216 0 252 219 0 262 218 0 253 220 0 262 218 0 252 219 0 262 218 0 253 220 0 261 221 0 253 220 0 254 222 0 261 221 0 255 223 0 261 221 0 254 222 0 261 221 0 255 223 0 260 224 0 256 225 0 260 224 0 255 223 0 256 225 0 74 226 0 260 224 0 257 227 0 74 226 0 256 225 0 273 228 0 74 226 0 257 227 0 273 0 0 485 0 0 76 0 0 257 0 0 485 0 0 273 0 0 61 159 0 1 160 0 62 229 0 77 230 0 76 0 0 485 0 0 62 229 0 1 160 0 63 231 0 484 232 0 77 230 0 485 0 0 77 230 0 484 232 0 277 233 0 77 230 0 277 233 0 280 234 0 278 235 0 280 234 0 277 233 0 279 235 0 280 234 0 278 235 0 285 236 0 279 235 0 278 235 0 63 231 0 1 160 0 6 237 0 279 235 0 285 236 0 80 238 0 286 239 0 80 238 0 285 236 0 286 239 0 81 240 0 80 238 0 81 240 0 286 239 0 82 20 0 286 239 0 479 20 0 82 20 0 83 20 0 82 20 0 479 20 0 63 231 0 6 237 0 64 241 0 479 20 0 478 20 0 83 20 0 386 244 0 83 243 0 478 242 0 386 244 0 84 245 0 83 243 0 84 245 0 386 244 0 300 246 0 64 241 0 6 237 0 65 247 0 84 245 0 300 246 0 85 248 0 300 246 0 320 249 0 85 248 0 301 250 0 320 249 0 300 246 0 320 249 0 301 250 0 87 251 0 301 250 0 302 252 0 87 251 0 303 253 0 87 251 0 302 252 0 87 251 0 303 253 0 88 254 0 303 253 0 381 255 0 88 254 0 305 256 0 88 254 0 381 255 0 305 256 0 89 257 0 88 254 0 89 257 0 305 256 0 90 258 0 305 256 0 306 259 0 90 258 0 307 260 0 90 258 0 306 259 0 90 258 0 307 260 0 91 261 0 307 260 0 308 262 0 91 261 0 309 263 0 91 261 0 308 262 0 91 261 0 309 263 0 92 264 0 375 265 0 92 264 0 309 263 0 375 265 0 93 266 0 92 264 0 374 112 0 93 266 0 375 265 0 312 112 0 93 266 0 374 112 0 536 20 0 354 19 0 97 20 0 97 20 0 354 19 0 351 267 0 350 268 0 351 267 0 354 19 0 355 18 0 350 268 0 354 19 0 350 268 0 355 18 0 349 269 0 349 269 0 355 18 0 356 17 0 504 16 0 349 269 0 356 17 0 504 16 0 348 270 0 349 269 0 348 270 0 504 16 0 347 271 0 503 15 0 347 271 0 504 16 0 503 15 0 346 272 0 347 271 0 346 272 0 503 15 0 502 14 0 346 272 0 502 14 0 345 273 0 105 274 0 345 273 0 502 14 0 501 13 0 105 274 0 502 14 0 105 274 0 501 13 0 343 275 0 342 276 0 343 275 0 501 13 0 500 12 0 342 276 0 501 13 0 342 276 0 500 12 0 108 277 0 108 277 0 500 12 0 499 11 0 108 277 0 499 11 0 340 278 0 363 10 0 340 278 0 499 11 0 340 278 0 363 10 0 339 279 0 338 280 0 339 279 0 363 10 0 364 9 0 338 280 0 363 10 0 338 280 0 364 9 0 337 281 0 337 281 0 364 9 0 365 8 0 337 281 0 365 8 0 113 282 0 366 7 0 113 282 0 365 8 0 366 7 0 114 283 0 113 282 0 114 283 0 366 7 0 115 284 0 494 6 0 115 284 0 366 7 0 115 284 0 494 6 0 116 285 0 116 285 0 494 6 0 493 5 0 116 285 0 493 5 0 117 286 0 492 4 0 117 286 0 493 5 0 492 4 0 118 287 0 117 286 0 118 287 0 492 4 0 119 288 0 491 3 0 119 288 0 492 4 0 491 3 0 329 289 0 119 288 0 329 289 0 491 3 0 490 2 0 329 289 0 490 2 0 328 290 0 372 1 0 328 290 0 490 2 0 372 1 0 327 291 0 328 290 0 327 291 0 372 1 0 326 0 0 326 0 0 372 1 0 325 0 0 374 235 0 375 235 0 147 235 0 147 235 0 375 235 0 148 235 0 148 235 0 375 235 0 309 235 0 148 235 0 309 235 0 308 235 0 148 235 0 308 235 0 149 235 0 149 235 0 308 235 0 307 235 0 149 235 0 307 235 0 150 235 0 150 235 0 307 235 0 306 235 0 150 235 0 306 235 0 151 235 0 151 235 0 306 235 0 305 235 0 151 235 0 305 235 0 421 235 0 421 235 0 305 235 0 381 235 0 421 235 0 381 235 0 153 235 0 153 235 0 381 235 0 303 235 0 153 235 0 303 235 0 419 235 0 419 235 0 303 235 0 302 235 0 419 235 0 302 235 0 418 235 0 418 235 0 302 235 0 301 235 0 418 235 0 301 235 0 417 235 0 417 235 0 301 235 0 300 235 0 417 235 0 300 235 0 416 235 0 416 235 0 300 235 0 386 235 0 416 235 0 386 235 0 158 235 0 158 235 0 386 235 0 478 235 0 158 235 0 478 235 0 414 235 0 414 235 0 478 235 0 257 235 0 414 235 0 257 235 0 160 235 0 160 235 0 257 235 0 256 235 0 160 235 0 256 235 0 161 235 0 161 235 0 256 235 0 255 235 0 161 235 0 255 235 0 162 235 0 162 235 0 255 235 0 254 235 0 162 235 0 254 235 0 410 235 0 410 235 0 254 235 0 253 235 0 410 235 0 253 235 0 409 235 0 409 235 0 253 235 0 252 235 0 409 235 0 252 235 0 408 235 0 408 235 0 252 235 0 251 235 0 408 235 0 251 235 0 407 235 0 407 235 0 251 235 0 395 235 0 407 235 0 395 235 0 167 235 0 167 235 0 395 235 0 396 235 0 167 235 0 396 235 0 168 235 0 168 235 0 396 235 0 397 235 0 168 235 0 397 235 0 169 235 0 169 235 0 397 235 0 247 235 0 169 235 0 247 235 0 403 235 0 403 235 0 247 235 0 399 235 0 403 235 0 399 235 0 402 235 0 402 235 0 399 235 0 400 235 0 402 235 0 400 235 0 401 235 0 325 0 0 555 64 0 326 0 0 326 0 0 555 64 0 195 292 0 196 293 0 195 292 0 555 64 0 554 62 0 196 293 0 555 64 0 196 293 0 554 62 0 451 294 0 451 294 0 554 62 0 553 60 0 459 58 0 451 294 0 553 60 0 459 58 0 198 295 0 451 294 0 198 295 0 459 58 0 199 296 0 551 56 0 199 296 0 459 58 0 551 56 0 200 297 0 199 296 0 200 297 0 551 56 0 550 54 0 200 297 0 550 54 0 201 298 0 202 299 0 201 298 0 550 54 0 549 52 0 202 299 0 550 54 0 202 299 0 549 52 0 203 300 0 204 301 0 203 300 0 549 52 0 548 50 0 204 301 0 549 52 0 204 301 0 548 50 0 443 302 0 443 302 0 548 50 0 547 47 0 443 302 0 547 47 0 442 303 0 546 42 0 442 303 0 547 47 0 442 303 0 546 42 0 441 304 0 440 305 0 441 304 0 546 42 0 545 38 0 440 305 0 546 42 0 440 305 0 545 38 0 439 306 0 439 306 0 545 38 0 544 36 0 439 306 0 544 36 0 438 307 0 543 34 0 438 307 0 544 36 0 543 34 0 437 308 0 438 307 0 437 308 0 543 34 0 212 309 0 469 32 0 212 309 0 543 34 0 212 309 0 469 32 0 435 310 0 435 310 0 469 32 0 470 30 0 435 310 0 470 30 0 214 311 0 471 28 0 214 311 0 470 30 0 471 28 0 433 312 0 214 311 0 433 312 0 471 28 0 432 313 0 539 26 0 432 313 0 471 28 0 539 26 0 431 314 0 432 313 0 431 314 0 539 26 0 538 24 0 431 314 0 538 24 0 430 315 0 537 22 0 430 315 0 538 24 0 537 22 0 429 316 0 430 315 0 429 316 0 537 22 0 97 20 0 97 20 0 537 22 0 536 20 0 479 317 0 286 318 0 478 317 0 478 317 0 286 318 0 257 319 0 257 319 0 286 318 0 285 320 0 257 319 0 285 320 0 278 42 0 257 319 0 278 42 0 277 321 0 257 319 0 277 321 0 484 322 0 257 319 0 484 322 0 485 319 0 372 114 0 557 112 0 325 112 0 372 114 0 534 323 0 557 112 0 534 323 0 372 114 0 490 116 0 534 323 0 490 116 0 621 324 0 490 116 0 622 325 0 621 324 0 491 118 0 622 325 0 490 116 0 622 325 0 491 118 0 531 326 0 492 119 0 531 326 0 491 118 0 492 119 0 530 327 0 531 326 0 530 327 0 492 119 0 493 122 0 530 327 0 493 122 0 529 328 0 493 122 0 528 329 0 529 328 0 494 125 0 528 329 0 493 122 0 528 329 0 494 125 0 627 330 0 366 127 0 627 330 0 494 125 0 366 127 0 526 331 0 627 330 0 526 331 0 366 127 0 365 130 0 526 331 0 365 130 0 629 332 0 365 130 0 630 333 0 629 332 0 364 132 0 630 333 0 365 130 0 364 132 0 631 334 0 630 333 0 631 334 0 364 132 0 632 335 0 364 132 0 363 134 0 632 335 0 363 134 0 633 336 0 632 335 0 499 137 0 633 336 0 363 134 0 633 336 0 499 137 0 634 337 0 500 139 0 634 337 0 499 137 0 500 139 0 519 338 0 634 337 0 519 338 0 500 139 0 518 339 0 500 139 0 501 141 0 518 339 0 501 141 0 517 340 0 518 339 0 502 144 0 517 340 0 501 141 0 517 340 0 502 144 0 516 341 0 502 144 0 515 342 0 516 341 0 503 146 0 515 342 0 502 144 0 515 342 0 503 146 0 640 343 0 503 146 0 504 148 0 640 343 0 504 148 0 641 344 0 640 343 0 641 344 0 504 148 0 356 151 0 641 344 0 356 151 0 512 345 0 355 154 0 512 345 0 356 151 0 355 154 0 511 346 0 512 345 0 511 346 0 355 154 0 644 347 0 355 154 0 354 155 0 644 347 0 536 157 0 644 347 0 354 155 0 585 157 0 644 347 0 536 157 0 537 348 0 585 157 0 536 157 0 537 348 0 582 349 0 585 157 0 582 349 0 537 348 0 538 350 0 582 349 0 538 350 0 581 351 0 538 350 0 580 352 0 581 351 0 539 353 0 580 352 0 538 350 0 580 352 0 539 353 0 662 354 0 471 355 0 662 354 0 539 353 0 471 355 0 663 356 0 662 354 0 663 356 0 471 355 0 470 357 0 663 356 0 470 357 0 664 358 0 470 357 0 576 359 0 664 358 0 469 360 0 576 359 0 470 357 0 576 359 0 469 360 0 575 361 0 543 362 0 575 361 0 469 360 0 543 362 0 574 363 0 575 361 0 574 363 0 543 362 0 544 364 0 574 363 0 544 364 0 573 365 0 544 364 0 669 366 0 573 365 0 545 367 0 669 366 0 544 364 0 545 367 0 571 368 0 669 366 0 571 368 0 545 367 0 570 369 0 545 367 0 546 370 0 570 369 0 546 370 0 569 371 0 570 369 0 547 372 0 569 371 0 546 370 0 569 371 0 547 372 0 568 373 0 548 374 0 568 373 0 547 372 0 548 374 0 674 375 0 568 373 0 674 375 0 548 374 0 566 376 0 548 374 0 549 377 0 566 376 0 549 377 0 565 378 0 566 376 0 550 379 0 565 378 0 549 377 0 565 378 0 550 379 0 677 380 0 550 379 0 563 381 0 677 380 0 551 382 0 563 381 0 550 379 0 563 381 0 551 382 0 562 383 0 551 382 0 459 384 0 562 383 0 459 384 0 561 385 0 562 383 0 561 385 0 459 384 0 553 386 0 561 385 0 553 386 0 560 387 0 554 388 0 560 387 0 553 386 0 554 388 0 559 389 0 560 387 0 559 389 0 554 388 0 558 390 0 554 388 0 555 391 0 558 390 0 325 112 0 558 390 0 555 391 0 557 112 0 558 390 0 325 112 0 1043 392 0 1042 0 0 1085 0 0 557 0 0 534 291 0 685 0 0 685 0 0 534 291 0 1083 0 0 1083 0 0 534 291 0 616 0 0 616 0 0 534 291 0 1085 0 0 1085 0 0 534 291 0 1043 392 0 1043 392 0 534 291 0 612 393 0 612 393 0 534 291 0 1045 394 0 610 395 0 1045 394 0 534 291 0 621 290 0 610 395 0 534 291 0 610 395 0 621 290 0 622 289 0 610 395 0 622 289 0 609 396 0 531 288 0 609 396 0 622 289 0 609 396 0 531 288 0 945 397 0 945 397 0 531 288 0 530 287 0 945 397 0 530 287 0 946 398 0 529 286 0 946 398 0 530 287 0 946 398 0 529 286 0 528 285 0 946 398 0 528 285 0 947 399 0 627 284 0 947 399 0 528 285 0 947 399 0 627 284 0 605 400 0 605 400 0 627 284 0 526 283 0 604 401 0 605 400 0 526 283 0 629 282 0 604 401 0 526 283 0 604 401 0 629 282 0 630 281 0 604 401 0 630 281 0 950 402 0 950 402 0 630 281 0 631 280 0 950 402 0 631 280 0 951 403 0 632 279 0 951 403 0 631 280 0 951 403 0 632 279 0 952 404 0 952 404 0 632 279 0 633 278 0 600 405 0 952 404 0 633 278 0 634 277 0 600 405 0 633 278 0 600 405 0 634 277 0 519 276 0 600 405 0 519 276 0 954 406 0 518 275 0 954 406 0 519 276 0 954 406 0 518 275 0 598 407 0 598 407 0 518 275 0 517 274 0 597 408 0 598 407 0 517 274 0 516 273 0 597 408 0 517 274 0 597 408 0 516 273 0 515 272 0 597 408 0 515 272 0 596 409 0 640 271 0 596 409 0 515 272 0 596 409 0 640 271 0 641 270 0 596 409 0 641 270 0 958 410 0 512 269 0 958 410 0 641 270 0 958 410 0 512 269 0 594 411 0 594 411 0 512 269 0 511 268 0 594 411 0 511 268 0 960 412 0 644 267 0 960 412 0 511 268 0 960 412 0 644 267 0 592 413 0 592 413 0 644 267 0 928 414 0 928 414 0 644 267 0 585 20 0 928 414 0 585 20 0 929 415 0 929 415 0 585 20 0 697 20 0 589 20 0 929 415 0 588 20 0 587 20 0 588 20 0 929 415 0 929 415 0 697 20 0 587 20 0 585 20 0 582 316 0 697 20 0 697 20 0 582 316 0 656 416 0 656 416 0 582 316 0 655 417 0 581 315 0 655 417 0 582 316 0 581 315 0 654 418 0 655 417 0 654 418 0 581 315 0 580 314 0 654 418 0 580 314 0 701 419 0 662 313 0 701 419 0 580 314 0 701 419 0 662 313 0 652 420 0 652 420 0 662 313 0 663 312 0 664 311 0 652 420 0 663 312 0 652 420 0 664 311 0 651 421 0 651 421 0 664 311 0 576 310 0 650 422 0 651 421 0 576 310 0 575 309 0 650 422 0 576 310 0 650 422 0 575 309 0 574 308 0 650 422 0 574 308 0 649 423 0 573 307 0 649 423 0 574 308 0 649 423 0 573 307 0 706 424 0 706 424 0 573 307 0 669 306 0 706 424 0 669 306 0 571 305 0 706 424 0 571 305 0 707 425 0 570 304 0 707 425 0 571 305 0 707 425 0 570 304 0 708 42 0 708 42 0 570 304 0 569 303 0 708 42 0 569 303 0 695 426 0 568 302 0 695 426 0 569 303 0 568 302 0 694 427 0 695 426 0 694 427 0 568 302 0 674 301 0 694 427 0 674 301 0 693 428 0 566 300 0 693 428 0 674 301 0 693 428 0 566 300 0 692 429 0 692 429 0 566 300 0 565 299 0 677 298 0 692 429 0 565 299 0 677 298 0 294 430 0 692 429 0 294 430 0 677 298 0 563 297 0 294 430 0 563 297 0 690 431 0 562 296 0 690 431 0 563 297 0 690 431 0 562 296 0 689 432 0 689 432 0 562 296 0 561 295 0 560 294 0 689 432 0 561 295 0 560 294 0 688 433 0 689 432 0 688 433 0 560 294 0 559 293 0 688 433 0 559 293 0 687 434 0 558 292 0 687 434 0 559 293 0 687 434 0 558 292 0 686 292 0 686 292 0 558 292 0 557 0 0 686 292 0 557 0 0 685 0 0 706 437 0 741 436 0 649 435 0 741 436 0 740 439 0 726 438 0 741 436 0 726 438 0 649 435 0 726 438 0 740 439 0 725 440 0 739 441 0 725 440 0 740 439 0 649 435 0 726 438 0 725 440 0 649 435 0 725 440 0 650 442 0 725 440 0 739 441 0 724 443 0 714 444 0 724 443 0 739 441 0 650 442 0 725 440 0 724 443 0 650 442 0 724 443 0 651 445 0 651 445 0 724 443 0 714 444 0 737 446 0 651 445 0 714 444 0 737 446 0 652 447 0 651 445 0 1071 450 0 707 449 0 708 448 0 707 449 0 1071 450 0 742 451 0 707 449 0 742 451 0 706 437 0 741 436 0 706 437 0 742 451 0 701 454 0 723 453 0 736 452 0 723 453 0 737 446 0 736 452 0 737 446 0 723 453 0 652 447 0 652 447 0 723 453 0 701 454 0 735 455 0 701 454 0 736 452 0 735 455 0 654 456 0 701 454 0 654 456 0 735 455 0 722 457 0 734 458 0 722 457 0 735 455 0 733 459 0 722 457 0 734 458 0 654 456 0 722 457 0 655 460 0 733 459 0 655 460 0 722 457 0 733 459 0 656 461 0 655 460 0 733 459 0 697 462 0 656 461 0 733 459 0 587 463 0 697 462 0 793 466 0 783 465 0 776 464 0 776 464 0 783 465 0 1046 467 0 784 468 0 1046 467 0 783 465 0 1046 467 0 784 468 0 1044 469 0 785 470 0 1044 469 0 784 468 0 1044 469 0 785 470 0 989 471 0 786 472 0 989 471 0 785 470 0 989 471 0 786 472 0 1084 473 0 787 474 0 1084 473 0 786 472 0 1084 473 0 787 474 0 771 475 0 788 476 0 771 475 0 787 474 0 771 475 0 788 476 0 770 477 0 789 478 0 770 477 0 788 476 0 1065 481 0 790 480 0 1050 479 0 791 482 0 1050 479 0 790 480 0 1050 479 0 791 482 0 777 483 0 792 484 0 777 483 0 791 482 0 777 483 0 792 484 0 793 466 0 777 483 0 793 466 0 776 464 0 794 485 0 783 465 0 793 466 0 784 468 0 783 465 0 794 485 0 795 486 0 784 468 0 794 485 0 785 470 0 784 468 0 795 486 0 796 487 0 785 470 0 795 486 0 786 472 0 785 470 0 796 487 0 797 488 0 786 472 0 796 487 0 787 474 0 786 472 0 797 488 0 798 489 0 787 474 0 797 488 0 788 476 0 787 474 0 798 489 0 799 490 0 788 476 0 798 489 0 789 478 0 788 476 0 799 490 0 770 477 0 789 478 0 769 491 0 789 478 0 799 490 0 769 491 0 813 494 0 800 493 0 780 492 0 780 492 0 800 493 0 1065 481 0 1065 481 0 800 493 0 801 495 0 1065 481 0 801 495 0 790 480 0 802 496 0 790 480 0 801 495 0 791 482 0 790 480 0 802 496 0 803 497 0 791 482 0 802 496 0 792 484 0 791 482 0 803 497 0 804 498 0 792 484 0 803 497 0 793 466 0 792 484 0 804 498 0 805 499 0 793 466 0 804 498 0 794 485 0 793 466 0 805 499 0 806 500 0 794 485 0 805 499 0 795 486 0 794 485 0 806 500 0 807 501 0 795 486 0 806 500 0 796 487 0 795 486 0 807 501 0 808 502 0 796 487 0 807 501 0 797 488 0 796 487 0 808 502 0 809 503 0 797 488 0 808 502 0 798 489 0 797 488 0 809 503 0 810 504 0 798 489 0 809 503 0 799 490 0 798 489 0 810 504 0 799 490 0 810 504 0 811 505 0 769 491 0 799 490 0 811 505 0 769 491 0 811 505 0 1082 506 0 1066 509 0 812 508 0 781 507 0 781 507 0 812 508 0 813 494 0 781 507 0 813 494 0 780 492 0 814 510 0 800 493 0 813 494 0 801 495 0 800 493 0 814 510 0 815 511 0 801 495 0 814 510 0 802 496 0 801 495 0 815 511 0 816 512 0 802 496 0 815 511 0 803 497 0 802 496 0 816 512 0 817 513 0 803 497 0 816 512 0 804 498 0 803 497 0 817 513 0 818 514 0 804 498 0 817 513 0 805 499 0 804 498 0 818 514 0 819 515 0 805 499 0 818 514 0 806 500 0 805 499 0 819 515 0 820 516 0 806 500 0 819 515 0 807 501 0 806 500 0 820 516 0 821 517 0 807 501 0 820 516 0 808 502 0 807 501 0 821 517 0 822 518 0 808 502 0 821 517 0 809 503 0 808 502 0 822 518 0 823 519 0 809 503 0 822 518 0 810 504 0 809 503 0 823 519 0 824 520 0 810 504 0 823 519 0 811 505 0 810 504 0 824 520 0 733 459 0 588 521 0 587 463 0 733 459 0 589 522 0 588 521 0 729 523 0 589 522 0 733 459 0 734 458 0 729 523 0 733 459 0 734 458 0 193 524 0 729 523 0 734 458 0 1066 509 0 193 524 0 734 458 0 825 525 0 1066 509 0 1066 509 0 825 525 0 812 508 0 826 526 0 812 508 0 825 525 0 813 494 0 812 508 0 826 526 0 827 527 0 813 494 0 826 526 0 814 510 0 813 494 0 827 527 0 828 528 0 814 510 0 827 527 0 815 511 0 814 510 0 828 528 0 829 529 0 815 511 0 828 528 0 816 512 0 815 511 0 829 529 0 830 530 0 816 512 0 829 529 0 817 513 0 816 512 0 830 530 0 831 531 0 817 513 0 830 530 0 818 514 0 817 513 0 831 531 0 832 532 0 818 514 0 831 531 0 819 515 0 818 514 0 832 532 0 833 533 0 819 515 0 832 532 0 820 516 0 819 515 0 833 533 0 834 534 0 820 516 0 833 533 0 821 517 0 820 516 0 834 534 0 835 535 0 821 517 0 834 534 0 822 518 0 821 517 0 835 535 0 836 536 0 822 518 0 835 535 0 823 519 0 822 518 0 836 536 0 920 537 0 823 519 0 836 536 0 837 538 0 823 519 0 920 537 0 824 520 0 823 519 0 837 538 0 735 455 0 838 539 0 734 458 0 734 458 0 838 539 0 825 525 0 839 540 0 825 525 0 838 539 0 826 526 0 825 525 0 839 540 0 840 541 0 826 526 0 839 540 0 827 527 0 826 526 0 840 541 0 841 542 0 827 527 0 840 541 0 828 528 0 827 527 0 841 542 0 842 543 0 828 528 0 841 542 0 829 529 0 828 528 0 842 543 0 843 544 0 829 529 0 842 543 0 830 530 0 829 529 0 843 544 0 844 545 0 830 530 0 843 544 0 831 531 0 830 530 0 844 545 0 845 546 0 831 531 0 844 545 0 832 532 0 831 531 0 845 546 0 846 547 0 832 532 0 845 546 0 833 533 0 832 532 0 846 547 0 847 548 0 833 533 0 846 547 0 834 534 0 833 533 0 847 548 0 848 549 0 834 534 0 847 548 0 835 535 0 834 534 0 848 549 0 849 550 0 835 535 0 848 549 0 836 536 0 835 535 0 849 550 0 852 551 0 838 539 0 736 452 0 838 539 0 735 455 0 736 452 0 737 446 0 852 551 0 736 452 0 839 540 0 838 539 0 852 551 0 853 552 0 839 540 0 852 551 0 840 541 0 839 540 0 853 552 0 854 553 0 840 541 0 853 552 0 841 542 0 840 541 0 854 553 0 855 554 0 841 542 0 854 553 0 842 543 0 841 542 0 855 554 0 856 555 0 842 543 0 855 554 0 843 544 0 842 543 0 856 555 0 857 556 0 843 544 0 856 555 0 844 545 0 843 544 0 857 556 0 858 557 0 844 545 0 857 556 0 845 546 0 844 545 0 858 557 0 859 558 0 845 546 0 858 557 0 846 547 0 845 546 0 859 558 0 860 559 0 846 547 0 859 558 0 847 548 0 846 547 0 860 559 0 861 560 0 847 548 0 860 559 0 848 549 0 847 548 0 861 560 0 862 561 0 848 549 0 861 560 0 849 550 0 848 549 0 862 561 0 714 444 0 864 562 0 737 446 0 737 446 0 864 562 0 852 551 0 865 563 0 852 551 0 864 562 0 853 552 0 852 551 0 865 563 0 866 564 0 853 552 0 865 563 0 854 553 0 853 552 0 866 564 0 867 565 0 854 553 0 866 564 0 855 554 0 854 553 0 867 565 0 868 566 0 855 554 0 867 565 0 856 555 0 855 554 0 868 566 0 869 567 0 856 555 0 868 566 0 857 556 0 856 555 0 869 567 0 870 568 0 857 556 0 869 567 0 858 557 0 857 556 0 870 568 0 871 569 0 858 557 0 870 568 0 859 558 0 858 557 0 871 569 0 872 570 0 859 558 0 871 569 0 860 559 0 859 558 0 872 570 0 873 571 0 860 559 0 872 570 0 861 560 0 860 559 0 873 571 0 874 572 0 861 560 0 873 571 0 862 561 0 861 560 0 874 572 0 1104 575 0 863 574 0 1103 573 0 739 441 0 875 576 0 714 444 0 714 444 0 875 576 0 864 562 0 876 577 0 864 562 0 875 576 0 865 563 0 864 562 0 876 577 0 877 578 0 865 563 0 876 577 0 866 564 0 865 563 0 877 578 0 878 579 0 866 564 0 877 578 0 867 565 0 866 564 0 878 579 0 879 580 0 867 565 0 878 579 0 868 566 0 867 565 0 879 580 0 880 581 0 868 566 0 879 580 0 869 567 0 868 566 0 880 581 0 881 582 0 869 567 0 880 581 0 870 568 0 869 567 0 881 582 0 882 583 0 870 568 0 881 582 0 871 569 0 870 568 0 882 583 0 883 584 0 871 569 0 882 583 0 872 570 0 871 569 0 883 584 0 884 585 0 872 570 0 883 584 0 873 571 0 872 570 0 884 585 0 885 586 0 873 571 0 884 585 0 874 572 0 873 571 0 885 586 0 740 439 0 886 587 0 739 441 0 739 441 0 886 587 0 875 576 0 887 588 0 875 576 0 886 587 0 876 577 0 875 576 0 887 588 0 888 589 0 876 577 0 887 588 0 877 578 0 876 577 0 888 589 0 889 590 0 877 578 0 888 589 0 878 579 0 877 578 0 889 590 0 890 591 0 878 579 0 889 590 0 879 580 0 878 579 0 890 591 0 891 592 0 879 580 0 890 591 0 880 581 0 879 580 0 891 592 0 892 593 0 880 581 0 891 592 0 881 582 0 880 581 0 892 593 0 893 594 0 881 582 0 892 593 0 882 583 0 881 582 0 893 594 0 894 595 0 882 583 0 893 594 0 883 584 0 882 583 0 894 595 0 895 596 0 883 584 0 894 595 0 884 585 0 883 584 0 895 596 0 896 597 0 884 585 0 895 596 0 885 586 0 884 585 0 896 597 0 908 599 0 897 598 0 740 439 0 740 439 0 897 598 0 886 587 0 898 600 0 886 587 0 897 598 0 887 588 0 886 587 0 898 600 0 899 601 0 887 588 0 898 600 0 888 589 0 887 588 0 899 601 0 900 602 0 888 589 0 899 601 0 889 590 0 888 589 0 900 602 0 901 603 0 889 590 0 900 602 0 890 591 0 889 590 0 901 603 0 902 604 0 890 591 0 901 603 0 891 592 0 890 591 0 902 604 0 903 605 0 891 592 0 902 604 0 892 593 0 891 592 0 903 605 0 904 606 0 892 593 0 903 605 0 893 594 0 892 593 0 904 606 0 905 607 0 893 594 0 904 606 0 894 595 0 893 594 0 905 607 0 906 608 0 894 595 0 905 607 0 895 596 0 894 595 0 906 608 0 907 609 0 895 596 0 906 608 0 896 597 0 895 596 0 907 609 0 926 610 0 896 597 0 907 609 0 757 611 0 896 597 0 926 610 0 1089 612 0 896 597 0 757 611 0 741 436 0 908 599 0 740 439 0 909 613 0 897 598 0 908 599 0 898 600 0 897 598 0 909 613 0 910 614 0 898 600 0 909 613 0 899 601 0 898 600 0 910 614 0 1067 616 0 899 601 0 1068 615 0 1067 616 0 900 602 0 899 601 0 901 603 0 900 602 0 1067 616 0 748 617 0 901 603 0 1067 616 0 902 604 0 901 603 0 748 617 0 749 618 0 902 604 0 748 617 0 903 605 0 902 604 0 749 618 0 1064 619 0 903 605 0 749 618 0 904 606 0 903 605 0 1064 619 0 1063 620 0 904 606 0 1064 619 0 1063 620 0 911 621 0 904 606 0 905 607 0 904 606 0 911 621 0 912 622 0 905 607 0 911 621 0 906 608 0 905 607 0 912 622 0 913 623 0 906 608 0 912 622 0 907 609 0 906 608 0 913 623 0 742 451 0 914 624 0 741 436 0 908 599 0 741 436 0 914 624 0 909 613 0 908 599 0 914 624 0 744 625 0 909 613 0 1071 450 0 745 626 0 909 613 0 744 625 0 910 614 0 909 613 0 745 626 0 1068 615 0 910 614 0 745 626 0 899 601 0 910 614 0 1068 615 0 1062 627 0 911 621 0 1063 620 0 912 622 0 911 621 0 1062 627 0 1061 628 0 912 622 0 1062 627 0 916 629 0 912 622 0 1061 628 0 1060 630 0 916 629 0 1061 628 0 913 623 0 912 622 0 916 629 0 909 613 0 914 624 0 742 451 0 909 613 0 742 451 0 1071 450 0 755 631 0 916 629 0 1060 630 0 1082 506 0 811 505 0 824 520 0 1082 506 0 824 520 0 917 632 0 1082 506 0 917 632 0 767 491 0 917 632 0 766 633 0 767 491 0 918 634 0 824 520 0 837 538 0 917 632 0 824 520 0 918 634 0 766 633 0 917 632 0 918 634 0 766 633 0 1108 636 0 467 635 0 919 637 0 836 536 0 849 550 0 920 537 0 836 536 0 919 637 0 850 638 0 920 537 0 919 637 0 837 538 0 920 537 0 850 638 0 921 639 0 837 538 0 850 638 0 918 634 0 837 538 0 921 639 0 763 640 0 918 634 0 921 639 0 1108 636 0 918 634 0 763 640 0 766 633 0 918 634 0 1108 636 0 922 641 0 849 550 0 862 561 0 919 637 0 849 550 0 922 641 0 863 574 0 919 637 0 922 641 0 850 638 0 919 637 0 863 574 0 1104 575 0 850 638 0 863 574 0 921 639 0 850 638 0 1104 575 0 763 640 0 921 639 0 1104 575 0 923 642 0 862 561 0 874 572 0 922 641 0 862 561 0 923 642 0 1095 643 0 922 641 0 923 642 0 1103 573 0 922 641 0 1095 643 0 1103 573 0 863 574 0 922 641 0 924 644 0 874 572 0 885 586 0 923 642 0 874 572 0 924 644 0 1090 645 0 923 642 0 924 644 0 1095 643 0 923 642 0 1090 645 0 924 644 0 885 586 0 896 597 0 1089 612 0 924 644 0 896 597 0 1090 645 0 924 644 0 1089 612 0 925 646 0 907 609 0 913 623 0 926 610 0 907 609 0 925 646 0 756 647 0 926 610 0 925 646 0 757 611 0 926 610 0 756 647 0 755 631 0 913 623 0 916 629 0 925 646 0 913 623 0 755 631 0 756 647 0 925 646 0 755 631 0 938 649 0 592 413 0 928 648 0 938 649 0 928 648 0 940 650 0 941 651 0 940 650 0 928 648 0 929 652 0 941 651 0 928 648 0 589 653 0 941 651 0 929 652 0 144 655 0 941 651 0 931 654 0 941 651 0 589 653 0 931 654 0 940 650 0 936 657 0 937 656 0 938 649 0 940 650 0 937 656 0 936 657 0 940 650 0 935 658 0 941 651 0 935 658 0 940 650 0 935 658 0 941 651 0 986 659 0 941 651 0 983 660 0 986 659 0 941 651 0 144 655 0 983 660 0 936 657 0 961 657 0 1036 661 0 966 657 0 1036 661 0 961 657 0 1036 661 0 966 657 0 1035 662 0 1035 662 0 966 657 0 967 657 0 967 657 0 968 657 0 1035 662 0 1035 662 0 968 657 0 1034 663 0 969 657 0 1034 663 0 968 657 0 1034 663 0 969 657 0 1033 664 0 1033 664 0 969 657 0 970 657 0 970 657 0 962 657 0 1033 664 0 1033 664 0 962 657 0 1032 665 0 972 657 0 1032 665 0 962 657 0 1032 665 0 972 657 0 1031 666 0 1031 666 0 972 657 0 963 657 0 963 657 0 964 657 0 1031 666 0 1031 666 0 964 657 0 1030 667 0 964 657 0 975 657 0 1030 667 0 1030 667 0 975 657 0 1029 668 0 975 657 0 965 657 0 1029 668 0 1029 668 0 965 657 0 1028 669 0 965 657 0 977 657 0 1028 669 0 1028 669 0 977 657 0 1027 670 0 977 657 0 971 657 0 1027 670 0 1027 670 0 971 657 0 1026 671 0 973 657 0 1026 671 0 971 657 0 1026 671 0 973 657 0 1025 672 0 1025 672 0 973 657 0 974 657 0 974 657 0 976 657 0 1025 672 0 1025 672 0 976 657 0 1024 673 0 982 657 0 1024 673 0 976 657 0 1024 673 0 982 657 0 1023 674 0 1023 674 0 982 657 0 978 657 0 978 657 0 984 657 0 1023 674 0 1023 674 0 984 657 0 1022 675 0 985 657 0 1022 675 0 984 657 0 1048 677 0 1022 675 0 1049 676 0 1022 675 0 985 657 0 1049 676 0 985 657 0 979 657 0 1049 676 0 936 657 0 1036 661 0 937 656 0 937 656 0 1036 661 0 1021 678 0 1036 661 0 1035 662 0 1021 678 0 1021 678 0 1035 662 0 1020 679 0 1035 662 0 1034 663 0 1020 679 0 1020 679 0 1034 663 0 1019 680 0 1034 663 0 1033 664 0 1019 680 0 1019 680 0 1033 664 0 1018 681 0 1033 664 0 1032 665 0 1018 681 0 1018 681 0 1032 665 0 1017 682 0 1032 665 0 1031 666 0 1017 682 0 1017 682 0 1031 666 0 1016 683 0 1031 666 0 1030 667 0 1016 683 0 1016 683 0 1030 667 0 1015 684 0 1030 667 0 1029 668 0 1015 684 0 1015 684 0 1029 668 0 1014 685 0 1029 668 0 1028 669 0 1014 685 0 1014 685 0 1028 669 0 1013 686 0 1028 669 0 1027 670 0 1013 686 0 1013 686 0 1027 670 0 1012 687 0 1027 670 0 1026 671 0 1012 687 0 1012 687 0 1026 671 0 1011 688 0 1026 671 0 1025 672 0 1011 688 0 1011 688 0 1025 672 0 1010 689 0 1025 672 0 1024 673 0 1010 689 0 1010 689 0 1024 673 0 1009 690 0 1024 673 0 1023 674 0 1009 690 0 1009 690 0 1023 674 0 1008 691 0 1023 674 0 1022 675 0 1008 691 0 1008 691 0 1022 675 0 1007 692 0 1048 677 0 1007 692 0 1022 675 0 1047 693 0 1007 692 0 1048 677 0 937 656 0 1021 678 0 938 649 0 1021 678 0 1020 679 0 1006 694 0 1006 694 0 1020 679 0 1005 695 0 1020 679 0 1019 680 0 1005 695 0 1005 695 0 1019 680 0 1004 696 0 1019 680 0 1018 681 0 1004 696 0 1004 696 0 1018 681 0 1003 697 0 1018 681 0 1017 682 0 1003 697 0 1003 697 0 1017 682 0 1002 698 0 1017 682 0 1016 683 0 1002 698 0 1002 698 0 1016 683 0 1001 699 0 1016 683 0 1015 684 0 1001 699 0 1001 699 0 1015 684 0 1000 700 0 1015 684 0 1014 685 0 1000 700 0 1000 700 0 1014 685 0 999 701 0 1014 685 0 1013 686 0 999 701 0 999 701 0 1013 686 0 998 702 0 1013 686 0 1012 687 0 998 702 0 998 702 0 1012 687 0 997 703 0 1012 687 0 1011 688 0 997 703 0 997 703 0 1011 688 0 996 704 0 1011 688 0 1010 689 0 996 704 0 996 704 0 1010 689 0 995 705 0 1010 689 0 1009 690 0 995 705 0 995 705 0 1009 690 0 994 706 0 1009 690 0 1008 691 0 994 706 0 994 706 0 1008 691 0 993 707 0 1008 691 0 1007 692 0 993 707 0 993 707 0 1007 692 0 992 708 0 1047 693 0 992 708 0 1007 692 0 990 709 0 992 708 0 1047 693 0 1021 678 0 1006 694 0 938 649 0 938 649 0 1006 694 0 592 413 0 592 413 0 1006 694 0 960 710 0 960 710 0 1006 694 0 594 711 0 594 711 0 1006 694 0 958 712 0 1006 694 0 1005 695 0 958 712 0 958 712 0 1005 695 0 596 713 0 1005 695 0 1004 696 0 596 713 0 596 713 0 1004 696 0 597 714 0 1004 696 0 1003 697 0 597 714 0 597 714 0 1003 697 0 598 715 0 1003 697 0 1002 698 0 598 715 0 598 715 0 1002 698 0 954 716 0 1002 698 0 1001 699 0 954 716 0 954 716 0 1001 699 0 600 717 0 1001 699 0 1000 700 0 600 717 0 600 717 0 1000 700 0 952 718 0 1000 700 0 999 701 0 952 718 0 952 718 0 999 701 0 951 719 0 999 701 0 998 702 0 951 719 0 951 719 0 998 702 0 950 720 0 950 720 0 998 702 0 604 721 0 998 702 0 997 703 0 604 721 0 604 721 0 997 703 0 605 722 0 997 703 0 996 704 0 605 722 0 605 722 0 996 704 0 947 723 0 996 704 0 995 705 0 947 723 0 947 723 0 995 705 0 946 724 0 995 705 0 994 706 0 946 724 0 946 724 0 994 706 0 945 725 0 994 706 0 993 707 0 945 725 0 945 725 0 993 707 0 609 726 0 993 707 0 992 708 0 609 726 0 609 726 0 992 708 0 610 727 0 990 709 0 610 727 0 992 708 0 990 709 0 1045 394 0 610 727 0 1059 728 0 1049 676 0 979 657 0 1051 729 0 1059 728 0 979 657 0 1049 676 0 1059 728 0 1048 677 0 1059 728 0 1058 730 0 1048 677 0 1048 677 0 1058 730 0 1047 693 0 1058 730 0 1057 731 0 1047 693 0 1047 693 0 1057 731 0 990 709 0 1045 394 0 990 709 0 1057 731 0 1037 734 0 1056 733 0 1052 732 0 1059 728 0 1051 729 0 1052 732 0 1059 728 0 1052 732 0 1056 733 0 1056 733 0 1055 735 0 1059 728 0 1059 728 0 1055 735 0 1058 730 0 1055 735 0 1054 736 0 1058 730 0 1058 730 0 1054 736 0 1057 731 0 1045 394 0 1057 731 0 612 393 0 1043 737 0 1057 731 0 1054 736 0 1043 737 0 612 393 0 1057 731 0 1037 734 0 1038 738 0 1056 733 0 1039 739 0 1056 733 0 1038 738 0 1056 733 0 1039 739 0 1055 735 0 1040 740 0 1055 735 0 1039 739 0 1055 735 0 1040 740 0 1054 736 0 1041 741 0 1054 736 0 1040 740 0 1043 737 0 1054 736 0 1042 742 0 1054 736 0 1041 741 0 1042 742 0 1117 745 0 1114 744 0 1072 743 0 1071 747 0 1072 743 0 1118 746 0 1061 750 0 1116 749 0 1060 748 0 1074 752 0 1117 745 0 1073 751 0 1073 751 0 1117 745 0 1072 743 0 1118 746 0 1114 744 0 1117 745 0 1072 743 0 1114 744 0 1118 746 0 1071 747 0 1118 746 0 744 753 0 1118 746 0 745 754 0 744 753 0 1119 755 0 745 754 0 1118 746 0 745 754 0 1119 755 0 1068 756 0 1131 759 0 1120 758 0 1063 757 0 1063 757 0 1120 758 0 1062 760 0 1121 761 0 1062 760 0 1120 758 0 1062 760 0 1121 761 0 1061 750 0 1061 750 0 1121 761 0 1122 762 0 1061 750 0 1122 762 0 1116 749 0 1075 764 0 1123 763 0 1074 752 0 1074 752 0 1123 763 0 1117 745 0 1124 765 0 1117 745 0 1123 763 0 1118 746 0 1117 745 0 1124 765 0 1125 766 0 1118 746 0 1124 765 0 1119 755 0 1118 746 0 1125 766 0 1068 756 0 1119 755 0 1125 766 0 1068 756 0 1125 766 0 1126 767 0 1068 756 0 1126 767 0 1067 768 0 1127 769 0 1067 768 0 1126 767 0 1067 768 0 1127 769 0 748 770 0 1128 771 0 748 770 0 1127 769 0 748 770 0 1128 771 0 749 772 0 1129 773 0 749 772 0 1128 771 0 749 772 0 1129 773 0 1064 774 0 1130 775 0 1064 774 0 1129 773 0 1064 774 0 1130 775 0 1131 759 0 1064 774 0 1131 759 0 1063 757 0 1132 776 0 1120 758 0 1131 759 0 1121 761 0 1120 758 0 1132 776 0 1133 777 0 1121 761 0 1132 776 0 1122 762 0 1121 761 0 1133 777 0 1076 779 0 1134 778 0 1075 764 0 1075 764 0 1134 778 0 1123 763 0 1135 780 0 1123 763 0 1134 778 0 1124 765 0 1123 763 0 1135 780 0 1136 781 0 1124 765 0 1135 780 0 1125 766 0 1124 765 0 1136 781 0 1137 782 0 1125 766 0 1136 781 0 1126 767 0 1125 766 0 1137 782 0 1138 783 0 1126 767 0 1137 782 0 1127 769 0 1126 767 0 1138 783 0 1139 784 0 1127 769 0 1138 783 0 1128 771 0 1127 769 0 1139 784 0 1140 785 0 1128 771 0 1139 784 0 1129 773 0 1128 771 0 1140 785 0 1141 786 0 1129 773 0 1140 785 0 1130 775 0 1129 773 0 1141 786 0 1142 787 0 1130 775 0 1141 786 0 1131 759 0 1130 775 0 1142 787 0 1143 788 0 1131 759 0 1142 787 0 1132 776 0 1131 759 0 1143 788 0 1144 789 0 1132 776 0 1143 788 0 1133 777 0 1132 776 0 1144 789 0 1144 789 0 987 790 0 1133 777 0 1111 792 0 987 790 0 760 791 0 987 790 0 1144 789 0 760 791 0 1077 794 0 1145 793 0 1076 779 0 1076 779 0 1145 793 0 1134 778 0 1146 795 0 1134 778 0 1145 793 0 1135 780 0 1134 778 0 1146 795 0 1147 796 0 1135 780 0 1146 795 0 1136 781 0 1135 780 0 1147 796 0 1148 797 0 1136 781 0 1147 796 0 1137 782 0 1136 781 0 1148 797 0 1149 798 0 1137 782 0 1148 797 0 1138 783 0 1137 782 0 1149 798 0 1150 799 0 1138 783 0 1149 798 0 1139 784 0 1138 783 0 1150 799 0 1151 800 0 1139 784 0 1150 799 0 1140 785 0 1139 784 0 1151 800 0 1152 801 0 1140 785 0 1151 800 0 1141 786 0 1140 785 0 1152 801 0 1153 802 0 1141 786 0 1152 801 0 1142 787 0 1141 786 0 1153 802 0 1154 803 0 1142 787 0 1153 802 0 1143 788 0 1142 787 0 1154 803 0 1155 804 0 1143 788 0 1154 803 0 1144 789 0 1143 788 0 1155 804 0 584 806 0 1156 805 0 1077 794 0 1077 794 0 1156 805 0 1145 793 0 1157 807 0 1145 793 0 1156 805 0 1146 795 0 1145 793 0 1157 807 0 1158 808 0 1146 795 0 1157 807 0 1147 796 0 1146 795 0 1158 808 0 1159 809 0 1147 796 0 1158 808 0 1148 797 0 1147 796 0 1159 809 0 1160 810 0 1148 797 0 1159 809 0 1149 798 0 1148 797 0 1160 810 0 1161 811 0 1149 798 0 1160 810 0 1150 799 0 1149 798 0 1161 811 0 1162 812 0 1150 799 0 1161 811 0 1151 800 0 1150 799 0 1162 812 0 1163 813 0 1151 800 0 1162 812 0 1152 801 0 1151 800 0 1163 813 0 1164 814 0 1152 801 0 1163 813 0 1153 802 0 1152 801 0 1164 814 0 1165 815 0 1153 802 0 1164 814 0 1154 803 0 1153 802 0 1165 815 0 1166 816 0 1154 803 0 1165 815 0 1155 804 0 1154 803 0 1166 816 0 645 818 0 1168 817 0 584 806 0 584 806 0 1168 817 0 1156 805 0 1169 819 0 1156 805 0 1168 817 0 1157 807 0 1156 805 0 1169 819 0 1170 820 0 1157 807 0 1169 819 0 1158 808 0 1157 807 0 1170 820 0 1171 821 0 1158 808 0 1170 820 0 1159 809 0 1158 808 0 1171 821 0 1172 822 0 1159 809 0 1171 821 0 1160 810 0 1159 809 0 1172 822 0 1173 823 0 1160 810 0 1172 822 0 1161 811 0 1160 810 0 1173 823 0 1174 824 0 1161 811 0 1173 823 0 1162 812 0 1161 811 0 1174 824 0 1175 825 0 1162 812 0 1174 824 0 1163 813 0 1162 812 0 1175 825 0 1176 826 0 1163 813 0 1175 825 0 1164 814 0 1163 813 0 1176 826 0 1177 827 0 1164 814 0 1176 826 0 1165 815 0 1164 814 0 1177 827 0 1178 828 0 1165 815 0 1177 827 0 1166 816 0 1165 815 0 1178 828 0 1107 831 0 1179 830 0 1106 829 0 1193 834 0 1180 833 0 682 832 0 1180 833 0 645 818 0 682 832 0 645 818 0 1180 833 0 1168 817 0 1180 833 0 1181 835 0 1168 817 0 1182 836 0 1168 817 0 1181 835 0 1169 819 0 1168 817 0 1182 836 0 1183 837 0 1169 819 0 1182 836 0 1170 820 0 1169 819 0 1183 837 0 1184 838 0 1170 820 0 1183 837 0 1171 821 0 1170 820 0 1184 838 0 1185 839 0 1171 821 0 1184 838 0 1172 822 0 1171 821 0 1185 839 0 1186 840 0 1172 822 0 1185 839 0 1173 823 0 1172 822 0 1186 840 0 1187 841 0 1173 823 0 1186 840 0 1174 824 0 1173 823 0 1187 841 0 1188 842 0 1174 824 0 1187 841 0 1175 825 0 1174 824 0 1188 842 0 1189 843 0 1175 825 0 1188 842 0 1176 826 0 1175 825 0 1189 843 0 1190 844 0 1176 826 0 1189 843 0 1177 827 0 1176 826 0 1190 844 0 1191 845 0 1177 827 0 1190 844 0 1178 828 0 1177 827 0 1191 845 0 1206 847 0 1193 834 0 721 846 0 1193 834 0 696 848 0 721 846 0 696 848 0 1193 834 0 682 832 0 1194 849 0 1180 833 0 1193 834 0 1181 835 0 1180 833 0 1194 849 0 1195 850 0 1181 835 0 1194 849 0 1182 836 0 1181 835 0 1195 850 0 1196 851 0 1182 836 0 1195 850 0 1183 837 0 1182 836 0 1196 851 0 1197 852 0 1183 837 0 1196 851 0 1184 838 0 1183 837 0 1197 852 0 1198 853 0 1184 838 0 1197 852 0 1185 839 0 1184 838 0 1198 853 0 1199 854 0 1185 839 0 1198 853 0 1186 840 0 1185 839 0 1199 854 0 1200 855 0 1186 840 0 1199 854 0 1187 841 0 1186 840 0 1200 855 0 1201 856 0 1187 841 0 1200 855 0 1188 842 0 1187 841 0 1201 856 0 1202 857 0 1188 842 0 1201 856 0 1189 843 0 1188 842 0 1202 857 0 1203 858 0 1189 843 0 1202 857 0 1190 844 0 1189 843 0 1203 858 0 1204 859 0 1190 844 0 1203 858 0 1191 845 0 1190 844 0 1204 859 0 1083 861 0 616 860 0 721 846 0 1206 847 0 721 846 0 616 860 0 775 862 0 1206 847 0 616 860 0 1207 863 0 1193 834 0 1206 847 0 1194 849 0 1193 834 0 1207 863 0 1208 864 0 1194 849 0 1207 863 0 1195 850 0 1194 849 0 1208 864 0 1209 865 0 1195 850 0 1208 864 0 1196 851 0 1195 850 0 1209 865 0 1210 866 0 1196 851 0 1209 865 0 1197 852 0 1196 851 0 1210 866 0 1211 867 0 1197 852 0 1210 866 0 1198 853 0 1197 852 0 1211 867 0 1212 868 0 1198 853 0 1211 867 0 1199 854 0 1198 853 0 1212 868 0 1213 869 0 1199 854 0 1212 868 0 1200 855 0 1199 854 0 1213 869 0 1214 870 0 1200 855 0 1213 869 0 1201 856 0 1200 855 0 1214 870 0 1215 871 0 1201 856 0 1214 870 0 1202 857 0 1201 856 0 1215 871 0 1216 872 0 1202 857 0 1215 871 0 1203 858 0 1202 857 0 1216 872 0 1217 873 0 1203 858 0 1216 872 0 1204 859 0 1203 858 0 1217 873 0 1217 873 0 915 874 0 1204 859 0 1218 875 0 915 874 0 1217 873 0 1205 876 0 915 874 0 1218 875 0 775 862 0 1219 877 0 1206 847 0 1207 863 0 1206 847 0 1219 877 0 1220 878 0 1207 863 0 1219 877 0 1208 864 0 1207 863 0 1220 878 0 1221 879 0 1208 864 0 1220 878 0 1209 865 0 1208 864 0 1221 879 0 1222 880 0 1209 865 0 1221 879 0 1210 866 0 1209 865 0 1222 880 0 1223 881 0 1210 866 0 1222 880 0 1211 867 0 1210 866 0 1223 881 0 1224 882 0 1211 867 0 1223 881 0 1212 868 0 1211 867 0 1224 882 0 1225 883 0 1212 868 0 1224 882 0 1213 869 0 1212 868 0 1225 883 0 1226 884 0 1213 869 0 1225 883 0 1214 870 0 1213 869 0 1226 884 0 1227 885 0 1214 870 0 1226 884 0 1215 871 0 1214 870 0 1227 885 0 1228 886 0 1215 871 0 1227 885 0 1216 872 0 1215 871 0 1228 886 0 1229 887 0 1216 872 0 1228 886 0 1217 873 0 1216 872 0 1229 887 0 1230 888 0 1217 873 0 1229 887 0 1218 875 0 1217 873 0 1230 888 0 1231 889 0 1219 877 0 775 862 0 1220 878 0 1219 877 0 1231 889 0 1232 890 0 1220 878 0 1231 889 0 1221 879 0 1220 878 0 1232 890 0 1233 891 0 1221 879 0 1232 890 0 1222 880 0 1221 879 0 1233 891 0 1234 892 0 1222 880 0 1233 891 0 1223 881 0 1222 880 0 1234 892 0 1235 893 0 1223 881 0 1234 892 0 1224 882 0 1223 881 0 1235 893 0 1236 894 0 1224 882 0 1235 893 0 1225 883 0 1224 882 0 1236 894 0 1237 895 0 1225 883 0 1236 894 0 1226 884 0 1225 883 0 1237 895 0 1238 896 0 1226 884 0 1237 895 0 1227 885 0 1226 884 0 1238 896 0 1239 897 0 1227 885 0 1238 896 0 1228 886 0 1227 885 0 1239 897 0 1240 898 0 1228 886 0 1239 897 0 1229 887 0 1228 886 0 1240 898 0 1099 899 0 1229 887 0 1240 898 0 1100 900 0 1229 887 0 1099 899 0 1100 900 0 1230 888 0 1229 887 0 782 901 0 1230 888 0 1100 900 0 1085 902 0 1231 889 0 775 862 0 1232 890 0 1231 889 0 1085 902 0 1042 903 0 1232 890 0 1085 902 0 955 904 0 1232 890 0 1042 903 0 1241 905 0 1232 890 0 955 904 0 1088 906 0 1241 905 0 955 904 0 1233 891 0 1232 890 0 1241 905 0 1242 907 0 1233 891 0 1241 905 0 1234 892 0 1233 891 0 1242 907 0 1167 908 0 1234 892 0 1242 907 0 1235 893 0 1234 892 0 1167 908 0 1115 909 0 1235 893 0 1167 908 0 1236 894 0 1235 893 0 1115 909 0 1113 910 0 1236 894 0 1115 909 0 1237 895 0 1236 894 0 1113 910 0 1086 911 0 1237 895 0 1113 910 0 1238 896 0 1237 895 0 1086 911 0 1081 912 0 1238 896 0 1086 911 0 1239 897 0 1238 896 0 1081 912 0 1053 913 0 1239 897 0 1081 912 0 1240 898 0 1239 897 0 1053 913 0 1098 900 0 1240 898 0 1053 913 0 1099 899 0 1240 898 0 1098 900 0 1242 907 0 1241 905 0 1088 906 0 930 914 0 1242 907 0 1088 906 0 1167 908 0 1242 907 0 930 914 0 932 915 0 1167 908 0 930 914 0 1115 909 0 1167 908 0 932 915 0 1091 916 0 1115 909 0 932 915 0 1113 910 0 1115 909 0 1091 916 0 1092 917 0 1113 910 0 1091 916 0 1093 918 0 1113 910 0 1092 917 0 1093 918 0 1086 911 0 1113 910 0 1094 919 0 1086 911 0 1093 918 0 772 920 0 1086 911 0 1094 919 0 1096 921 0 1086 911 0 772 920 0 1097 922 0 1086 911 0 1096 921 0 1097 922 0 1081 912 0 1086 911 0 1053 913 0 1081 912 0 1097 922 0 1098 900 0 1053 913 0 1097 922 0 1060 748 0 1116 749 0 761 923 0 1116 749 0 1122 762 0 761 923 0 991 924 0 761 923 0 1122 762 0 987 790 0 1122 762 0 1133 777 0 991 924 0 1122 762 0 987 790 0 761 923 0 991 924 0 1111 792 0 991 924 0 987 790 0 1111 792 0 760 791 0 1144 789 0 1109 925 0 1144 789 0 1155 804 0 980 926 0 1144 789 0 980 926 0 1109 925 0 959 927 0 1155 804 0 1166 816 0 980 926 0 1155 804 0 959 927 0 1109 925 0 980 926 0 759 928 0 980 926 0 959 927 0 759 928 0 953 929 0 1166 816 0 1178 828 0 959 927 0 1166 816 0 953 929 0 759 928 0 959 927 0 1107 831 0 959 927 0 953 929 0 1107 831 0 1179 830 0 1107 831 0 953 929 0 939 930 0 1178 828 0 1191 845 0 953 929 0 1178 828 0 939 930 0 1192 931 0 953 929 0 939 930 0 1179 830 0 953 929 0 1192 931 0 1106 829 0 1179 830 0 1105 932 0 1179 830 0 1192 931 0 1105 932 0 927 933 0 1105 932 0 1192 931 0 915 874 0 1191 845 0 1204 859 0 939 930 0 1191 845 0 915 874 0 1205 876 0 939 930 0 915 874 0 1192 931 0 939 930 0 1205 876 0 851 934 0 1192 931 0 1205 876 0 927 933 0 1192 931 0 851 934 0 1105 932 0 927 933 0 758 935 0 927 933 0 851 934 0 758 935 0 851 934 0 754 936 0 758 935 0 782 901 0 1205 876 0 1218 875 0 851 934 0 1205 876 0 782 901 0 754 936 0 851 934 0 782 901 0 782 901 0 1101 900 0 1102 937 0 782 901 0 1218 875 0 1230 888 0 1101 900 0 782 901 0 1100 900 0 754 936 0 782 901 0 1102 937 0 1076 779 0 138 938 0 1077 794 0 689 941 0 95 940 0 690 939 0 294 942 0 690 939 0 584 806 0 1077 794 0 294 942 0 584 806 0 138 938 0 1076 779 0 24 943 0 1075 764 0 24 943 0 1076 779 0 1077 794 0 138 938 0 294 942 0 138 938 0 24 943 0 294 942 0 24 943 0 1075 764 0 42 944 0 1074 752 0 42 944 0 1075 764 0 24 943 0 42 944 0 692 945 0 294 942 0 24 943 0 692 945 0 692 945 0 42 944 0 693 946 0 42 944 0 1074 752 0 693 946 0 1074 752 0 1073 751 0 693 946 0 693 946 0 1073 751 0 694 947 0 95 940 0 645 818 0 584 806 0 690 939 0 95 940 0 584 806 0 1072 743 0 694 947 0 1073 751 0 695 948 0 694 947 0 1072 743 0 708 949 0 1072 743 0 1071 747 0 708 949 0 695 948 0 1072 743 0 682 832 0 101 950 0 696 848 0 687 952 0 101 950 0 688 951 0 101 950 0 682 832 0 688 951 0 95 940 0 688 951 0 682 832 0 645 818 0 95 940 0 682 832 0 688 951 0 95 940 0 689 941 0 685 953 0 1083 861 0 721 846 0 101 950 0 685 953 0 721 846 0 696 848 0 101 950 0 721 846 0 685 953 0 101 950 0 686 954 0 686 954 0 101 950 0 687 952 0 269 956 0 361 955 0 1078 10 0 1078 10 0 361 955 0 1070 957 0 1070 957 0 361 955 0 1069 958 0 193 959 0 1069 958 0 361 955 0 193 959 0 1066 509 0 1069 958 0 269 956 0 983 960 0 361 955 0 361 955 0 983 960 0 144 961 0 931 962 0 361 955 0 144 961 0 193 959 0 361 955 0 729 963 0 361 955 0 931 962 0 729 963 0 729 963 0 931 962 0 589 964 0 684 967 0 762 966 0 1087 965 0 755 968 0 1060 630 0 762 966 0 684 967 0 755 968 0 762 966 0 691 969 0 755 968 0 684 967 0 755 968 0 691 969 0 756 647 0 698 970 0 756 647 0 691 969 0 756 647 0 698 970 0 757 971 0 368 972 0 757 971 0 698 970 0 757 971 0 368 972 0 1089 612 0 699 973 0 1089 612 0 368 972 0 1089 612 0 699 973 0 1090 974 0 700 975 0 1090 974 0 699 973 0 1090 974 0 700 975 0 1095 643 0 1095 643 0 700 975 0 1103 573 0 702 976 0 1103 573 0 700 975 0 1103 573 0 702 976 0 1104 977 0 763 640 0 1104 977 0 702 976 0 370 978 0 763 640 0 702 976 0 763 640 0 370 978 0 1108 979 0 703 980 0 1108 979 0 370 978 0 1108 979 0 703 980 0 467 981 0 704 982 0 467 981 0 703 980 0 373 983 0 467 981 0 704 982 0 467 981 0 373 983 0 1110 984 0 1112 985 0 1110 984 0 373 983 0 705 986 0 1112 985 0 373 983 0 764 987 0 1112 985 0 705 986 0 727 988 0 764 987 0 705 986 0 709 989 0 727 988 0 705 986 0 466 990 0 727 988 0 709 989 0 710 991 0 466 990 0 709 989 0 535 992 0 466 990 0 710 991 0 465 993 0 535 992 0 710 991 0 392 994 0 465 993 0 710 991 0 465 993 0 392 994 0 711 995 0 465 993 0 711 995 0 486 996 0 486 996 0 711 995 0 464 997 0 712 998 0 464 997 0 711 995 0 464 997 0 712 998 0 463 999 0 463 999 0 712 998 0 462 1000 0 427 1001 0 462 1000 0 712 998 0 462 1000 0 427 1001 0 476 1002 0 428 1003 0 476 1002 0 427 1001 0 476 1002 0 428 1003 0 455 1004 0 455 1004 0 428 1003 0 452 1005 0 467 1007 0 770 1006 0 769 1006 0 467 1007 0 771 1008 0 770 1006 0 769 1006 0 1082 1009 0 467 1007 0 767 1010 0 467 1007 0 1082 1009 0 766 1011 0 467 1007 0 767 1010 0 467 1007 0 1084 1009 0 771 1008 0 468 20 0 1084 1009 0 467 1007 0 1069 958 0 1044 1013 0 989 1012 0 1069 958 0 1046 1014 0 1044 1013 0 1069 958 0 776 1015 0 1046 1014 0 1069 958 0 777 1016 0 776 1015 0 1069 958 0 781 1018 0 780 1017 0 1069 958 0 1066 509 0 781 1018 0 780 1017 0 1065 1019 0 1069 958 0 1065 1019 0 1050 1020 0 1069 958 0 1069 958 0 1050 1020 0 777 1016 0 989 1012 0 1084 1021 0 1069 958 0 1069 958 0 1084 1021 0 454 1022 0 1070 957 0 1069 958 0 454 1022 0 988 1023 0 1070 957 0 454 1022 0 1070 957 0 988 1023 0 445 1024 0 1070 957 0 445 1024 0 1078 10 0 1078 10 0 445 1024 0 1080 1025 0 1078 10 0 1080 1025 0 1079 1026 0 1078 10 0 1079 1026 0 446 1027 0 936 657 0 935 1028 0 979 657 0 979 657 0 935 1028 0 1051 1029 0 1052 1030 0 1051 1029 0 935 1028 0 986 1031 0 1052 1030 0 935 1028 0 1052 1030 0 986 1031 0 1037 1032 0 1037 1032 0 986 1031 0 983 960 0 269 1033 0 1037 1032 0 983 960 0 1037 1032 0 269 1033 0 981 1034 0 981 1034 0 269 1033 0 1078 10 0 981 1034 0 1078 10 0 393 10 0 965 657 0 975 657 0 964 657 0 965 657 0 964 657 0 963 657 0 965 657 0 963 657 0 977 657 0 977 657 0 963 657 0 971 657 0 971 657 0 963 657 0 972 657 0 971 657 0 972 657 0 973 657 0 973 657 0 972 657 0 962 657 0 973 657 0 962 657 0 974 657 0 974 657 0 962 657 0 970 657 0 974 657 0 970 657 0 976 657 0 976 657 0 970 657 0 969 657 0 976 657 0 969 657 0 982 657 0 982 657 0 969 657 0 968 657 0 982 657 0 968 657 0 978 657 0 978 657 0 968 657 0 967 657 0 978 657 0 967 657 0 966 657 0 978 657 0 966 657 0 984 657 0 984 657 0 966 657 0 985 657 0 985 657 0 966 657 0 961 657 0 985 657 0 961 657 0 979 657 0 979 657 0 961 657 0 936 657 0 955 1036 0 944 1035 0 1088 906 0 1088 906 0 944 1035 0 956 1037 0 944 1035 0 948 1038 0 956 1037 0 956 1037 0 948 1038 0 957 1039 0 948 1038 0 949 1040 0 957 1039 0 957 1039 0 949 1040 0 393 10 0 955 1036 0 1042 1041 0 944 1035 0 944 1035 0 1042 1041 0 1041 1042 0 1040 1043 0 944 1035 0 1041 1042 0 944 1035 0 1040 1043 0 948 1038 0 1039 1044 0 948 1038 0 1040 1043 0 948 1038 0 1039 1044 0 949 1040 0 1038 1045 0 949 1040 0 1039 1044 0 393 10 0 949 1040 0 981 1046 0 949 1040 0 1038 1045 0 981 1046 0 1038 1045 0 1037 1047 0 981 1046 0 933 1050 0 1092 1049 0 1091 1048 0 956 1037 0 933 1050 0 1091 1048 0 1088 906 0 956 1037 0 930 914 0 930 914 0 956 1037 0 932 1051 0 1091 1048 0 932 1051 0 956 1037 0 933 1050 0 956 1037 0 934 1052 0 934 1052 0 956 1037 0 385 1053 0 957 1039 0 385 1053 0 956 1037 0 385 1053 0 957 1039 0 942 1054 0 942 1054 0 957 1039 0 384 1055 0 384 1055 0 957 1039 0 393 10 0 384 1055 0 393 10 0 943 1056 0 774 1004 0 779 1004 0 778 1004 0 779 1004 0 934 1004 0 385 1004 0 774 1004 0 934 1004 0 779 1004 0 1093 1004 0 934 1004 0 774 1004 0 1093 1004 0 933 1004 0 934 1004 0 1093 1004 0 1092 1004 0 933 1004 0 65 247 0 6 237 0 9 1057 0 1093 1004 0 774 1004 0 1094 1058 0 773 1059 0 1094 1058 0 774 1004 0 1094 1058 0 773 1059 0 772 1060 0 773 1059 0 362 1061 0 772 1060 0 772 1060 0 362 1061 0 1096 1062 0 362 1061 0 367 10 0 1096 1062 0 765 0 0 1096 1063 0 768 0 0 765 0 0 1097 1063 0 1096 1063 0 765 0 0 1098 1063 0 1097 1063 0 765 0 0 1099 1063 0 1098 1063 0 765 0 0 1100 1063 0 1099 1063 0 765 0 0 1101 1064 0 1100 1063 0 765 0 0 1102 1064 0 1101 1064 0 452 1005 0 324 1065 0 455 1004 0 455 1004 0 324 1065 0 461 1066 0 746 1067 0 461 1066 0 324 1065 0 461 1066 0 746 1067 0 460 1068 0 743 1069 0 460 1068 0 746 1067 0 460 1068 0 743 1069 0 747 1070 0 747 1070 0 743 1069 0 750 1071 0 330 1072 0 750 1071 0 743 1069 0 750 1071 0 330 1072 0 458 1073 0 738 1074 0 458 1073 0 330 1072 0 458 1073 0 738 1074 0 457 1075 0 331 1076 0 457 1075 0 738 1074 0 331 1076 0 751 1077 0 457 1075 0 751 1077 0 331 1076 0 752 1078 0 752 1078 0 331 1076 0 332 1079 0 732 1080 0 752 1078 0 332 1079 0 752 1078 0 732 1080 0 456 1081 0 333 1082 0 456 1081 0 732 1080 0 456 1081 0 333 1082 0 753 1083 0 753 1083 0 333 1082 0 765 1084 0 334 1085 0 765 1084 0 333 1082 0 334 1085 0 1102 1086 0 765 1084 0 1102 1086 0 334 1085 0 731 1087 0 1102 1086 0 731 1087 0 754 936 0 335 1088 0 754 936 0 731 1087 0 754 936 0 335 1088 0 758 935 0 336 1089 0 758 935 0 335 1088 0 758 935 0 336 1089 0 1105 1090 0 1105 1090 0 336 1089 0 1106 829 0 341 1091 0 1106 829 0 336 1089 0 1106 829 0 341 1091 0 1107 831 0 759 1092 0 1107 831 0 341 1091 0 344 1093 0 759 1092 0 341 1091 0 1109 925 0 759 1092 0 344 1093 0 352 1094 0 1109 925 0 344 1093 0 760 1095 0 1109 925 0 352 1094 0 730 1096 0 760 1095 0 352 1094 0 1111 792 0 760 1095 0 730 1096 0 353 1097 0 1111 792 0 730 1096 0 761 1098 0 1111 792 0 353 1097 0 728 1099 0 761 1098 0 353 1097 0 762 1100 0 761 1098 0 728 1099 0 1087 1101 0 762 1100 0 728 1099 0 761 1098 0 762 1100 0 1060 1102 0 102 42 0 488 1103 0 298 42 0 488 1103 0 102 42 0 489 1104 0 103 42 0 489 1104 0 102 42 0 489 1104 0 103 42 0 495 1105 0 720 42 0 495 1105 0 103 42 0 495 1105 0 720 42 0 496 1106 0 104 42 0 496 1106 0 720 42 0 496 1106 0 104 42 0 497 1107 0 106 42 0 497 1107 0 104 42 0 497 1107 0 106 42 0 498 1108 0 719 42 0 498 1108 0 106 42 0 498 1108 0 719 42 0 505 1109 0 107 42 0 505 1109 0 719 42 0 505 1109 0 107 42 0 506 1110 0 109 42 0 506 1110 0 107 42 0 506 1110 0 109 42 0 507 1111 0 110 42 0 507 1111 0 109 42 0 507 1111 0 110 42 0 508 1112 0 718 42 0 508 1112 0 110 42 0 508 1112 0 718 42 0 509 1113 0 111 42 0 509 1113 0 718 42 0 509 1113 0 111 42 0 510 1114 0 112 42 0 510 1114 0 111 42 0 510 1114 0 112 42 0 513 1115 0 717 42 0 513 1115 0 112 42 0 513 1115 0 717 42 0 514 1116 0 120 42 0 514 1116 0 717 42 0 514 1116 0 120 42 0 520 1117 0 716 42 0 520 1117 0 120 42 0 520 1117 0 716 42 0 521 1118 0 121 42 0 521 1118 0 716 42 0 521 1118 0 121 42 0 522 1119 0 715 42 0 522 1119 0 121 42 0 522 1119 0 715 42 0 523 1120 0 713 42 0 523 1120 0 715 42 0 319 1121 0 523 1120 0 713 42 0 298 42 0 488 1103 0 297 1122 0 297 1122 0 488 1103 0 524 1123 0 488 1103 0 489 1104 0 524 1123 0 524 1123 0 489 1104 0 525 1124 0 489 1104 0 495 1105 0 525 1124 0 525 1124 0 495 1105 0 527 1125 0 495 1105 0 496 1106 0 527 1125 0 527 1125 0 496 1106 0 532 1126 0 496 1106 0 497 1107 0 532 1126 0 532 1126 0 497 1107 0 533 1127 0 497 1107 0 498 1108 0 533 1127 0 533 1127 0 498 1108 0 540 1128 0 498 1108 0 505 1109 0 540 1128 0 540 1128 0 505 1109 0 541 1129 0 505 1109 0 506 1110 0 541 1129 0 541 1129 0 506 1110 0 542 1130 0 506 1110 0 507 1111 0 542 1130 0 542 1130 0 507 1111 0 552 1131 0 507 1111 0 508 1112 0 552 1131 0 552 1131 0 508 1112 0 556 1132 0 508 1112 0 509 1113 0 556 1132 0 556 1132 0 509 1113 0 564 1133 0 509 1113 0 510 1114 0 564 1133 0 564 1133 0 510 1114 0 567 1134 0 510 1114 0 513 1115 0 567 1134 0 567 1134 0 513 1115 0 572 1135 0 513 1115 0 514 1116 0 572 1135 0 572 1135 0 514 1116 0 577 1136 0 514 1116 0 520 1117 0 577 1136 0 577 1136 0 520 1117 0 578 1137 0 520 1117 0 521 1118 0 578 1137 0 578 1137 0 521 1118 0 579 1138 0 521 1118 0 522 1119 0 579 1138 0 579 1138 0 522 1119 0 583 1139 0 522 1119 0 523 1120 0 583 1139 0 583 1139 0 523 1120 0 586 1140 0 319 1121 0 586 1140 0 523 1120 0 321 1141 0 586 1140 0 319 1121 0 297 1122 0 524 1123 0 296 1142 0 296 1142 0 524 1123 0 590 1143 0 524 1123 0 525 1124 0 590 1143 0 590 1143 0 525 1124 0 591 1144 0 525 1124 0 527 1125 0 591 1144 0 591 1144 0 527 1125 0 593 1145 0 527 1125 0 532 1126 0 593 1145 0 593 1145 0 532 1126 0 595 1146 0 532 1126 0 533 1127 0 595 1146 0 595 1146 0 533 1127 0 599 1147 0 533 1127 0 540 1128 0 599 1147 0 599 1147 0 540 1128 0 601 1148 0 540 1128 0 541 1129 0 601 1148 0 601 1148 0 541 1129 0 602 1149 0 541 1129 0 542 1130 0 602 1149 0 602 1149 0 542 1130 0 603 1150 0 542 1130 0 552 1131 0 603 1150 0 603 1150 0 552 1131 0 606 1151 0 552 1131 0 556 1132 0 606 1151 0 606 1151 0 556 1132 0 607 1152 0 556 1132 0 564 1133 0 607 1152 0 607 1152 0 564 1133 0 608 1153 0 564 1133 0 567 1134 0 608 1153 0 608 1153 0 567 1134 0 611 1154 0 567 1134 0 572 1135 0 611 1154 0 611 1154 0 572 1135 0 613 1155 0 572 1135 0 577 1136 0 613 1155 0 613 1155 0 577 1136 0 614 1156 0 577 1136 0 578 1137 0 614 1156 0 614 1156 0 578 1137 0 615 1157 0 578 1137 0 579 1138 0 615 1157 0 615 1157 0 579 1138 0 617 1158 0 579 1138 0 583 1139 0 617 1158 0 617 1158 0 583 1139 0 618 1159 0 583 1139 0 586 1140 0 618 1159 0 618 1159 0 586 1140 0 619 1160 0 321 1141 0 619 1160 0 586 1140 0 322 1161 0 619 1160 0 321 1141 0 296 1142 0 590 1143 0 683 1162 0 683 1162 0 590 1143 0 620 1163 0 590 1143 0 591 1144 0 620 1163 0 620 1163 0 591 1144 0 623 1164 0 591 1144 0 593 1145 0 623 1164 0 623 1164 0 593 1145 0 624 1165 0 593 1145 0 595 1146 0 624 1165 0 624 1165 0 595 1146 0 625 1166 0 595 1146 0 599 1147 0 625 1166 0 625 1166 0 599 1147 0 626 1167 0 599 1147 0 601 1148 0 626 1167 0 626 1167 0 601 1148 0 628 1168 0 601 1148 0 602 1149 0 628 1168 0 628 1168 0 602 1149 0 635 1169 0 602 1149 0 603 1150 0 635 1169 0 635 1169 0 603 1150 0 636 1170 0 603 1150 0 606 1151 0 636 1170 0 636 1170 0 606 1151 0 637 1171 0 606 1151 0 607 1152 0 637 1171 0 637 1171 0 607 1152 0 638 1172 0 607 1152 0 608 1153 0 638 1172 0 638 1172 0 608 1153 0 639 1173 0 608 1153 0 611 1154 0 639 1173 0 639 1173 0 611 1154 0 642 1174 0 611 1154 0 613 1155 0 642 1174 0 642 1174 0 613 1155 0 643 1175 0 613 1155 0 614 1156 0 643 1175 0 643 1175 0 614 1156 0 646 1176 0 614 1156 0 615 1157 0 646 1176 0 646 1176 0 615 1157 0 647 1177 0 615 1157 0 617 1158 0 647 1177 0 647 1177 0 617 1158 0 648 1178 0 617 1158 0 618 1159 0 648 1178 0 648 1178 0 618 1159 0 653 1179 0 618 1159 0 619 1160 0 653 1179 0 653 1179 0 619 1160 0 657 1180 0 322 1161 0 657 1180 0 619 1160 0 323 1181 0 657 1180 0 322 1161 0 683 1162 0 620 1163 0 295 1182 0 295 1182 0 620 1163 0 658 1183 0 620 1163 0 623 1164 0 658 1183 0 658 1183 0 623 1164 0 659 1184 0 623 1164 0 624 1165 0 659 1184 0 659 1184 0 624 1165 0 660 1185 0 624 1165 0 625 1166 0 660 1185 0 660 1185 0 625 1166 0 661 1186 0 625 1166 0 626 1167 0 661 1186 0 661 1186 0 626 1167 0 665 1187 0 626 1167 0 628 1168 0 665 1187 0 665 1187 0 628 1168 0 666 1188 0 628 1168 0 635 1169 0 666 1188 0 666 1188 0 635 1169 0 667 1189 0 635 1169 0 636 1170 0 667 1189 0 667 1189 0 636 1170 0 668 1190 0 636 1170 0 637 1171 0 668 1190 0 668 1190 0 637 1171 0 670 1191 0 637 1171 0 638 1172 0 670 1191 0 670 1191 0 638 1172 0 671 1192 0 638 1172 0 639 1173 0 671 1192 0 671 1192 0 639 1173 0 672 1193 0 639 1173 0 642 1174 0 672 1193 0 672 1193 0 642 1174 0 673 1194 0 642 1174 0 643 1175 0 673 1194 0 673 1194 0 643 1175 0 675 1195 0 643 1175 0 646 1176 0 675 1195 0 675 1195 0 646 1176 0 676 1196 0 646 1176 0 647 1177 0 676 1196 0 676 1196 0 647 1177 0 678 1197 0 647 1177 0 648 1178 0 678 1197 0 678 1197 0 648 1178 0 679 1198 0 648 1178 0 653 1179 0 679 1198 0 679 1198 0 653 1179 0 680 1199 0 653 1179 0 657 1180 0 680 1199 0 680 1199 0 657 1180 0 681 1200 0 323 1181 0 681 1200 0 657 1180 0 452 1005 0 681 1200 0 323 1181 0 295 1182 0 658 1183 0 1087 1201 0 1087 1201 0 658 1183 0 684 967 0 658 1183 0 659 1184 0 684 967 0 684 967 0 659 1184 0 691 969 0 659 1184 0 660 1185 0 691 969 0 691 969 0 660 1185 0 698 970 0 660 1185 0 661 1186 0 698 970 0 698 970 0 661 1186 0 368 972 0 661 1186 0 665 1187 0 368 972 0 368 972 0 665 1187 0 699 973 0 665 1187 0 666 1188 0 699 973 0 699 973 0 666 1188 0 700 1202 0 666 1188 0 667 1189 0 700 1202 0 700 1202 0 667 1189 0 702 976 0 667 1189 0 668 1190 0 702 976 0 702 976 0 668 1190 0 370 978 0 668 1190 0 670 1191 0 370 978 0 370 978 0 670 1191 0 703 980 0 670 1191 0 671 1192 0 703 980 0 703 980 0 671 1192 0 704 1203 0 671 1192 0 672 1193 0 704 1203 0 704 1203 0 672 1193 0 373 983 0 672 1193 0 673 1194 0 373 983 0 373 983 0 673 1194 0 705 986 0 673 1194 0 675 1195 0 705 986 0 705 986 0 675 1195 0 709 989 0 675 1195 0 676 1196 0 709 989 0 709 989 0 676 1196 0 710 991 0 676 1196 0 678 1197 0 710 991 0 710 991 0 678 1197 0 392 994 0 678 1197 0 679 1198 0 392 994 0 392 994 0 679 1198 0 711 995 0 711 995 0 679 1198 0 712 998 0 679 1198 0 680 1199 0 712 998 0 712 998 0 680 1199 0 427 1001 0 680 1199 0 681 1200 0 427 1001 0 427 1001 0 681 1200 0 428 1003 0 452 1005 0 428 1003 0 681 1200 0 768 0 0 357 1204 0 765 0 0 765 0 0 357 1204 0 753 1205 0 753 1205 0 357 1204 0 358 1206 0 753 1205 0 358 1206 0 99 1207 0 28 1207 0 29 1208 0 99 1207 0 99 1207 0 29 1208 0 753 1205 0 487 1209 0 753 1205 0 29 1208 0 487 1209 0 456 1210 0 753 1205 0 456 1210 0 487 1209 0 752 1078 0 30 1211 0 752 1078 0 487 1209 0 752 1078 0 30 1211 0 751 1212 0 751 1212 0 30 1211 0 483 1213 0 457 1214 0 751 1212 0 483 1213 0 482 1215 0 457 1214 0 483 1213 0 457 1214 0 482 1215 0 458 1216 0 458 1216 0 482 1215 0 481 1217 0 750 1218 0 458 1216 0 481 1217 0 480 1219 0 750 1218 0 481 1217 0 750 1218 0 480 1219 0 747 1220 0 460 1221 0 747 1220 0 480 1219 0 43 1222 0 460 1221 0 480 1219 0 460 1221 0 43 1222 0 461 1223 0 461 1223 0 43 1222 0 477 1224 0 475 1225 0 461 1223 0 477 1224 0 475 1225 0 455 1004 0 461 1223 0 476 1226 0 455 1004 0 475 1225 0 474 1227 0 476 1226 0 475 1225 0 476 1226 0 474 1227 0 51 1228 0 476 1226 0 51 1228 0 462 1229 0 473 1230 0 462 1229 0 51 1228 0 473 1230 0 463 1231 0 462 1229 0 463 1231 0 473 1230 0 464 1232 0 54 1233 0 464 1232 0 473 1230 0 54 1233 0 486 1234 0 464 1232 0 486 1234 0 54 1233 0 55 1235 0 486 1234 0 55 1235 0 465 1236 0 465 1236 0 55 1235 0 535 1237 0 58 1238 0 535 1237 0 55 1235 0 58 1238 0 466 1239 0 535 1237 0 466 1239 0 58 1238 0 727 988 0 59 1240 0 727 988 0 58 1238 0 727 988 0 59 1240 0 764 1241 0 764 1241 0 59 1240 0 60 1242 0 764 1241 0 60 1242 0 1112 1243 0 472 1244 0 1112 1243 0 60 1242 0 472 1244 0 1110 1245 0 1112 1243 0 1110 1245 0 472 1244 0 468 20 0 1110 1245 0 468 20 0 467 1007 0 468 20 0 454 1247 0 1084 1246 0 453 161 0 454 1247 0 468 20 0 454 1247 0 453 161 0 988 1248 0 453 161 0 61 159 0 988 1248 0 61 159 0 445 1249 0 988 1248 0 61 159 0 62 229 0 445 1249 0 1079 1252 0 447 1251 0 446 1250 0 1080 1253 0 447 1251 0 1079 1252 0 445 1254 0 447 1251 0 1080 1253 0 62 1255 0 447 1251 0 445 1254 0 63 1256 0 447 1251 0 62 1255 0 447 1251 0 63 1256 0 426 1257 0 63 1256 0 425 1258 0 426 1257 0 64 1259 0 425 1258 0 63 1256 0 65 1260 0 425 1258 0 64 1259 0 425 1258 0 65 1260 0 448 1261 0 65 1260 0 424 1262 0 448 1261 0 444 1263 0 424 1262 0 65 1260 0 424 1262 0 444 1263 0 423 1264 0 66 1265 0 423 1264 0 444 1263 0 436 1266 0 423 1264 0 66 1265 0 423 1264 0 436 1266 0 422 1267 0 436 1266 0 420 1268 0 422 1267 0 434 1269 0 420 1268 0 436 1266 0 420 1268 0 434 1269 0 415 1270 0 67 1271 0 415 1270 0 434 1269 0 67 1271 0 449 1272 0 415 1270 0 449 1272 0 67 1271 0 71 1273 0 449 1272 0 71 1273 0 450 1274 0 72 1275 0 450 1274 0 71 1273 0 73 1004 0 450 1274 0 72 1275 0 413 1004 0 450 1274 0 73 1004 0 393 10 0 1078 10 0 943 10 0 943 10 0 1078 10 0 383 10 0 383 10 0 1078 10 0 394 10 0 394 10 0 1078 10 0 398 10 0 398 10 0 1078 10 0 404 10 0 404 10 0 1078 10 0 382 10 0 382 10 0 1078 10 0 380 10 0 380 10 0 1078 10 0 379 10 0 379 10 0 1078 10 0 405 10 0 405 10 0 1078 10 0 406 10 0 406 10 0 1078 10 0 411 10 0 411 10 0 1078 10 0 378 10 0 378 10 0 1078 10 0 412 10 0 412 10 0 1078 10 0 377 10 0 377 10 0 1078 10 0 376 10 0 376 10 0 1078 10 0 371 10 0 371 10 0 1078 10 0 413 10 0 413 10 0 1078 10 0 450 10 0 450 10 0 1078 10 0 449 10 0 449 10 0 1078 10 0 415 10 0 415 10 0 1078 10 0 446 10 0 415 10 0 446 10 0 420 10 0 420 10 0 446 10 0 422 10 0 422 10 0 446 10 0 423 10 0 423 10 0 446 10 0 424 10 0 424 10 0 446 10 0 447 10 0 424 10 0 447 10 0 448 10 0 448 10 0 447 10 0 426 10 0 448 10 0 426 10 0 425 10 0 100 1276 0 779 1277 0 387 1276 0 943 1280 0 383 1279 0 384 1278 0 384 1278 0 383 1279 0 942 1281 0 942 1281 0 383 1279 0 394 1282 0 942 1281 0 394 1282 0 385 1277 0 385 1277 0 394 1282 0 387 1276 0 385 1277 0 387 1276 0 779 1277 0 398 1283 0 387 1276 0 394 1282 0 398 1283 0 388 1284 0 387 1276 0 388 1284 0 398 1283 0 404 1285 0 388 1284 0 404 1285 0 389 1286 0 382 1287 0 389 1286 0 404 1285 0 389 1286 0 382 1287 0 390 1288 0 390 1288 0 382 1287 0 380 1289 0 379 1290 0 390 1288 0 380 1289 0 379 1290 0 94 1291 0 390 1288 0 94 1291 0 379 1290 0 405 1292 0 94 1291 0 405 1292 0 86 1293 0 406 1294 0 86 1293 0 405 1292 0 406 1294 0 391 1295 0 86 1293 0 391 1295 0 406 1294 0 411 1296 0 391 1295 0 411 1296 0 378 1297 0 391 1295 0 378 1297 0 79 1298 0 412 1299 0 79 1298 0 378 1297 0 79 1298 0 412 1299 0 78 1300 0 78 1300 0 412 1299 0 377 1301 0 376 1302 0 78 1300 0 377 1301 0 78 1300 0 376 1302 0 75 1303 0 75 1303 0 376 1302 0 371 1304 0 75 1303 0 371 1304 0 73 1004 0 73 1004 0 371 1304 0 413 1004 0 778 42 0 100 42 0 369 42 0 779 42 0 100 42 0 778 42 0 778 0 0 369 0 0 774 0 0 774 0 0 369 0 0 773 0 0 773 0 0 369 0 0 362 0 0 362 0 0 369 0 0 367 0 0 367 0 0 369 0 0 360 0 0 360 0 0 369 0 0 359 0 0 359 0 0 369 0 0 98 0 0 768 1305 0 1096 1062 0 367 10 0 65 247 0 9 1057 0 444 1306 0 360 1307 0 768 1305 0 367 10 0 768 1305 0 360 1307 0 357 1308 0 359 1309 0 357 1308 0 360 1307 0 359 1309 0 358 1310 0 357 1308 0 358 1310 0 359 1309 0 99 235 0 359 1309 0 98 235 0 99 235 0 122 42 0 140 1311 0 713 42 0 123 42 0 140 1311 0 122 42 0 140 1311 0 123 42 0 141 1312 0 318 42 0 141 1312 0 123 42 0 141 1312 0 318 42 0 142 1313 0 317 42 0 142 1313 0 318 42 0 142 1313 0 317 42 0 143 1314 0 124 42 0 143 1314 0 317 42 0 143 1314 0 124 42 0 145 1315 0 316 42 0 145 1315 0 124 42 0 145 1315 0 316 42 0 146 1316 0 315 42 0 146 1316 0 316 42 0 146 1316 0 315 42 0 152 1317 0 314 42 0 152 1317 0 315 42 0 152 1317 0 314 42 0 154 1318 0 313 42 0 154 1318 0 314 42 0 154 1318 0 313 42 0 155 1319 0 125 42 0 155 1319 0 313 42 0 155 1319 0 125 42 0 156 1320 0 129 42 0 156 1320 0 125 42 0 156 1320 0 129 42 0 157 1321 0 130 42 0 157 1321 0 129 42 0 157 1321 0 130 42 0 159 1322 0 311 42 0 159 1322 0 130 42 0 159 1322 0 311 42 0 163 1323 0 131 42 0 163 1323 0 311 42 0 163 1323 0 131 42 0 164 1324 0 310 42 0 164 1324 0 131 42 0 164 1324 0 310 42 0 165 1325 0 165 1325 0 310 42 0 304 42 0 132 42 0 165 1325 0 304 42 0 165 1325 0 132 42 0 166 1326 0 137 42 0 166 1326 0 132 42 0 166 1326 0 137 42 0 170 1327 0 299 42 0 170 1327 0 137 42 0 170 1327 0 299 42 0 171 1328 0 298 42 0 171 1328 0 299 42 0 297 1329 0 171 1328 0 298 42 0 713 42 0 140 1311 0 319 1121 0 319 1121 0 140 1311 0 172 1330 0 140 1311 0 141 1312 0 172 1330 0 172 1330 0 141 1312 0 173 1331 0 141 1312 0 142 1313 0 173 1331 0 173 1331 0 142 1313 0 174 1332 0 142 1313 0 143 1314 0 174 1332 0 174 1332 0 143 1314 0 175 1333 0 143 1314 0 145 1315 0 175 1333 0 175 1333 0 145 1315 0 176 1334 0 145 1315 0 146 1316 0 176 1334 0 176 1334 0 146 1316 0 177 1335 0 146 1316 0 152 1317 0 177 1335 0 177 1335 0 152 1317 0 178 1336 0 152 1317 0 154 1318 0 178 1336 0 178 1336 0 154 1318 0 179 1337 0 154 1318 0 155 1319 0 179 1337 0 179 1337 0 155 1319 0 180 1338 0 155 1319 0 156 1320 0 180 1338 0 180 1338 0 156 1320 0 181 1339 0 156 1320 0 157 1321 0 181 1339 0 181 1339 0 157 1321 0 182 1340 0 157 1321 0 159 1322 0 182 1340 0 182 1340 0 159 1322 0 183 1341 0 159 1322 0 163 1323 0 183 1341 0 183 1341 0 163 1323 0 184 1342 0 163 1323 0 164 1324 0 184 1342 0 184 1342 0 164 1324 0 190 1343 0 164 1324 0 165 1325 0 190 1343 0 190 1343 0 165 1325 0 194 1344 0 165 1325 0 166 1326 0 194 1344 0 194 1344 0 166 1326 0 197 1345 0 166 1326 0 170 1327 0 197 1345 0 197 1345 0 170 1327 0 205 1346 0 170 1327 0 171 1328 0 205 1346 0 205 1346 0 171 1328 0 206 1347 0 297 1329 0 206 1347 0 171 1328 0 296 1348 0 206 1347 0 297 1329 0 319 1121 0 172 1330 0 321 1141 0 321 1141 0 172 1330 0 207 1349 0 172 1330 0 173 1331 0 207 1349 0 207 1349 0 173 1331 0 208 1350 0 173 1331 0 174 1332 0 208 1350 0 208 1350 0 174 1332 0 209 1351 0 174 1332 0 175 1333 0 209 1351 0 209 1351 0 175 1333 0 210 1352 0 175 1333 0 176 1334 0 210 1352 0 210 1352 0 176 1334 0 211 1353 0 176 1334 0 177 1335 0 211 1353 0 211 1353 0 177 1335 0 213 1354 0 177 1335 0 178 1336 0 213 1354 0 213 1354 0 178 1336 0 215 1355 0 178 1336 0 179 1337 0 215 1355 0 215 1355 0 179 1337 0 216 1356 0 179 1337 0 180 1338 0 216 1356 0 216 1356 0 180 1338 0 217 1357 0 180 1338 0 181 1339 0 217 1357 0 217 1357 0 181 1339 0 218 1358 0 181 1339 0 182 1340 0 218 1358 0 218 1358 0 182 1340 0 219 1359 0 182 1340 0 183 1341 0 219 1359 0 219 1359 0 183 1341 0 220 1360 0 183 1341 0 184 1342 0 220 1360 0 220 1360 0 184 1342 0 221 1361 0 184 1342 0 190 1343 0 221 1361 0 221 1361 0 190 1343 0 227 1362 0 190 1343 0 194 1344 0 227 1362 0 227 1362 0 194 1344 0 228 1363 0 194 1344 0 197 1345 0 228 1363 0 228 1363 0 197 1345 0 231 1364 0 197 1345 0 205 1346 0 231 1364 0 231 1364 0 205 1346 0 232 1365 0 205 1346 0 206 1347 0 232 1365 0 232 1365 0 206 1347 0 234 1366 0 296 1348 0 234 1366 0 206 1347 0 683 1367 0 234 1366 0 296 1348 0 321 1141 0 207 1349 0 322 1161 0 322 1161 0 207 1349 0 235 1368 0 207 1349 0 208 1350 0 235 1368 0 235 1368 0 208 1350 0 236 1369 0 208 1350 0 209 1351 0 236 1369 0 236 1369 0 209 1351 0 237 1370 0 209 1351 0 210 1352 0 237 1370 0 237 1370 0 210 1352 0 238 1371 0 210 1352 0 211 1353 0 238 1371 0 238 1371 0 211 1353 0 239 1372 0 211 1353 0 213 1354 0 239 1372 0 239 1372 0 213 1354 0 240 1373 0 213 1354 0 215 1355 0 240 1373 0 240 1373 0 215 1355 0 242 1374 0 215 1355 0 216 1356 0 242 1374 0 242 1374 0 216 1356 0 243 1375 0 216 1356 0 217 1357 0 243 1375 0 243 1375 0 217 1357 0 244 1376 0 217 1357 0 218 1358 0 244 1376 0 244 1376 0 218 1358 0 245 1377 0 218 1358 0 219 1359 0 245 1377 0 245 1377 0 219 1359 0 246 1378 0 219 1359 0 220 1360 0 246 1378 0 246 1378 0 220 1360 0 248 1379 0 220 1360 0 221 1361 0 248 1379 0 248 1379 0 221 1361 0 249 1380 0 221 1361 0 227 1362 0 249 1380 0 249 1380 0 227 1362 0 250 1381 0 227 1362 0 228 1363 0 250 1381 0 250 1381 0 228 1363 0 258 1382 0 228 1363 0 231 1364 0 258 1382 0 258 1382 0 231 1364 0 259 1383 0 231 1364 0 232 1365 0 259 1383 0 259 1383 0 232 1365 0 263 1384 0 232 1365 0 234 1366 0 263 1384 0 263 1384 0 234 1366 0 264 1385 0 683 1367 0 264 1385 0 234 1366 0 295 1386 0 264 1385 0 683 1367 0 322 1161 0 235 1368 0 323 1181 0 323 1181 0 235 1368 0 265 1387 0 235 1368 0 236 1369 0 265 1387 0 265 1387 0 236 1369 0 270 1388 0 236 1369 0 237 1370 0 270 1388 0 270 1388 0 237 1370 0 271 1389 0 237 1370 0 238 1371 0 271 1389 0 271 1389 0 238 1371 0 272 1390 0 238 1371 0 239 1372 0 272 1390 0 272 1390 0 239 1372 0 274 1391 0 239 1372 0 240 1373 0 274 1391 0 274 1391 0 240 1373 0 275 1392 0 240 1373 0 242 1374 0 275 1392 0 275 1392 0 242 1374 0 276 1393 0 242 1374 0 243 1375 0 276 1393 0 276 1393 0 243 1375 0 281 1394 0 243 1375 0 244 1376 0 281 1394 0 281 1394 0 244 1376 0 282 1395 0 244 1376 0 245 1377 0 282 1395 0 282 1395 0 245 1377 0 283 1396 0 245 1377 0 246 1378 0 283 1396 0 283 1396 0 246 1378 0 284 1397 0 246 1378 0 248 1379 0 284 1397 0 284 1397 0 248 1379 0 287 1398 0 248 1379 0 249 1380 0 287 1398 0 287 1398 0 249 1380 0 288 1399 0 249 1380 0 250 1381 0 288 1399 0 288 1399 0 250 1381 0 289 1400 0 250 1381 0 258 1382 0 289 1400 0 289 1400 0 258 1382 0 290 1401 0 258 1382 0 259 1383 0 290 1401 0 290 1401 0 259 1383 0 291 1402 0 259 1383 0 263 1384 0 291 1402 0 291 1402 0 263 1384 0 292 1403 0 263 1384 0 264 1385 0 292 1403 0 292 1403 0 264 1385 0 293 1404 0 295 1386 0 293 1404 0 264 1385 0 1087 1405 0 293 1404 0 295 1386 0 323 1181 0 265 1387 0 452 1005 0 452 1005 0 265 1387 0 324 1065 0 324 1065 0 265 1387 0 746 1067 0 265 1387 0 270 1388 0 746 1067 0 746 1067 0 270 1388 0 743 1069 0 270 1388 0 271 1389 0 743 1069 0 743 1069 0 271 1389 0 330 1072 0 271 1389 0 272 1390 0 330 1072 0 330 1072 0 272 1390 0 738 1074 0 272 1390 0 274 1391 0 738 1074 0 738 1074 0 274 1391 0 331 1076 0 274 1391 0 275 1392 0 331 1076 0 331 1076 0 275 1392 0 332 1406 0 332 1406 0 275 1392 0 732 1407 0 275 1392 0 276 1393 0 732 1407 0 732 1407 0 276 1393 0 333 1082 0 276 1393 0 281 1394 0 333 1082 0 333 1082 0 281 1394 0 334 1408 0 281 1394 0 282 1395 0 334 1408 0 334 1408 0 282 1395 0 731 1087 0 282 1395 0 283 1396 0 731 1087 0 731 1087 0 283 1396 0 335 1088 0 283 1396 0 284 1397 0 335 1088 0 335 1088 0 284 1397 0 336 1409 0 284 1397 0 287 1398 0 336 1409 0 336 1409 0 287 1398 0 341 1091 0 287 1398 0 288 1399 0 341 1091 0 341 1091 0 288 1399 0 344 1093 0 288 1399 0 289 1400 0 344 1093 0 344 1093 0 289 1400 0 352 1410 0 289 1400 0 290 1401 0 352 1410 0 352 1410 0 290 1401 0 730 1096 0 290 1401 0 291 1402 0 730 1096 0 730 1096 0 291 1402 0 353 1097 0 291 1402 0 292 1403 0 353 1097 0 353 1097 0 292 1403 0 728 1099 0 292 1403 0 293 1404 0 728 1099 0 728 1099 0 293 1404 0 1087 1405 0 299 42 0 137 42 0 298 42 0 298 42 0 137 42 0 102 42 0 102 42 0 137 42 0 132 42 0 102 42 0 132 42 0 103 42 0 103 42 0 132 42 0 304 42 0 103 42 0 304 42 0 720 42 0 720 42 0 304 42 0 310 42 0 720 42 0 310 42 0 104 42 0 104 42 0 310 42 0 131 42 0 104 42 0 131 42 0 106 42 0 106 42 0 131 42 0 311 42 0 106 42 0 311 42 0 130 42 0 106 42 0 130 42 0 719 42 0 719 42 0 130 42 0 129 42 0 719 42 0 129 42 0 107 42 0 107 42 0 129 42 0 125 42 0 107 42 0 125 42 0 109 42 0 109 42 0 125 42 0 313 42 0 109 42 0 313 42 0 110 42 0 110 42 0 313 42 0 314 42 0 110 42 0 314 42 0 718 42 0 718 42 0 314 42 0 315 42 0 718 42 0 315 42 0 111 42 0 111 42 0 315 42 0 316 42 0 111 42 0 316 42 0 124 42 0 111 42 0 124 42 0 112 42 0 112 42 0 124 42 0 717 42 0 717 42 0 124 42 0 317 42 0 717 42 0 317 42 0 120 42 0 120 42 0 317 42 0 318 42 0 120 42 0 318 42 0 716 42 0 716 42 0 318 42 0 123 42 0 716 42 0 123 42 0 121 42 0 121 42 0 123 42 0 122 42 0 121 42 0 122 42 0 715 42 0 715 42 0 122 42 0 713 42 0 369 235 0 99 235 0 98 235 0 444 1306 0 9 1057 0 10 1411 0 100 235 0 99 235 0 369 235 0 100 235 0 28 235 0 99 235 0 100 235 0 27 235 0 28 235 0 100 235 0 26 235 0 27 235 0 100 235 0 387 235 0 26 235 0 29 1208 0 28 1207 0 27 1412 0 27 1412 0 26 1413 0 29 1208 0 23 1414 0 29 1208 0 26 1413 0 387 1415 0 23 1414 0 26 1413 0 29 1208 0 23 1414 0 487 1209 0 23 1414 0 30 1211 0 487 1209 0 22 1416 0 30 1211 0 23 1414 0 30 1211 0 22 1416 0 483 1213 0 21 1417 0 483 1213 0 22 1416 0 483 1213 0 21 1417 0 482 1215 0 21 1417 0 481 1217 0 482 1215 0 19 1418 0 481 1217 0 21 1417 0 481 1217 0 19 1418 0 480 1219 0 18 1419 0 480 1219 0 19 1418 0 480 1219 0 18 1419 0 43 1222 0 18 1419 0 477 1224 0 43 1222 0 17 1420 0 477 1224 0 18 1419 0 477 1224 0 17 1420 0 475 1225 0 12 1421 0 475 1225 0 17 1420 0 475 1225 0 12 1421 0 474 1227 0 12 1421 0 51 1228 0 474 1227 0 11 1422 0 51 1228 0 12 1421 0 51 1228 0 11 1422 0 473 1230 0 10 1411 0 473 1230 0 11 1422 0 473 1230 0 10 1411 0 54 1233 0 10 1411 0 55 1235 0 54 1233 0 9 1057 0 55 1235 0 10 1411 0 55 1235 0 9 1057 0 58 1238 0 6 237 0 58 1238 0 9 1057 0 58 1238 0 6 237 0 59 1240 0 6 237 0 60 1242 0 59 1240 0 1 160 0 60 1242 0 6 237 0 60 1242 0 1 160 0 472 1244 0 453 161 0 472 1244 0 1 160 0 468 20 0 472 1244 0 453 161 0 387 1415 0 388 1423 0 23 1414 0 389 1424 0 23 1414 0 388 1423 0 390 1425 0 23 1414 0 389 1424 0 22 1416 0 23 1414 0 390 1425 0 94 1426 0 22 1416 0 390 1425 0 21 1417 0 22 1416 0 94 1426 0 86 1427 0 21 1417 0 94 1426 0 391 1428 0 21 1417 0 86 1427 0 19 1418 0 21 1417 0 391 1428 0 79 1429 0 19 1418 0 391 1428 0 18 1419 0 19 1418 0 79 1429 0 78 1430 0 18 1419 0 79 1429 0 75 1431 0 18 1419 0 78 1430 0 17 1420 0 18 1419 0 75 1431 0 73 1432 0 17 1420 0 75 1431 0 72 1433 0 17 1420 0 73 1432 0 71 1434 0 17 1420 0 72 1433 0 71 1434 0 12 1421 0 17 1420 0 67 1435 0 12 1421 0 71 1434 0 434 1436 0 12 1421 0 67 1435 0 434 1436 0 11 1422 0 12 1421 0 436 1437 0 11 1422 0 434 1436 0 436 1437 0 10 1411 0 11 1422 0 66 1438 0 10 1411 0 436 1437 0 444 1306 0 10 1411 0 66 1438 0</p>
				</polylist>
			</mesh>
		</geometry>
	</library_geometries>
	<library_visual_scenes>
		<visual_scene id="ID1">
			<node id="ID2" name="J3_-摆正.STEP">
				<translate sid="translate">0 0 -0</translate>
				<rotate sid="rotateY">0 1 0 -0</rotate>
				<rotate sid="rotateX">1 0 0 0</rotate>
				<rotate sid="rotateZ">0 0 1 -0</rotate>
				<scale sid="scale">1 1 1</scale>
				<node id="ID3" name="NONE">
					<translate sid="translate">0 0 -0</translate>
					<rotate sid="rotateY">0 1 0 -0</rotate>
					<rotate sid="rotateX">1 0 0 0</rotate>
					<rotate sid="rotateZ">0 0 1 -0</rotate>
					<scale sid="scale">1 1 1</scale>
					<instance_geometry url="#ID4"/>
				</node>
			</node>
		</visual_scene>
	</library_visual_scenes>
	<scene>
		<instance_visual_scene url="#ID1"/>
	</scene>
</COLLADA>
