<?xml version="1.0" encoding="UTF-8"?>
<COLLADA xmlns="http://www.collada.org/2008/03/COLLADASchema" version="1.5.0">
	<asset>
		<contributor>
			<authoring_tool>Cinema 4D 2023.103 COLLADA Exporter</authoring_tool>
		</contributor>
		<created>2025-07-30T06:10:17Z</created>
		<modified>2025-07-30T06:10:17Z</modified>
		<unit meter="0.01" name="centimeter"/>
		<up_axis>Y_UP</up_axis>
	</asset>
	<library_geometries>
		<geometry id="ID4">
			<mesh>
				<source id="ID5">
					<float_array id="ID6" count="2910" digits="2490374">20.4996 2.6798 -3.7 8.40805 -2.88497 -2.5 8.35479 -2.95385 -2.5 -1.21953e-11 1.43898 -2.59812 8.25006 -3 -2.73411 8.29715 -3 -2.90427 8.41318 -3 -3.142 -1.23084e-11 1.85697 -2.31788 -1.24241e-11 2.22165 -1.97109 8.91393 -3 -3.58479 9.16408 -3 -3.67084 -1.25009e-11 2.4299 -1.70777 9.427 -2.98105 -3.61503 -1.25761e-11 2.60711 -1.42262 -1.26488e-11 2.75101 -1.11931 9.15453 -2.8 -3.46216 8.90268 -2.8 -3.35152 -1.26852e-11 2.93196 -0.473824 8.49375 -2.8 -2.85923 21.5603 1.78754 -3.7 9.00605 -2.9732 -3.51627 8.64918 -2.9732 -3.27782 8.41073 -2.9732 -2.92095 9.03406 -2.9 -3.44863 8.70095 -2.9 -3.22605 8.47837 -2.9 -2.89294 -1.25818e-11 2.9667 -0.139906 -1.26017e-11 2.96354 0.195799 -1.29388e-11 2.92251 0.529002 8.427 -2.8 -2.5 8.427 -2.8 2.30182e-12 -1.3171e-11 2.84414 0.855447 -1.31438e-11 1.08465 2.76486 -1.2904e-11 0.765688 2.8696 21.8079 1.39307 -3.7 -1.26558e-11 0.436943 2.93768 9.427 -3 -3.7 -1.27891e-11 0.102615 2.96823 -1.29574e-11 -0.214416 2.96225 8.76032 -3 -3.49776 8.57847 -3 -3.34853 -1.26556e-11 -0.684257 2.8901 -1.25003e-11 -1.13657 2.74392 -1.2428e-11 -1.43898 2.59812 8.227 -3 -2.5 8.227 -3 -1.52786e-08 -1.23149e-11 -1.85697 2.31788 -1.19054e-11 -2.85975 0.801687 -1.17436e-11 -2.93196 0.473824 -1.15225e-11 -2.9667 0.139906 -1.14376e-11 -2.96354 -0.195799 -1.16842e-11 -2.92251 -0.529002 -1.1416e-11 -1.6771 -2.45117 -1.16378e-11 -1.38975 -2.62478 -1.18688e-11 -1.08465 -2.76486 20.9263 2.16524 -3.5 -1.17194e-11 -0.765688 -2.8696 -1.15785e-11 -0.436943 -2.93768 9.427 -2.92779 -3.54615 -1.18345e-11 -0.102615 -2.96823 -1.21316e-11 0.214416 -2.96225 -1.20436e-11 0.684257 -2.8901 21.4597 1.58422 -3.5 19.051 -2.92651 -3.5451 19.051 -2.9 -3.52679 19.151 -2.9 -3.52679 21.9501 -0.0722185 -3.5 8.427 2.8 -2.5 19.151 2.98105 -3.61503 19.151 2.92779 -3.54615 8.65777 -2.8 -3.13897 9.427 2.8 -3.5 9.427 2.95385 -3.57221 9.427 -2.8 -3.5 9.427 3 -3.7 21.9325 -0.321902 -3.5 19.251 -2.99578 -3.66817 19.251 -2.9 -4 19.251 -2.9 -3.5278 21.8847 -0.605628 -3.5 19.1686 2.95548 -4.38216 8.427 2.78643 0.275436 8.427 2.75267 0.512713 19.6426 2.91693 -4.38259 20.1417 2.79008 -4.38308 20.6482 2.55776 -4.38317 21.1322 2.20829 -4.38292 21.5539 1.7448 -4.38254 8.427 1.81911 2.12858 8.427 1.6628 2.2528 21.8729 1.19242 -4.38227 22.0636 0.594974 -4.38217 19.2055 2.83307 -4.56813 19.6778 2.7925 -4.56877 20.1629 2.66437 -4.56948 20.6471 2.43643 -4.56962 8.427 -0.39058 2.77263 8.427 -0.646704 2.72429 8.427 -1.02032 2.60748 8.427 -1.37621 2.43845 8.427 -1.60941 2.29126 8.427 -1.79945 2.14524 8.427 -1.95435 2.00513 8.427 -2.19815 1.7344 8.427 -2.35673 1.5119 8.427 -2.55267 1.15062 8.427 -2.6946 0.761015 8.427 -2.77352 0.38414 21.105 2.09984 -4.56925 21.5016 1.65828 -4.5687 21.8013 1.13456 -4.56829 21.7938 -0.92499 -3.5 8.227 3.20223e-12 3 21.9811 0.567732 -4.56814 19.2402 2.6495 -4.74714 19.7076 2.60638 -4.74781 20.1708 2.47719 -4.74856 20.6218 2.25651 -4.7487 21.0413 1.93944 -4.74832 21.4013 1.53043 -4.74774 21.6728 1.04891 -4.74732 21.8367 0.527222 -4.74716 8.227 -2.99739 0.125125 19.261 2.42151 -4.90705 8.35479 -2.95385 -8.53542e-09 8.40805 -2.88497 -4.26655e-09 19.7184 2.37596 -4.90762 20.1531 2.24683 -4.90825 20.5632 2.03625 -4.90838 20.9364 1.74375 -4.90805 21.2525 1.3746 -4.90755 21.4903 0.944289 -4.90719 21.6349 0.477449 -4.90706 19.2408 1.8992 -5.12973 19.657 1.85185 -5.12994 20.0193 1.72965 -5.13018 20.337 1.54768 -5.13023 20.6101 1.31317 -5.1301 20.8337 1.03245 -5.12992 8.427 -0.0436696 2.79966 8.427 0.155952 2.79566 8.427 0.38414 2.77352 8.427 0.769628 2.69215 8.427 1.13756 2.55851 8.427 1.37054 2.44164 21.0006 0.713458 -5.12978 21.1044 0.366129 -5.12973 8.427 1.98715 1.97262 8.427 2.25669 1.65753 8.427 2.47502 1.30932 8.427 2.59084 1.06185 8.427 2.70679 0.716473 21.6185 -1.70624 -3.7 21.9328 1.12331 -4.2 8.427 2.8 2.14949e-12 21.4815 1.88909 -4.2 20.7843 2.51639 -4.2 19.3522 2.99324 -4.2 8.227 2.98083 0.338569 8.227 2.92358 0.672812 8.227 2.7758 1.13794 15.451 2.96227 -4.36708 15.451 2.70126 -4.70297 15.451 2.49828 -4.85888 15.451 2.04329 -5.08444 15.451 1.72624 -5.16923 19.3017 1.39188 -5.2 19.7813 1.25006 -5.2 21.3247 -2.06762 -3.7 8.40021 2.81573 0.694024 8.40021 2.56782 1.3477 8.40021 2.17068 1.92306 8.40021 1.64739 2.38665 8.40021 1.02835 2.71155 8.40021 0.349561 2.87886 8.40021 -0.349561 2.87886 8.40021 -1.02835 2.71155 8.40021 -1.64739 2.38665 8.40021 -2.17068 1.92306 8.40021 -2.56782 1.3477 8.40021 -2.81573 0.694024 8.327 2.88681 0.711543 8.327 2.63264 1.38172 8.327 2.22547 1.9716 8.327 1.68898 2.4469 8.327 1.05431 2.78 8.327 0.358385 2.95153 8.327 -0.358385 2.95153 8.327 -1.05431 2.78 8.327 -1.68898 2.4469 8.327 -2.22547 1.9716 8.327 -2.63264 1.38172 8.327 -2.88681 0.711543 20.0084 1.10675 -5.2 20.3489 0.724553 -5.2 3.127 -0.338569 -2.98083 21.2225 7.68444e-12 -5.10752 22.077 8.00509e-12 -4.50057 3.127 -1.57296 -2.55457 3.127 -1.96634 -2.26572 3.127 -2.30769 -1.91692 21.6282 -1.30515 -3.5 15.451 2.27721 -4.98566 15.451 2.87519 -4.51513 13.427 1.4 -5.2 3.127 -3 -4.82935e-07 8.127 -3 -4.87147e-08 15.451 1.4 -5.2 20.5882 -2.63336 -3.7 8.227 -2.93744 0.609469 8.227 -2.79975 1.07768 8.227 -2.58796 1.51738 8.227 -2.30769 1.91692 8.227 -1.96634 2.26572 8.227 -1.57296 2.55457 8.227 -1.13794 2.7758 8.227 -0.672812 2.92358 8.227 -0.338569 2.98083 9.32783 1.4 -5.2 8.71451 1.4 -5.2 0.03 -0.294051 2.98555 0.03 -0.728941 2.91009 0.03 -1.14805 2.77164 0.03 -1.51697 2.5882 8.127 1.4 -5.2 6.92426 0.716555 -5.2 6.74894 0.246855 -5.2 6.727 2.43587e-12 -5.2 0.03 -2.91152 0.723225 0.03 -2.99075 0.235377 0.03 -2.98881 -0.258859 6.74894 -0.246855 -5.2 0.03 -2.74382 -1.21303 0.03 -2.50742 -1.64707 0.03 -2.20297 -2.0364 0.03 -1.83872 -2.37047 0.03 -1.42457 -2.64019 0.03 -0.971752 -2.83826 0.03 -0.492561 -2.95929 20.1632 -2.82407 -3.7 5.12697 3.11985e-09 -4.2 6.81472 -0.487749 -5.2 5.22251 -0.75121 -4.2 6.92426 -0.716555 -5.2 5.53112 -1.50379 -4.2 7.07745 -0.926494 -5.2 6.36323 -2.42675 -4.2 7.79838 -1.36087 -5.2 7.18698 -2.84893 -4.2 8.127 -1.4 -5.2 9.32783 -1.4 -5.2 13.427 -1.4 -5.2 19.151 -1.4 -5.2 3.127 -2.99739 -0.125125 3.127 -2.93744 -0.60947 3.127 -2.79975 -1.07768 3.127 -2.58796 -1.51738 20.3402 -0.738752 -5.2 20.5211 0.288127 -5.2 20.435 0.558111 -5.2 3.127 -1.13794 -2.7758 3.127 -0.672812 -2.92358 20.1985 0.928845 -5.2 19.5113 1.35283 -5.2 18.5379 1.4 -5.2 17.751 1.4 -5.2 19.7139 -2.94672 -3.7 19.151 3 -4.2 3.127 1.57296 -2.55458 19.151 3 -3.7 9.02273 3 -3.62985 8.42924 3 -3.16668 8.34221 3 -3.01307 8.12704 3 -1.40758 8.12701 3.00001 -1.76089 3.127 2.90004 -0.767957 8.12701 3 -2.46152 8.12698 3.00001 -3.27336 10.9193 3 -4.2 15.451 3 -4.2 19.251 -2.99833 -3.7 4.94958 3.00001 7.9727e-05 0.03 -1.85728 2.35595 5.80236 3.00001 -1.83963e-05 6.22687 3.00001 0.000152257 6.54901 3 0.000165703 0.03 -2.21889 2.01904 0.03 -2.52028 1.62732 7.53075 3.00001 3.73912e-06 0.03 -2.75326 1.19144 8.12692 3.00001 -0.536175 8.12694 2.99999 -0.792339 8.12701 3.00001 -1.04377 0.03 -2.90575 -0.74607 0.03 3.94568e-14 -3 0.03 0.294051 -2.98555 8.12707 3 -2.85836 0.03 0.728941 -2.91009 -1.21231e-11 1.13657 -2.74392 -1.1593e-11 -1.94301 -2.24624 7.37355 2.90384 -4.19993 -1.17798e-11 -2.1841 -2.01261 6.70617 2.64219 -4.19995 6.50374 2.5229 -4.19995 -1.15867e-11 -2.39728 -1.75326 5.99997 2.11559 -4.2 -1.1403e-11 -2.57984 -1.47151 -1.16177e-11 -2.72942 -1.17096 5.30622 1.02134 -4.2 -1.18414e-11 -2.84414 -0.855447 21.4105 -1.65372 -3.5 7.90839 2.99222 -3.67478 7.41281 2.91401 -3.96666 7.60471 -2.95436 -3.94721 8.09099 -2.99979 -3.49266 7.82465 2.98571 -3.17475 7.35288 2.90183 -3.48972 6.80646 2.69628 -3.86766 7.0878 -2.81467 -4.02045 7.52079 -2.93935 -3.61361 7.9963 -2.99732 -3.16229 8.0727 2.99957 -2.5963 7.59321 2.95693 -2.94076 7.03442 2.80478 -3.35243 6.54043 2.55444 -3.73424 6.11569 2.22681 -4.08572 6.63229 -2.60201 -4.04866 7.00669 -2.78696 -3.69296 7.42785 -2.92132 -3.29059 7.89404 -2.9917 -2.84152 7.76364 2.9819 -2.43794 7.19559 2.86906 -2.88137 6.69067 2.65708 -3.2899 6.25445 2.35973 -3.66242 5.88277 1.99438 -4.00426 6.24046 -2.33559 -4.011 6.55016 -2.56298 -3.71075 6.91004 -2.75644 -3.36127 7.32005 -2.90006 -2.96261 7.77817 -2.98249 -2.51491 7.86696 2.99158 -1.96029 7.2913 2.90279 -2.43488 6.77761 2.7168 -2.86889 6.33213 2.44179 -3.2601 5.95124 2.09062 -3.61438 5.63836 1.68367 -3.93155 5.6853 -1.74365 -4.15397 6.16065 -2.29427 -3.67944 6.45329 -2.52783 -3.38726 6.80039 -2.72747 -3.04315 7.20115 -2.87827 -2.6472 7.65324 -2.97066 -2.19975 8.15353 -2.99994 -1.70135 7.89228 2.99355 -1.53771 7.31212 2.91337 -2.04148 6.79369 2.73861 -2.49835 6.34285 2.47393 -2.90512 5.95752 2.12828 -3.26768 5.64258 1.72045 -3.5866 5.40275 1.27515 -3.8606 5.20623 0.68608 -4.14409 7.85371 2.99173 -1.2255 7.27344 2.91001 -1.7522 6.75465 2.73635 -2.22635 6.30352 2.47272 -2.64378 5.91874 2.12546 -3.01021 5.60645 1.71243 -3.32637 5.37271 1.25891 -3.592 5.19012 0.657813 -3.85952 5.12895 0.0954641 -4.03869 5.13949 -0.278038 -4.11915 5.18413 -0.585015 -4.16108 5.30795 -1.02731 -4.16135 5.42368 -1.30959 -4.08205 5.6383 -1.71551 -3.86294 6.0748 -2.26852 -3.40995 6.35604 -2.50466 -3.12389 6.69479 -2.70699 -2.78347 7.08989 -2.86132 -2.38884 7.53875 -2.95963 -1.94053 8.03804 -2.99908 -1.43934 7.76225 2.98614 -0.960851 7.1858 2.89892 -1.50829 6.67008 2.72282 -1.99735 6.22222 2.45587 -2.42302 5.84113 2.10307 -2.79047 5.53385 1.68175 -3.10034 5.30778 1.21759 -3.35315 5.14024 0.60231 -3.59765 5.09781 0.0333761 -3.75403 5.11401 -0.335016 -3.8237 5.15402 -0.630623 -3.85855 5.26938 -1.04301 -3.85483 5.36496 -1.30511 -3.78713 5.55421 -1.70373 -3.58796 5.9674 -2.25392 -3.15379 6.24173 -2.4904 -2.87266 6.57557 -2.69302 -2.53469 6.9677 -2.84814 -2.14008 7.41539 -2.94932 -1.68961 7.91517 -2.99591 -1.18441 19.251 -2.96367 -3.5875 7.65254 2.97892 -0.784954 7.08216 2.88812 -1.34737 6.57141 2.70915 -1.84667 6.12782 2.4378 -2.27755 5.75104 2.07905 -2.64428 5.44826 1.64992 -2.94734 5.22639 1.17672 -3.1881 5.06203 0.550931 -3.41233 5.01741 -0.0207581 -3.54916 5.03446 -0.383263 -3.60868 5.07577 -0.668925 -3.63757 5.18184 -1.06027 -3.63092 5.2716 -1.31114 -3.56956 5.45573 -1.70513 -3.38278 5.86355 -2.25104 -2.96029 6.1363 -2.48653 -2.68182 6.46921 -2.68797 -2.34457 6.86122 -2.84193 -1.94878 7.30963 -2.94305 -1.49546 7.81101 -2.99257 -0.986085 7.98787 2.99926 -0.145501 7.51109 2.97317 -0.640795 6.94931 2.88 -1.21662 6.44556 2.69678 -1.72473 6.00744 2.41998 -2.16 5.63557 2.05482 -2.52547 5.33662 1.61797 -2.82119 5.11596 1.13661 -3.04954 4.94729 0.502596 -3.25367 4.8938 -0.0695935 -3.37158 4.90687 -0.425941 -3.41963 4.94462 -0.702798 -3.44114 5.04383 -1.07833 -3.42923 5.1358 -1.32316 -3.37068 5.32786 -1.71467 -3.19234 5.74221 -2.25605 -2.77752 6.0171 -2.48971 -2.50022 6.35193 -2.68911 -2.16233 6.74592 -2.84077 -1.76411 7.19661 -2.93995 -1.30683 7.70075 -2.98963 -0.792369 20.8154 -2.25165 -3.5 7.27615 2.97651 -0.49889 6.72881 2.87654 -1.0896 6.23677 2.68547 -1.60717 5.80801 2.4006 -2.04693 5.44294 2.02686 -2.41129 5.1469 1.58187 -2.69906 4.92389 1.09328 -2.91227 4.74361 0.452845 -3.08928 4.67185 -0.117512 -3.18197 4.67087 -0.46627 -3.21561 4.69745 -0.734671 -3.22654 4.78781 -1.09955 -3.20076 4.89283 -1.3444 -3.13977 5.11366 -1.73724 -2.96533 5.55363 -2.27417 -2.55308 5.837 -2.50471 -2.27454 6.17874 -2.70043 -1.93334 6.57859 -2.84798 -1.52976 7.03469 -2.94298 -1.06543 7.54437 -2.98955 -0.542718 6.98875 2.9819 -0.414148 6.45873 2.8776 -1.0149 5.98099 2.67775 -1.5392 5.56343 2.38463 -1.98137 5.20562 2.00403 -2.34571 4.91126 1.5545 -2.62998 4.68294 1.064 -2.83329 4.48527 0.424743 -2.98615 4.38918 -0.140847 -3.05293 4.36984 -0.484511 -3.07391 4.38202 -0.749577 -3.07118 4.46222 -1.11551 -3.02104 4.58794 -1.36822 -2.95021 4.85331 -1.76797 -2.77028 5.33495 -2.30345 -2.35063 5.6325 -2.53092 -2.06721 5.98571 -2.72219 -1.7196 6.39487 -2.86446 -1.30806 6.85899 -2.9541 -0.8345 7.37622 -2.99496 -0.301677 6.71003 2.98311 -0.387719 6.19618 2.87556 -0.992203 5.73235 2.66866 -1.51837 5.32531 2.36906 -1.96157 4.97437 1.98412 -2.3257 4.6819 1.53332 -2.60861 4.44884 1.0452 -2.80976 4.23458 0.41358 -2.9571 4.11602 -0.144785 -3.00792 4.08173 -0.487141 -3.00868 4.081 -0.752904 -2.98664 4.15112 -1.12595 -2.90948 4.29654 -1.38906 -2.82513 4.60647 -1.79796 -2.63298 5.13183 -2.33481 -2.1989 5.44467 -2.55955 -1.90848 5.81042 -2.74663 -1.55309 6.22977 -2.88375 -1.13288 6.70242 -2.96706 -0.649895 7.22727 -2.99915 -0.107157 6.39691 2.98093 -0.402253 5.90077 2.8668 -1.00539 5.45228 2.65137 -1.52922 5.05715 2.34442 -1.97051 4.71409 1.95551 -2.33258 4.42448 1.50505 -2.61383 4.18848 1.02145 -2.81483 3.96181 0.39964 -2.96267 3.82369 -0.149751 -3.00143 3.7726 -0.489318 -2.97839 3.75762 -0.755562 -2.93544 3.81625 -1.13711 -2.83101 3.98108 -1.41148 -2.72979 4.33841 -1.83092 -2.51842 4.91258 -2.37075 -2.06237 5.24297 -2.59262 -1.76238 5.62339 -2.77496 -1.39708 6.05483 -2.90564 -0.966432 6.53759 -2.98012 -0.472541 7.07121 -2.99956 0.0813218 5.97628 2.97206 -0.474924 5.50303 2.84221 -1.06905 5.07442 2.61093 -1.58388 4.69503 2.29122 -2.01545 4.36284 1.896 -2.36967 4.07866 1.44638 -2.64528 3.84248 0.969125 -2.84056 3.60725 0.359605 -2.97608 3.45095 -0.17628 -2.99611 3.38143 -0.507498 -2.95964 3.35004 -0.770393 -2.90313 3.39491 -1.15795 -2.77538 3.58071 -1.44326 -2.65158 3.99471 -1.87428 -2.40826 4.63063 -2.41798 -1.9165 4.98405 -2.63597 -1.60193 5.38417 -2.81155 -1.22219 5.8322 -2.9323 -0.776959 6.32891 -2.99269 -0.268424 3.16964 -1.48471 -2.60704 3.63658 -1.92224 -2.32392 4.33371 -2.46725 -1.78851 4.71098 -2.68045 -1.45673 5.13207 -2.84787 -1.06045 5.59817 -2.95635 -0.599134 6.11034 -2.99933 -0.0750454 5.89253 2.99876 -0.10203 5.51197 2.95124 -0.607299 5.06249 2.79428 -1.18485 4.65466 2.53757 -1.68244 4.2918 2.19846 -2.09671 3.97179 1.79285 -2.4344 3.69518 1.34231 -2.69403 3.46164 0.871913 -2.87299 3.22225 0.278508 -2.98707 3.23816 -1.98139 -2.25346 3.99824 -2.52101 -1.66557 4.40123 -2.72747 -1.31329 4.84557 -2.88436 -0.897689 5.33224 -2.97724 -0.418133 5.86242 -2.99824 0.123025 5.31756 2.98535 -0.329232 4.96002 2.90347 -0.816412 4.53713 2.70195 -1.36869 4.15251 2.40528 -1.8397 3.80868 2.0364 -2.22722 3.50325 1.61397 -2.53678 3.23657 1.16026 -2.76723 3.65235 -2.57394 -1.55466 4.08016 -2.77145 -1.18151 4.54759 -2.91609 -0.746451 5.05527 -2.99144 -0.248817 5.0487 2.99818 -0.11311 4.69314 2.94109 -0.626073 4.35947 2.8102 -1.0903 3.96412 2.54896 -1.6114 3.6036 2.20196 -2.04985 3.28023 1.79699 -2.40374 3.2242 -2.63694 -1.43093 3.68043 -2.81972 -1.03435 4.17507 -2.94726 -0.577209 4.70836 -2.99946 -0.05883 4.20059 2.94449 -0.588703 3.87727 2.80808 -1.0699 3.57353 2.60208 -1.50061 3.21286 2.25637 -1.97745 3.26673 -2.86321 -0.896388 3.78812 -2.97117 -0.419353 20.6167 -2.38573 -3.5 3.62776 2.94009 -0.599127 3.2829 2.76908 -1.1547 3.39236 -2.98756 -0.272325 3.17787 2.98868 -0.26011 3.18923 -2.99317 -0.201625 5.89231 -2.01332 -3.94861 5.82364 -1.98528 -3.66945 5.72656 -1.97107 -3.40497 5.62512 -1.96988 -3.20637 5.50079 -1.9771 -3.0204 5.30042 -1.99789 -2.79536 5.06235 -2.02905 -2.59709 4.83865 -2.06101 -2.45279 4.59616 -2.09707 -2.32724 4.28445 -2.14457 -2.19883 3.9576 -2.19534 -2.0919 3.59085 -2.25333 -1.99423 3.21567 -2.31461 -1.90902 4.11576 2.98703 -0.284049 3.75031 2.87567 -0.861656 3.44371 2.6934 -1.32421 3.15553 2.44673 -1.73595 3.47402 2.9814 -0.334098 8.20781 -2.99927 -1.83244 8.16842 -2.99991 -0.620871 5.72276 -2.99377 0.225996 3.4486 -2.99979 0.0396935 -1.19745e-11 -2.75101 1.11931 8.71451 -1.4 -5.2 -1.20472e-11 -2.60711 1.42262 10.6286 -1.4 -5.2 -1.21225e-11 -2.4299 1.70777 -1.21993e-11 -2.22165 1.97109 13.427 -2.19473 -5.02419 13.427 -2.44554 -4.89261 13.427 -2.64928 -4.7475 13.427 -2.83059 -4.5712 13.4271 -2.92751 -4.43583 20.3749 -2.51833 -3.5 13.427 -3 -4.2 8.127 -3 -4.2 7.66291 -2.96389 -4.2 0.03 2.20297 2.0364 6.76756 -2.6743 -4.2 0.03 1.83872 2.37047 5.90055 -2.0107 -4.20003 0.03 1.42457 2.64019 5.36295 -1.1663 -4.19995 0.03 0.971752 2.83826 5.15295 -0.393342 -4.1999 0.03 0.492561 2.95929 5.17255 0.520774 -4.2 -1.29854e-11 1.38975 2.62478 5.48819 1.4271 -4.2 5.72263 1.79417 -4.2 -1.28179e-11 1.6771 2.45117 6.30989 2.38708 -4.2 -1.30303e-11 1.94301 2.24624 -1.3233e-11 2.1841 2.01261 7.12922 2.82921 -4.2 -1.30368e-11 2.39728 1.75326 7.62526 2.95775 -4.1999 8.127 2.99999 -4.2 8.72332 3 -4.2 9.42016 3 -4.2 -1.28313e-11 2.57984 1.47151 13.427 3 -4.2 13.427 2.96912 -4.35041 13.4269 2.88821 -4.49708 13.4269 2.74054 -4.66651 13.427 2.56395 -4.81336 13.427 2.1668 -5.03629 13.427 1.84705 -5.14337 13.427 1.51558 -5.19588 -1.30056e-11 2.72942 1.17096 10.6286 1.4 -5.2 -1.2718e-11 2.85975 -0.801687 19.4675 -2.78206 -3.5 3.8745 3.00001 -1.59753e-05 7.79838 1.36087 -5.2 7.5144 1.25885 -5.2 7.27417 1.11027 -5.2 7.07745 0.926494 -5.2 4.50383 3 9.95009e-06 6.81472 0.487749 -5.2 5.3794 3.00001 4.4416e-06 6.87297 3 7.13736e-06 7.19947 3.00001 -5.60447e-05 8.127 2.99992 -4.78587e-07 8.227 2.55457 1.57296 8.227 2.26572 1.96634 7.27417 -1.11027 -5.2 7.5144 -1.25885 -5.2 8.227 1.91692 2.30769 19.8625 2.88681 -3.6 10.5553 1.90098 -5.13047 9.21711 1.90357 -5.12994 8.53076 1.90157 -5.12971 7.80367 1.85282 -5.12988 7.43424 1.72814 -5.13012 7.11021 1.54003 -5.13025 6.83535 1.29923 -5.13023 6.61405 1.01504 -5.13011 6.45119 0.696612 -5.12993 6.35133 0.354485 -5.12978 6.31764 2.28502e-12 -5.12973 6.35133 -0.354485 -5.12978 6.45119 -0.696612 -5.12993 6.61405 -1.01504 -5.13011 6.83535 -1.29923 -5.13023 7.11021 -1.54003 -5.13025 7.43424 -1.72814 -5.13012 7.80367 -1.85282 -5.12988 8.47917 -1.90125 -5.12971 9.12054 -1.90352 -5.1299 10.356 -1.90138 -5.13045 10.6827 2.42309 -4.90902 9.31293 2.42539 -4.90762 8.57871 2.42361 -4.90701 7.77309 2.3752 -4.90747 7.33243 2.24247 -4.90809 6.92302 2.0285 -4.90844 6.5572 1.73785 -4.9084 6.249 1.37676 -4.90806 6.01388 0.955437 -4.90759 5.86598 0.489671 -4.9072 5.81544 2.10655e-12 -4.90705 5.86598 -0.489671 -4.9072 6.01388 -0.955437 -4.90759 6.249 -1.37676 -4.90806 6.5572 -1.73785 -4.9084 6.92302 -2.0285 -4.90844 7.33243 -2.24247 -4.90809 7.77309 -2.3752 -4.90747 8.52277 -2.42333 -4.907 9.21084 -2.42535 -4.9075 10.4838 -2.42344 -4.90898 10.7375 2.83366 -4.57035 9.31216 2.83452 -4.56877 8.53771 2.83386 -4.56808 7.69302 2.78992 -4.5686 7.20357 2.65715 -4.5693 6.72781 2.4291 -4.56969 6.28659 2.10314 -4.56965 5.90362 1.68177 -4.56926 5.60487 1.17567 -4.56874 5.41412 0.605324 -4.5683 5.34846 1.95248e-12 -4.56812 5.41412 -0.605324 -4.5683 5.60487 -1.17567 -4.56874 5.90362 -1.68177 -4.56926 6.28659 -2.10314 -4.56965 6.72781 -2.4291 -4.56969 7.20357 -2.65715 -4.5693 7.69302 -2.78992 -4.5686 8.47917 -2.83375 -4.56807 9.2041 -2.83451 -4.56863 10.536 -2.83379 -4.5703 10.7373 2.95565 -4.38367 9.29075 2.9559 -4.38259 8.50395 2.95571 -4.38212 7.65108 2.91374 -4.38247 7.14825 2.78192 -4.38295 6.65289 2.55063 -4.38322 6.18868 2.21476 -4.38319 5.78251 1.77552 -4.38293 5.46383 1.24365 -4.38257 5.25958 0.641106 -4.38227 5.18914 1.90111e-12 -4.38215 5.25958 -0.641106 -4.38227 5.46383 -1.24365 -4.38257 5.78251 -1.77552 -4.38293 6.18868 -2.21476 -4.38319 6.65289 -2.55063 -4.38322 7.14825 -2.78192 -4.38295 7.65108 -2.91374 -4.38247 8.44475 -2.95568 -4.38212 9.18066 -2.9559 -4.3825 10.5346 -2.95569 -4.38364 8.227 1.51738 2.58796 13.427 -2.99456 -4.26134 8.227 1.07768 2.79975 8.227 0.609469 2.93744 8.227 0.125125 2.99739 0.03 2.15942e-13 3 0.03 2.50742 1.64707 13.427 -1.91683 -5.12485 0.03 2.74382 1.21303 0.03 2.90575 0.74607 15.451 -1.67492 -5.17788 15.451 -1.94339 -5.11709 0.03 2.98881 0.258859 0.03 2.99075 -0.235377 0.03 2.91152 -0.723225 0.03 2.75326 -1.19144 0.03 2.52028 -1.62732 0.03 2.21889 -2.01904 0.03 1.85728 -2.35595 20.5327 2.63264 -3.6 0.03 1.51697 -2.5882 19.4858 -1.35935 -5.2 19.7632 -1.25904 -5.2 19.9954 -1.11667 -5.2 20.1873 -0.941356 -5.2 0.03 1.14805 -2.77164 20.4538 -0.512667 -5.2 20.5255 -0.265807 -5.2 20.551 7.44405e-12 -5.2 20.8164 7.53483e-12 -5.18606 3.127 -3.04096e-10 -3 21.5975 7.82469e-12 -4.9563 21.7885 7.89373e-12 -4.83363 21.9422 7.94892e-12 -4.69339 3.127 0.338569 -2.98083 22.1421 8.04462e-12 -4.30451 22.151 8.05466e-12 -4.2 3.127 0.67281 -2.92357 3.12703 0.909539 -2.85879 21.9341 -1.11996 -4.2 3.127 1.13794 -2.7758 3.127 1.90412 -2.31825 21.1763 -2.21319 -4.2 3.127 2.20028 -2.03931 20.3478 -2.75093 -4.2 3.12701 2.35994 -1.85219 19.3522 -2.99325 -4.2 3.127 2.50181 -1.65556 15.451 -3 -4.2 15.451 -2.99376 -4.26581 15.451 -2.93184 -4.42825 15.451 -2.83202 -4.56952 15.451 -2.65145 -4.74576 15.451 -2.44621 -4.8922 15.451 -2.20275 -5.02063 3.12699 2.62734 -1.44813 3.127 2.73714 -1.22801 15.451 -1.4 -5.2 19.1201 -2.9 -4.09511 17.4546 -1.90029 -5.12979 19.457 -1.88647 -5.1298 19.933 -1.76619 -5.13013 20.337 -1.54768 -5.13023 20.6101 -1.31317 -5.1301 20.8337 -1.03245 -5.12992 21.0006 -0.713457 -5.12978 21.1044 -0.366128 -5.12973 17.4288 -2.42248 -4.90723 19.4931 -2.40971 -4.90724 20.0464 -2.28672 -4.90813 20.5632 -2.03626 -4.90838 20.9364 -1.74375 -4.90805 21.2525 -1.37459 -4.90755 21.4903 -0.944287 -4.90719 21.6349 -0.477448 -4.90706 17.388 -2.65018 -4.74735 19.4745 -2.63859 -4.74737 20.0556 -2.5178 -4.74842 20.6218 -2.25652 -4.7487 21.0414 -1.93944 -4.74832 21.4013 -1.53043 -4.74774 21.6728 -1.04891 -4.74732 21.8367 -0.527221 -4.74716 17.3372 -2.83343 -4.56833 19.4398 -2.82306 -4.56835 20.041 -2.70528 -4.56935 20.6471 -2.43644 -4.56962 21.1051 -2.09983 -4.56925 21.5016 -1.65828 -4.5687 21.8013 -1.13456 -4.56829 21.9811 -0.567731 -4.56814 17.2895 -2.95558 -4.38229 19.4019 -2.94617 -4.38231 20.0154 -2.83104 -4.38299 20.6481 -2.55777 -4.38317 21.1322 -2.20829 -4.38292 21.5539 -1.74479 -4.38254 21.8729 -1.19242 -4.38227 22.0636 -0.594973 -4.38217 3.127 2.95287 -0.529622 19.251 -2.99833 -4 3.127 2.9862 -0.28758 3.127 2.99999 5.02698e-07 19.151 -3 -4.1 19.151 -3 -4.2 19.0803 -2.9 -4.07071 19.8387 -2.92013 -4.2 8.38085 2.92779 -2.5 20.7725 -2.52399 -4.2 8.40805 2.88497 2.14074e-12 21.479 -1.89224 -4.2 21.7354 -1.52338 -4.2 8.35479 2.95385 2.12027e-12 22.0686 -0.698379 -4.2 22.131 -0.345469 -4.2 8.227 3 2.07346e-12 22.1303 0.351613 -4.2 22.0686 0.698379 -4.2 9.03406 2.9 -3.44863 21.7354 1.5234 -4.2 8.70095 2.9 -3.22605 21.1763 2.21318 -4.2 8.47837 2.9 -2.89294 20.3478 2.75094 -4.2 19.8604 2.91491 -4.2 9.00605 2.9732 -3.51627 8.64918 2.9732 -3.27782 8.41073 2.9732 -2.92095 19.6154 2.96384 -3.7 20.0685 2.85624 -3.7 21.1226 2.22547 -3.6 20.8981 2.43875 -3.7 21.2546 2.13893 -3.7 8.25616 3 -2.76292 8.57847 3 -3.34853 21.9916 0.965017 -3.7 22.1067 0.513703 -3.7 22.1506 0.0500069 -3.7 22.1222 -0.414895 -3.7 22.0221 -0.869795 -3.7 21.8529 -1.30373 -3.7 8.785 3 -3.51382 9.19289 3 -3.67694 20.9785 -2.37916 -3.7 9.427 2.88497 -3.51895 9.15453 2.8 -3.46216 8.90268 2.8 -3.35152 21.5979 1.68898 -3.6 8.65777 2.8 -3.13897 19.2401 -2.9 -4.0454 19.2098 -2.9 -4.0809 19.1666 -2.9 -4.09877 8.49375 2.8 -2.85923 8.31197 2.98105 -2.5 19.0559 -2.9 -4.0309 19.051 -2.9 -4 19.051 -3 -4 19.0585 -3 -4.0381 19.0924 -3 -4.08105 8.227 3 -2.5 19.2199 -2.99921 -4.07243 19.2433 -2.99858 -4.0387 19.845 -2.81573 -3.5268 21.931 1.05431 -3.6 19.051 -3 -3.7 20.4987 -2.56782 -3.5268 21.0741 -2.17068 -3.5268 21.5377 -1.64739 -3.5268 21.8625 -1.02835 -3.5268 19.051 -2.9807 -3.61427 22.1025 0.358385 -3.6 19.151 -2.8 -3.5 22.0299 -0.349561 -3.5268 19.9319 -2.68891 -3.5 22.0299 0.349561 -3.5268 21.8625 1.02835 -3.5268 21.5377 1.64739 -3.5268 20.9786 -2.12132 -3.5 21.2385 -1.86606 -3.5 21.0741 2.17068 -3.5268 20.4987 2.56782 -3.5268 19.845 2.81573 -3.5268 19.8625 -2.88681 -3.6 20.5327 -2.63264 -3.6 21.1226 -2.22547 -3.6 21.9472 0.146102 -3.5 21.9307 0.336183 -3.5 21.871 0.664579 -3.5 21.7084 1.14009 -3.5 21.5979 -1.68898 -3.6 21.2659 1.83504 -3.5 21.931 -1.05431 -3.6 20.535 2.43404 -3.5 20.2649 2.56889 -3.5 19.8378 2.71445 -3.5 19.392 2.78961 -3.5 19.151 2.8 -3.5 22.1025 -0.358385 -3.6</float_array>
					<technique_common>
						<accessor count="970" source="#ID6" stride="3">
							<param name="X" type="float"/>
							<param name="Y" type="float"/>
							<param name="Z" type="float"/>
						</accessor>
					</technique_common>
				</source>
				<source id="ID7">
					<float_array id="ID8" count="2868" digits="2490374">0.90525 -0.424844 -0 0.800094 -0.5 0.331375 0.638969 -0.769188 -0 1 0 -0 0.933219 0 0.359188 0.769188 0 0.638969 0.612312 -0.5 0.612312 0.524281 0 0.851469 0.331375 -0.5 0.800094 0.272438 0 0.962125 0 0 1 0.461906 -0.865969 0.191313 0 -1 -0 0.3535 -0.866 0.3535 0.191313 -0.865969 0.461906 0 -0.638969 0.769188 0 -0.90525 0.424844 0 -0.5 0.865969 0 -0.6325 0.7745 0 -0.903437 0.428594 0.5 -0.840813 0.207219 0 -0.999125 0.0416562 0 -0.979125 0.203125 0 -0.933219 0.359188 0.5 -0.766813 0.402438 0 -0.862625 0.50575 0.5 -0.648219 0.574281 0 -0.769188 0.638969 0 -0.655438 0.755188 0.5 -0.491906 0.712687 0 -0.524281 0.851469 0.5 -0.307063 0.809687 0 -0.379281 0.925219 0 -0.22425 0.9745 0.5 -0.104344 0.859688 0 -0.112844 0.993594 0.5 0.104344 0.859688 0 0.0416562 0.999125 0 0.203125 0.979125 0.5 0.307063 0.809687 0 0.359188 0.933219 0.5 0.491906 0.712687 0 0.50575 0.862625 0 0.638969 0.769188 0.5 0.648219 0.574281 0 0.755188 0.655438 0.5 0.766813 0.402438 0 0.851469 0.524281 0 0.925219 0.379281 0.5 0.840813 0.207219 0 0.9745 0.22425 0 0.993594 0.112844 0 1 -0 0.865969 -0.485438 0.119625 0.865969 -0.442688 0.232313 0.865969 -0.374219 0.331531 0.865969 -0.284 0.411438 0.865969 -0.17725 0.4675 0.865969 -0.0602188 0.496344 0.865969 0.0602188 0.496344 0.865969 0.17725 0.4675 0.865969 0.284 0.411438 0.865969 0.374219 0.331531 0.865969 0.442688 0.232313 0.865969 0.485438 0.119625 0.638969 0.769188 -0 0.90525 0.424844 -0 0 -0.0979687 0.995125 0 -0.242969 0.970031 0 -0.382625 0.923844 0 -0.505625 0.862719 0 -0.619094 0.785281 0 -0.739594 0.672969 0 -0.840031 0.542406 0 -0.91775 0.397125 0 -0.970469 0.241063 0 -0.996875 0.0784063 0 -0.996219 -0.08625 0 -0.999125 -0.0416562 0 -0.968531 -0.248688 0 -0.979125 -0.203125 0 -0.933219 -0.359188 0 -0.914594 -0.404281 0 -0.862625 -0.50575 0 -0.835781 -0.549 0 -0.734281 -0.678781 0 -0.769188 -0.638969 0 -0.655438 -0.755188 0 -0.612906 -0.790125 0 -0.524281 -0.851469 0 -0.474813 -0.880063 0 -0.323875 -0.946063 0 -0.379281 -0.925219 0 -0.22425 -0.9745 0 -0.164125 -0.986406 0 -0.112844 -0.993594 0 0 -1 -0.0710313 0.997469 -0.00065625 -0.167156 0.985875 -0.00021875 0.00021875 0.999969 -0 -0.251281 0.967875 0.00025 -0.23725 0.971375 -0.0025625 -0.332437 0.943094 0.00025 -0.0944375 0.9955 -0.0014375 3.125e-05 0.999969 -6.25e-05 -0.473625 0.880656 0.0003125 -0.249187 0.968375 -0.00925 -0.436469 0.899594 -0.01425 -0.541 0.841 0.00021875 -0.520375 0.853375 -0.0300937 -0.154625 -0.987938 0.0005 -0.173313 -0.984812 -0.0015 -0.0115 -0.999875 -0 -0.000375 -0.999969 0.00021875 0.0189687 -0.999781 -0.00025 -0.00021875 0.999969 -0.000125 -0.0154688 0.999875 -0.000125 -0.1595 0.987156 -0.00740625 -0.344875 0.938281 -0.0238438 -0.605656 0.795656 0.0001875 -0.669906 0.742281 -0.012 -0.708969 0.705156 0.0001875 -0.614969 0.787344 -0.042375 -0.313344 -0.949625 0.000125 -0.345531 -0.938344 -0.00425 -0.198125 -0.980125 -0.00375 -0.0412188 -0.999125 -0.000125 -0.0994062 0.995 -0.0035625 -0.275531 0.961031 -0.0215313 -0.454781 0.889719 -0.03925 -0.746719 0.664625 -0.0231875 -0.801437 0.597969 0.000125 -0.716094 0.695969 -0.0522188 -0.453125 -0.891406 -0.00021875 -0.496906 -0.867719 -0.00975 -0.365281 -0.93075 -0.014875 -0.22075 -0.97525 -0.0084375 -0.0707188 -0.997469 -0.0009375 0.0004375 0.999969 -3.125e-05 -0.0651875 0.997813 -0.0014375 -0.232313 0.9725 -0.0154688 -0.410625 0.911 -0.036375 -0.576156 0.815625 -0.05225 -0.827375 0.560562 -0.0330313 -0.879531 0.475688 0.00021875 -0.815625 0.574313 -0.069875 -0.587906 -0.808875 -0.0004375 -0.625719 -0.779594 -0.0251563 -0.510406 -0.859031 -0.03875 -0.378031 -0.925125 -0.0331875 -0.2385 -0.970937 -0.0177813 -0.0981563 -0.995125 -0.00359375 -3.125e-05 0.999969 -0 -0.0550313 0.998469 -0.000875 -0.213344 0.976844 -0.0141563 -0.386094 0.921625 -0.038625 -0.551625 0.831563 -0.0644687 -0.697469 0.712438 -0.0769688 -0.940281 0.340313 0.00028125 -0.903625 0.425594 -0.0470625 -0.973437 0.228594 -0.00875 -0.984812 0.173375 0.00021875 -0.624906 -0.775688 -0.0875937 -0.50625 -0.858281 -0.0833438 -0.376781 -0.924219 -0.061625 -0.246031 -0.968656 -0.032875 -0.118594 -0.992844 -0.00896875 0.00515625 -0.999969 -0 0.00446875 -0.999969 -6.25e-05 -0.0004375 0.999969 3.125e-05 -0.0600625 0.998156 -0.0015 -0.206875 0.978094 -0.0206875 -0.3675 0.928187 -0.0571875 -0.529719 0.84275 -0.095375 -0.678031 0.724937 -0.120687 -0.801344 0.584719 -0.125781 -0.896031 0.429938 -0.110625 -0.973594 0.218094 -0.067125 -0.999406 0.0338437 0.00290625 -0.999969 0.00028125 0.00375 -0.995844 -0.0899375 -0.0143125 -0.991313 -0.131344 0.00253125 -0.980906 -0.192875 -0.0220312 -0.968094 -0.250375 -0.00384375 -0.939438 -0.341875 -0.0233125 -0.921344 -0.388594 -0.003 -0.896469 -0.437875 -0.0670312 -0.865219 -0.501281 -0.0005625 -0.813438 -0.581375 -0.0160625 -0.742094 -0.670219 -3.125e-05 -0.801406 -0.581375 -0.140125 -0.60175 -0.78275 -0.158281 -0.48425 -0.864563 -0.133813 -0.360563 -0.927906 -0.0944688 -0.240531 -0.96925 -0.051375 -0.127438 -0.991656 -0.0165938 -0.019125 -0.999781 -0.0003125 -0.0008125 0.999969 -9.375e-05 -0.0731563 0.997281 -0.00321875 -0.196 0.979813 -0.0389375 -0.3375 0.936063 -0.0987813 -0.490938 0.856438 -0.159344 -0.637906 0.742156 -0.2055 -0.765312 0.601562 -0.22875 -0.865313 0.444 -0.232438 -0.945813 0.231 -0.228062 -0.969938 0.0469063 -0.238688 -0.971687 -0.04825 -0.231063 -0.955813 -0.164406 -0.243625 -0.90225 -0.343625 -0.260281 -0.849937 -0.449 -0.275531 -0.747938 -0.598063 -0.28775 -0.555406 -0.796281 -0.239562 -0.444438 -0.874875 -0.192188 -0.329531 -0.934625 -0.133594 -0.222156 -0.972094 -0.0749375 -0.125531 -0.991656 -0.0280625 -0.0360625 -0.999344 -0.00246875 -0.00246875 0.999969 6.25e-05 -0.076125 0.996969 -0.0124375 -0.170406 0.982844 -0.0704688 -0.298 0.942375 -0.151969 -0.438906 0.866844 -0.236375 -0.578969 0.755188 -0.307219 -0.704938 0.616 -0.351375 -0.8025 0.461906 -0.377594 -0.873 0.2605 -0.41225 -0.886813 0.089625 -0.453219 -0.884219 -0.024875 -0.466344 -0.875313 -0.140531 -0.462594 -0.819 -0.337813 -0.46375 -0.770312 -0.4575 -0.444094 -0.6765 -0.615656 -0.404 -0.503688 -0.808 -0.3055 -0.401906 -0.883563 -0.240281 -0.295719 -0.940531 -0.167125 -0.198406 -0.97525 -0.0969063 -0.115094 -0.9925 -0.040125 -0.0421875 -0.999031 -0.0059375 0.00328125 0.999969 0.00325 -0.008 0.999906 -0.007625 -0.05025 0.997719 -0.0445 -0.130313 0.984656 -0.115906 -0.243406 0.944531 -0.220188 -0.365438 0.870125 -0.3305 -0.489344 0.758313 -0.430594 -0.601438 0.620562 -0.503031 -0.688125 0.471719 -0.551188 -0.749406 0.281875 -0.599063 -0.761594 0.112656 -0.638094 -0.760063 0.00075 -0.64975 -0.745562 -0.109563 -0.657313 -0.702125 -0.328 -0.631938 -0.661687 -0.468781 -0.585031 -0.588844 -0.630656 -0.505406 -0.443063 -0.817813 -0.367063 -0.353063 -0.89075 -0.286 -0.256813 -0.9455 -0.200094 -0.168531 -0.978281 -0.120375 -0.0963125 -0.993813 -0.0551875 -0.0399688 -0.999125 -0.0117813 0.001 -0.999969 0.00109375 -0.0117813 0.996406 -0.0836875 -0.074125 0.980156 -0.183531 -0.159313 0.936094 -0.313469 -0.248531 0.853938 -0.457125 -0.331531 0.733719 -0.592969 -0.400063 0.590937 -0.700469 -0.458438 0.444656 -0.769406 -0.521125 0.270594 -0.809375 -0.547406 0.128844 -0.826813 -0.544031 0.0308125 -0.838406 -0.540875 -0.0771563 -0.837531 -0.527 -0.322906 -0.786094 -0.506375 -0.480781 -0.715781 -0.465969 -0.642656 -0.608063 -0.358594 -0.825688 -0.435375 -0.284 -0.896781 -0.339188 -0.202344 -0.949531 -0.239625 -0.126375 -0.980656 -0.149125 -0.064125 -0.994906 -0.0769688 -0.0202812 -0.999406 -0.027 -0.00490625 -0.999531 -0.0296563 -9.375e-05 0.999969 -0.0015625 -0.0044375 0.996281 -0.0858437 -0.03725 0.97275 -0.228656 -0.0880625 0.917531 -0.387688 -0.137719 0.819625 -0.556063 -0.173375 0.684125 -0.708344 -0.191656 0.529094 -0.826594 -0.204531 0.375969 -0.90375 -0.238063 0.209344 -0.948406 -0.285188 0.112719 -0.951813 -0.309938 0.02675 -0.950312 -0.339344 -0.0849688 -0.936813 -0.366156 -0.333813 -0.868594 -0.366531 -0.486031 -0.793281 -0.352313 -0.645813 -0.67725 -0.278094 -0.828125 -0.486531 -0.21875 -0.898844 -0.379594 -0.150813 -0.951063 -0.269469 -0.0868438 -0.981406 -0.171031 -0.03575 -0.995094 -0.0916875 -0.0004375 -0.999875 -0.0145313 3.125e-05 0.999969 -0.0004375 -0.00315625 0.996188 -0.0868125 -0.0210938 0.967687 -0.251125 -0.0495938 0.901812 -0.429125 -0.0705312 0.790688 -0.608094 -0.0770938 0.643313 -0.761625 -0.0704063 0.483375 -0.872563 -0.0532813 0.3285 -0.942937 -0.0255938 0.154875 -0.987594 -0.0514375 0.0483438 -0.9975 -0.144531 -0.0335 -0.988906 -0.203562 -0.135813 -0.969531 -0.251719 -0.351 -0.901875 -0.266313 -0.485781 -0.832438 -0.269563 -0.644406 -0.715563 -0.218562 -0.828 -0.51625 -0.170687 -0.899375 -0.402375 -0.113688 -0.951563 -0.285562 -0.059875 -0.98175 -0.180312 -0.0193438 -0.995625 -0.091375 -0.00025 -0.999875 0.0116875 -0.00221875 0.995438 -0.095375 0 0.999969 -0.0004375 -0.013875 0.962531 -0.270719 -0.028625 0.887812 -0.459188 -0.0365313 0.769656 -0.637344 -0.0281875 0.617688 -0.785875 -0.00603125 0.456844 -0.8895 0.01875 0.306625 -0.951594 0.0279063 0.13925 -0.989812 -0.0150938 -0.0123438 -0.999781 -0.0624375 -0.111313 -0.991813 -0.108844 -0.200219 -0.973625 -0.154125 -0.368688 -0.916656 -0.178219 -0.483969 -0.856719 -0.197719 -0.641813 -0.740875 -0.167594 -0.827875 -0.53525 -0.12975 -0.900031 -0.416 -0.0829687 -0.952469 -0.292906 -0.0393437 -0.982938 -0.179438 -0.0091875 -0.996813 -0.0792188 -0.0014375 -0.998438 0.0554063 0 0.999969 -0.0001875 -0.00290625 0.992844 -0.119031 -0.0142188 0.953562 -0.300656 -0.02525 0.870969 -0.490594 -0.0290625 0.749563 -0.661219 -0.0171563 0.602313 -0.798031 0.00478125 0.447313 -0.894313 0.0209688 0.298156 -0.954219 0.0156562 0.118531 -0.992813 -0.00859375 -0.0489688 -0.998719 -0.0224375 -0.162625 -0.986406 -0.0330938 -0.250813 -0.967438 -0.054375 -0.384969 -0.921281 -0.0854063 -0.485 -0.870313 -0.12425 -0.640813 -0.7575 -0.1175 -0.829625 -0.545687 -0.0905313 -0.902531 -0.420875 -0.0547813 -0.955375 -0.290031 -0.0220938 -0.985844 -0.166031 -0.0025625 -0.998563 -0.052625 -0.000125 -0.999844 -0.0167813 0 0.999969 0.0001875 -0.000125 0.999656 -0.024875 -0.0065 0.986844 -0.16125 -0.0222812 0.937906 -0.346 -0.036125 0.847313 -0.529719 -0.0389375 0.724281 -0.688281 -0.03025 0.583094 -0.811813 -0.016625 0.434438 -0.900469 -0.00575 0.284125 -0.95875 -0.00053125 0.0925 -0.995656 0.00109375 -0.000125 -0.999969 0.00084375 -0.112719 -0.993594 0.00028125 -0.224312 -0.9745 -0.00121875 -0.379312 -0.925219 -0.0075 -0.494938 -0.868875 -0.0640313 -0.645719 -0.760844 -0.079125 -0.835063 -0.544375 -0.061625 -0.907875 -0.414531 -0.0350938 -0.960469 -0.276125 -0.01125 -0.989781 -0.142031 -0.00053125 -0.999563 0.0287813 0 0.999969 0.00028125 -0.0025625 0.996 -0.0887813 -0.014375 0.972219 -0.233406 -0.0335 0.906875 -0.419906 -0.0451563 0.803906 -0.592969 -0.043625 0.677031 -0.734594 -0.030375 0.535719 -0.843813 -0.0104688 0.386281 -0.922281 -0.000125 0.303156 -0.952906 -0.00025 0.379219 -0.92525 0.00028125 0.22425 -0.9745 0.00084375 0.112938 -0.993594 -0.0003125 -0.524219 -0.851531 -0.0122188 -0.660563 -0.750625 -0.0486563 -0.845469 -0.531781 -0.039875 -0.91675 -0.397406 -0.0212812 -0.967531 -0.251625 -0.0046875 -0.994125 -0.107688 0 0.999969 9.375e-05 -0.0003125 0.999438 -0.0321563 -0.00865625 0.982594 -0.1855 -0.0225 0.94125 -0.336906 -0.03575 0.853594 -0.519625 -0.0336875 0.734781 -0.677375 -0.01525 0.599063 -0.800469 -6.25e-05 0.524281 -0.851469 9.375e-05 -0.655438 -0.755188 -0.0262187 -0.859438 -0.5105 -0.0250625 -0.927469 -0.372969 -0.012875 -0.975219 -0.220812 -0.0016875 -0.997625 -0.0681562 -6.25e-05 -0.999781 -0.0177813 0 0.999969 -0.000125 -0.005625 0.9825 -0.186 -0.01425 0.938 -0.346219 -0.0174688 0.868688 -0.494938 -0.0060625 0.752187 -0.658844 0.000125 0.733406 -0.679688 0.000125 0.63475 -0.772656 -0.00421875 -0.879 -0.47675 -0.0118438 -0.941031 -0.338031 -0.0060625 -0.983594 -0.180094 -6.25e-05 -0.999875 0.0114063 0.000125 0.786656 -0.617312 -0.00078125 -0.93325 -0.359188 0.0004375 -0.862719 -0.505625 -0.0026875 -0.954437 -0.298281 -0.00190625 -0.990656 -0.135906 -0.000125 -0.995875 -0.0901562 0.00021875 0.912313 -0.409375 -0.0024375 0.98025 -0.197625 3.125e-05 0.966656 -0.256063 -0.00278125 0.923063 -0.384469 -3.125e-05 -0.979125 -0.203156 3.125e-05 0.999969 -0.00028125 0.000875 0.995344 -0.0959063 0.00059375 0.996188 -0.0866563 -3.125e-05 0.999969 -0.0005 0.00040625 -0.997719 -0.0670938 0.00053125 -0.999125 -0.0416562 0.000125 -0.999969 -0.000375 -0.734906 -0.675031 -0.0645625 -0.714938 -0.680188 -0.161531 -0.663188 -0.696469 -0.273906 -0.600906 -0.711719 -0.363594 -0.526688 -0.724625 -0.444313 -0.422781 -0.734719 -0.530438 -0.325219 -0.737625 -0.591688 -0.253563 -0.736719 -0.62675 -0.191656 -0.735219 -0.650125 -0.1295 -0.735469 -0.665 -0.0800937 -0.740562 -0.667094 -0.0390938 -0.753125 -0.656656 -0.00684375 -0.771563 -0.636031 9.375e-05 -0.769188 -0.638969 9.375e-05 0.999969 -3.125e-05 -0.00109375 0.995781 -0.0910937 -0.007 0.959375 -0.282 -0.00896875 0.898406 -0.439 0.00021875 0.875781 -0.482625 -0.00121875 0.815531 -0.578625 0.00028125 0.833875 -0.551844 -0.000625 0.993875 -0.110469 6.25e-05 0.98425 -0.176469 0 -0.98525 -0.170844 3.125e-05 -0.908625 -0.417469 -0.00040625 -0.908625 -0.417469 -0.00053125 -0.907656 -0.419688 -0.149531 -0.884094 -0.442688 -0.154594 -0.987938 -0 -0.313344 -0.949625 -0 -0.298813 -0.833656 -0.464344 -0.453 -0.891469 -0 -0.441594 -0.755188 -0.484313 -0.587906 -0.808875 -0 -0.572688 -0.648344 -0.501594 -0.742031 -0.670313 -0 -0.684875 -0.514813 -0.515625 -0.865219 -0.501281 -0 -0.771469 -0.357844 -0.526031 -0.921344 -0.388594 -0 -0.826281 -0.183594 -0.532406 -0.968094 -0.250531 -0 -0.991375 -0.130969 -0 -0.845062 0 -0.534563 -1 0 -0 -0.984812 0.173344 -0 -0.826281 0.183594 -0.532406 -0.940219 0.340375 -0 -0.771469 0.357844 -0.526031 -0.879531 0.475781 -0 -0.684875 0.514813 -0.515625 -0.801437 0.598 -0 -0.708969 0.705156 -0 -0.572688 0.648344 -0.501594 -0.605687 0.795656 -0 -0.441594 0.755188 -0.484313 -0.541094 0.840906 -0 -0.4735 0.88075 -0 -0.298813 0.833656 -0.464344 -0.332656 0.943031 -0 -0.149531 0.884094 -0.442688 -0.251063 0.967969 -0 -0.167125 0.985875 -0 -0.00053125 0.90775 -0.419406 -0.000375 0.908719 -0.417313 0.000125 0.9085 -0.41775 0 0.930844 -0.365312 6.25e-05 0.817719 -0.5755 3.125e-05 -0.865438 -0.500938 0.00025 -0.765719 -0.643094 -0.001 -0.766406 -0.64225 -0.0015 -0.764875 -0.644094 -0.129094 -0.738281 -0.661969 -0.254438 -0.689344 -0.678156 -0.370438 -0.619 -0.692469 -0.475094 -0.527344 -0.704313 -0.563438 -0.416281 -0.713531 -0.631094 -0.288125 -0.720125 -0.673719 -0.147469 -0.724063 -0.688344 0 -0.725344 -0.673719 0.147469 -0.724063 -0.631094 0.288125 -0.720125 -0.563438 0.416281 -0.713531 -0.475094 0.527344 -0.704313 -0.370438 0.619 -0.692469 -0.254438 0.689344 -0.678156 -0.129094 0.738281 -0.661969 -0.0015 0.765063 -0.643875 -0.000875 0.7665 -0.642156 0.0004375 0.7655 -0.643313 0.000125 0.692813 -0.721094 0.000125 -0.761781 -0.647781 0.00021875 -0.635063 -0.772375 0.00025 -0.525063 -0.851 0.00059375 -0.512281 -0.858781 -0.00134375 -0.514188 -0.857625 -0.0028125 -0.513625 -0.857938 -0.0973438 -0.499938 -0.860563 -0.190594 -0.468625 -0.862531 -0.273313 -0.421813 -0.864469 -0.347438 -0.359844 -0.865875 -0.409375 -0.284438 -0.866844 -0.456688 -0.197094 -0.867469 -0.486531 -0.100938 -0.86775 -0.496719 0 -0.867844 -0.486531 0.100938 -0.86775 -0.456688 0.197094 -0.867469 -0.409375 0.284438 -0.866844 -0.347438 0.359844 -0.865875 -0.273313 0.421813 -0.864469 -0.190594 0.468625 -0.862531 -0.0973438 0.499938 -0.860563 -0.0026875 0.51375 -0.857875 -0.00115625 0.514094 -0.857656 0.00078125 0.512125 -0.858844 0.00021875 0.587031 -0.809531 0.0001875 0.391313 -0.920219 0.00021875 -0.404125 -0.914625 0.000125 -0.273813 -0.961781 0.00040625 -0.262688 -0.964844 -0.000625 -0.264188 -0.964406 -0.00175 -0.265219 -0.964156 -0.0582188 -0.264688 -0.962531 -0.114906 -0.252031 -0.960813 -0.164469 -0.229 -0.959406 -0.2085 -0.19625 -0.958094 -0.244656 -0.155281 -0.957031 -0.271844 -0.107531 -0.95625 -0.288719 -0.0550313 -0.955813 -0.294406 0 -0.955625 -0.288719 0.0550313 -0.955813 -0.271844 0.107531 -0.95625 -0.244656 0.155281 -0.957031 -0.2085 0.19625 -0.958094 -0.164469 0.229 -0.959406 -0.114906 0.252031 -0.960813 -0.0582188 0.264688 -0.962531 -0.001625 0.265125 -0.964188 -0.00053125 0.264031 -0.9645 0.0004375 0.262719 -0.964844 9.375e-05 0.239063 -0.971 0 0.0694062 -0.997563 0 -0.98525 -0.170813 0 -0.98325 -0.182125 0 -0.871406 -0.490438 0 -0.865438 -0.500875 0 -0.763031 -0.64625 0 -0.761813 -0.64775 0 -0.636063 -0.771563 0 -0.634781 -0.772656 0 -0.524969 -0.851031 0 -0.525344 -0.850875 0 -0.404 -0.914719 0 -0.407687 -0.913063 0 -0.286813 -0.957969 0 -0.273813 -0.961781 0 -0.153281 -0.988156 0.986 0 -0.166656 0.993344 -0.115 -0 0.938281 -0.192969 -0.286813 0.972438 -0.233063 -0 0.873688 -0.385406 -0.29675 0.927813 -0.372969 -0 0.8615 -0.507688 -0 0.766281 -0.560656 -0.313625 0.775719 -0.630969 -0 0.625875 -0.703969 -0.335438 0.67525 -0.7375 -0 0.540563 -0.84125 -0 0.467313 -0.807813 -0.359094 0.398844 -0.916969 -0 0.264313 -0.883313 -0.387094 0.229156 -0.973375 -0 0.0719375 -0.9085 -0.411563 0.067 -0.997719 -0 -3.125e-05 -0.907438 -0.420063 3.125e-05 -0.871406 -0.4905 0.893125 0 -0.449688 0.825094 -0.168906 -0.539062 0.766656 -0.335438 -0.547406 0.670563 -0.484844 -0.561406 0.5465 -0.604781 -0.579219 0.408031 -0.689781 -0.597969 0.232125 -0.749875 -0.619438 0.0640313 -0.767344 -0.637969 -0.00021875 -0.764531 -0.644531 0.000125 -0.763 -0.646281 0.739469 0 -0.673156 0.676188 -0.137375 -0.723719 0.629781 -0.272063 -0.7275 0.553906 -0.393219 -0.733781 0.455719 -0.491844 -0.741844 0.345031 -0.563812 -0.750313 0.201063 -0.617969 -0.759969 0.0571875 -0.637062 -0.768625 -0.0004375 -0.635656 -0.771906 0.00021875 -0.636344 -0.771375 0.00025 -0.525406 -0.850781 0.608156 0 -0.79375 0.519188 -0.1045 -0.848188 0.486375 -0.206531 -0.848938 0.432656 -0.299625 -0.85025 0.362063 -0.378062 -0.851969 0.280313 -0.438688 -0.853719 0.169 -0.489031 -0.855656 0.0498438 -0.511937 -0.8575 -0.0005625 -0.513125 -0.858281 0.00021875 -0.407875 -0.913 0.473938 0 -0.880531 0.279125 0 -0.96025 0.236969 -0.0465 -0.970375 0.224875 -0.0912813 -0.970062 0.205219 -0.133219 -0.969594 0.178438 -0.171406 -0.968844 0.144969 -0.20475 -0.967969 0.093625 -0.238312 -0.966594 0.0296563 -0.260563 -0.964938 -0.000375 -0.264844 -0.964281 0.000125 -0.286813 -0.957969 3.125e-05 -0.153406 -0.988156 0.1045 0 -0.994469 0.154781 0.987938 -0 0.0670312 0.997719 -0 0.236437 0.971594 -0 0.305813 0.952031 -0 0.398906 0.916969 -0 0.449469 0.893219 -0 0.582344 0.812906 -0 0.544438 0.83875 -0 0.675094 0.737719 -0 0.701156 0.712969 -0 0.776781 0.629656 -0 0.803062 0.595812 -0 0.861437 0.507781 -0 0.885625 0.464344 -0 0.92725 0.374375 -0 0.946813 0.321656 -0 0.9725 0.23275 -0 0.985219 0.171219 -0 0.993062 0.117188 -0 0.999844 0.016625 -0 0.993344 -0.115125 -0 0.990344 -0.138281 -0 0.9725 -0.23275 -0 0.957031 -0.289906 -0 0.927688 -0.373313 -0 0.900594 -0.434563 -0 0.861437 -0.507781 -0 0.822469 -0.568687 -0 0.775937 -0.630719 -0 0.724563 -0.689188 -0 0.675094 -0.737719 -0 0.609125 -0.793031 -0 0.540469 -0.841313 -0 0.479031 -0.877781 -0 0.398906 -0.916969 -0 0.337375 -0.941312 -0 0.229188 -0.973375 -0 0.187625 -0.982188 -0 0.0670312 -0.997719 -0 0.0332813 -0.999438 -0 0.03075 -0.999469 -0 0.0229688 -0.999687 -0 -0.922156 0 0.38675 -0.890969 0 0.453969 -0.587781 0 0.809 -0.689438 0 0.724281 -0.156406 0 0.987688 0.308969 0 0.951031 0.585688 0 0.8105 0.707094 0 0.707094 0.924563 0 0.381 0.951031 0 0.308969 0.119625 -0.485438 0.865969 0 -0.499938 0.866 0.232313 -0.442688 0.865969 0.331531 -0.374219 0.865969 0.411438 -0.284 0.865969 0.4675 -0.17725 0.865969 0.496344 -0.0602188 0.865969 0.496344 0.0602188 0.865969 0.4675 0.17725 0.865969 0.411438 0.284 0.865969 0.331531 0.374219 0.865969 0.232313 0.442688 0.865969 0.119625 0.485438 0.865969 0.027875 -0.826281 0.5625 0.207219 -0.840813 0.5 0.032875 -0.986656 0.159125 0.0175 -0.508313 0.860969 0.402438 -0.766813 0.5 0.574281 -0.648219 0.5 0.712687 -0.491906 0.5 0.809687 -0.307063 0.5 0.859688 -0.104344 0.5 0.859688 0.104344 0.5 0.809687 0.307063 0.5 0.712687 0.491906 0.5 0.574281 0.648219 0.5 0.402438 0.766813 0.5 0.207219 0.840813 0.5 0 0.90525 0.424844 0 0.424844 0.90525 0.331375 0.5 0.800094 0 0.769188 0.638969 0.612312 0.5 0.612312 0.800094 0.5 0.331375 0.191313 0.865969 0.461906 0.3535 0.866 0.3535 0.461906 0.865969 0.191313 0.769188 0.638969 -0 0.424844 0.90525 -0 0 0.0979687 -0.995125 0 0.112844 -0.993594 0 0.22425 -0.9745 0 0.242969 -0.970031 0 0.303156 -0.952906 0 0.382625 -0.923844 0 0.379281 -0.925219 0 0.524281 -0.851469 0 0.505625 -0.862719 0 0.619094 -0.785281 0 0.634656 -0.77275 0 0.739594 -0.672969 0 0.733375 -0.67975 0 0.786625 -0.617375 0 0.840031 -0.542406 0 0.833938 -0.551844 0 0.87575 -0.482688 0 0.91775 -0.397125 0 0.912344 -0.409281 0 0.970469 -0.241063 0 0.966656 -0.255937 0 0.98425 -0.176531 0 0.996875 -0.0784063 0 0.996219 0.08625 0 0.995344 -0.0958125 0 0.999969 3.125e-05 0 0.968531 0.248688 0 0.914594 0.404281 0 0.835781 0.549 0 0.734281 0.678781 0 0.612906 0.790125 0 0.474813 0.880063 0 0.323875 0.946063 0 0.164125 0.986406 -0.707094 0.270594 -0.653281 -0.707094 0.342594 -0.618563 -0.707094 0.3575 -0.61 -0.707094 0.442094 -0.551844 -0.707094 0.43775 -0.55525 -0.707094 0.522969 -0.475844 -0.707094 0.528875 -0.469281 -0.707094 0.594031 -0.383563 -0.707094 0.578469 -0.406563 -0.707094 0.620656 -0.338688 -0.707094 0.648938 -0.280813 -0.707094 0.654938 -0.266469 -0.707094 0.680844 -0.190812 -0.707094 0.686219 -0.170406 -0.707094 0.698 -0.11275 -0.707094 0.704875 -0.0554375 -0.707094 0.706281 -0.0332813 -0.707094 0.705531 0.0465938 -0.707094 0.704437 0.061 -0.707094 0.69575 0.125938 -0.707094 0.684875 0.175812 -0.707094 0.677094 0.203656 -0.707094 0.646688 0.285906 -0.707094 0.649813 0.27875 -0.707094 0.614156 0.350313 -0.707094 0.591 0.388156 -0.707094 0.570719 0.417406 -0.707094 0.519938 0.479156 -0.707094 0.519188 0.479969 -0.707094 0.433375 0.558688 -0.707094 0.462594 0.534781 -0.707094 0.399281 0.583531 -0.707094 0.33575 0.622281 -0.707094 0.330875 0.624875 -0.707094 0.258188 0.658219 -0.707094 0.229 0.668938 -0.707094 0.182281 0.683156 -0.707094 0.116062 0.697469 -0.707094 0.104 0.699406 -0.707094 0.0244063 0.706656 -0.707094 0 0.707094 -0.707094 -0.0510313 0.70525 -0.707094 -0.0692813 0.703656 -0.707094 -0.171813 0.685875 -0.707094 -0.162875 0.688031 -0.707094 -0.270594 0.653281 -0.707094 -0.342594 0.618563 -0.707094 -0.3575 0.61 -0.707094 -0.442094 0.551844 -0.707094 -0.43775 0.55525 -0.707094 -0.522969 0.475844 -0.707094 -0.528875 0.469281 -0.707094 -0.594031 0.383563 -0.707094 -0.578469 0.406563 -0.707094 -0.620656 0.338688 -0.707094 -0.648938 0.280813 -0.707094 -0.654938 0.266469 -0.707094 -0.680844 0.190812 -0.707094 -0.686219 0.170406 -0.707094 -0.698 0.11275 -0.707094 -0.704875 0.0554375 -0.707094 -0.706281 0.0332813 -0.707094 -0.705531 -0.0465938 -0.707094 -0.704437 -0.061 -0.707094 -0.69575 -0.125938 -0.707094 -0.684875 -0.175812 -0.707094 -0.677094 -0.203656 -0.707094 -0.646688 -0.285906 -0.707094 -0.649813 -0.27875 -0.707094 -0.614156 -0.350313 -0.707094 -0.591 -0.388156 -0.707094 -0.570719 -0.417406 -0.707094 -0.519938 -0.479156 -0.707094 -0.519188 -0.479969 -0.707094 -0.433375 -0.558688 -0.707094 -0.462594 -0.534781 -0.707094 -0.399281 -0.583531 -0.707094 -0.33575 -0.622281 -0.707094 -0.330875 -0.624875 -0.707094 -0.258188 -0.658219 -0.707094 -0.229 -0.668938 -0.707094 -0.182281 -0.683156 -0.707094 -0.116062 -0.697469 -0.707094 -0.104 -0.699406 -0.707094 -0.0244063 -0.706656 -0.707094 0 -0.707094 -0.707094 0.0510313 -0.70525 -0.707094 0.0692813 -0.703656 -0.707094 0.171813 -0.685875 -0.707094 0.162875 -0.688031 0 0.0693438 -0.997563 0 0.179031 -0.983813 0 0.23925 -0.970906 0 0.334406 -0.942375 0 0.391156 -0.92025 0 0.442594 -0.896688 0 0.552281 -0.833625 0 0.587 -0.809531 0 0.667094 -0.744906 0 0.693125 -0.720719 0 0.817688 -0.575594 0 0.803781 -0.594906 0 0.918594 -0.395125 0 0.930844 -0.365375 3.125e-05 0.918531 -0.395219 0.00025 0.907 -0.421 0.067 0.997719 -0 0.147125 0.903656 -0.402063 0.236406 0.971594 -0 0.3045 0.872625 -0.381719 0.398844 0.916969 -0 0.467313 0.807813 -0.359094 0.544469 0.838719 -0 0.625875 0.703969 -0.335438 0.67525 0.7375 -0 0.766281 0.560656 -0.313625 0.776594 0.629938 -0 0.8615 0.507688 -0 0.873688 0.385406 -0.29675 0.927312 0.374125 -0 0.938281 0.192969 -0.286813 0.972438 0.233063 -0 0.993125 0.117 -0 9.375e-05 0.803906 -0.594719 0.00084375 0.763969 -0.645156 0.130344 0.764969 -0.630656 0.266906 0.741531 -0.615438 0.408031 0.689781 -0.597969 0.5465 0.604781 -0.579219 0.670563 0.484844 -0.561406 0.766656 0.335438 -0.547406 0.825094 0.168906 -0.539062 0.0001875 0.666875 -0.745125 0.0014375 0.635312 -0.772219 0.11525 0.633438 -0.765094 0.229906 0.610125 -0.758156 0.345031 0.563812 -0.750313 0.455719 0.491844 -0.741844 0.553906 0.393219 -0.733781 0.629781 0.272063 -0.7275 0.676188 0.137375 -0.723719 0.00025 0.552281 -0.833625 0.00175 0.512969 -0.858375 0.0992813 0.506063 -0.856719 0.191813 0.481219 -0.855344 0.280313 0.438688 -0.853719 0.362063 0.378062 -0.851969 0.432656 0.299625 -0.85025 0.486375 0.206531 -0.848938 0.519188 0.1045 -0.848188 0.00021875 0.442469 -0.896719 0.000125 0.33425 -0.942469 0.00115625 0.265063 -0.964188 0.0574375 0.253188 -0.965688 0.104719 0.232438 -0.966906 0.144969 0.20475 -0.967969 0.178438 0.171406 -0.968844 0.205219 0.133219 -0.969594 0.224875 0.0912813 -0.970062 0.236969 0.0465 -0.970375 6.25e-05 0.179188 -0.983813</float_array>
					<technique_common>
						<accessor count="956" source="#ID8" stride="3">
							<param name="X" type="float"/>
							<param name="Y" type="float"/>
							<param name="Z" type="float"/>
						</accessor>
					</technique_common>
				</source>
				<source id="ID9">
					<float_array id="ID10" count="2" digits="2490374">0 1</float_array>
					<technique_common>
						<accessor count="1" source="#ID10" stride="2">
							<param name="S" type="float"/>
							<param name="T" type="float"/>
						</accessor>
					</technique_common>
				</source>
				<vertices id="ID11">
					<input semantic="POSITION" source="#ID5"/>
				</vertices>
				<polylist count="1932">
					<input offset="0" semantic="VERTEX" source="#ID11" set="0"/>
					<input offset="1" semantic="NORMAL" source="#ID7" set="0"/>
					<input offset="2" semantic="TEXCOORD" source="#ID9" set="0"/>
					<vcount>3 3 3 3 3 3 3 3 3 3 3 3 3 3 3 3 3 3 3 3 3 3 3 3 3 3 3 3 3 3 3 3 3 3 3 3 3 3 3 3 3 3 3 3 3 3 3 3 3 3 3 3 3 3 3 3 3 3 3 3 3 3 3 3 3 3 3 3 3 3 3 3 3 3 3 3 3 3 3 3 3 3 3 3 3 3 3 3 3 3 3 3 3 3 3 3 3 3 3 3 3 3 3 3 3 3 3 3 3 3 3 3 3 3 3 3 3 3 3 3 3 3 3 3 3 3 3 3 3 3 3 3 3 3 3 3 3 3 3 3 3 3 3 3 3 3 3 3 3 3 3 3 3 3 3 3 3 3 3 3 3 3 3 3 3 3 3 3 3 3 3 3 3 3 3 3 3 3 3 3 3 3 3 3 3 3 3 3 3 3 3 3 3 3 3 3 3 3 3 3 3 3 3 3 3 3 3 3 3 3 3 3 3 3 3 3 3 3 3 3 3 3 3 3 3 3 3 3 3 3 3 3 3 3 3 3 3 3 3 3 3 3 3 3 3 3 3 3 3 3 3 3 3 3 3 3 3 3 3 3 3 3 3 3 3 3 3 3 3 3 3 3 3 3 3 3 3 3 3 3 3 3 3 3 3 3 3 3 3 3 3 3 3 3 3 3 3 3 3 3 3 3 3 3 3 3 3 3 3 3 3 3 3 3 3 3 3 3 3 3 3 3 3 3 3 3 3 3 3 3 3 3 3 3 3 3 3 3 3 3 3 3 3 3 3 3 3 3 3 3 3 3 3 3 3 3 3 3 3 3 3 3 3 3 3 3 3 3 3 3 3 3 3 3 3 3 3 3 3 3 3 3 3 3 3 3 3 3 3 3 3 3 3 3 3 3 3 3 3 3 3 3 3 3 3 3 3 3 3 3 3 3 3 3 3 3 3 3 3 3 3 3 3 3 3 3 3 3 3 3 3 3 3 3 3 3 3 3 3 3 3 3 3 3 3 3 3 3 3 3 3 3 3 3 3 3 3 3 3 3 3 3 3 3 3 3 3 3 3 3 3 3 3 3 3 3 3 3 3 3 3 3 3 3 3 3 3 3 3 3 3 3 3 3 3 3 3 3 3 3 3 3 3 3 3 3 3 3 3 3 3 3 3 3 3 3 3 3 3 3 3 3 3 3 3 3 3 3 3 3 3 3 3 3 3 3 3 3 3 3 3 3 3 3 3 3 3 3 3 3 3 3 3 3 3 3 3 3 3 3 3 3 3 3 3 3 3 3 3 3 3 3 3 3 3 3 3 3 3 3 3 3 3 3 3 3 3 3 3 3 3 3 3 3 3 3 3 3 3 3 3 3 3 3 3 3 3 3 3 3 3 3 3 3 3 3 3 3 3 3 3 3 3 3 3 3 3 3 3 3 3 3 3 3 3 3 3 3 3 3 3 3 3 3 3 3 3 3 3 3 3 3 3 3 3 3 3 3 3 3 3 3 3 3 3 3 3 3 3 3 3 3 3 3 3 3 3 3 3 3 3 3 3 3 3 3 3 3 3 3 3 3 3 3 3 3 3 3 3 3 3 3 3 3 3 3 3 3 3 3 3 3 3 3 3 3 3 3 3 3 3 3 3 3 3 3 3 3 3 3 3 3 3 3 3 3 3 3 3 3 3 3 3 3 3 3 3 3 3 3 3 3 3 3 3 3 3 3 3 3 3 3 3 3 3 3 3 3 3 3 3 3 3 3 3 3 3 3 3 3 3 3 3 3 3 3 3 3 3 3 3 3 3 3 3 3 3 3 3 3 3 3 3 3 3 3 3 3 3 3 3 3 3 3 3 3 3 3 3 3 3 3 3 3 3 3 3 3 3 3 3 3 3 3 3 3 3 3 3 3 3 3 3 3 3 3 3 3 3 3 3 3 3 3 3 3 3 3 3 3 3 3 3 3 3 3 3 3 3 3 3 3 3 3 3 3 3 3 3 3 3 3 3 3 3 3 3 3 3 3 3 3 3 3 3 3 3 3 3 3 3 3 3 3 3 3 3 3 3 3 3 3 3 3 3 3 3 3 3 3 3 3 3 3 3 3 3 3 3 3 3 3 3 3 3 3 3 3 3 3 3 3 3 3 3 3 3 3 3 3 3 3 3 3 3 3 3 3 3 3 3 3 3 3 3 3 3 3 3 3 3 3 3 3 3 3 3 3 3 3 3 3 3 3 3 3 3 3 3 3 3 3 3 3 3 3 3 3 3 3 3 3 3 3 3 3 3 3 3 3 3 3 3 3 3 3 3 3 3 3 3 3 3 3 3 3 3 3 3 3 3 3 3 3 3 3 3 3 3 3 3 3 3 3 3 3 3 3 3 3 3 3 3 3 3 3 3 3 3 3 3 3 3 3 3 3 3 3 3 3 3 3 3 3 3 3 3 3 3 3 3 3 3 3 3 3 3 3 3 3 3 3 3 3 3 3 3 3 3 3 3 3 3 3 3 3 3 3 3 3 3 3 3 3 3 3 3 3 3 3 3 3 3 3 3 3 3 3 3 3 3 3 3 3 3 3 3 3 3 3 3 3 3 3 3 3 3 3 3 3 3 3 3 3 3 3 3 3 3 3 3 3 3 3 3 3 3 3 3 3 3 3 3 3 3 3 3 3 3 3 3 3 3 3 3 3 3 3 3 3 3 3 3 3 3 3 3 3 3 3 3 3 3 3 3 3 3 3 3 3 3 3 3 3 3 3 3 3 3 3 3 3 3 3 3 3 3 3 3 3 3 3 3 3 3 3 3 3 3 3 3 3 3 3 3 3 3 3 3 3 3 3 3 3 3 3 3 3 3 3 3 3 3 3 3 3 3 3 3 3 3 3 3 3 3 3 3 3 3 3 3 3 3 3 3 3 3 3 3 3 3 3 3 3 3 3 3 3 3 3 3 3 3 3 3 3 3 3 3 3 3 3 3 3 3 3 3 3 3 3 3 3 3 3 3 3 3 3 3 3 3 3 3 3 3 3 3 3 3 3 3 3 3 3 3 3 3 3 3 3 3 3 3 3 3 3 3 3 3 3 3 3 3 3 3 3 3 3 3 3 3 3 3 3 3 3 3 3 3 3 3 3 3 3 3 3 3 3 3 3 3 3 3 3 3 3 3 3 3 3 3 3 3 3 3 3 3 3 3 3 3 3 3 3 3 3 3 3 3 3 3 3 3 3 3 3 3 3 3 3 3 3 3 3 3 3 3 3 3 3 3 3 3 3 3 3 3 3 3 3 3 3 3 3 3 3 3 3 3 3 3 3 3 3 3 3 3 3 3 3 3 3 3 3 3 3 3 3 3 3 3 3 3 3 3 3 3 3 3 3 3 3 3 3 3 3 3 3 3 3 3 3 3 3 3 3 3 3 3 3 3 3 3 3 3 3 3 3 3 3 3 3 3 3 3 3 3 3 3 3 3 3 3 3 3 3 3 3 3 3 3 3 3 3 3 3 3 3 3 3 3 3 3 3 3 3 3 3 3 3 3 3 3 3 3 3 3 3 3 3 3 3 3 3 3 3 3 3 3 3 3 3 3 3 3 3 3 3 3 3 3 3 3 3 3 3 3 3 3 3 3 3 3 3 3 3 3 3 3 3 3 3 3 3 3 3 3 3 3 3 3 3 3 3 3 3 3 3 3 3 3 3 3 3 3 3 3 3 3 3 3 3 3 3 3 3 3 3 3 3 3 3 3 3 3 3 3 3 3 3 3 3 3 3 3 3 3 3 3 3 3 3 3 3 3 3 3 3 3 3 3 3 3 3 3 3 3 3 3 3 3 3 3 3 3 3 3 3 3 3 3 3 3 3 3 3 3 3 3 3 3 3 3 3 3 3 3 3 3 3 3 3 3 3 3 3 3 3 3 3 3 3 3 3 3 3 3 3 3 3 3 3 3 3 3 3 3 3 3 3 3 3 3 3 3 3 3 3 3 3 3 3 3 3 3 3 3 3 3 3 3 3 3 3 3 3 3 3 3 3 3 3 3 3 3 3 3 3 3 3 3 3 3 3 3 3 3 3 3 3 3 3 3 3 3 3 3 3 3 3 3 3 3 3 3 3 3 3 3 3 3 3 3 3 3 3 3 3 3 3 3 3 3 3 3 3 3 3 3 3 3 3 3 3 3 3 3 3 3 3 3 3 3 3 3 3 3 3 3 3 3 3 3 3 3 3 3 3 3 3 3 3 3 3 3 3 3 3 3 3 3 3 3 3 3 3 3 3 3 3 3 3 3 3 3 3 3 3 3 3 3 3 3 3 3 3 3 3 3 3 3 3 3 3 3 3 3 3 3 3 3 3 3 3 3 3 3 3 3 3 3 3</vcount>
					<p>2 2 0 25 1 0 1 0 0 1 0 0 25 1 0 29 3 0 29 3 0 25 1 0 18 4 0 18 4 0 25 1 0 70 5 0 25 1 0 24 6 0 70 5 0 70 5 0 24 6 0 16 7 0 24 6 0 23 8 0 16 7 0 16 7 0 23 8 0 15 9 0 73 10 0 15 9 0 23 8 0 44 12 0 22 11 0 2 2 0 2 2 0 22 11 0 25 1 0 22 11 0 21 13 0 25 1 0 25 1 0 21 13 0 24 6 0 21 13 0 20 14 0 24 6 0 24 6 0 20 14 0 23 8 0 58 15 0 23 8 0 20 14 0 73 10 0 23 8 0 58 15 0 44 12 0 4 12 0 22 11 0 22 11 0 4 12 0 5 12 0 6 12 0 22 11 0 5 12 0 22 11 0 6 12 0 21 13 0 21 13 0 6 12 0 40 12 0 40 12 0 39 12 0 21 13 0 21 13 0 39 12 0 20 14 0 20 14 0 39 12 0 9 12 0 10 12 0 20 14 0 9 12 0 58 15 0 20 14 0 12 16 0 20 14 0 10 12 0 12 16 0 10 12 0 36 12 0 12 16 0 30 3 0 125 0 0 29 3 0 29 3 0 125 0 0 1 0 0 124 2 0 1 0 0 125 0 0 124 2 0 2 2 0 1 0 0 45 12 0 2 2 0 124 2 0 45 12 0 44 12 0 2 2 0 820 12 0 876 12 0 875 12 0 875 12 0 930 12 0 820 12 0 820 12 0 930 12 0 929 12 0 820 12 0 929 12 0 928 12 0 45 12 0 206 12 0 44 12 0 936 12 0 36 12 0 928 12 0 928 12 0 36 12 0 820 12 0 820 12 0 36 12 0 632 12 0 632 12 0 36 12 0 633 12 0 633 12 0 36 12 0 10 12 0 633 12 0 10 12 0 9 12 0 633 12 0 9 12 0 39 12 0 633 12 0 39 12 0 40 12 0 633 12 0 40 12 0 6 12 0 633 12 0 6 12 0 5 12 0 633 12 0 5 12 0 4 12 0 633 12 0 4 12 0 44 12 0 633 12 0 44 12 0 206 12 0 65 17 0 943 10 0 64 17 0 73 10 0 58 15 0 943 10 0 943 10 0 58 15 0 64 17 0 64 17 0 58 15 0 63 18 0 12 16 0 63 18 0 58 15 0 12 16 0 941 19 0 63 18 0 941 19 0 12 16 0 936 12 0 936 12 0 12 16 0 36 12 0 29 3 0 18 4 0 67 3 0 67 3 0 18 4 0 924 4 0 70 5 0 924 4 0 18 4 0 70 5 0 920 5 0 924 4 0 16 7 0 920 5 0 70 5 0 16 7 0 918 7 0 920 5 0 917 9 0 918 7 0 16 7 0 15 9 0 917 9 0 16 7 0 917 9 0 15 9 0 73 10 0 917 9 0 73 10 0 71 10 0 29 3 0 67 3 0 154 3 0 154 3 0 81 3 0 29 3 0 29 3 0 81 3 0 82 3 0 29 3 0 82 3 0 151 3 0 29 3 0 151 3 0 150 3 0 29 3 0 150 3 0 149 3 0 29 3 0 149 3 0 148 3 0 29 3 0 148 3 0 147 3 0 29 3 0 147 3 0 88 3 0 29 3 0 88 3 0 89 3 0 29 3 0 89 3 0 144 3 0 29 3 0 144 3 0 143 3 0 29 3 0 143 3 0 142 3 0 29 3 0 142 3 0 141 3 0 29 3 0 141 3 0 140 3 0 29 3 0 140 3 0 139 3 0 29 3 0 139 3 0 96 3 0 29 3 0 96 3 0 97 3 0 29 3 0 97 3 0 98 3 0 29 3 0 98 3 0 99 3 0 29 3 0 99 3 0 100 3 0 29 3 0 100 3 0 101 3 0 29 3 0 101 3 0 102 3 0 29 3 0 102 3 0 103 3 0 29 3 0 103 3 0 104 3 0 29 3 0 104 3 0 105 3 0 29 3 0 105 3 0 106 3 0 29 3 0 106 3 0 107 3 0 29 3 0 107 3 0 30 3 0 124 2 0 192 20 0 45 12 0 45 12 0 192 20 0 122 21 0 122 21 0 192 20 0 209 22 0 209 22 0 192 20 0 210 23 0 192 20 0 191 24 0 210 23 0 210 23 0 191 24 0 211 25 0 191 24 0 190 26 0 211 25 0 211 25 0 190 26 0 212 27 0 212 27 0 190 26 0 213 28 0 190 26 0 189 29 0 213 28 0 213 28 0 189 29 0 214 30 0 189 29 0 188 31 0 214 30 0 214 30 0 188 31 0 215 32 0 215 32 0 188 31 0 216 33 0 188 31 0 187 34 0 216 33 0 216 33 0 187 34 0 217 35 0 187 34 0 186 36 0 217 35 0 217 35 0 186 36 0 112 10 0 112 10 0 186 36 0 776 37 0 776 37 0 186 36 0 775 38 0 186 36 0 185 39 0 775 38 0 775 38 0 185 39 0 774 40 0 185 39 0 184 41 0 774 40 0 774 40 0 184 41 0 772 42 0 772 42 0 184 41 0 686 43 0 184 41 0 183 44 0 686 43 0 686 43 0 183 44 0 683 45 0 183 44 0 182 46 0 683 45 0 683 45 0 182 46 0 682 47 0 682 47 0 182 46 0 160 48 0 182 46 0 181 49 0 160 48 0 160 48 0 181 49 0 159 50 0 158 51 0 159 50 0 181 49 0 887 52 0 158 51 0 181 49 0 125 0 0 180 53 0 124 2 0 124 2 0 180 53 0 192 20 0 180 53 0 179 54 0 192 20 0 192 20 0 179 54 0 191 24 0 179 54 0 178 55 0 191 24 0 191 24 0 178 55 0 190 26 0 178 55 0 177 56 0 190 26 0 190 26 0 177 56 0 189 29 0 177 56 0 176 57 0 189 29 0 189 29 0 176 57 0 188 31 0 176 57 0 175 58 0 188 31 0 188 31 0 175 58 0 187 34 0 175 58 0 174 59 0 187 34 0 187 34 0 174 59 0 186 36 0 174 59 0 173 60 0 186 36 0 186 36 0 173 60 0 185 39 0 173 60 0 172 61 0 185 39 0 185 39 0 172 61 0 184 41 0 172 61 0 171 62 0 184 41 0 184 41 0 171 62 0 183 44 0 171 62 0 170 63 0 183 44 0 183 44 0 170 63 0 182 46 0 170 63 0 169 64 0 182 46 0 182 46 0 169 64 0 181 49 0 884 65 0 181 49 0 169 64 0 887 52 0 181 49 0 884 65 0 30 3 0 107 3 0 125 0 0 125 0 0 107 3 0 180 53 0 106 3 0 180 53 0 107 3 0 180 53 0 106 3 0 179 54 0 179 54 0 106 3 0 105 3 0 104 3 0 179 54 0 105 3 0 179 54 0 104 3 0 178 55 0 178 55 0 104 3 0 103 3 0 102 3 0 178 55 0 103 3 0 178 55 0 102 3 0 177 56 0 177 56 0 102 3 0 101 3 0 177 56 0 101 3 0 100 3 0 99 3 0 177 56 0 100 3 0 177 56 0 99 3 0 176 57 0 176 57 0 99 3 0 98 3 0 97 3 0 176 57 0 98 3 0 176 57 0 97 3 0 175 58 0 175 58 0 97 3 0 96 3 0 139 3 0 175 58 0 96 3 0 175 58 0 139 3 0 174 59 0 174 59 0 139 3 0 140 3 0 141 3 0 174 59 0 140 3 0 174 59 0 141 3 0 173 60 0 173 60 0 141 3 0 142 3 0 143 3 0 173 60 0 142 3 0 173 60 0 143 3 0 172 61 0 172 61 0 143 3 0 144 3 0 89 3 0 172 61 0 144 3 0 172 61 0 89 3 0 171 62 0 171 62 0 89 3 0 88 3 0 171 62 0 88 3 0 147 3 0 148 3 0 171 62 0 147 3 0 171 62 0 148 3 0 170 63 0 170 63 0 148 3 0 149 3 0 150 3 0 170 63 0 149 3 0 170 63 0 150 3 0 169 64 0 169 64 0 150 3 0 151 3 0 82 3 0 169 64 0 151 3 0 884 65 0 169 64 0 881 66 0 169 64 0 82 3 0 81 3 0 169 64 0 81 3 0 881 66 0 81 3 0 154 3 0 881 66 0 777 10 0 220 67 0 112 10 0 112 10 0 220 67 0 217 35 0 216 33 0 217 35 0 220 67 0 221 68 0 216 33 0 220 67 0 216 33 0 221 68 0 215 32 0 215 32 0 221 68 0 222 69 0 214 30 0 215 32 0 222 69 0 223 70 0 214 30 0 222 69 0 214 30 0 223 70 0 282 71 0 214 30 0 282 71 0 213 28 0 286 72 0 213 28 0 282 71 0 286 72 0 212 27 0 213 28 0 211 25 0 212 27 0 286 72 0 287 73 0 211 25 0 286 72 0 211 25 0 287 73 0 289 74 0 211 25 0 289 74 0 210 23 0 228 75 0 210 23 0 289 74 0 228 75 0 209 22 0 210 23 0 122 21 0 209 22 0 228 75 0 206 12 0 45 12 0 122 21 0 122 21 0 205 12 0 206 12 0 229 76 0 122 21 0 228 75 0 122 21 0 229 76 0 205 12 0 205 12 0 229 76 0 230 77 0 205 12 0 230 77 0 253 78 0 293 79 0 253 78 0 230 77 0 293 79 0 254 80 0 253 78 0 255 81 0 254 80 0 293 79 0 232 82 0 255 81 0 293 79 0 255 81 0 232 82 0 256 83 0 256 83 0 232 82 0 233 84 0 234 85 0 256 83 0 233 84 0 234 85 0 200 86 0 256 83 0 199 87 0 200 86 0 234 85 0 235 88 0 199 87 0 234 85 0 199 87 0 235 88 0 198 89 0 198 89 0 235 88 0 236 90 0 237 91 0 198 89 0 236 90 0 237 91 0 260 92 0 198 89 0 261 93 0 260 92 0 237 91 0 238 94 0 261 93 0 237 91 0 261 93 0 238 94 0 195 95 0 195 95 0 238 94 0 294 96 0 195 95 0 294 96 0 802 96 0 655 99 0 654 98 0 311 97 0 300 100 0 311 97 0 654 98 0 312 101 0 311 97 0 300 100 0 652 102 0 312 101 0 300 100 0 315 103 0 312 101 0 652 102 0 655 99 0 311 97 0 277 104 0 277 104 0 311 97 0 312 101 0 277 104 0 312 101 0 315 103 0 302 105 0 315 103 0 652 102 0 302 105 0 316 106 0 315 103 0 317 107 0 316 106 0 302 105 0 303 108 0 317 107 0 302 105 0 324 109 0 317 107 0 303 108 0 314 112 0 313 111 0 634 110 0 314 112 0 634 110 0 633 113 0 616 114 0 314 112 0 633 113 0 277 104 0 315 103 0 296 115 0 296 115 0 315 103 0 321 116 0 316 106 0 321 116 0 315 103 0 322 117 0 321 116 0 316 106 0 317 107 0 322 117 0 316 106 0 323 118 0 322 117 0 317 107 0 324 109 0 323 118 0 317 107 0 649 119 0 324 109 0 303 108 0 325 120 0 324 109 0 649 119 0 305 121 0 325 120 0 649 119 0 333 122 0 325 120 0 305 121 0 313 111 0 318 124 0 248 123 0 634 110 0 313 111 0 248 123 0 319 125 0 318 124 0 313 111 0 314 112 0 319 125 0 313 111 0 320 126 0 319 125 0 314 112 0 616 114 0 320 126 0 314 112 0 296 115 0 321 116 0 276 52 0 276 52 0 321 116 0 322 117 0 276 52 0 322 117 0 330 127 0 323 118 0 330 127 0 322 117 0 331 128 0 330 127 0 323 118 0 324 109 0 331 128 0 323 118 0 332 129 0 331 128 0 324 109 0 325 120 0 332 129 0 324 109 0 333 122 0 332 129 0 325 120 0 334 130 0 333 122 0 305 121 0 647 131 0 334 130 0 305 121 0 344 132 0 334 130 0 647 131 0 318 124 0 326 134 0 636 133 0 248 123 0 318 124 0 636 133 0 327 135 0 326 134 0 318 124 0 319 125 0 327 135 0 318 124 0 328 136 0 327 135 0 319 125 0 320 126 0 328 136 0 319 125 0 329 137 0 328 136 0 320 126 0 616 114 0 329 137 0 320 126 0 276 52 0 330 127 0 274 138 0 274 138 0 330 127 0 340 139 0 331 128 0 340 139 0 330 127 0 341 140 0 340 139 0 331 128 0 332 129 0 341 140 0 331 128 0 342 141 0 341 140 0 332 129 0 333 122 0 342 141 0 332 129 0 343 142 0 342 141 0 333 122 0 334 130 0 343 142 0 333 122 0 344 132 0 343 142 0 334 130 0 345 143 0 344 132 0 647 131 0 646 144 0 345 143 0 647 131 0 358 145 0 345 143 0 646 144 0 326 134 0 335 147 0 246 146 0 636 133 0 326 134 0 246 146 0 336 148 0 335 147 0 326 134 0 327 135 0 336 148 0 326 134 0 337 149 0 336 148 0 327 135 0 328 136 0 337 149 0 327 135 0 338 150 0 337 149 0 328 136 0 329 137 0 338 150 0 328 136 0 339 151 0 338 150 0 329 137 0 616 114 0 339 151 0 329 137 0 274 138 0 340 139 0 273 152 0 273 152 0 340 139 0 353 153 0 341 140 0 353 153 0 340 139 0 354 154 0 353 153 0 341 140 0 342 141 0 354 154 0 341 140 0 355 155 0 354 154 0 342 141 0 343 142 0 355 155 0 342 141 0 356 156 0 355 155 0 343 142 0 344 132 0 356 156 0 343 142 0 357 157 0 356 156 0 344 132 0 345 143 0 357 157 0 344 132 0 358 145 0 357 157 0 345 143 0 308 158 0 358 145 0 646 144 0 308 158 0 359 159 0 358 145 0 360 160 0 359 159 0 308 158 0 644 161 0 360 160 0 308 158 0 336 148 0 347 162 0 335 147 0 348 163 0 347 162 0 336 148 0 337 149 0 348 163 0 336 148 0 349 164 0 348 163 0 337 149 0 338 150 0 349 164 0 337 149 0 350 165 0 349 164 0 338 150 0 339 151 0 350 165 0 338 150 0 351 166 0 350 165 0 339 151 0 616 114 0 351 166 0 339 151 0 352 167 0 351 166 0 616 114 0 617 168 0 352 167 0 616 114 0 273 152 0 353 153 0 292 169 0 292 169 0 353 153 0 361 170 0 354 154 0 361 170 0 353 153 0 362 171 0 361 170 0 354 154 0 355 155 0 362 171 0 354 154 0 363 172 0 362 171 0 355 155 0 356 156 0 363 172 0 355 155 0 364 173 0 363 172 0 356 156 0 357 157 0 364 173 0 356 156 0 365 174 0 364 173 0 357 157 0 358 145 0 365 174 0 357 157 0 366 175 0 365 174 0 358 145 0 359 159 0 366 175 0 358 145 0 367 176 0 366 175 0 359 159 0 360 160 0 367 176 0 359 159 0 368 177 0 367 176 0 360 160 0 644 161 0 368 177 0 360 160 0 369 178 0 368 177 0 644 161 0 240 179 0 369 178 0 644 161 0 370 180 0 369 178 0 240 179 0 642 181 0 370 180 0 240 179 0 371 182 0 370 180 0 642 181 0 242 183 0 371 182 0 642 181 0 372 184 0 371 182 0 242 183 0 640 185 0 372 184 0 242 183 0 373 186 0 372 184 0 640 185 0 244 187 0 373 186 0 640 185 0 346 188 0 373 186 0 244 187 0 638 189 0 346 188 0 244 187 0 374 190 0 373 186 0 346 188 0 348 163 0 375 191 0 347 162 0 376 192 0 375 191 0 348 163 0 349 164 0 376 192 0 348 163 0 377 193 0 376 192 0 349 164 0 350 165 0 377 193 0 349 164 0 378 194 0 377 193 0 350 165 0 351 166 0 378 194 0 350 165 0 379 195 0 378 194 0 351 166 0 352 167 0 379 195 0 351 166 0 380 196 0 379 195 0 352 167 0 617 168 0 380 196 0 352 167 0 292 169 0 361 170 0 291 197 0 291 197 0 361 170 0 381 198 0 362 171 0 381 198 0 361 170 0 382 199 0 381 198 0 362 171 0 363 172 0 382 199 0 362 171 0 383 200 0 382 199 0 363 172 0 364 173 0 383 200 0 363 172 0 384 201 0 383 200 0 364 173 0 365 174 0 384 201 0 364 173 0 385 202 0 384 201 0 365 174 0 366 175 0 385 202 0 365 174 0 386 203 0 385 202 0 366 175 0 367 176 0 386 203 0 366 175 0 387 204 0 386 203 0 367 176 0 368 177 0 387 204 0 367 176 0 388 205 0 387 204 0 368 177 0 369 178 0 388 205 0 368 177 0 389 206 0 388 205 0 369 178 0 370 180 0 389 206 0 369 178 0 390 207 0 389 206 0 370 180 0 371 182 0 390 207 0 370 180 0 391 208 0 390 207 0 371 182 0 372 184 0 391 208 0 371 182 0 392 209 0 391 208 0 372 184 0 373 186 0 392 209 0 372 184 0 393 210 0 392 209 0 373 186 0 374 190 0 393 210 0 373 186 0 394 211 0 393 210 0 374 190 0 376 192 0 395 212 0 375 191 0 396 213 0 395 212 0 376 192 0 377 193 0 396 213 0 376 192 0 397 214 0 396 213 0 377 193 0 378 194 0 397 214 0 377 193 0 398 215 0 397 214 0 378 194 0 379 195 0 398 215 0 378 194 0 399 216 0 398 215 0 379 195 0 380 196 0 399 216 0 379 195 0 400 217 0 399 216 0 380 196 0 617 168 0 400 217 0 380 196 0 291 197 0 381 198 0 290 218 0 290 218 0 381 198 0 402 219 0 382 199 0 402 219 0 381 198 0 403 220 0 402 219 0 382 199 0 383 200 0 403 220 0 382 199 0 404 221 0 403 220 0 383 200 0 384 201 0 404 221 0 383 200 0 405 222 0 404 221 0 384 201 0 385 202 0 405 222 0 384 201 0 406 223 0 405 222 0 385 202 0 386 203 0 406 223 0 385 202 0 407 224 0 406 223 0 386 203 0 387 204 0 407 224 0 386 203 0 408 225 0 407 224 0 387 204 0 388 205 0 408 225 0 387 204 0 409 226 0 408 225 0 388 205 0 389 206 0 409 226 0 388 205 0 410 227 0 409 226 0 389 206 0 390 207 0 410 227 0 389 206 0 411 228 0 410 227 0 390 207 0 391 208 0 411 228 0 390 207 0 412 229 0 411 228 0 391 208 0 392 209 0 412 229 0 391 208 0 413 230 0 412 229 0 392 209 0 393 210 0 413 230 0 392 209 0 414 231 0 413 230 0 393 210 0 394 211 0 414 231 0 393 210 0 415 232 0 414 231 0 394 211 0 396 213 0 416 233 0 395 212 0 417 234 0 416 233 0 396 213 0 397 214 0 417 234 0 396 213 0 418 235 0 417 234 0 397 214 0 398 215 0 418 235 0 397 214 0 419 236 0 418 235 0 398 215 0 399 216 0 419 236 0 398 215 0 420 237 0 419 236 0 399 216 0 400 217 0 420 237 0 399 216 0 421 238 0 420 237 0 400 217 0 617 168 0 421 238 0 400 217 0 402 219 0 422 240 0 681 239 0 290 218 0 402 219 0 681 239 0 423 241 0 422 240 0 402 219 0 403 220 0 423 241 0 402 219 0 424 242 0 423 241 0 403 220 0 404 221 0 424 242 0 403 220 0 425 243 0 424 242 0 404 221 0 405 222 0 425 243 0 404 221 0 426 244 0 425 243 0 405 222 0 406 223 0 426 244 0 405 222 0 427 245 0 426 244 0 406 223 0 407 224 0 427 245 0 406 223 0 428 246 0 427 245 0 407 224 0 408 225 0 428 246 0 407 224 0 429 247 0 428 246 0 408 225 0 409 226 0 429 247 0 408 225 0 430 248 0 429 247 0 409 226 0 410 227 0 430 248 0 409 226 0 431 249 0 430 248 0 410 227 0 411 228 0 431 249 0 410 227 0 432 250 0 431 249 0 411 228 0 412 229 0 432 250 0 411 228 0 433 251 0 432 250 0 412 229 0 413 230 0 433 251 0 412 229 0 434 252 0 433 251 0 413 230 0 414 231 0 434 252 0 413 230 0 435 253 0 434 252 0 414 231 0 415 232 0 435 253 0 414 231 0 436 254 0 435 253 0 415 232 0 417 234 0 437 255 0 416 233 0 438 256 0 437 255 0 417 234 0 418 235 0 438 256 0 417 234 0 439 257 0 438 256 0 418 235 0 419 236 0 439 257 0 418 235 0 440 258 0 439 257 0 419 236 0 420 237 0 440 258 0 419 236 0 441 259 0 440 258 0 420 237 0 421 238 0 441 259 0 420 237 0 442 260 0 441 259 0 421 238 0 617 168 0 442 260 0 421 238 0 206 261 0 442 260 0 617 168 0 681 239 0 422 240 0 444 262 0 422 240 0 423 241 0 444 262 0 424 242 0 444 262 0 423 241 0 445 263 0 444 262 0 424 242 0 425 243 0 445 263 0 424 242 0 446 264 0 445 263 0 425 243 0 426 244 0 446 264 0 425 243 0 447 265 0 446 264 0 426 244 0 427 245 0 447 265 0 426 244 0 448 266 0 447 265 0 427 245 0 428 246 0 448 266 0 427 245 0 449 267 0 448 266 0 428 246 0 429 247 0 449 267 0 428 246 0 450 268 0 449 267 0 429 247 0 430 248 0 450 268 0 429 247 0 451 269 0 450 268 0 430 248 0 431 249 0 451 269 0 430 248 0 452 270 0 451 269 0 431 249 0 432 250 0 452 270 0 431 249 0 453 271 0 452 270 0 432 250 0 433 251 0 453 271 0 432 250 0 454 272 0 453 271 0 433 251 0 434 252 0 454 272 0 433 251 0 455 273 0 454 272 0 434 252 0 435 253 0 455 273 0 434 252 0 456 274 0 455 273 0 435 253 0 436 254 0 456 274 0 435 253 0 457 275 0 456 274 0 436 254 0 438 256 0 458 276 0 437 255 0 459 277 0 458 276 0 438 256 0 439 257 0 459 277 0 438 256 0 460 278 0 459 277 0 439 257 0 440 258 0 460 278 0 439 257 0 461 279 0 460 278 0 440 258 0 441 259 0 461 279 0 440 258 0 462 280 0 461 279 0 441 259 0 442 260 0 462 280 0 441 259 0 463 281 0 462 280 0 442 260 0 483 282 0 463 281 0 206 261 0 463 281 0 442 260 0 206 261 0 681 239 0 444 262 0 288 283 0 288 283 0 444 262 0 464 284 0 445 263 0 464 284 0 444 262 0 465 285 0 464 284 0 445 263 0 446 264 0 465 285 0 445 263 0 466 286 0 465 285 0 446 264 0 447 265 0 466 286 0 446 264 0 467 287 0 466 286 0 447 265 0 448 266 0 467 287 0 447 265 0 468 288 0 467 287 0 448 266 0 449 267 0 468 288 0 448 266 0 469 289 0 468 288 0 449 267 0 450 268 0 469 289 0 449 267 0 470 290 0 469 289 0 450 268 0 451 269 0 470 290 0 450 268 0 471 291 0 470 290 0 451 269 0 452 270 0 471 291 0 451 269 0 472 292 0 471 291 0 452 270 0 453 271 0 472 292 0 452 270 0 473 293 0 472 292 0 453 271 0 454 272 0 473 293 0 453 271 0 474 294 0 473 293 0 454 272 0 455 273 0 474 294 0 454 272 0 475 295 0 474 294 0 455 273 0 456 274 0 475 295 0 455 273 0 476 296 0 475 295 0 456 274 0 457 275 0 476 296 0 456 274 0 477 297 0 476 296 0 457 275 0 459 277 0 478 298 0 458 276 0 479 299 0 478 298 0 459 277 0 460 278 0 479 299 0 459 277 0 480 300 0 479 299 0 460 278 0 461 279 0 480 300 0 460 278 0 481 301 0 480 300 0 461 279 0 462 280 0 481 301 0 461 279 0 482 302 0 481 301 0 462 280 0 463 281 0 482 302 0 462 280 0 483 282 0 482 302 0 463 281 0 503 303 0 483 282 0 206 261 0 288 283 0 464 284 0 680 304 0 680 304 0 464 284 0 484 305 0 465 285 0 484 305 0 464 284 0 485 306 0 484 305 0 465 285 0 466 286 0 485 306 0 465 285 0 486 307 0 485 306 0 466 286 0 467 287 0 486 307 0 466 286 0 487 308 0 486 307 0 467 287 0 468 288 0 487 308 0 467 287 0 488 309 0 487 308 0 468 288 0 469 289 0 488 309 0 468 288 0 489 310 0 488 309 0 469 289 0 470 290 0 489 310 0 469 289 0 490 311 0 489 310 0 470 290 0 471 291 0 490 311 0 470 290 0 491 312 0 490 311 0 471 291 0 472 292 0 491 312 0 471 291 0 492 313 0 491 312 0 472 292 0 473 293 0 492 313 0 472 292 0 493 314 0 492 313 0 473 293 0 474 294 0 493 314 0 473 293 0 494 315 0 493 314 0 474 294 0 475 295 0 494 315 0 474 294 0 495 316 0 494 315 0 475 295 0 476 296 0 495 316 0 475 295 0 496 317 0 495 316 0 476 296 0 477 297 0 496 317 0 476 296 0 497 318 0 496 317 0 477 297 0 479 299 0 498 319 0 478 298 0 499 320 0 498 319 0 479 299 0 480 300 0 499 320 0 479 299 0 500 321 0 499 320 0 480 300 0 481 301 0 500 321 0 480 300 0 501 322 0 500 321 0 481 301 0 482 302 0 501 322 0 481 301 0 502 323 0 501 322 0 482 302 0 483 282 0 502 323 0 482 302 0 503 303 0 502 323 0 483 282 0 523 324 0 503 303 0 206 261 0 679 326 0 484 305 0 504 325 0 680 304 0 484 305 0 679 326 0 485 306 0 504 325 0 484 305 0 505 327 0 504 325 0 485 306 0 486 307 0 505 327 0 485 306 0 506 328 0 505 327 0 486 307 0 487 308 0 506 328 0 486 307 0 507 329 0 506 328 0 487 308 0 488 309 0 507 329 0 487 308 0 508 330 0 507 329 0 488 309 0 489 310 0 508 330 0 488 309 0 509 331 0 508 330 0 489 310 0 490 311 0 509 331 0 489 310 0 510 332 0 509 331 0 490 311 0 491 312 0 510 332 0 490 311 0 511 333 0 510 332 0 491 312 0 492 313 0 511 333 0 491 312 0 512 334 0 511 333 0 492 313 0 493 314 0 512 334 0 492 313 0 513 335 0 512 334 0 493 314 0 494 315 0 513 335 0 493 314 0 514 336 0 513 335 0 494 315 0 495 316 0 514 336 0 494 315 0 515 337 0 514 336 0 495 316 0 496 317 0 515 337 0 495 316 0 516 338 0 515 337 0 496 317 0 497 318 0 516 338 0 496 317 0 517 339 0 516 338 0 497 318 0 499 320 0 518 340 0 498 319 0 519 341 0 518 340 0 499 320 0 500 321 0 519 341 0 499 320 0 520 342 0 519 341 0 500 321 0 501 322 0 520 342 0 500 321 0 521 343 0 520 342 0 501 322 0 502 323 0 521 343 0 501 322 0 522 344 0 521 343 0 502 323 0 503 303 0 522 344 0 502 323 0 523 324 0 522 344 0 503 303 0 618 345 0 523 324 0 206 261 0 679 326 0 504 325 0 285 346 0 285 346 0 504 325 0 524 347 0 505 327 0 524 347 0 504 325 0 525 348 0 524 347 0 505 327 0 506 328 0 525 348 0 505 327 0 526 349 0 525 348 0 506 328 0 507 329 0 526 349 0 506 328 0 527 350 0 526 349 0 507 329 0 508 330 0 527 350 0 507 329 0 528 351 0 527 350 0 508 330 0 509 331 0 528 351 0 508 330 0 529 352 0 528 351 0 509 331 0 510 332 0 529 352 0 509 331 0 530 353 0 529 352 0 510 332 0 511 333 0 530 353 0 510 332 0 531 354 0 530 353 0 511 333 0 512 334 0 531 354 0 511 333 0 532 355 0 531 354 0 512 334 0 513 335 0 532 355 0 512 334 0 533 356 0 532 355 0 513 335 0 514 336 0 533 356 0 513 335 0 534 357 0 533 356 0 514 336 0 515 337 0 534 357 0 514 336 0 535 358 0 534 357 0 515 337 0 516 338 0 535 358 0 515 337 0 536 359 0 535 358 0 516 338 0 517 339 0 536 359 0 516 338 0 537 360 0 536 359 0 517 339 0 519 341 0 538 361 0 518 340 0 539 362 0 538 361 0 519 341 0 520 342 0 539 362 0 519 341 0 540 363 0 539 362 0 520 342 0 521 343 0 540 363 0 520 342 0 541 364 0 540 363 0 521 343 0 522 344 0 541 364 0 521 343 0 542 365 0 541 364 0 522 344 0 542 365 0 522 344 0 523 324 0 549 366 0 542 365 0 523 324 0 524 347 0 550 368 0 284 367 0 285 346 0 524 347 0 284 367 0 551 369 0 550 368 0 524 347 0 525 348 0 551 369 0 524 347 0 552 370 0 551 369 0 525 348 0 526 349 0 552 370 0 525 348 0 553 371 0 552 370 0 526 349 0 527 350 0 553 371 0 526 349 0 554 372 0 553 371 0 527 350 0 528 351 0 554 372 0 527 350 0 555 373 0 554 372 0 528 351 0 529 352 0 555 373 0 528 351 0 556 374 0 555 373 0 529 352 0 530 353 0 556 374 0 529 352 0 557 375 0 556 374 0 530 353 0 531 354 0 557 375 0 530 353 0 558 376 0 557 375 0 531 354 0 531 354 0 802 377 0 558 376 0 532 355 0 802 377 0 531 354 0 802 377 0 532 355 0 195 378 0 533 356 0 195 378 0 532 355 0 195 378 0 533 356 0 261 379 0 534 357 0 261 379 0 533 356 0 261 379 0 534 357 0 260 380 0 535 358 0 260 380 0 534 357 0 260 380 0 535 358 0 536 359 0 260 380 0 536 359 0 543 381 0 537 360 0 543 381 0 536 359 0 544 382 0 543 381 0 537 360 0 539 362 0 545 383 0 538 361 0 546 384 0 545 383 0 539 362 0 540 363 0 546 384 0 539 362 0 547 385 0 546 384 0 540 363 0 541 364 0 547 385 0 540 363 0 548 386 0 547 385 0 541 364 0 542 365 0 548 386 0 541 364 0 549 366 0 548 386 0 542 365 0 564 387 0 549 366 0 523 324 0 284 367 0 550 368 0 283 388 0 283 388 0 550 368 0 565 389 0 551 369 0 565 389 0 550 368 0 566 390 0 565 389 0 551 369 0 552 370 0 566 390 0 551 369 0 567 391 0 566 390 0 552 370 0 553 371 0 567 391 0 552 370 0 568 392 0 567 391 0 553 371 0 554 372 0 568 392 0 553 371 0 569 393 0 568 392 0 554 372 0 555 373 0 569 393 0 554 372 0 570 394 0 569 393 0 555 373 0 556 374 0 570 394 0 555 373 0 571 395 0 570 394 0 556 374 0 812 397 0 571 395 0 810 396 0 571 395 0 556 374 0 810 396 0 557 375 0 810 396 0 556 374 0 810 396 0 557 375 0 809 398 0 557 375 0 806 399 0 809 398 0 558 376 0 806 399 0 557 375 0 806 399 0 558 376 0 802 377 0 260 380 0 543 381 0 198 400 0 198 400 0 543 381 0 544 382 0 198 400 0 544 382 0 559 401 0 546 384 0 560 402 0 545 383 0 561 403 0 560 402 0 546 384 0 547 385 0 561 403 0 546 384 0 562 404 0 561 403 0 547 385 0 548 386 0 562 404 0 547 385 0 563 405 0 562 404 0 548 386 0 549 366 0 563 405 0 548 386 0 564 387 0 563 405 0 549 366 0 618 345 0 564 387 0 523 324 0 565 389 0 576 407 0 678 406 0 283 388 0 565 389 0 678 406 0 577 408 0 576 407 0 565 389 0 566 390 0 577 408 0 565 389 0 578 409 0 577 408 0 566 390 0 567 391 0 578 409 0 566 390 0 579 410 0 578 409 0 567 391 0 568 392 0 579 410 0 567 391 0 580 411 0 579 410 0 568 392 0 569 393 0 580 411 0 568 392 0 581 412 0 580 411 0 569 393 0 268 413 0 581 412 0 569 393 0 268 413 0 569 393 0 570 394 0 268 413 0 570 394 0 812 397 0 571 395 0 812 397 0 570 394 0 198 400 0 559 401 0 199 414 0 561 403 0 572 415 0 560 402 0 573 416 0 572 415 0 561 403 0 562 404 0 573 416 0 561 403 0 574 417 0 573 416 0 562 404 0 563 405 0 574 417 0 562 404 0 575 418 0 574 417 0 563 405 0 585 419 0 575 418 0 618 345 0 575 418 0 563 405 0 618 345 0 563 405 0 564 387 0 618 345 0 678 406 0 576 407 0 281 420 0 281 420 0 576 407 0 586 421 0 577 408 0 586 421 0 576 407 0 587 422 0 586 421 0 577 408 0 578 409 0 587 422 0 577 408 0 588 423 0 587 422 0 578 409 0 579 410 0 588 423 0 578 409 0 589 424 0 588 423 0 579 410 0 815 425 0 589 424 0 579 410 0 815 425 0 579 410 0 813 426 0 579 410 0 580 411 0 813 426 0 581 412 0 813 426 0 580 411 0 813 426 0 581 412 0 268 413 0 573 416 0 582 427 0 572 415 0 583 428 0 582 427 0 573 416 0 574 417 0 583 428 0 573 416 0 584 429 0 583 428 0 574 417 0 575 418 0 584 429 0 574 417 0 585 419 0 584 429 0 575 418 0 619 430 0 585 419 0 618 345 0 817 431 0 589 424 0 815 425 0 256 433 0 582 427 0 255 432 0 255 432 0 582 427 0 583 428 0 255 432 0 583 428 0 590 434 0 584 429 0 590 434 0 583 428 0 591 435 0 590 434 0 584 429 0 585 419 0 591 435 0 584 429 0 595 436 0 591 435 0 585 419 0 275 439 0 593 438 0 828 437 0 594 440 0 828 437 0 593 438 0 255 432 0 590 434 0 254 441 0 254 441 0 590 434 0 591 435 0 254 441 0 591 435 0 595 436 0 619 430 0 595 436 0 585 419 0 596 444 0 873 443 0 874 442 0 671 445 0 596 444 0 874 442 0 254 441 0 595 436 0 597 446 0 595 436 0 619 430 0 597 446 0 254 441 0 597 446 0 253 447 0 597 446 0 205 448 0 253 447 0 597 446 0 619 430 0 205 448 0 335 147 0 598 449 0 638 189 0 598 449 0 346 188 0 638 189 0 246 146 0 335 147 0 638 189 0 347 162 0 598 449 0 335 147 0 598 449 0 374 190 0 346 188 0 599 450 0 374 190 0 598 449 0 347 162 0 599 450 0 598 449 0 375 191 0 599 450 0 347 162 0 599 450 0 394 211 0 374 190 0 600 451 0 394 211 0 599 450 0 375 191 0 600 451 0 599 450 0 395 212 0 600 451 0 375 191 0 600 451 0 415 232 0 394 211 0 601 452 0 415 232 0 600 451 0 395 212 0 601 452 0 600 451 0 416 233 0 601 452 0 395 212 0 601 452 0 436 254 0 415 232 0 602 453 0 436 254 0 601 452 0 416 233 0 602 453 0 601 452 0 437 255 0 602 453 0 416 233 0 602 453 0 457 275 0 436 254 0 603 454 0 457 275 0 602 453 0 437 255 0 603 454 0 602 453 0 458 276 0 603 454 0 437 255 0 603 454 0 477 297 0 457 275 0 604 455 0 477 297 0 603 454 0 458 276 0 604 455 0 603 454 0 478 298 0 604 455 0 458 276 0 604 455 0 497 318 0 477 297 0 605 456 0 497 318 0 604 455 0 478 298 0 605 456 0 604 455 0 498 319 0 605 456 0 478 298 0 605 456 0 517 339 0 497 318 0 606 457 0 517 339 0 605 456 0 498 319 0 606 457 0 605 456 0 518 340 0 606 457 0 498 319 0 606 457 0 537 360 0 517 339 0 607 458 0 537 360 0 606 457 0 518 340 0 607 458 0 606 457 0 538 361 0 607 458 0 518 340 0 607 458 0 544 382 0 537 360 0 608 459 0 544 382 0 607 458 0 538 361 0 608 459 0 607 458 0 545 383 0 608 459 0 538 361 0 608 459 0 559 401 0 544 382 0 609 460 0 559 401 0 608 459 0 545 383 0 609 460 0 608 459 0 560 402 0 609 460 0 545 383 0 199 414 0 559 401 0 609 460 0 199 414 0 609 460 0 610 461 0 560 402 0 610 461 0 609 460 0 572 415 0 610 461 0 560 402 0 199 414 0 610 461 0 200 462 0 200 462 0 610 461 0 256 433 0 256 433 0 610 461 0 572 415 0 256 433 0 572 415 0 582 427 0 586 421 0 611 464 0 676 463 0 676 463 0 611 464 0 671 445 0 281 420 0 586 421 0 676 463 0 612 465 0 611 464 0 586 421 0 612 465 0 593 438 0 611 464 0 594 440 0 593 438 0 612 465 0 587 422 0 612 465 0 586 421 0 613 466 0 612 465 0 587 422 0 828 437 0 594 440 0 827 467 0 594 440 0 612 465 0 827 467 0 613 466 0 827 467 0 612 465 0 588 423 0 613 466 0 587 422 0 614 468 0 613 466 0 588 423 0 827 467 0 613 466 0 819 469 0 614 468 0 819 469 0 613 466 0 819 469 0 614 468 0 817 431 0 614 468 0 588 423 0 817 431 0 589 424 0 817 431 0 588 423 0 593 438 0 615 470 0 671 445 0 873 443 0 596 444 0 871 471 0 596 444 0 615 470 0 871 471 0 671 445 0 615 470 0 596 444 0 275 439 0 615 470 0 593 438 0 611 464 0 593 438 0 671 445 0 871 471 0 615 470 0 275 439 0 771 473 0 773 472 0 632 12 0 633 12 0 771 473 0 632 12 0 633 12 0 770 474 0 771 473 0 633 12 0 769 475 0 770 474 0 769 475 0 633 12 0 768 476 0 768 476 0 633 12 0 634 477 0 248 478 0 768 476 0 634 477 0 768 476 0 248 478 0 767 479 0 636 480 0 767 479 0 248 478 0 767 479 0 636 480 0 766 481 0 246 482 0 766 481 0 636 480 0 766 481 0 246 482 0 765 483 0 638 484 0 765 483 0 246 482 0 765 483 0 638 484 0 764 485 0 244 486 0 764 485 0 638 484 0 764 485 0 244 486 0 763 487 0 640 488 0 763 487 0 244 486 0 763 487 0 640 488 0 762 489 0 762 489 0 640 488 0 242 490 0 642 491 0 762 489 0 242 490 0 762 489 0 642 491 0 761 492 0 761 492 0 642 491 0 240 493 0 240 493 0 644 494 0 761 492 0 761 492 0 644 494 0 760 495 0 308 496 0 760 495 0 644 494 0 760 495 0 308 496 0 759 497 0 646 498 0 759 497 0 308 496 0 759 497 0 646 498 0 758 499 0 758 499 0 646 498 0 647 500 0 305 501 0 758 499 0 647 500 0 758 499 0 305 501 0 757 502 0 649 503 0 757 502 0 305 501 0 757 502 0 649 503 0 756 504 0 756 504 0 649 503 0 303 505 0 302 506 0 756 504 0 303 505 0 756 504 0 302 506 0 755 507 0 652 508 0 755 507 0 302 506 0 755 507 0 652 508 0 754 509 0 754 509 0 652 508 0 300 510 0 754 509 0 300 510 0 654 511 0 655 52 0 754 509 0 654 511 0 754 509 0 655 52 0 753 512 0 656 52 0 753 512 0 655 52 0 753 512 0 656 52 0 752 513 0 657 52 0 752 513 0 656 52 0 752 513 0 657 52 0 751 514 0 278 52 0 751 514 0 657 52 0 661 516 0 751 514 0 660 515 0 751 514 0 278 52 0 660 515 0 278 52 0 659 52 0 660 515 0 773 472 0 771 473 0 630 517 0 630 517 0 771 473 0 750 518 0 771 473 0 770 474 0 750 518 0 750 518 0 770 474 0 749 519 0 770 474 0 769 475 0 749 519 0 749 519 0 769 475 0 748 520 0 769 475 0 768 476 0 748 520 0 748 520 0 768 476 0 747 521 0 768 476 0 767 479 0 747 521 0 747 521 0 767 479 0 746 522 0 767 479 0 766 481 0 746 522 0 746 522 0 766 481 0 745 523 0 766 481 0 765 483 0 745 523 0 745 523 0 765 483 0 744 524 0 765 483 0 764 485 0 744 524 0 744 524 0 764 485 0 743 525 0 764 485 0 763 487 0 743 525 0 743 525 0 763 487 0 742 526 0 763 487 0 762 489 0 742 526 0 742 526 0 762 489 0 741 527 0 762 489 0 761 492 0 741 527 0 741 527 0 761 492 0 740 528 0 761 492 0 760 495 0 740 528 0 740 528 0 760 495 0 739 529 0 760 495 0 759 497 0 739 529 0 739 529 0 759 497 0 738 530 0 759 497 0 758 499 0 738 530 0 738 530 0 758 499 0 737 531 0 758 499 0 757 502 0 737 531 0 737 531 0 757 502 0 736 532 0 757 502 0 756 504 0 736 532 0 736 532 0 756 504 0 735 533 0 756 504 0 755 507 0 735 533 0 735 533 0 755 507 0 734 534 0 755 507 0 754 509 0 734 534 0 734 534 0 754 509 0 733 535 0 754 509 0 753 512 0 733 535 0 733 535 0 753 512 0 732 536 0 753 512 0 752 513 0 732 536 0 732 536 0 752 513 0 731 537 0 752 513 0 751 514 0 731 537 0 731 537 0 751 514 0 730 538 0 661 516 0 730 538 0 751 514 0 662 539 0 730 538 0 661 516 0 630 517 0 750 518 0 629 540 0 629 540 0 750 518 0 628 541 0 628 541 0 750 518 0 627 542 0 729 543 0 627 542 0 750 518 0 750 518 0 749 519 0 729 543 0 729 543 0 749 519 0 728 544 0 749 519 0 748 520 0 728 544 0 728 544 0 748 520 0 727 545 0 748 520 0 747 521 0 727 545 0 727 545 0 747 521 0 726 546 0 747 521 0 746 522 0 726 546 0 726 546 0 746 522 0 725 547 0 746 522 0 745 523 0 725 547 0 725 547 0 745 523 0 724 548 0 745 523 0 744 524 0 724 548 0 724 548 0 744 524 0 723 549 0 744 524 0 743 525 0 723 549 0 723 549 0 743 525 0 722 550 0 743 525 0 742 526 0 722 550 0 722 550 0 742 526 0 721 551 0 742 526 0 741 527 0 721 551 0 721 551 0 741 527 0 720 552 0 741 527 0 740 528 0 720 552 0 720 552 0 740 528 0 719 553 0 740 528 0 739 529 0 719 553 0 719 553 0 739 529 0 718 554 0 739 529 0 738 530 0 718 554 0 718 554 0 738 530 0 717 555 0 738 530 0 737 531 0 717 555 0 717 555 0 737 531 0 716 556 0 737 531 0 736 532 0 716 556 0 716 556 0 736 532 0 715 557 0 736 532 0 735 533 0 715 557 0 715 557 0 735 533 0 714 558 0 735 533 0 734 534 0 714 558 0 714 558 0 734 534 0 713 559 0 734 534 0 733 535 0 713 559 0 713 559 0 733 535 0 712 560 0 733 535 0 732 536 0 712 560 0 712 560 0 732 536 0 711 561 0 732 536 0 731 537 0 711 561 0 711 561 0 731 537 0 710 562 0 731 537 0 730 538 0 710 562 0 710 562 0 730 538 0 709 563 0 662 539 0 709 563 0 730 538 0 709 563 0 662 539 0 663 564 0 664 565 0 709 563 0 663 564 0 708 568 0 779 567 0 626 566 0 729 543 0 708 568 0 626 566 0 627 542 0 729 543 0 626 566 0 729 543 0 728 544 0 708 568 0 708 568 0 728 544 0 707 569 0 728 544 0 727 545 0 707 569 0 707 569 0 727 545 0 706 570 0 727 545 0 726 546 0 706 570 0 706 570 0 726 546 0 705 571 0 726 546 0 725 547 0 705 571 0 705 571 0 725 547 0 704 572 0 725 547 0 724 548 0 704 572 0 704 572 0 724 548 0 703 573 0 724 548 0 723 549 0 703 573 0 703 573 0 723 549 0 702 574 0 723 549 0 722 550 0 702 574 0 702 574 0 722 550 0 701 575 0 722 550 0 721 551 0 701 575 0 701 575 0 721 551 0 700 576 0 721 551 0 720 552 0 700 576 0 700 576 0 720 552 0 699 577 0 720 552 0 719 553 0 699 577 0 699 577 0 719 553 0 698 578 0 719 553 0 718 554 0 698 578 0 698 578 0 718 554 0 697 579 0 718 554 0 717 555 0 697 579 0 697 579 0 717 555 0 696 580 0 717 555 0 716 556 0 696 580 0 696 580 0 716 556 0 695 581 0 716 556 0 715 557 0 695 581 0 695 581 0 715 557 0 694 582 0 715 557 0 714 558 0 694 582 0 694 582 0 714 558 0 693 583 0 714 558 0 713 559 0 693 583 0 693 583 0 713 559 0 692 584 0 713 559 0 712 560 0 692 584 0 692 584 0 712 560 0 691 585 0 712 560 0 711 561 0 691 585 0 691 585 0 711 561 0 690 586 0 711 561 0 710 562 0 690 586 0 690 586 0 710 562 0 689 587 0 710 562 0 709 563 0 689 587 0 689 587 0 709 563 0 688 588 0 664 565 0 688 588 0 709 563 0 665 589 0 688 588 0 664 565 0 708 568 0 623 96 0 251 96 0 779 567 0 708 568 0 251 96 0 623 96 0 708 568 0 250 96 0 708 568 0 707 569 0 250 96 0 250 96 0 707 569 0 621 96 0 707 569 0 706 570 0 621 96 0 621 96 0 706 570 0 249 96 0 706 570 0 705 571 0 249 96 0 249 96 0 705 571 0 247 96 0 705 571 0 704 572 0 247 96 0 247 96 0 704 572 0 685 96 0 704 572 0 703 573 0 685 96 0 685 96 0 703 573 0 684 96 0 703 573 0 702 574 0 684 96 0 684 96 0 702 574 0 245 96 0 702 574 0 701 575 0 245 96 0 245 96 0 701 575 0 243 96 0 701 575 0 700 576 0 243 96 0 243 96 0 700 576 0 241 96 0 700 576 0 699 577 0 241 96 0 241 96 0 699 577 0 231 96 0 699 577 0 698 578 0 231 96 0 231 96 0 698 578 0 227 96 0 698 578 0 697 579 0 227 96 0 227 96 0 697 579 0 226 96 0 697 579 0 696 580 0 226 96 0 226 96 0 696 580 0 677 96 0 696 580 0 695 581 0 677 96 0 677 96 0 695 581 0 225 96 0 695 581 0 694 582 0 225 96 0 225 96 0 694 582 0 675 96 0 694 582 0 693 583 0 675 96 0 675 96 0 693 583 0 674 96 0 693 583 0 692 584 0 674 96 0 674 96 0 692 584 0 673 96 0 692 584 0 691 585 0 673 96 0 673 96 0 691 585 0 672 96 0 691 585 0 690 586 0 672 96 0 672 96 0 690 586 0 224 96 0 224 96 0 690 586 0 219 96 0 690 586 0 689 587 0 219 96 0 219 96 0 689 587 0 218 96 0 689 587 0 688 588 0 218 96 0 218 96 0 688 588 0 668 96 0 665 589 0 668 96 0 688 588 0 668 96 0 665 589 0 666 590 0 668 96 0 666 590 0 204 96 0 632 12 0 773 591 0 820 12 0 820 12 0 773 591 0 821 592 0 822 593 0 821 592 0 773 591 0 630 594 0 822 593 0 773 591 0 823 595 0 822 593 0 630 594 0 629 596 0 823 595 0 630 594 0 823 595 0 629 596 0 824 597 0 824 597 0 629 596 0 628 598 0 627 599 0 824 597 0 628 598 0 627 599 0 825 600 0 824 597 0 626 601 0 825 600 0 627 599 0 626 601 0 826 602 0 825 600 0 783 603 0 826 602 0 626 601 0 779 604 0 783 603 0 626 601 0 783 603 0 779 604 0 782 605 0 251 96 0 782 605 0 779 604 0 251 96 0 829 96 0 782 605 0 808 3 0 886 607 0 807 606 0 807 606 0 886 607 0 870 608 0 885 609 0 870 608 0 886 607 0 870 608 0 885 609 0 869 610 0 869 610 0 885 609 0 811 611 0 883 612 0 869 610 0 811 611 0 869 610 0 883 612 0 868 613 0 882 614 0 868 613 0 883 612 0 868 613 0 882 614 0 867 615 0 867 615 0 882 614 0 814 616 0 880 617 0 867 615 0 814 616 0 867 615 0 880 617 0 866 618 0 816 619 0 866 618 0 880 617 0 866 618 0 816 619 0 865 620 0 878 621 0 865 620 0 816 619 0 865 620 0 878 621 0 864 622 0 818 623 0 864 622 0 878 621 0 864 622 0 818 623 0 863 624 0 863 624 0 818 623 0 876 12 0 820 12 0 863 624 0 876 12 0 863 624 0 820 12 0 821 592 0 822 625 0 863 624 0 821 592 0 807 606 0 870 608 0 197 626 0 197 626 0 870 608 0 862 627 0 870 608 0 869 610 0 862 627 0 862 627 0 869 610 0 861 628 0 869 610 0 868 613 0 861 628 0 861 628 0 868 613 0 860 629 0 868 613 0 867 615 0 860 629 0 860 629 0 867 615 0 859 630 0 867 615 0 866 618 0 859 630 0 859 630 0 866 618 0 858 631 0 866 618 0 865 620 0 858 631 0 858 631 0 865 620 0 857 632 0 865 620 0 864 622 0 857 632 0 857 632 0 864 622 0 856 633 0 864 622 0 863 624 0 856 633 0 856 633 0 863 624 0 855 634 0 822 625 0 855 634 0 863 624 0 823 635 0 855 634 0 822 625 0 197 626 0 862 627 0 805 636 0 805 636 0 862 627 0 854 637 0 862 627 0 861 628 0 854 637 0 854 637 0 861 628 0 853 638 0 861 628 0 860 629 0 853 638 0 853 638 0 860 629 0 852 639 0 860 629 0 859 630 0 852 639 0 852 639 0 859 630 0 851 640 0 859 630 0 858 631 0 851 640 0 851 640 0 858 631 0 850 641 0 858 631 0 857 632 0 850 641 0 850 641 0 857 632 0 849 642 0 857 632 0 856 633 0 849 642 0 849 642 0 856 633 0 848 643 0 856 633 0 855 634 0 848 643 0 848 643 0 855 634 0 847 644 0 823 635 0 847 644 0 855 634 0 825 646 0 847 644 0 824 645 0 847 644 0 823 635 0 824 645 0 805 636 0 854 637 0 804 647 0 804 647 0 854 637 0 846 648 0 854 637 0 853 638 0 846 648 0 846 648 0 853 638 0 845 649 0 853 638 0 852 639 0 845 649 0 845 649 0 852 639 0 844 650 0 852 639 0 851 640 0 844 650 0 844 650 0 851 640 0 843 651 0 851 640 0 850 641 0 843 651 0 843 651 0 850 641 0 842 652 0 850 641 0 849 642 0 842 652 0 842 652 0 849 642 0 841 653 0 849 642 0 848 643 0 841 653 0 841 653 0 848 643 0 840 654 0 848 643 0 847 644 0 840 654 0 840 654 0 847 644 0 839 655 0 825 646 0 839 655 0 847 644 0 826 656 0 839 655 0 825 646 0 804 647 0 846 648 0 803 657 0 803 657 0 846 648 0 196 658 0 196 658 0 846 648 0 838 659 0 846 648 0 845 649 0 838 659 0 838 659 0 845 649 0 837 660 0 845 649 0 844 650 0 837 660 0 837 660 0 844 650 0 836 661 0 844 650 0 843 651 0 836 661 0 836 661 0 843 651 0 835 662 0 843 651 0 842 652 0 835 662 0 835 662 0 842 652 0 834 663 0 842 652 0 841 653 0 834 663 0 834 663 0 841 653 0 833 664 0 841 653 0 840 654 0 833 664 0 833 664 0 840 654 0 832 665 0 840 654 0 839 655 0 832 665 0 832 665 0 839 655 0 831 666 0 826 656 0 831 666 0 839 655 0 782 668 0 831 666 0 783 667 0 826 656 0 783 667 0 831 666 0 196 658 0 838 659 0 801 669 0 801 669 0 838 659 0 800 96 0 800 96 0 838 659 0 799 96 0 838 659 0 837 660 0 799 96 0 799 96 0 837 660 0 798 96 0 837 660 0 836 661 0 798 96 0 798 96 0 836 661 0 257 96 0 836 661 0 835 662 0 257 96 0 257 96 0 835 662 0 796 96 0 835 662 0 834 663 0 796 96 0 796 96 0 834 663 0 795 96 0 834 663 0 833 664 0 795 96 0 795 96 0 833 664 0 794 96 0 794 96 0 833 664 0 793 96 0 833 664 0 832 665 0 793 96 0 793 96 0 832 665 0 252 96 0 832 665 0 831 666 0 252 96 0 252 96 0 831 666 0 829 96 0 831 666 0 782 668 0 829 96 0 269 52 0 900 670 0 267 52 0 267 52 0 900 670 0 157 671 0 157 671 0 900 670 0 896 672 0 901 673 0 896 672 0 900 670 0 896 672 0 901 673 0 895 674 0 895 674 0 901 673 0 0 675 0 903 676 0 895 674 0 0 675 0 903 676 0 156 677 0 895 674 0 893 678 0 156 677 0 903 676 0 904 679 0 893 678 0 903 676 0 893 678 0 904 679 0 155 680 0 155 680 0 904 679 0 19 681 0 891 682 0 155 680 0 19 681 0 34 683 0 891 682 0 19 681 0 891 682 0 34 683 0 153 684 0 907 685 0 153 684 0 34 683 0 153 684 0 907 685 0 889 686 0 889 686 0 907 685 0 908 687 0 889 686 0 908 687 0 888 688 0 909 689 0 888 688 0 908 687 0 888 688 0 909 689 0 808 3 0 886 690 0 808 3 0 909 689 0 910 691 0 886 690 0 909 689 0 886 690 0 910 691 0 885 692 0 885 692 0 910 691 0 911 693 0 811 694 0 885 692 0 911 693 0 912 695 0 811 694 0 911 693 0 811 694 0 912 695 0 883 696 0 152 697 0 883 696 0 912 695 0 883 696 0 152 697 0 882 698 0 882 698 0 152 697 0 168 699 0 882 698 0 168 699 0 814 700 0 915 701 0 814 700 0 168 699 0 814 700 0 915 701 0 880 702 0 880 702 0 915 701 0 208 703 0 816 704 0 880 702 0 208 703 0 239 705 0 816 704 0 208 703 0 878 706 0 816 704 0 239 705 0 266 707 0 878 706 0 239 705 0 878 706 0 266 707 0 818 708 0 818 708 0 266 707 0 280 709 0 818 708 0 280 709 0 872 709 0 818 708 0 872 709 0 933 710 0 932 711 0 876 12 0 818 708 0 818 708 0 933 710 0 932 711 0 876 12 0 932 711 0 875 12 0 77 493 0 933 712 0 872 493 0 921 713 0 933 712 0 77 493 0 933 712 0 921 713 0 922 714 0 933 712 0 922 714 0 932 715 0 932 715 0 922 714 0 923 716 0 932 715 0 923 716 0 875 10 0 830 717 0 875 10 0 923 716 0 875 10 0 830 717 0 930 718 0 877 719 0 930 718 0 830 717 0 930 718 0 877 719 0 929 720 0 877 719 0 926 721 0 929 720 0 927 3 0 929 720 0 926 721 0 928 3 0 929 720 0 927 3 0 941 3 0 64 3 0 63 3 0 936 3 0 64 3 0 941 3 0 928 3 0 64 3 0 936 3 0 927 3 0 64 3 0 928 3 0 965 10 0 966 10 0 967 10 0 965 10 0 967 10 0 968 10 0 71 10 0 964 10 0 965 10 0 965 10 0 968 10 0 71 10 0 964 10 0 71 10 0 55 10 0 55 10 0 71 10 0 962 10 0 962 10 0 71 10 0 62 10 0 62 10 0 71 10 0 960 10 0 960 10 0 71 10 0 959 10 0 959 10 0 71 10 0 958 10 0 958 10 0 71 10 0 957 10 0 957 10 0 71 10 0 66 10 0 66 10 0 71 10 0 73 10 0 66 10 0 73 10 0 75 10 0 75 10 0 73 10 0 79 10 0 79 10 0 73 10 0 111 10 0 111 10 0 73 10 0 201 10 0 201 10 0 73 10 0 310 10 0 310 10 0 73 10 0 950 10 0 950 10 0 73 10 0 949 10 0 949 10 0 73 10 0 443 10 0 443 10 0 73 10 0 592 10 0 592 10 0 73 10 0 631 10 0 631 10 0 73 10 0 945 10 0 945 10 0 73 10 0 670 10 0 670 10 0 73 10 0 943 10 0 78 12 0 65 12 0 77 12 0 77 12 0 65 12 0 921 12 0 921 12 0 65 12 0 922 12 0 922 12 0 65 12 0 923 12 0 923 12 0 65 12 0 830 12 0 830 12 0 65 12 0 64 12 0 830 12 0 64 12 0 877 12 0 877 12 0 64 12 0 926 12 0 926 12 0 64 12 0 927 12 0 65 723 0 934 722 0 943 10 0 943 10 0 934 722 0 670 10 0 670 10 0 934 722 0 945 10 0 934 722 0 937 724 0 945 10 0 945 10 0 937 724 0 631 10 0 631 10 0 937 724 0 592 10 0 937 724 0 938 725 0 592 10 0 592 10 0 938 725 0 443 10 0 443 10 0 938 725 0 949 10 0 949 10 0 938 725 0 950 10 0 938 725 0 939 726 0 950 10 0 950 10 0 939 726 0 310 10 0 310 10 0 939 726 0 201 10 0 939 726 0 940 727 0 201 10 0 201 10 0 940 727 0 111 10 0 940 727 0 944 728 0 111 10 0 111 10 0 944 728 0 79 10 0 79 10 0 944 728 0 75 10 0 944 728 0 946 729 0 75 10 0 75 10 0 946 729 0 66 10 0 66 10 0 946 729 0 957 10 0 957 10 0 946 729 0 958 10 0 958 10 0 946 729 0 959 10 0 946 729 0 947 730 0 959 10 0 959 10 0 947 730 0 960 10 0 947 730 0 948 731 0 960 10 0 960 10 0 948 731 0 62 10 0 62 10 0 948 731 0 962 10 0 948 731 0 951 732 0 962 10 0 962 10 0 951 732 0 55 10 0 951 732 0 952 733 0 55 10 0 55 10 0 952 733 0 964 10 0 964 10 0 952 733 0 965 10 0 952 733 0 953 734 0 965 10 0 965 10 0 953 734 0 966 10 0 966 10 0 953 734 0 967 10 0 968 10 0 967 10 0 953 734 0 76 737 0 954 736 0 401 735 0 401 735 0 954 736 0 78 738 0 934 722 0 65 723 0 78 738 0 934 722 0 78 738 0 954 736 0 954 736 0 955 739 0 934 722 0 934 722 0 955 739 0 937 724 0 955 739 0 956 740 0 937 724 0 937 724 0 956 740 0 938 725 0 956 740 0 961 741 0 938 725 0 938 725 0 961 741 0 939 726 0 961 741 0 963 742 0 939 726 0 939 726 0 963 742 0 940 727 0 963 742 0 969 743 0 940 727 0 940 727 0 969 743 0 944 728 0 969 743 0 942 744 0 944 728 0 944 728 0 942 744 0 946 729 0 942 744 0 935 745 0 946 729 0 946 729 0 935 745 0 947 730 0 935 745 0 919 746 0 947 730 0 947 730 0 919 746 0 948 731 0 919 746 0 902 747 0 948 731 0 948 731 0 902 747 0 951 732 0 902 747 0 791 748 0 951 732 0 951 732 0 791 748 0 952 733 0 791 748 0 687 749 0 952 733 0 952 733 0 687 749 0 953 734 0 69 43 0 953 734 0 687 749 0 968 10 0 953 734 0 69 43 0 280 709 0 266 707 0 76 737 0 76 737 0 266 707 0 954 736 0 239 705 0 954 736 0 266 707 0 954 736 0 239 705 0 955 739 0 208 703 0 955 739 0 239 705 0 955 739 0 208 703 0 956 740 0 956 740 0 208 703 0 915 701 0 168 699 0 956 740 0 915 701 0 956 740 0 168 699 0 961 741 0 961 741 0 168 699 0 152 697 0 912 695 0 961 741 0 152 697 0 961 741 0 912 695 0 963 742 0 911 693 0 963 742 0 912 695 0 963 742 0 911 693 0 969 743 0 969 743 0 911 693 0 910 691 0 909 689 0 969 743 0 910 691 0 969 743 0 909 689 0 942 744 0 908 687 0 942 744 0 909 689 0 942 744 0 908 687 0 935 745 0 935 745 0 908 687 0 907 685 0 34 683 0 935 745 0 907 685 0 935 745 0 34 683 0 919 746 0 19 681 0 919 746 0 34 683 0 919 746 0 19 681 0 902 747 0 902 747 0 19 681 0 904 679 0 903 676 0 902 747 0 904 679 0 902 747 0 903 676 0 791 748 0 0 675 0 791 748 0 903 676 0 791 748 0 0 675 0 687 749 0 687 749 0 0 675 0 901 673 0 900 670 0 687 749 0 901 673 0 69 43 0 687 749 0 68 750 0 687 749 0 900 670 0 68 750 0 900 670 0 269 52 0 68 750 0 72 753 0 890 752 0 916 751 0 916 751 0 890 752 0 71 10 0 71 10 0 890 752 0 917 9 0 917 9 0 890 752 0 918 7 0 890 752 0 892 754 0 918 7 0 918 7 0 892 754 0 920 5 0 892 754 0 894 755 0 920 5 0 920 5 0 894 755 0 924 4 0 67 3 0 924 4 0 894 755 0 74 52 0 897 756 0 72 753 0 72 753 0 897 756 0 890 752 0 897 756 0 898 757 0 890 752 0 890 752 0 898 757 0 892 754 0 898 757 0 899 758 0 892 754 0 892 754 0 899 758 0 894 755 0 879 759 0 894 755 0 899 758 0 67 3 0 894 755 0 879 759 0 74 52 0 914 52 0 897 756 0 897 756 0 914 52 0 270 52 0 913 52 0 897 756 0 270 52 0 897 756 0 913 52 0 898 757 0 898 757 0 913 52 0 906 52 0 906 52 0 271 52 0 898 757 0 898 757 0 271 52 0 899 758 0 899 758 0 271 52 0 272 52 0 905 52 0 899 758 0 272 52 0 879 759 0 899 758 0 925 760 0 899 758 0 905 52 0 925 760 0 905 52 0 931 52 0 925 760 0 925 760 0 931 52 0 887 52 0 884 65 0 925 760 0 887 52 0 925 760 0 884 65 0 879 759 0 881 66 0 879 759 0 884 65 0 879 759 0 881 66 0 67 3 0 67 3 0 881 66 0 154 3 0 294 96 0 295 761 0 802 96 0 802 96 0 295 761 0 806 762 0 809 763 0 806 762 0 295 761 0 297 764 0 809 763 0 295 761 0 809 763 0 297 764 0 810 765 0 810 765 0 297 764 0 797 766 0 810 765 0 797 766 0 812 767 0 268 768 0 812 767 0 797 766 0 792 769 0 268 768 0 797 766 0 268 768 0 792 769 0 790 770 0 268 768 0 790 770 0 813 771 0 789 772 0 813 771 0 790 770 0 789 772 0 815 773 0 813 771 0 815 773 0 789 772 0 817 774 0 788 775 0 817 774 0 789 772 0 788 775 0 819 776 0 817 774 0 819 776 0 788 775 0 827 777 0 827 777 0 788 775 0 787 778 0 827 777 0 787 778 0 828 779 0 786 780 0 828 779 0 787 778 0 786 780 0 275 781 0 828 779 0 275 781 0 786 780 0 871 782 0 785 783 0 871 782 0 786 780 0 784 784 0 676 52 0 671 52 0 784 784 0 281 52 0 676 52 0 784 784 0 678 52 0 281 52 0 784 784 0 283 52 0 678 52 0 785 783 0 873 785 0 871 782 0 873 785 0 785 783 0 874 52 0 874 52 0 785 783 0 784 784 0 671 52 0 874 52 0 784 784 0 283 52 0 784 784 0 284 786 0 158 51 0 288 52 0 680 52 0 158 51 0 681 52 0 288 52 0 158 51 0 887 52 0 681 52 0 680 52 0 679 52 0 158 51 0 158 51 0 679 52 0 285 786 0 158 51 0 285 786 0 284 786 0 158 51 0 284 786 0 784 784 0 781 787 0 158 51 0 784 784 0 781 787 0 159 50 0 158 51 0 160 48 0 159 50 0 781 787 0 780 788 0 160 48 0 781 787 0 160 48 0 780 788 0 682 47 0 682 47 0 780 788 0 778 789 0 635 790 0 682 47 0 778 789 0 635 790 0 683 45 0 682 47 0 686 43 0 683 45 0 635 790 0 637 791 0 686 43 0 635 790 0 686 43 0 637 791 0 772 42 0 772 42 0 637 791 0 639 792 0 641 793 0 772 42 0 639 792 0 641 793 0 774 40 0 772 42 0 775 38 0 774 40 0 641 793 0 643 794 0 775 38 0 641 793 0 775 38 0 643 794 0 776 37 0 776 37 0 643 794 0 777 10 0 776 37 0 777 10 0 112 10 0 3 796 0 797 795 0 298 795 0 3 796 0 792 797 0 797 795 0 792 797 0 3 796 0 7 798 0 792 797 0 7 798 0 790 799 0 7 798 0 789 800 0 790 799 0 8 801 0 789 800 0 7 798 0 789 800 0 8 801 0 788 802 0 8 801 0 11 803 0 788 802 0 13 804 0 788 802 0 11 803 0 788 802 0 13 804 0 787 805 0 13 804 0 14 806 0 787 805 0 669 807 0 787 805 0 14 806 0 669 807 0 786 808 0 787 805 0 786 808 0 669 807 0 17 809 0 786 808 0 17 809 0 785 810 0 26 811 0 785 810 0 17 809 0 785 810 0 26 811 0 27 812 0 785 810 0 27 812 0 784 813 0 28 814 0 784 813 0 27 812 0 28 814 0 781 815 0 784 813 0 31 816 0 781 815 0 28 814 0 781 815 0 31 816 0 780 817 0 31 816 0 667 818 0 780 817 0 780 817 0 667 818 0 658 819 0 780 817 0 658 819 0 778 820 0 653 821 0 778 820 0 658 819 0 651 822 0 778 820 0 653 821 0 651 822 0 635 823 0 778 820 0 635 823 0 651 822 0 637 824 0 651 822 0 650 825 0 637 824 0 648 826 0 637 824 0 650 825 0 637 824 0 648 826 0 639 827 0 648 826 0 645 828 0 639 827 0 32 829 0 639 827 0 645 828 0 639 827 0 32 829 0 641 830 0 33 831 0 641 830 0 32 829 0 33 831 0 643 832 0 641 830 0 35 833 0 643 832 0 33 831 0 643 832 0 35 833 0 37 834 0 643 832 0 37 834 0 777 835 0 38 836 0 777 835 0 37 834 0 38 836 0 220 837 0 777 835 0 220 837 0 38 836 0 221 838 0 38 836 0 41 839 0 221 838 0 42 840 0 221 838 0 41 839 0 222 840 0 221 838 0 42 840 0 43 841 0 222 840 0 42 840 0 43 841 0 223 842 0 222 840 0 223 842 0 43 841 0 46 843 0 223 842 0 46 843 0 282 844 0 46 843 0 286 845 0 282 844 0 625 846 0 286 845 0 46 843 0 286 845 0 625 846 0 287 847 0 625 846 0 624 848 0 287 847 0 622 849 0 287 847 0 624 848 0 287 847 0 622 849 0 289 850 0 622 849 0 620 851 0 289 850 0 47 852 0 289 850 0 620 851 0 47 852 0 228 853 0 289 850 0 228 853 0 47 852 0 48 854 0 228 853 0 48 854 0 229 855 0 49 856 0 229 855 0 48 854 0 229 855 0 49 856 0 50 857 0 229 855 0 50 857 0 230 858 0 51 859 0 230 858 0 50 857 0 51 859 0 293 860 0 230 858 0 309 861 0 293 860 0 51 859 0 293 860 0 309 861 0 232 862 0 309 861 0 307 863 0 232 862 0 232 862 0 307 863 0 306 864 0 232 862 0 306 864 0 233 865 0 304 866 0 233 865 0 306 864 0 301 867 0 233 865 0 304 866 0 301 867 0 234 868 0 233 865 0 234 868 0 301 867 0 235 869 0 301 867 0 299 870 0 235 869 0 52 871 0 235 869 0 299 870 0 235 869 0 52 871 0 236 872 0 52 871 0 53 873 0 236 872 0 54 874 0 236 872 0 53 873 0 236 872 0 54 874 0 237 875 0 56 876 0 237 875 0 54 874 0 56 876 0 238 877 0 237 875 0 57 878 0 238 877 0 56 876 0 238 877 0 57 878 0 59 879 0 238 877 0 59 879 0 294 880 0 60 881 0 294 880 0 59 879 0 60 881 0 295 882 0 294 880 0 295 882 0 60 881 0 297 883 0 60 881 0 61 884 0 297 883 0 298 795 0 297 883 0 61 884 0 797 795 0 297 883 0 298 795 0 296 52 0 276 52 0 887 52 0 887 52 0 655 52 0 277 52 0 887 52 0 277 52 0 296 52 0 267 52 0 279 52 0 269 52 0 269 52 0 279 52 0 74 52 0 74 52 0 279 52 0 659 52 0 74 52 0 659 52 0 278 52 0 74 52 0 278 52 0 657 52 0 74 52 0 657 52 0 914 52 0 914 52 0 657 52 0 656 52 0 914 52 0 656 52 0 270 52 0 270 52 0 656 52 0 913 52 0 913 52 0 656 52 0 906 52 0 906 52 0 656 52 0 655 52 0 906 52 0 655 52 0 271 52 0 271 52 0 655 52 0 272 52 0 272 52 0 655 52 0 905 52 0 905 52 0 655 52 0 931 52 0 931 52 0 655 52 0 887 52 0 290 52 0 681 52 0 887 52 0 276 52 0 274 52 0 887 52 0 887 52 0 274 52 0 273 52 0 291 52 0 290 52 0 887 52 0 887 52 0 273 52 0 292 52 0 887 52 0 292 52 0 291 52 0 263 96 0 167 96 0 166 96 0 166 96 0 167 96 0 264 96 0 264 96 0 167 96 0 193 96 0 264 96 0 193 96 0 262 96 0 264 96 0 262 96 0 265 96 0 265 96 0 262 96 0 194 96 0 265 96 0 194 96 0 207 96 0 207 96 0 194 96 0 259 96 0 207 96 0 259 96 0 258 96 0 207 96 0 258 96 0 204 96 0 204 96 0 258 96 0 800 96 0 204 96 0 800 96 0 799 96 0 204 96 0 799 96 0 668 96 0 668 96 0 799 96 0 798 96 0 668 96 0 798 96 0 257 96 0 668 96 0 257 96 0 218 96 0 218 96 0 257 96 0 796 96 0 218 96 0 796 96 0 219 96 0 219 96 0 796 96 0 795 96 0 219 96 0 795 96 0 224 96 0 224 96 0 795 96 0 794 96 0 224 96 0 794 96 0 672 96 0 672 96 0 794 96 0 673 96 0 673 96 0 794 96 0 793 96 0 673 96 0 793 96 0 674 96 0 674 96 0 793 96 0 252 96 0 674 96 0 252 96 0 829 96 0 674 96 0 829 96 0 675 96 0 675 96 0 829 96 0 225 96 0 225 96 0 829 96 0 677 96 0 677 96 0 829 96 0 226 96 0 226 96 0 829 96 0 251 96 0 226 96 0 251 96 0 227 96 0 227 96 0 251 96 0 623 96 0 227 96 0 623 96 0 231 96 0 231 96 0 623 96 0 241 96 0 241 96 0 623 96 0 243 96 0 243 96 0 623 96 0 250 96 0 243 96 0 250 96 0 245 96 0 245 96 0 250 96 0 621 96 0 245 96 0 621 96 0 684 96 0 684 96 0 621 96 0 249 96 0 684 96 0 249 96 0 685 96 0 685 96 0 249 96 0 247 96 0 204 96 0 666 885 0 207 96 0 207 96 0 666 885 0 165 886 0 665 887 0 165 886 0 666 885 0 165 886 0 665 887 0 164 888 0 664 889 0 164 888 0 665 887 0 164 888 0 664 889 0 202 890 0 163 891 0 202 890 0 664 889 0 663 892 0 163 891 0 664 889 0 163 891 0 663 892 0 162 893 0 162 893 0 663 892 0 662 894 0 661 895 0 162 893 0 662 894 0 661 895 0 203 896 0 162 893 0 161 897 0 203 896 0 661 895 0 660 898 0 161 897 0 661 895 0 161 897 0 660 898 0 279 52 0 279 52 0 660 898 0 659 52 0 80 900 0 161 899 0 279 52 0 80 900 0 279 52 0 267 52 0 267 52 0 157 901 0 80 900 0 80 900 0 157 901 0 83 902 0 896 903 0 83 902 0 157 901 0 83 902 0 896 903 0 84 904 0 895 905 0 84 904 0 896 903 0 84 904 0 895 905 0 85 906 0 156 907 0 85 906 0 895 905 0 85 906 0 156 907 0 86 908 0 893 909 0 86 908 0 156 907 0 86 908 0 893 909 0 87 910 0 87 910 0 893 909 0 155 911 0 891 912 0 87 910 0 155 911 0 87 910 0 891 912 0 90 913 0 153 914 0 90 913 0 891 912 0 90 913 0 153 914 0 91 915 0 91 915 0 153 914 0 889 916 0 888 917 0 91 915 0 889 916 0 197 626 0 91 915 0 807 606 0 91 915 0 888 917 0 807 606 0 888 917 0 808 3 0 807 606 0 80 900 0 92 919 0 203 918 0 161 899 0 80 900 0 203 918 0 80 900 0 83 902 0 92 919 0 92 919 0 83 902 0 93 920 0 83 902 0 84 904 0 93 920 0 93 920 0 84 904 0 94 921 0 84 904 0 85 906 0 94 921 0 94 921 0 85 906 0 95 922 0 85 906 0 86 908 0 95 922 0 95 922 0 86 908 0 108 923 0 86 908 0 87 910 0 108 923 0 108 923 0 87 910 0 109 924 0 87 910 0 90 913 0 109 924 0 109 924 0 90 913 0 110 925 0 90 913 0 91 915 0 110 925 0 110 925 0 91 915 0 113 926 0 197 626 0 113 926 0 91 915 0 805 636 0 113 926 0 197 626 0 92 919 0 114 928 0 162 927 0 203 918 0 92 919 0 162 927 0 92 919 0 93 920 0 114 928 0 114 928 0 93 920 0 115 929 0 93 920 0 94 921 0 115 929 0 115 929 0 94 921 0 116 930 0 94 921 0 95 922 0 116 930 0 116 930 0 95 922 0 117 931 0 95 922 0 108 923 0 117 931 0 117 931 0 108 923 0 118 932 0 108 923 0 109 924 0 118 932 0 118 932 0 109 924 0 119 933 0 109 924 0 110 925 0 119 933 0 119 933 0 110 925 0 120 934 0 110 925 0 113 926 0 120 934 0 120 934 0 113 926 0 121 935 0 805 636 0 121 935 0 113 926 0 804 647 0 121 935 0 805 636 0 114 928 0 123 937 0 163 936 0 162 927 0 114 928 0 163 936 0 114 928 0 115 929 0 123 937 0 123 937 0 115 929 0 126 938 0 115 929 0 116 930 0 126 938 0 126 938 0 116 930 0 127 939 0 116 930 0 117 931 0 127 939 0 127 939 0 117 931 0 128 940 0 117 931 0 118 932 0 128 940 0 128 940 0 118 932 0 129 941 0 118 932 0 119 933 0 129 941 0 129 941 0 119 933 0 130 942 0 119 933 0 120 934 0 130 942 0 130 942 0 120 934 0 131 943 0 120 934 0 121 935 0 131 943 0 131 943 0 121 935 0 132 944 0 804 647 0 132 944 0 121 935 0 803 657 0 132 944 0 804 647 0 123 937 0 164 946 0 202 945 0 163 936 0 123 937 0 202 945 0 164 946 0 123 937 0 133 947 0 123 937 0 126 938 0 133 947 0 133 947 0 126 938 0 134 948 0 126 938 0 127 939 0 134 948 0 134 948 0 127 939 0 135 949 0 127 939 0 128 940 0 135 949 0 135 949 0 128 940 0 136 950 0 128 940 0 129 941 0 136 950 0 136 950 0 129 941 0 137 951 0 129 941 0 130 942 0 137 951 0 137 951 0 130 942 0 138 952 0 130 942 0 131 943 0 138 952 0 138 952 0 131 943 0 145 953 0 131 943 0 132 944 0 145 953 0 145 953 0 132 944 0 146 954 0 803 657 0 146 954 0 132 944 0 801 669 0 146 954 0 196 658 0 146 954 0 803 657 0 196 658 0 164 946 0 133 947 0 165 955 0 165 955 0 133 947 0 207 96 0 207 96 0 133 947 0 265 96 0 265 96 0 133 947 0 264 96 0 264 96 0 133 947 0 166 96 0 133 947 0 134 948 0 166 96 0 166 96 0 134 948 0 263 96 0 134 948 0 135 949 0 263 96 0 263 96 0 135 949 0 167 96 0 135 949 0 136 950 0 167 96 0 167 96 0 136 950 0 193 96 0 136 950 0 137 951 0 193 96 0 193 96 0 137 951 0 262 96 0 137 951 0 138 952 0 262 96 0 262 96 0 138 952 0 194 96 0 138 952 0 145 953 0 194 96 0 194 96 0 145 953 0 259 96 0 259 96 0 145 953 0 258 96 0 145 953 0 146 954 0 258 96 0 258 96 0 146 954 0 801 669 0 258 96 0 801 669 0 800 96 0 76 493 0 872 493 0 280 493 0 401 493 0 872 493 0 76 493 0 78 493 0 872 493 0 401 493 0 77 493 0 872 493 0 78 493 0 916 751 0 71 10 0 968 10 0 69 43 0 916 751 0 968 10 0 916 751 0 69 43 0 72 753 0 68 750 0 72 753 0 69 43 0 72 753 0 68 750 0 74 52 0 74 52 0 68 750 0 269 52 0 26 493 0 17 493 0 27 493 0 27 493 0 17 493 0 28 493 0 28 493 0 17 493 0 669 493 0 28 493 0 669 493 0 31 493 0 31 493 0 669 493 0 14 493 0 31 493 0 14 493 0 667 493 0 667 493 0 14 493 0 13 493 0 667 493 0 13 493 0 658 493 0 658 493 0 13 493 0 11 493 0 658 493 0 11 493 0 653 493 0 653 493 0 11 493 0 8 493 0 653 493 0 8 493 0 651 493 0 651 493 0 8 493 0 7 493 0 651 493 0 7 493 0 650 493 0 650 493 0 7 493 0 648 493 0 648 493 0 7 493 0 3 493 0 648 493 0 3 493 0 645 493 0 645 493 0 3 493 0 298 493 0 645 493 0 298 493 0 32 493 0 32 493 0 298 493 0 61 493 0 32 493 0 61 493 0 33 493 0 33 493 0 61 493 0 35 493 0 35 493 0 61 493 0 60 493 0 35 493 0 60 493 0 37 493 0 37 493 0 60 493 0 59 493 0 37 493 0 59 493 0 38 493 0 38 493 0 59 493 0 57 493 0 38 493 0 57 493 0 41 493 0 41 493 0 57 493 0 56 493 0 41 493 0 56 493 0 42 493 0 42 493 0 56 493 0 54 493 0 42 493 0 54 493 0 53 493 0 42 493 0 53 493 0 43 493 0 43 493 0 53 493 0 52 493 0 43 493 0 52 493 0 46 493 0 46 493 0 52 493 0 299 493 0 46 493 0 299 493 0 625 493 0 625 493 0 299 493 0 301 493 0 625 493 0 301 493 0 304 493 0 625 493 0 304 493 0 624 493 0 624 493 0 304 493 0 306 493 0 624 493 0 306 493 0 622 493 0 622 493 0 306 493 0 307 493 0 622 493 0 307 493 0 620 493 0 620 493 0 307 493 0 309 493 0 620 493 0 309 493 0 47 493 0 47 493 0 309 493 0 51 493 0 47 493 0 51 493 0 48 493 0 48 493 0 51 493 0 50 493 0 48 493 0 50 493 0 49 493 0</p>
				</polylist>
			</mesh>
		</geometry>
	</library_geometries>
	<library_visual_scenes>
		<visual_scene id="ID1">
			<node id="ID2" name="J6_-_摆正.STEP">
				<translate sid="translate">0 0 -0</translate>
				<rotate sid="rotateY">0 1 0 -0</rotate>
				<rotate sid="rotateX">1 0 0 0</rotate>
				<rotate sid="rotateZ">0 0 1 -0</rotate>
				<scale sid="scale">1 1 1</scale>
				<node id="ID3" name="NONE">
					<translate sid="translate">0 0 -0</translate>
					<rotate sid="rotateY">0 1 0 -0</rotate>
					<rotate sid="rotateX">1 0 0 0</rotate>
					<rotate sid="rotateZ">0 0 1 -0</rotate>
					<scale sid="scale">1 1 1</scale>
					<instance_geometry url="#ID4"/>
				</node>
			</node>
		</visual_scene>
	</library_visual_scenes>
	<scene>
		<instance_visual_scene url="#ID1"/>
	</scene>
</COLLADA>
