<?xml version="1.0" encoding="UTF-8"?>
<COLLADA xmlns="http://www.collada.org/2008/03/COLLADASchema" version="1.5.0">
	<asset>
		<contributor>
			<authoring_tool>Cinema 4D 2023.103 COLLADA Exporter</authoring_tool>
		</contributor>
		<created>2025-07-30T06:12:16Z</created>
		<modified>2025-07-30T06:12:16Z</modified>
		<unit meter="0.01" name="centimeter"/>
		<up_axis>Y_UP</up_axis>
	</asset>
	<library_geometries>
		<geometry id="ID4">
			<mesh>
				<source id="ID5">
					<float_array id="ID6" count="4296" digits="2490374">2.25 -0.2 5.15532e-15 -2.20225 -0.2 -0.146946 -1.27414 -0.35 -0.649206 -0.840533 -0.35 -1.15689 -0.441894 -0.35 -1.36001 -0.223701 -0.35 -1.41239 1.92275 -0.2 -0.237764 -4.32473e-14 -0.35 -1.43 1.79775 -0.2 -0.146946 1.76224 -0.2 -0.0772542 1.75 -0.2 4.58815e-15 0.223701 -0.35 -1.41239 1.75946 -1.17 -0.0681171 0.441894 -0.35 -1.36001 1.84026 -1.17 -0.192308 0.840533 -0.35 -1.15689 2 -1.17 -0.25 2.06812 -1.17 -0.240541 1.01116 -0.35 -1.01116 2.19231 -1.17 -0.159743 2.23331 -1.17 -0.089807 2.25 -1.17 4.76379e-15 -2.22217 -1.17 -0.11464 1.27414 -0.35 -0.649206 2.2452 -0.2 0.0487723 2.22082 -0.2 0.117218 1.36001 -0.35 -0.441894 1.41239 -0.35 0.223701 1.01116 -0.35 1.01116 0.441894 -0.35 1.36001 1.91418 -0.2 0.23481 0.223701 -0.35 1.41239 -4.6097e-14 -0.35 1.43 -0.649206 -0.35 1.27414 -1.01116 -0.35 1.01116 -1.15689 -0.35 0.840533 -1.36001 -0.35 0.441894 -2.07725 -0.2 -0.237764 1.85305 -0.2 -0.202254 1.39357 -0.15 0.320707 2 -0.2 -0.25 2.07725 -0.2 -0.237764 2.14695 -0.2 -0.202254 2.20225 -0.2 -0.146946 2.23776 -0.2 -0.0772542 -2 -0.2 -0.25 1.34848 -0.15 0.475932 1.28615 -0.15 0.625076 1.75262 -0.2 0.0361146 1.77367 -0.2 0.106187 1.81376 -0.2 0.166783 1.84988 -0.2 0.19991 1.20739 -0.15 0.766232 1.98533 -0.2 0.24957 2.0343 -0.2 0.247636 2.11174 -0.2 0.22364 2.17742 -0.2 0.176127 1.00479 -0.15 1.0175 0.30317 -0.15 1.39749 0.143517 -0.15 1.42278 -0.492839 -0.15 1.34239 2.24054 -1.17 0.0681171 2.21288 -1.17 0.13108 -0.911516 -0.15 1.10183 2.08981 -1.17 0.233312 -1.22626 -0.15 0.735649 -1.30145 -0.15 0.592557 1.86892 -1.17 0.21288 -1.35721 -0.15 0.450431 1.76669 -1.17 0.089807 -1.92275 -0.2 -0.237764 1.75 -1.17 4.19662e-15 -1.41239 -0.35 0.223701 1.80769 -1.17 0.159743 -1.27414 -0.35 0.649206 1.93188 -1.17 0.240541 2 -1.17 0.25 2 -1.2 0.28 -0.840533 -0.35 1.15689 1.87761 -1.2 0.251833 1.82425 -1.2 0.217969 1.77984 -1.2 0.173001 -0.441894 -0.35 1.36001 1.72636 -1.2 0.059362 1.72002 -1.2 -0.00351849 1.72794 -1.2 -0.0662197 1.74972 -1.2 -0.125547 -0.223701 -0.35 1.41239 1.82978 -1.2 -0.222317 0.649206 -0.35 1.27414 0.840533 -0.35 1.15689 1.15689 -0.35 0.840533 1.91019 -1.17 -0.233312 1.27414 -0.35 0.649206 1.78712 -1.17 -0.13108 1.36001 -0.35 0.441894 -2.18944 -1.17 -0.163128 -2.12798 -1.17 -0.214756 -1.34848 -0.15 -0.475932 -1.00479 -0.15 -1.0175 2.15974 -1.17 0.192308 -0.883539 -0.15 -1.12439 -0.751 -0.15 -1.21692 -0.608864 -0.15 -1.2939 -0.30317 -0.15 -1.39749 -0.143517 -0.15 -1.42278 2.13108 -1.17 -0.21288 0.338194 -0.15 -1.38943 0.781344 -0.15 -1.19767 1.03004 -0.15 -0.991924 2.0628 -1.2 -0.272868 2.12239 -1.2 -0.251833 2.17575 -1.2 -0.217969 1.13541 -0.15 -0.86934 1.30145 -0.15 -0.592557 1.42185 -0.15 -0.152454 2.27998 -1.2 0.00351849 2.27206 -1.2 0.0662197 1.43 -0.35 6.95525e-15 1.41239 -0.35 -0.223701 2.17022 -1.2 0.222317 2.11603 -1.2 0.25483 -1.83687 -1.17 -0.189445 1.15689 -0.35 -0.840533 -2.83619 -1.2 -0.280354 0.649206 -0.35 -1.27414 -2.75512 -1.2 -0.729267 -0.649206 -0.35 -1.27414 -1.01116 -0.35 -1.01116 -1.15689 -0.35 -0.840533 -2.53546 -1.2 -1.30152 -2.42872 -1.2 -1.49127 -2.33909 -1.2 -1.62826 -1.36001 -0.35 -0.441894 -1.41239 -0.35 -0.223701 -1.43 -0.35 2.66031e-15 -1.77275 -1.17 -0.104207 -1.54662 -1.2 -2.39384 1.37396 -0.1 0.55011 1.31242 -0.1 0.684069 1.19551 -0.1 0.872454 1.05035 -0.1 1.04267 0.878909 -0.1 1.19077 -0.391 -1.2 -2.82305 -0.111401 -1.2 -2.84783 0.132543 -1.2 -2.84693 0.803156 -0.1 1.24312 0.527807 -1.2 -2.8007 0.686331 -1.2 -2.76613 0.823211 -1.2 -2.72852 0.941367 -1.2 -2.69005 1.14397 -1.2 -2.61034 1.29196 -1.2 -2.54036 0.553683 -0.1 1.37253 1.71137 -1.2 -2.27897 0.0578505 -0.1 1.47887 -0.0688295 -0.1 1.4784 2.23755 -1.2 -1.7652 2.3477 -1.2 -1.6158 2.43584 -1.2 -1.47958 -0.35641 -0.1 1.43644 -0.497546 -0.1 1.39386 -0.888711 -0.1 1.18347 2.7066 -1.2 -0.892686 -1.0904 -0.1 1.00073 2.82011 -1.2 -0.411707 2.84252 -1.2 -0.206395 -1.26493 -0.1 0.768346 2.83619 -1.2 0.280354 -1.41553 -0.1 0.432085 2.75512 -1.2 0.729267 2.70181 -1.2 0.907053 -1.46448 -0.1 0.213798 -1.48 -0.1 3.03714e-15 -1.42185 -0.15 0.152454 2.42872 -1.2 1.49127 -1.39749 -0.15 0.30317 -1.13541 -0.15 0.86934 2.02264 -1.2 2.00785 1.8516 -1.2 2.16659 1.69249 -1.2 2.29303 1.54662 -1.2 2.39384 1.41426 -1.2 2.47434 -1.03004 -0.15 0.991924 1.18843 -1.2 2.59039 -0.781344 -0.15 1.19767 -0.641188 -0.15 1.27819 0.391 -1.2 2.82305 0.111401 -1.2 2.84783 -0.338194 -0.15 1.38943 -0.179227 -0.15 1.41872 -0.0179694 -0.15 1.42989 -0.686331 -1.2 2.76613 0.458949 -0.15 1.35435 0.608864 -0.15 1.2939 0.751 -0.15 1.21692 -1.29196 -1.2 2.54036 0.883539 -0.15 1.12439 1.1132 -0.15 0.897599 1.42086 -0.15 0.161385 1.43 -0.15 6.95533e-15 -2.23755 -1.2 1.7652 -2.3477 -1.2 1.6158 -2.43584 -1.2 1.47958 -2.16313 -1.17 0.189445 -1.47283 -0.1 -0.145587 -1.45498 -0.1 -0.271005 -2.7066 -1.2 0.892686 -1.40304 -0.1 -0.471031 -1.37396 -0.1 -0.55011 -2.84252 -1.2 0.206395 -1.68013 -1.17 -1.53363 -1.19551 -0.1 -0.872454 -1.69176 -1.2 0.167229 -1.67126 -1.2 0.31129 -0.961531 -0.1 -1.12511 -0.878909 -0.1 -1.19077 -1.5782 -1.2 0.631883 -0.803156 -0.1 -1.24312 -1.44453 -1.2 0.896307 -1.33451 -1.2 1.05314 -1.20648 -1.2 1.19766 -1.10446 -1.2 1.29235 -0.381785 -0.1 -1.42991 -0.922545 -1.2 1.42791 -0.843595 -1.2 1.47592 -0.203045 -0.1 -1.46601 -0.0578505 -0.1 -1.47887 -0.233228 -1.2 1.68393 -0.0664499 -1.2 1.69871 0.0688295 -0.1 -1.4784 0.205425 -1.2 1.68755 0.314832 -1.2 1.67059 0.40939 -1.2 1.64997 0.571506 -1.2 1.60106 0.17884 -0.1 -1.46916 0.274089 -0.1 -1.4544 0.497546 -0.1 -1.39386 0.700189 -0.1 -1.3039 1.00082 -0.1 -1.09031 1.33468 -1.2 1.05292 1.40038 -1.2 0.963813 1.0904 -0.1 -1.00073 1.53355 -1.2 0.733636 1.16196 -0.1 -0.916663 1.64348 -1.2 0.434742 1.68217 -1.2 0.245579 1.21916 -0.1 -0.839085 1.26493 -0.1 -0.768346 1.67126 -1.2 -0.31129 1.39749 -0.15 -0.30317 1.6116 -1.2 -0.541049 1.35721 -0.15 -0.450431 1.22626 -0.15 -0.735649 1.44453 -1.2 -0.896307 0.911516 -0.15 -1.10183 1.20648 -1.2 -1.19766 1.10446 -1.2 -1.29235 1.00956 -1.2 -1.36777 0.641188 -0.15 -1.27819 0.843595 -1.2 -1.47592 0.492839 -0.15 -1.34239 0.179227 -0.15 -1.41872 0.0179694 -0.15 -1.42989 -0.458949 -0.15 -1.35435 -0.0790609 -1.2 -1.69817 -0.205425 -1.2 -1.68755 -0.314832 -1.2 -1.67059 -0.40939 -1.2 -1.64997 -0.571506 -1.2 -1.60106 -1.1132 -0.15 -0.897599 -1.20739 -0.15 -0.766232 -1.28615 -0.15 -0.625076 -1.39357 -0.15 -0.320707 -1.25248 -1.2 -1.14948 -1.33468 -1.2 -1.05292 -1.42086 -0.15 -0.161385 -1.43 -0.15 2.6604e-15 -1.53355 -1.2 -0.733636 -2.01599 -1.17 -1.73799 -1.33509 -0.1 0.638695 -1.68217 -1.2 -0.245579 -2.01469 -0.2 -1.80688 -1.21916 -0.1 0.839085 -1.16196 -0.1 0.916663 0.247315 -1.2 1.86872 0.198715 -1.2 1.80274 0.125145 -1.2 1.74952 -1.00082 -0.1 1.09031 -0.0164324 -1.2 1.72048 -0.700189 -0.1 1.3039 -0.168135 -1.2 1.7761 -0.208585 -1.2 1.8132 -0.253488 -1.2 1.88107 -0.277063 -1.2 1.95955 -0.274089 -0.1 1.4544 -0.274621 -1.2 2.05462 -0.247315 -1.2 2.13128 -0.198715 -1.2 2.19726 -0.125145 -1.2 2.25048 -0.038414 -1.2 2.27735 -0.17884 -0.1 1.46916 0.0961132 -1.2 2.26299 0.168135 -1.2 2.2239 0.203045 -0.1 1.46601 0.253488 -1.2 2.11893 0.277063 -1.2 2.04045 -1.94667 -1.17 0.244245 0.381785 -0.1 1.42991 0.663574 -0.1 1.3229 -2.03548 -1.2 1.68572 -2.04777 -1.2 1.76674 -2.03337 -1.2 1.85639 0.961531 -0.1 1.12511 1.40304 -0.1 0.471031 -1.88576 -1.2 2.02169 -1.8072 -1.2 2.04498 -1.75236 -1.2 2.04734 -1.67262 -1.2 2.03111 1.43073 -0.1 0.378707 1.45498 -0.1 0.271005 1.47283 -0.1 0.145587 -1.4933 -1.2 1.82315 -1.49102 -1.2 1.72518 -1.52264 -1.2 1.63243 1.48 -0.1 6.97154e-15 1.46448 -0.1 -0.213798 -1.76777 -1.2 1.48777 1.41553 -0.1 -0.432085 -1.89962 -1.2 1.52075 -1.94454 -0.2 -1.59099 1.33509 -0.1 -0.638695 0.888711 -0.1 -1.18347 -2.13128 -1.2 -0.247315 -2.19726 -1.2 -0.198715 -2.25048 -1.2 -0.125145 -2.27735 -1.2 -0.038414 0.35641 -0.1 -1.43644 -2.26299 -1.2 0.0961132 -2.2239 -1.2 0.168135 -2.1868 -1.2 0.208585 -2.11893 -1.2 0.253488 -2.04045 -1.2 0.277063 -0.553683 -0.1 -1.37253 -1.94538 -1.2 0.274621 -1.86872 -1.2 0.247315 -1.80274 -1.2 0.198715 -0.663574 -0.1 -1.3229 -1.72265 -1.2 0.038414 -1.72048 -1.2 -0.0164324 -1.73701 -1.2 -0.0961132 -1.05035 -0.1 -1.04267 -1.8132 -1.2 -0.208585 -1.31242 -0.1 -0.684069 -1.95955 -1.2 -0.277063 -1.81056 -1.17 0.163128 -1.43073 -0.1 -0.378707 -2.00058 -1.2 -1.92333 -1.77783 -1.17 0.11464 -2.04777 -1.2 -1.76879 -2.03337 -1.2 -1.67914 -1.99105 -1.2 -1.59881 -1.9538 -1.2 -1.5585 -1.88576 -1.2 -1.51384 -1.8072 -1.2 -1.49056 -1.75236 -1.2 -1.48819 -1.67262 -1.2 -1.50443 -2.72407 -0.1 -0.376784 -2.68019 -0.1 -0.615692 -2.09112 -0.1 -1.78598 -1.4933 -1.2 -1.71239 -1.49102 -1.2 -1.81035 -1.52264 -1.2 -1.9031 -1.58429 -1.2 -1.97927 -1.80643 -0.1 -2.07348 -1.43687 -0.1 -2.34476 -1.82238 -1.2 -2.04239 -1.89977 -1.2 -2.0147 -1.75728 -1.17 0.0598766 -1.07727 -0.1 -2.53021 -0.641975 -0.1 -2.67402 0.215763 -0.1 -2.74152 0.376784 -0.1 -2.72407 0.615692 -0.1 -2.68019 0.038414 -1.2 -2.27735 -0.0164324 -1.2 -2.27952 -0.0961132 -1.2 -2.26299 -0.168135 -1.2 -2.2239 -0.208585 -1.2 -2.1868 0.849797 -0.1 -2.61541 -0.277063 -1.2 -2.04045 1.05238 -0.1 -2.54067 1.41378 -0.1 -2.35875 -0.247315 -1.2 -1.86872 1.61641 -0.1 -2.2248 1.78598 -0.1 -2.09112 2.42528 -0.1 -1.29634 2.53021 -0.1 -1.07727 2.61541 -0.1 -0.849797 0.168135 -1.2 -1.7761 0.208585 -1.2 -1.8132 2.67402 -0.1 -0.641975 0.277063 -1.2 -1.95955 -1.75 -1.17 -4.17337e-16 2.70717 -0.1 -0.48344 2.73927 -0.1 -0.242667 1.50006 -1.2 -1.84981 2.74152 -0.1 0.215763 2.72407 -0.1 0.376784 2.54067 -0.1 1.05238 2.47431 -0.1 1.20013 1.61641 -0.1 2.2248 1.43687 -0.1 2.34476 1.78317 -1.2 -1.48819 1.86291 -1.2 -1.50443 1.93508 -1.2 -1.54325 1.29634 -0.1 2.42528 0.849797 -0.1 2.61541 2.04224 -1.2 -1.71239 2.04451 -1.2 -1.81035 0.641975 -0.1 2.67402 0.48344 -0.1 2.70717 0.242667 -0.1 2.73927 -1.41378 -0.1 2.35875 -1.61641 -0.1 2.2248 1.63576 -1.2 -2.0147 -1.88126 -0.2 -1.54502 2 -1.2 -0.28 1.88397 -1.2 -0.25483 -1.78598 -0.1 2.09112 1.78426 -1.2 -0.178479 -1.90599 -0.1 1.98235 -2.2248 -0.1 1.61641 -2.34476 -0.1 1.43687 -2.42528 -0.1 1.29634 1.74665 -1.2 0.119218 -1.72866 -0.2 -1.52084 2.73243 -0.03 0.310355 2.67995 -0.03 0.616745 1.9372 -1.2 0.272868 2.47336 -0.03 1.20207 2.14077 -0.03 1.72615 1.69911 -0.03 2.16229 2.21574 -1.2 0.178479 2.25028 -1.2 0.125547 0.882595 -0.03 2.60452 0.58302 -0.03 2.68749 2.27364 -1.2 -0.059362 2.25335 -1.2 -0.119218 2.22016 -1.2 -0.173001 -0.344666 -0.03 2.72832 -1.23305 -0.03 2.45806 -1.75292 -0.03 2.11891 -1.79775 -0.2 0.146946 1.96576 -1.2 1.96576 -1.98085 -0.03 1.90755 -2.50279 -0.03 1.13953 -2.68749 -0.03 0.58302 -2.73433 -0.03 0.293181 -2.73927 -0.1 0.242667 1.86713 -1.2 1.50599 -2.70717 -0.1 0.48344 1.71315 -1.2 1.49315 1.63576 -1.2 1.52084 1.56978 -1.2 1.56978 1.53495 -1.2 1.61221 1.50006 -1.2 1.68572 -2.67402 -0.1 0.641975 1.50216 -1.2 1.85639 -2.61541 -0.1 0.849797 1.58174 -1.2 1.97704 1.64977 -1.2 2.02169 -2.53021 -0.1 1.07727 -2.07348 -0.1 1.80643 -1.20013 -0.1 2.47431 1.93508 -1.2 1.99228 -1.65427 -0.2 -1.54502 -1.05238 -0.1 2.54067 2.85 -1.2 1.98277e-15 -0.849797 -0.1 2.61541 -0.615692 -0.1 2.68019 2.77361 -1.2 -0.655465 -0.376784 -0.1 2.72407 2.65088 -1.2 -1.04662 2.56324 -1.2 -1.24592 2.50649 -1.2 -1.35646 -0.215763 -0.1 2.74152 -3.23781e-15 -0.1 2.75 1.07727 -0.1 2.53021 2.09975 -1.2 -1.92708 1.92726 -1.2 -2.09958 1.80643 -0.1 2.07348 1.50664 -1.2 -2.41921 1.98235 -0.1 1.90599 2.09112 -0.1 1.78598 2.2248 -0.1 1.61641 2.35875 -0.1 1.41378 2.61541 -0.1 0.849797 2.68019 -0.1 0.615692 0.344388 -1.2 -2.82912 2.75 -0.1 3.76396e-15 -1.92275 -0.2 0.237764 -2.75 -0.03 -4.49562e-15 -0.69901 -1.2 -2.76295 -0.99681 -1.2 -2.67 -1.18843 -1.2 -2.59039 -1.2951 -1.2 -2.53875 -1.41426 -1.2 -2.47434 -2.73243 -0.03 -0.310355 -1.69249 -1.2 -2.29303 -1.8516 -1.2 -2.16659 -2.02264 -1.2 -2.00785 -2.18963 -1.2 -1.82429 -2.67995 -0.03 -0.616745 -2.3219 -0.03 -1.47352 -2.14077 -0.03 -1.72615 -2.58978 -1.2 -1.18976 -2.64581 -1.2 -1.05933 -2.70181 -1.2 -0.907053 -1.17089 -0.03 -2.48827 -2.80182 -1.2 -0.521868 -0.882595 -0.03 -2.60452 -0.58302 -0.03 -2.68749 -0.275995 -0.03 -2.73612 0.344666 -0.03 -2.72832 0.650372 -0.03 -2.67199 1.50258 -0.03 -2.3032 1.75292 -0.03 -2.11891 2.68749 -0.03 -0.58302 -2.61979 -1.05 -1.46175 2.73433 -0.03 -0.293181 2.34476 -0.1 -1.43687 2.2248 -0.1 -1.61641 2.07348 -0.1 -1.80643 -1.7173 -1.05 -2.45986 1.90599 -0.1 -1.98235 -1.27734 -1.05 -2.71448 -0.962831 -1.05 -2.84129 -0.636021 -1.05 -2.9318 1.20013 -0.1 -2.47431 5.90606e-15 -0.1 -2.75 -0.242667 -0.1 -2.73927 -0.48344 -0.1 -2.70717 0.709497 -1.05 -2.9149 0.873108 -1.05 -2.87014 1.11313 -1.05 -2.78585 1.34515 -1.05 -2.68152 -0.849797 -0.1 -2.61541 1.91227 -1.05 -2.31154 2.03986 -1.05 -2.19977 2.21889 -1.05 -2.01904 -1.29634 -0.1 -2.42528 -1.61641 -0.1 -2.2248 -1.98235 -0.1 -1.90599 2.84729 -1.05 -0.94496 2.9318 -1.05 -0.636021 -2.2248 -0.1 -1.61641 -2.07725 -0.2 0.237764 -2.85 -1.2 -5.32907e-15 -2.35875 -0.1 -1.41378 -2.82011 -1.2 0.411707 -2.77361 -1.2 0.655465 -2.47431 -0.1 -1.20013 -2.65088 -1.2 1.04662 -2.56324 -1.2 1.24592 -2.50649 -1.2 1.35646 -2.54067 -0.1 -1.05238 -2.61541 -0.1 -0.849797 -2.74152 -0.1 -0.215763 -2.09975 -1.2 1.92708 -1.92726 -1.2 2.09958 -1.71137 -1.2 2.27897 -1.50664 -1.2 2.41921 -2.75 -0.1 -4.49545e-15 -1.14397 -1.2 2.61034 -0.941367 -1.2 2.69005 -0.823211 -1.2 2.72852 2.73301 -3.69673e-29 0.50905 -0.527807 -1.2 2.8007 -0.344388 -1.2 2.82912 -0.132543 -1.2 2.84693 2.63545 -4.06193e-29 0.884774 2.58083 -4.18837e-29 1.03332 0.69901 -1.2 2.76295 0.99681 -1.2 2.67 2.47319 -4.36626e-29 1.26955 1.2951 -1.2 2.53875 2.36906 -4.48351e-29 1.45464 1.97296 -4.67685e-29 1.95853 1.37953 -4.58801e-29 2.41357 1.26329 -4.5374e-29 2.47639 0.381396 -3.9019e-29 2.75371 2.18963 -1.2 1.82429 2.33909 -1.2 1.62826 0.108665 -3.62762e-29 2.77788 2.53546 -1.2 1.30152 2.58978 -1.2 1.18976 2.64581 -1.2 1.05933 -0.129288 -3.36059e-29 2.777 -0.514844 -2.87281e-29 2.73191 2.80182 -1.2 0.521868 -0.669474 -2.65743e-29 2.69819 -0.802992 -2.46192e-29 2.6615 -0.918246 -2.28576e-29 2.62397 2.9952 -1.05 0.169556 2.97007 -1.05 0.422704 -1.11587 -1.96678e-29 2.54623 -1.26023 -1.71928e-29 2.47796 2.69822 -1.05 1.31135 -1.46964 -1.33611e-29 2.35979 -1.87992 -4.84087e-30 2.04801 -2.04817 -8.36789e-31 1.87975 -2.29004 5.6984e-30 1.57612 -2.44493 1.06223e-29 1.32315 -2.70549 2.21647e-29 0.639365 1.50272 -1.05 2.5965 1.27734 -1.05 2.71448 -2.61001 -0.03 0.866213 0.636021 -1.05 2.9318 0.469303 -1.05 2.96306 0.216581 -1.05 2.99217 -0.0376981 -1.05 2.99976 -0.376 -1.05 2.97634 -0.709497 -1.05 2.9149 -2.3582 -0.03 1.41471 -2.18347 -0.03 1.67181 -1.50258 -0.03 2.3032 -0.947768 -0.03 2.58152 -1.91227 -1.05 2.31154 -0.650372 -0.03 2.67199 -2.21889 -1.05 2.01904 -0.0345566 -0.03 2.74978 0.275995 -0.03 2.73612 1.17089 -0.03 2.48827 1.44423 -0.03 2.34023 -2.9318 -1.05 0.636021 1.93229 -0.03 1.95672 2.3219 -0.03 1.47352 -1.94454 -1.17 -1.94454 2.59322 -0.03 0.915254 1.7 -1.2 3.4931e-15 2.75 -0.03 3.76379e-15 -2.20225 -0.2 0.146946 1.58413 -1.2 0.616884 -2.78 3.10673e-29 -3.91888e-15 1.45296 -1.2 0.882559 -2.76653 3.43684e-29 -0.273468 -2.68745 3.90116e-29 -0.711355 1.25248 -1.2 1.14948 1.14959 -1.2 1.25238 1.02082 -1.2 1.35939 0.860092 -1.2 1.46638 0.689653 -1.2 1.55383 -2.52617 4.28788e-29 -1.16054 -2.36906 4.48351e-29 -1.45464 -1.80612 4.68584e-29 -2.11337 -1.65092 4.66808e-29 -2.23671 0.0790609 -1.2 1.69817 -1.37953 4.58801e-29 -2.41357 -1.26329 4.5374e-29 -2.47639 -0.472048 -1.2 1.63315 -0.699693 -1.2 1.54933 -0.972327 4.37384e-29 -2.60442 -0.681841 4.16366e-29 -2.69509 -1.00956 -1.2 1.36777 -0.108665 3.62762e-29 -2.77788 0.918246 2.28576e-29 -2.62397 1.11587 1.96678e-29 -2.54623 1.46964 1.33611e-29 -2.35979 -1.50751 -1.2 0.785755 1.66934 9.40287e-30 -2.223 -1.6116 -1.2 0.541049 -1.64341 -1.2 0.435002 1.87992 4.84087e-30 -2.04801 2.18259 -2.65842e-30 -1.72184 2.37601 -8.33635e-30 -1.44324 2.44493 -1.06223e-29 -1.32315 2.58577 -1.6011e-29 -1.02091 2.64012 -1.85136e-29 -0.87076 -1.57479 -1.17 0.555809 2.70549 -2.21647e-29 -0.639365 2.75084 -2.56726e-29 -0.401594 -1.30003 -1.17 1.04824 -1.17343 -1.17 1.18826 -1.03183 -1.17 1.3131 -0.877042 -1.17 1.42116 2.61001 -0.03 -0.866213 -0.535976 -1.17 1.58165 2.50279 -0.03 -1.13953 2.3582 -0.03 -1.41471 2.18347 -0.03 -1.67181 0.209307 -1.17 1.65683 0.394953 -1.17 1.62262 1.98085 -0.03 -1.90755 1.23305 -0.03 -2.45806 0.947768 -0.03 -2.58152 0.0345566 -0.03 -2.74978 -1.44423 -0.03 -2.34023 -1.69911 -0.03 -2.16229 -1.93229 -0.03 -1.95672 -2.47336 -0.03 -1.20207 1.58499 -1.17 0.526027 -2.59322 -0.03 -0.915254 1.66048 -1.17 0.178041 -1.88562 -1.17 -1.98825 -2.25 -0.2 -6.8421e-16 -1.7 -1.2 -4.44515e-16 -1.62952 -0.65 0.185084 -1.64348 -1.2 -0.434742 -1.58413 -1.2 -0.616884 -1.15235 -0.65 1.16692 -1.45296 -1.2 -0.882559 -1.40038 -1.2 -0.963813 -1.01329 -0.65 1.28951 -0.698278 -0.65 1.48392 -1.14959 -1.2 -1.25238 -1.02082 -1.2 -1.35939 -0.860092 -1.2 -1.46638 -0.689653 -1.2 -1.55383 0.0206083 -0.65 1.63987 0.205546 -0.65 1.62707 0.565214 -0.65 1.53952 1.04538 -0.65 1.26364 1.18131 -0.65 1.13759 0.0664499 -1.2 -1.69871 0.233228 -1.2 -1.68393 0.472048 -1.2 -1.63315 0.699693 -1.2 -1.54933 1.40634 -0.65 0.843681 0.922545 -1.2 -1.42791 1.60272 -0.65 0.347692 1.47502 -0.65 -0.71687 1.27668 -0.65 -1.02941 1.33451 -1.2 -1.05314 1.15235 -0.65 -1.16692 1.50751 -1.2 -0.785755 1.5782 -1.2 -0.631883 0.861286 -0.65 -1.39563 1.64341 -1.2 -0.435002 0.698278 -0.65 -1.48392 1.69176 -1.2 -0.167229 0.526348 -0.65 -1.55324 0.164593 -0.65 -1.63172 1.65933 -1.17 -0.18847 -0.735348 -0.65 -1.4659 1.57479 -1.17 -0.555809 -1.04538 -0.65 -1.26364 1.41003 -1.17 -0.894831 1.30003 -1.17 -1.04824 -1.18131 -0.65 -1.13759 1.03183 -1.17 -1.3131 0.877042 -1.17 -1.42116 0.711051 -1.17 -1.51106 -1.30214 -0.65 -0.997006 -1.49257 -0.65 -0.679576 -2.25 -1.17 -1.04999e-15 -0.0209853 -1.17 -1.66987 -0.209307 -1.17 -1.65683 2.9 -0.5 -0.1 -0.575554 -1.17 -1.56769 -0.7488 -1.17 -1.49272 2.9 -0.542487 -0.0905255 -1.0645 -1.17 -1.28676 2.9 -0.576923 -0.0638972 -1.32596 -1.17 -1.01524 -1.43207 -1.17 -0.859114 2.9 -0.5 0.1 -1.58499 -1.17 -0.526027 2.9 1.72307e-14 0.1 -1.66048 -1.17 -0.178041 -1.75213 -1.17 -2.01728 -1.80688 -0.2 1.52084 -2.7727 2.84446e-29 0.201326 -2.75084 2.56726e-29 0.401594 -2.64012 1.85136e-29 0.87076 -2.58577 1.6011e-29 1.02091 -2.50029 1.2602e-29 1.21532 -2.37601 8.33635e-30 1.44324 -2.18259 2.65842e-30 1.72184 -1.66934 -9.40287e-30 2.223 -0.33593 -3.10774e-29 2.75964 0.681841 -4.16366e-29 2.69509 0.972327 -4.37384e-29 2.60442 1.15924 -4.48471e-29 2.52677 -0.0961132 -1.2 1.73701 1.50863 -4.63318e-29 2.33505 0.038414 -1.2 1.72265 1.65092 -4.66808e-29 2.23671 1.80612 -4.68584e-29 2.11337 2.13585 -4.6329e-29 1.77949 0.274621 -1.2 1.94538 0.28 -1.2 2 -1.69225 -1.17 -2.00609 -0.28 -1.2 2 2.28164 -4.55447e-29 1.58827 -0.224851 -1.17 2.10928 2.52617 -4.28788e-29 1.16054 2.68745 -3.90116e-29 0.711355 2.76653 -3.43684e-29 0.273468 2.78 -3.10673e-29 3.8555e-15 0.227526 -1.17 2.10359 2.7727 -2.84446e-29 -0.201326 2.50029 -1.2602e-29 -1.21532 2.29004 -5.6984e-30 -1.57612 2.04817 8.36789e-31 -1.87975 0.208585 -1.2 2.1868 1.26023 1.71928e-29 -2.47796 0.802992 2.46192e-29 -2.6615 0.0164324 -1.2 2.27952 0.669474 2.65743e-29 -2.69819 0.514844 2.87281e-29 -2.73191 0.33593 3.10774e-29 -2.75964 0.129288 3.36059e-29 -2.777 -0.381396 3.9019e-29 -2.75371 -1.65427 -0.2 1.54502 -1.15924 4.48471e-29 -2.52677 -1.56978 -1.2 1.96576 -1.60046 -1.2 1.99228 -1.50863 4.63318e-29 -2.33505 -1.97296 4.67685e-29 -1.95853 -2.13585 4.6329e-29 -1.77949 -2.28164 4.55447e-29 -1.58827 -1.9538 -1.2 1.97704 -1.99105 -1.2 1.93672 -2.47319 4.36626e-29 -1.26955 -2.58083 4.18837e-29 -1.03332 -2.63545 4.06193e-29 -0.884774 -2.00058 -1.2 1.61221 -1.96576 -1.2 1.56978 -2.73301 3.69673e-29 -0.50905 -2.00403 -1.17 1.68604 -1.59099 -0.2 1.59099 -2.79467 -1.22754e-06 -1.00535 -2.51453 -1.13164e-06 -1.58052 -1.79129 -1.17 2.01666 -1.68013 -1.17 2.0019 -1.63685 -1.17 -1.98075 -2.32967 -1.08369e-06 -1.84215 -2.11771 -1.03574e-06 -2.08235 -1.52669 -1.17 1.83396 -1.88112 -9.87787e-07 -2.29833 -1.34527 -8.91886e-07 -2.64786 -1.05226 -8.43935e-07 -2.77735 -1.58922 -1.17 1.59278 -0.747009 -7.95984e-07 -2.87452 -0.114082 -7.00082e-07 -2.96781 -1.75213 -1.17 1.51826 0.524138 -6.04181e-07 -2.92339 0.835951 -5.5623e-07 -2.84993 -1.6684 -1.2 1.50599 -1.58429 -1.2 1.55626 1.13804 -5.08279e-07 -2.74331 1.42688 -4.60328e-07 -2.60478 1.95161 -3.64426e-07 -2.23878 -1.52101 -1.2 1.9001 2.18138 -3.16476e-07 -2.01556 -1.52084 -0.2 1.72866 2.38578 -2.68525e-07 -1.76889 -1.76777 -1.17 1.51777 2.56242 -2.20574e-07 -1.50164 2.70924 -1.72623e-07 -1.21692 2.82455 -1.24672e-07 -0.918043 2.9 9.85878e-15 -0.1 2.87803 -9.59017e-08 0.733362 -1.82265 -1.2 1.4932 -1.52084 -0.2 1.80688 2.78231 -1.43853e-07 1.03907 -2.22725 -1.17 0.104207 2.09238 -3.35656e-07 2.10781 -2.11464 -1.17 0.222166 -2.05988 -1.17 0.242724 -2 -1.17 0.25 1.85318 -3.83607e-07 2.32091 1.0186 -5.27459e-07 2.78987 0.712192 -5.7541e-07 2.88335 0.3975 -6.23361e-07 2.94328 -0.870355 -8.15164e-07 2.83961 -1.45828 -9.11066e-07 2.58734 -2.27952 -1.2 0.0164324 -1.97854 -1.00697e-06 2.21501 -2.407 -1.10287e-06 1.73991 -2.72376 -1.19877e-06 1.18407 -2.83545 -1.24672e-06 0.883818 -2.05462 -1.2 -0.274621 -2.91415 -1.29467e-06 0.573286 -2 -1.17 -0.25 -2.05333 -1.17 -0.244245 -2.97 -1.38098e-06 6.44977e-11 -1.52798 -1.17 -1.83848 1.52084 -0.2 1.72866 -2.24272 -1.17 -0.0598766 -1.51799 -1.17 -1.77838 -2 -1.2 0.28 1.52084 -0.2 1.80688 1.54502 -0.2 1.88126 -1.87202 -1.17 0.214756 1.65427 -0.2 1.99052 1.72866 -0.2 2.01469 1.88126 -0.2 1.99052 1.99052 -0.2 1.88126 1.99052 -0.2 1.65427 1.94454 -0.2 1.59099 -1.88536 -1.17 -0.222166 -1.94012 -1.17 -0.242724 -1.59099 -1.17 1.94454 -2 -1.2 -0.28 1.52084 -0.2 -1.80688 -1.88107 -1.2 -0.253488 1.52084 -0.2 -1.72866 -1.7761 -1.2 -0.168135 1.59099 -0.2 -1.59099 1.65427 -0.2 -1.54502 1.72866 -0.2 -1.52084 -1.74952 -1.2 0.125145 1.94454 -0.2 -1.59099 2.01469 -0.2 -1.72866 2.01469 -0.2 -1.80688 -1.55844 -1.17 1.90444 1.94454 -0.2 -1.94454 1.80688 -0.2 -2.01469 -1.60046 -1.2 -1.54325 -1.52669 -1.17 -1.70157 0.237764 -0.2 -2.07725 0.146946 -0.2 -2.20225 -6.65344e-14 -0.2 -2.25 -0.146946 -0.2 -2.20225 -0.237764 -0.2 -2.07725 -0.25 -0.2 -2 -0.237764 -0.2 -1.92275 -2.03548 -1.2 -1.84981 -0.146946 -0.2 -1.79775 -1.96576 -1.2 -1.96576 -6.63899e-14 -0.2 -1.75 -2.00403 -1.17 -1.84949 0.0772542 -0.2 -1.76224 -1.978 -1.17 -1.63249 -1.89772 -1.17 -1.5542 -1.79129 -1.17 -1.51888 0.25 -0.2 -2 -1.51799 -1.17 1.75715 -1.59099 -1.17 -1.59099 -1.55844 -1.17 -1.63109 -1.52798 -1.17 1.69705 -1.99052 -0.2 -1.88126 -2.01469 -0.2 -1.72866 -1.5522 -1.17 -1.89438 -1.58922 -1.17 -1.94276 -1.99052 -0.2 -1.65427 -1.80688 -0.2 -1.52084 -1.59099 -0.2 -1.59099 -1.59099 -0.2 -1.94454 -1.65427 -0.2 -1.99052 -1.6684 -1.2 -2.02954 -1.72866 -0.2 -2.01469 -1.94454 -0.2 -1.94454 -1.5522 -1.17 1.64116 -1.76224 -0.2 -0.0772542 -1.52101 -1.2 -1.63544 -1.56978 -1.2 -1.56978 -1.54502 -0.2 -1.65427 -1.79775 -0.2 -0.146946 -1.76777 -1.17 -2.01777 -1.81654 -1.17 -2.01296 -1.85305 -0.2 -0.202254 -2.14695 -0.2 -0.202254 -2.23776 -0.2 -0.0772542 -2.23776 -0.2 0.0772542 -2.14695 -0.2 0.202254 -1.76777 -1.2 -2.04777 -2 -0.2 0.25 -1.85305 -0.2 0.202254 -1.76224 -0.2 0.0772542 0.0530018 -1.17 -2.24432 -0.0591247 -1.17 -2.24291 -0.159356 -1.17 -2.19263 -0.227526 -1.17 -2.10359 -1.75 -0.2 -8.95162e-17 -0.28 -1.2 -2 -1.63685 -1.17 1.55479 -0.253488 -1.2 -2.11893 -1.72866 -0.2 2.01469 -1.65427 -0.2 1.99052 -1.59099 -0.2 1.94454 -1.54502 -0.2 1.88126 -1.54502 -0.2 1.65427 0.125145 -1.2 -2.25048 0.198715 -1.2 -2.19726 0.247315 -1.2 -2.13128 0.274621 -1.2 -2.05462 -1.72866 -0.2 1.52084 -1.69225 -1.17 1.52945 -1.88126 -0.2 1.54502 -0.25 -1.17 -2 -1.52084 -0.2 -1.72866 -0.154465 -1.17 -1.80343 0.237764 -0.2 1.92275 0.0591247 -1.17 -1.75709 0.159356 -1.17 -1.80737 0.227526 -1.17 -1.89641 0.25 -1.17 -2 0.28 -1.2 -2 0.202254 -0.2 1.85305 0.253488 -1.2 -1.88107 0.146946 -0.2 1.79775 -0.0772542 -0.2 1.76224 0.0961132 -1.2 -1.73701 0.0164324 -1.2 -1.72048 -0.038414 -1.2 -1.72265 -0.125145 -1.2 -1.74952 -0.198715 -1.2 -1.80274 -0.202254 -0.2 1.85305 -0.274621 -1.2 -1.94538 -1.52084 -0.2 -1.80688 1.94454 -1.17 -1.59099 -0.237764 -0.2 1.92275 -0.237764 -0.2 2.07725 -0.146946 -0.2 2.20225 -0.0772542 -0.2 2.23776 1.72834 -1.2 -1.49056 1.64977 -1.2 -1.51384 1.58174 -1.2 -1.5585 1.54449 -1.2 -1.59881 1.50216 -1.2 -1.67914 1.48777 -1.2 -1.76879 0.0772542 -0.2 2.23776 1.53495 -1.2 -1.92333 1.56978 -1.2 -1.96576 0.202254 -0.2 2.14695 1.5315 -1.17 -1.84949 -1.81654 -1.17 1.52257 -1.63065 -0.65 -0.174842 1.63781 -1.17 -1.5542 1.74424 -1.17 -1.51888 1.8554 -1.17 -1.53363 -1.88562 -1.17 1.54729 -1.60272 -0.65 -0.347692 -1.55652 -0.65 -0.516578 -1.40634 -0.65 -0.843681 2.01754 -1.17 -1.77838 -0.896087 -0.65 -1.37355 -0.565214 -0.65 -1.53952 -0.387858 -0.65 -1.59348 -0.205546 -0.65 -1.62707 1.84329 -1.17 -2.00609 -0.0206083 -0.65 -1.63987 0.347692 -0.65 -1.60272 1.01329 -0.65 -1.28951 1.86713 -1.2 -2.02954 1.95125 -1.2 -1.97927 2.01289 -1.2 -1.9031 1.3847 -0.65 -0.878756 1.5465 -0.65 -0.545824 2.01452 -1.2 -1.63544 1.96576 -1.2 -1.56978 -1.54502 -0.2 -1.88126 1.76777 -1.2 -2.04777 1.59822 -0.65 -0.367804 1.71899 -1.17 -2.01296 1.64992 -1.17 -1.98825 1.62952 -0.65 -0.185084 1.64 -0.65 4.2903e-15 1.66485 -0.68 -0.131027 1.71315 -1.2 -2.04239 1.35106 -0.68 -0.981601 1.1336 -0.68 -1.22632 1.9771 -1.17 1.90444 0.196287 -0.68 -1.65842 2.30336e-15 -0.68 -1.67 -0.325801 -0.68 -1.63791 -0.516058 -0.68 -1.58826 -0.981601 -0.68 -1.35106 -1.35106 -0.68 -0.981601 1.84329 -1.17 1.52945 -1.58826 -0.68 -0.516058 1.76777 -1.17 1.51777 1.76777 -1.2 1.48777 -1.80688 -0.2 -2.01469 1.95125 -1.2 1.55626 2.01289 -1.2 1.63243 2.04451 -1.2 1.72518 2.04224 -1.2 1.82315 2.01452 -1.2 1.9001 1.63065 -0.65 0.174842 -1.88126 -0.2 -1.99052 1.55652 -0.65 0.516578 1.49257 -0.65 0.679576 1.30214 -0.65 0.997006 0.896087 -0.65 1.37355 0.735348 -0.65 1.4659 0.387858 -0.65 1.59348 -0.164593 -0.65 1.63172 -0.347692 -0.65 1.60272 -1.80688 -0.2 2.01469 1.94454 -1.17 1.94454 -0.526348 -0.65 1.55324 -0.861286 -0.65 1.39563 1.86291 -1.2 2.03111 1.78317 -1.2 2.04734 1.72834 -1.2 2.04498 -1.27668 -0.65 1.02941 -1.3847 -0.65 0.878756 1.54449 -1.2 1.93672 -1.47502 -0.65 0.71687 1.48777 -1.2 1.76674 -1.5465 -0.65 0.545824 -1.59822 -0.65 0.367804 -1.64 -0.65 1.08504e-16 1.59099 -1.17 1.59099 -1.66485 -0.68 0.131027 -1.63791 -0.68 0.325801 -1.35106 -0.68 0.981601 -0.981601 -0.68 1.35106 1.74424 -1.17 2.01666 -0.758164 -0.68 1.48798 -1.88126 -0.2 1.99052 -0.516058 -0.68 1.58826 -0.196287 -0.68 1.65842 -2.09885e-15 -0.68 1.67 -2.96384 -0.03 -0.464363 -2.91885 -0.03 -0.69304 -2.85624 -0.03 -0.917533 -2.7764 -0.03 -1.13649 0.758164 -0.68 1.48798 1.35106 -0.68 0.981601 -2.43875 -0.03 -1.74713 -2.29577 -0.03 -1.93118 1.62386 -0.68 0.389854 1.65842 -0.68 0.196287 2.99833 -0.5 0.1 -1.94454 -0.2 1.94454 2.99966 -0.589175 0.0453375 -1.18261 -0.03 -2.75707 -0.965017 -0.03 -2.84055 2.999 -0.563266 0.0774894 2.99849 -0.530762 0.0950801 2.9 -0.563897 0.076923 -0.0500069 -0.03 -2.99958 0.182996 -0.03 -2.99441 0.414895 -0.03 -2.97117 0.644289 -0.03 -2.93 2.9 -0.590525 0.0424869 1.09005 -0.03 -2.79496 2.9 -0.6 5.887e-15 -1.99052 -0.2 1.88126 1.70624 -0.03 -2.46754 -2.95894 -1.34262e-06 0.256085 2.06762 -0.03 -2.17369 -2.58039 -1.15082e-06 1.47054 2.37916 -0.03 -1.82745 2.51384 -0.03 -1.63725 2.63336 -0.03 -1.43716 2.73697 -0.03 -1.2284 -2.2056 -1.05492e-06 1.98903 2.89413 -0.03 -0.78995 -1.72847 -9.59017e-07 2.41522 2.98152 -0.03 -0.332453 -1.17113 -8.63115e-07 2.72935 -0.559453 -7.67214e-07 2.91683 2.99858 -0.538717 -0.0922741 -0.242043 -7.19263e-07 2.96012 2.99965 -0.588951 -0.0455997 0.0781831 -6.71312e-07 2.96897 1.31315 -4.79508e-07 2.66393 1.59243 -4.31558e-07 2.507 2.9829 -1.05 -0.319833 2.30723 -2.87705e-07 1.87019 2.49523 -2.39754e-07 1.61081 2.73032 -1.05 -1.24313 2.57258 -1.05 -1.54332 2.38197 -1.05 -1.82379 2.65421 -1.91803e-07 1.3327 2.94028 -4.79508e-08 0.419119 2.96832 1.24497e-15 0.1 1.63918 -1.05 -2.51258 2.99833 -0.03 0.1 2.94672 -0.03 0.5629 2.82407 -0.03 1.01223 2.73697 -0.03 1.2284 0.376 -1.05 -2.97634 0.0376981 -1.05 -2.99976 -0.216581 -1.05 -2.99217 -0.469303 -1.05 -2.96306 2.63336 -0.03 1.43716 2.51384 -0.03 1.63725 1.50954 -0.03 2.59254 -1.50272 -1.05 -2.5965 1.30373 -0.03 2.7019 -1.85358 -1.05 -2.35887 -2.10795 -1.05 -2.13461 -2.33539 -1.05 -1.88307 -2.48653 -1.05 -1.67845 1.09005 -0.03 2.79496 -2.69822 -1.05 -1.31135 -2.82897 -1.05 -0.998459 -2.92358 -1.05 -0.672812 -2.97007 -1.05 -0.422704 -2.9952 -1.05 -0.169556 -2.01469 -0.2 1.80688 0.869795 -0.03 2.87114 2.98152 -0.03 0.332453 0.644289 -0.03 2.93 2.89413 -0.03 0.78995 0.182996 -0.03 2.99441 -0.0500069 -0.03 2.99958 -0.741598 -0.03 2.90689 -0.965017 -0.03 2.84055 2.37916 -0.03 1.82745 2.23012 -0.03 2.00663 2.06762 -0.03 2.17369 1.89264 -0.03 2.32764 1.70624 -0.03 2.46754 -1.59512 -0.03 2.54079 -1.78754 -0.03 2.40929 -1.96918 -0.03 2.26326 -2.43875 -0.03 1.74713 -2.56702 -0.03 1.55255 0.414895 -0.03 2.97117 -2.6798 -0.03 1.34859 -2.85624 -0.03 0.917533 -0.282708 -0.03 2.98665 -0.513703 -0.03 2.95569 -2.91885 -0.03 0.69304 -2.96384 -0.03 0.464363 -1.18261 -0.03 2.75707 -1.39307 -0.03 2.65695 -2.01469 -0.2 1.72866 2.99921 -0.572432 -0.0689484 3 -0.599995 -0.00104411 -2.13893 -0.03 2.10357 -2.29577 -0.03 1.93118 2.99833 -0.5 -0.1 -1.99052 -0.2 1.65427 -1.94454 -0.2 1.59099 -2.7764 -0.03 1.13649 -2.99095 -0.03 -0.232884 -2.6798 -0.03 -1.34859 -2.56702 -0.03 -1.55255 -2.99095 -0.03 0.232884 -3 -0.03 -4.04276e-15 -3 -1.05 -5.55633e-15 -2.9829 -1.05 0.319833 -2.13893 -0.03 -2.10357 -2.84729 -1.05 0.94496 -2.73032 -1.05 1.24313 -2.57258 -1.05 1.54332 -2.38197 -1.05 1.82379 -1.96918 -0.03 -2.26326 -2.03986 -1.05 2.19977 -1.78754 -0.03 -2.40929 -1.63918 -1.05 2.51258 -1.34515 -1.05 2.68152 -1.11313 -1.05 2.78585 -0.873108 -1.05 2.87014 -1.59512 -0.03 -2.54079 -1.39307 -0.03 -2.65695 -0.741598 -0.03 -2.90689 -0.513703 -0.03 -2.95569 -0.282708 -0.03 -2.98665 0.869795 -0.03 -2.87114 0.962831 -1.05 2.84129 1.30373 -0.03 -2.7019 1.50954 -0.03 -2.59254 1.7173 -1.05 2.45986 1.85358 -1.05 2.35887 2.10795 -1.05 2.13461 2.33539 -1.05 1.88307 2.48653 -1.05 1.67845 2.61979 -1.05 1.46175 1.89264 -0.03 -2.32764 2.82897 -1.05 0.998459 2.92358 -1.05 0.672812 2.23012 -0.03 -2.00663 2.82407 -0.03 -1.01223 3 -1.05 3.45401e-15 3 -0.6 5.19762e-15 2.94672 -0.03 -0.5629 2.99833 -0.03 -0.1 2.96832 1.35345e-15 -0.1 2.94864 -3.83599e-08 -0.355567 -1.94454 -1.17 1.59099 -1.67 -1.17 2.72441e-16 -1.67 -0.68 6.05309e-17 2.907 -7.67214e-08 -0.608486 1.69913 -4.12377e-07 -2.43595 -1.58826 -0.68 0.516058 -1.48798 -0.68 0.758164 0.206228 -6.52132e-07 -2.96283 -1.26988 -0.68 1.08458 -1.1336 -0.68 1.22632 -0.433065 -7.48033e-07 -2.93826 -1.62263 -9.39837e-07 -2.48756 -2.67013 -1.17959e-06 -1.3005 -0.389854 -0.68 1.62386 -2.87095 -1.2659e-06 -0.760639 -2.92584 -1.30426e-06 -0.510262 0.131027 -0.68 1.66485 0.325801 -0.68 1.63791 0.516058 -0.68 1.58826 -2.95894 -1.34262e-06 -0.256085 0.981601 -0.68 1.35106 1.08458 -0.68 1.26988 1.22632 -0.68 1.1336 0.202254 -0.2 -2.14695 1.48798 -0.68 0.758164 1.58826 -0.68 0.516058 1.80688 -0.2 2.01469 1.59099 -0.2 1.94454 1.54502 -0.2 1.65427 1.67 -1.17 3.65207e-15 1.59099 -0.2 1.59099 1.63204 -1.17 0.354052 1.5315 -1.17 1.68604 1.51988 -1.17 0.692007 1.43207 -1.17 0.859114 1.32596 -1.17 1.01524 1.20292 -1.17 1.1584 1.0645 -1.17 1.28676 0.912479 -1.17 1.39867 0.7488 -1.17 1.49272 0.575554 -1.17 1.56769 1.51955 -1.17 1.79754 1.55753 -1.17 1.90305 0.0209853 -1.17 1.66987 -0.167604 -1.17 1.66157 -0.354052 -1.17 1.63204 1.63781 -1.17 1.98134 -0.711051 -1.17 1.51106 1.8554 -1.17 2.0019 1.94454 -0.2 1.94454 -2.01599 -1.17 1.79754 1.65427 -0.2 1.54502 -1.41003 -1.17 0.894831 -1.50201 -1.17 0.729983 1.72866 -0.2 1.52084 -1.62746 -1.17 0.374532 -1.65933 -1.17 0.18847 -1.978 -1.17 1.90305 1.67 -0.68 4.25823e-15 1.80688 -0.2 1.52084 1.63791 -0.68 -0.325801 1.58826 -0.68 -0.516058 1.48798 -0.68 -0.758164 1.88126 -0.2 1.54502 1.26988 -0.68 -1.08458 2.01469 -0.2 1.72866 0.981601 -0.68 -1.35106 0.758164 -0.68 -1.48798 0.516058 -0.68 -1.58826 0.389854 -0.68 -1.62386 2.01469 -0.2 1.80688 2.00884 -1.17 1.83396 -0.131027 -0.68 -1.66485 2.01754 -1.17 1.75715 2.00756 -1.17 1.69705 -0.758164 -0.68 -1.48798 1.98334 -1.17 1.64116 -1.08458 -0.68 -1.26988 -1.22632 -0.68 -1.1336 1.94631 -1.17 1.59278 -1.48798 -0.68 -0.758164 1.89869 -1.17 1.55479 -1.62386 -0.68 -0.389854 -1.65842 -0.68 -0.196287 1.7834 -1.17 1.51826 1.71899 -1.17 1.52257 1.64992 -1.17 1.54729 -1.63204 -1.17 -0.354052 -1.89772 -1.17 1.98134 -1.51988 -1.17 -0.692007 1.65427 -0.2 -1.99052 1.72866 -0.2 -2.01469 -1.20292 -1.17 -1.1584 1.88126 -0.2 -1.99052 -0.912479 -1.17 -1.39867 1.99052 -0.2 -1.88126 1.99052 -0.2 -1.65427 -0.394953 -1.17 -1.62262 1.9771 -1.17 -1.63109 2.00884 -1.17 -1.70157 0.167604 -1.17 -1.66157 0.354052 -1.17 -1.63204 0.535976 -1.17 -1.58165 2.00756 -1.17 -1.83848 1.98334 -1.17 -1.89438 1.94631 -1.17 -1.94276 1.17343 -1.17 -1.18826 1.89869 -1.17 -1.98075 1.7834 -1.17 -2.01728 1.50201 -1.17 -0.729983 1.76777 -1.17 -2.01777 1.62746 -1.17 -0.374532 1.59099 -0.2 -1.94454 0.0772542 -0.2 -2.23776 -0.0772542 -0.2 -2.23776 1.88126 -0.2 -1.54502 1.80688 -0.2 -1.52084 1.54502 -0.2 -1.65427 1.54502 -0.2 -1.88126 0.0772542 -0.2 1.76224 2.22834e-14 -0.2 1.75 1.59099 -1.17 -1.94454 -0.146946 -0.2 1.79775 1.51955 -1.17 -1.73799 1.55753 -1.17 -1.63249 -0.25 -0.2 2 -0.25 -1.17 2 -0.227526 -1.17 1.89641 -0.159356 -1.17 1.80737 -0.0591247 -1.17 1.75709 0.0530018 -1.17 1.75568 0.154465 -1.17 1.80343 0.224851 -1.17 1.89072 -0.202254 -0.2 -2.14695 0.154465 -1.17 -2.19657 -0.224851 -1.17 -1.89072 -0.0530018 -1.17 -1.75568 0.237764 -0.2 -1.92275 -0.202254 -0.2 2.14695 0.202254 -0.2 -1.85305 0.146946 -0.2 -1.79775 2.25945e-14 -0.2 2.25 -0.0772542 -0.2 -1.76224 0.146946 -0.2 2.20225 -0.202254 -0.2 -1.85305 0.237764 -0.2 2.07725 0.25 -0.2 2 0.25 -1.17 2 0.224851 -1.17 -2.10928 0.159356 -1.17 2.19263 0.0591247 -1.17 2.24291 -0.0530018 -1.17 2.24432 -0.154465 -1.17 2.19657</float_array>
					<technique_common>
						<accessor count="1432" source="#ID6" stride="3">
							<param name="X" type="float"/>
							<param name="Y" type="float"/>
							<param name="Z" type="float"/>
						</accessor>
					</technique_common>
				</source>
				<source id="ID7">
					<float_array id="ID8" count="3495" digits="2490374">-1 0 -0 -0.951031 0 0.308969 -0.933219 0 0.359188 -0.809 0 0.587781 -0.769188 0 0.638969 -0.587781 0 0.809 -0.524281 0 0.851469 -0.308969 0 0.951031 -0.272438 0 0.962125 0 0 1 0.308969 0 0.951031 0.359188 0 0.933219 0.587781 0 0.809 0.638969 0 0.769188 0.809 0 0.587781 0.851469 0 0.524281 0.951031 0 0.308969 0.962125 0 0.272438 1 0 -0 0 -1 -0 0.989469 0 -0.144438 0.933219 0 -0.359188 0.905281 0 -0.424688 0.744906 0 -0.667094 0.769188 0 -0.638969 0.524281 0 -0.851469 0.600469 0 -0.799594 0.34325 0 -0.939219 0.272438 0 -0.962125 0.058625 0 -0.99825 0 0 -1 -0.137156 0 -0.990531 -0.359188 0 -0.933219 -0.446938 0 -0.894531 -0.709656 0 -0.7045 -0.638969 0 -0.769188 -0.851469 0 -0.524281 -0.883219 0 -0.468844 -0.962125 0 -0.272438 -0.980781 0 -0.195063 0 -0.707094 -0.707094 0.158531 -0.707094 -0.689094 0.192625 -0.707094 -0.680313 0.309063 -0.707094 -0.635938 0.370688 -0.707094 -0.602094 0.443844 -0.707094 -0.550438 0.543906 -0.707094 -0.451813 0.555969 -0.707094 -0.436844 0.659906 -0.707094 -0.254 0.63975 -0.707094 -0.301031 0.691031 -0.707094 -0.149875 0.707094 -0.707094 -0 0.707031 -0.707094 0.008875 0.687031 -0.707094 0.167187 0.680313 -0.707094 0.192625 0.632031 -0.707094 0.317031 0.602094 -0.707094 0.370688 0.544813 -0.707094 0.450719 0.451813 -0.707094 0.543906 0.429844 -0.707094 0.561406 0.293 -0.707094 0.643531 0.254 -0.707094 0.659906 0 -0.707094 0.707094 -0.158531 -0.707094 0.689094 -0.192625 -0.707094 0.680313 -0.309063 -0.707094 0.635938 -0.370688 -0.707094 0.602094 -0.443844 -0.707094 0.550438 -0.543906 -0.707094 0.451813 -0.555969 -0.707094 0.436844 -0.659906 -0.707094 0.254 -0.63975 -0.707094 0.301031 -0.691031 -0.707094 0.149875 -0.707094 -0.707094 -0 -0.707031 -0.707094 -0.008875 -0.687031 -0.707094 -0.167187 -0.680313 -0.707094 -0.192625 -0.632031 -0.707094 -0.317031 -0.602094 -0.707094 -0.370688 -0.544813 -0.707094 -0.450719 -0.451813 -0.707094 -0.543906 -0.429844 -0.707094 -0.561406 -0.293 -0.707094 -0.643531 -0.254 -0.707094 -0.659906 -0.705938 -0.707094 -0.0399062 -0.703656 -0.707094 -0.0695 -0.7 -0.707094 -0.0995938 -0.695094 -0.707094 -0.129469 -0.689094 -0.707094 -0.158531 -0.683563 -0.707094 -0.180906 -0.670313 -0.707094 -0.225031 -0.66675 -0.707094 -0.235313 -0.656438 -0.707094 -0.262781 -0.642531 -0.707094 -0.295188 -0.635938 -0.707094 -0.309063 -0.629031 -0.707094 -0.322906 -0.617469 -0.707094 -0.3445 -0.602531 -0.707094 -0.369938 -0.586031 -0.707094 -0.395594 -0.580281 -0.707094 -0.403969 -0.550438 -0.707094 -0.443844 -0.54325 -0.707094 -0.452563 -0.501813 -0.707094 -0.498125 -0.496844 -0.707094 -0.503125 -0.459344 -0.707094 -0.537531 -0.436844 -0.707094 -0.555969 -0.419906 -0.707094 -0.568875 -0.404719 -0.707094 -0.57975 -0.383719 -0.707094 -0.593875 -0.354156 -0.707094 -0.611969 -0.350844 -0.707094 -0.613844 -0.301031 -0.707094 -0.63975 -0.321281 -0.707094 -0.629875 -0.294844 -0.707094 -0.642656 -0.247313 -0.707094 -0.662406 -0.226938 -0.707094 -0.669688 -0.173375 -0.707094 -0.6855 -0.149875 -0.707094 -0.691031 -0.097 -0.707094 -0.700406 -0.110594 -0.707094 -0.698344 -0.027625 -0.707094 -0.706563 -0.0510313 -0.707094 -0.70525 0.008875 -0.707094 -0.707031 0.032875 -0.707094 -0.706281 0.0885938 -0.707094 -0.701469 0.0854063 -0.707094 -0.701906 0.130938 -0.707094 -0.694875 0.167187 -0.707094 -0.687031 0.17025 -0.707094 -0.686281 0.205781 -0.707094 -0.676437 0.204187 -0.707094 -0.676938 0.233531 -0.707094 -0.667406 0.262344 -0.707094 -0.656594 0.283781 -0.707094 -0.647625 0.317031 -0.707094 -0.632031 0.3205 -0.707094 -0.630219 0.373781 -0.707094 -0.600219 0.386313 -0.707094 -0.592219 0.424563 -0.707094 -0.565406 0.450719 -0.707094 -0.544813 0.478125 -0.707094 -0.520906 0.480781 -0.707094 -0.518438 0.520938 -0.707094 -0.478063 0.522969 -0.707094 -0.475844 0.555094 -0.707094 -0.437906 0.561406 -0.707094 -0.429844 0.582438 -0.707094 -0.400875 0.606313 -0.707094 -0.36375 0.604344 -0.707094 -0.367063 0.621844 -0.707094 -0.336531 0.635938 -0.707094 -0.309063 0.643531 -0.707094 -0.293 0.657656 -0.707094 -0.259656 0.671094 -0.707094 -0.222687 0.6715 -0.707094 -0.221437 0.688125 -0.707094 -0.162594 0.699656 -0.707094 -0.102094 0.703031 -0.707094 -0.0753438 0.70525 -0.707094 -0.0511875 0.705938 -0.707094 0.0399062 0.703656 -0.707094 0.0695 0.7 -0.707094 0.0995938 0.695094 -0.707094 0.129469 0.689094 -0.707094 0.158531 0.683563 -0.707094 0.180906 0.670313 -0.707094 0.225031 0.66675 -0.707094 0.235313 0.656438 -0.707094 0.262781 0.642531 -0.707094 0.295188 0.635938 -0.707094 0.309063 0.629031 -0.707094 0.322906 0.617469 -0.707094 0.3445 0.602531 -0.707094 0.369938 0.586031 -0.707094 0.395594 0.580281 -0.707094 0.403969 0.550438 -0.707094 0.443844 0.54325 -0.707094 0.452563 0.501813 -0.707094 0.498125 0.496844 -0.707094 0.503125 0.459344 -0.707094 0.537531 0.436844 -0.707094 0.555969 0.419906 -0.707094 0.568875 0.404719 -0.707094 0.57975 0.383719 -0.707094 0.593875 0.354156 -0.707094 0.611969 0.350844 -0.707094 0.613844 0.301031 -0.707094 0.63975 0.321281 -0.707094 0.629875 0.294844 -0.707094 0.642656 0.247313 -0.707094 0.662406 0.226938 -0.707094 0.669688 0.173375 -0.707094 0.6855 0.149875 -0.707094 0.691031 0.097 -0.707094 0.700406 0.110594 -0.707094 0.698344 0.027625 -0.707094 0.706563 0.0510313 -0.707094 0.70525 -0.008875 -0.707094 0.707031 -0.032875 -0.707094 0.706281 -0.0885938 -0.707094 0.701469 -0.0854063 -0.707094 0.701906 -0.130938 -0.707094 0.694875 -0.167187 -0.707094 0.687031 -0.17025 -0.707094 0.686281 -0.205781 -0.707094 0.676437 -0.204187 -0.707094 0.676938 -0.233531 -0.707094 0.667406 -0.262344 -0.707094 0.656594 -0.283781 -0.707094 0.647625 -0.317031 -0.707094 0.632031 -0.3205 -0.707094 0.630219 -0.373781 -0.707094 0.600219 -0.386313 -0.707094 0.592219 -0.424563 -0.707094 0.565406 -0.450719 -0.707094 0.544813 -0.478125 -0.707094 0.520906 -0.480781 -0.707094 0.518438 -0.520938 -0.707094 0.478063 -0.522969 -0.707094 0.475844 -0.555094 -0.707094 0.437906 -0.561406 -0.707094 0.429844 -0.582438 -0.707094 0.400875 -0.606313 -0.707094 0.36375 -0.604344 -0.707094 0.367063 -0.621844 -0.707094 0.336531 -0.635938 -0.707094 0.309063 -0.643531 -0.707094 0.293 -0.657656 -0.707094 0.259656 -0.671094 -0.707094 0.222687 -0.6715 -0.707094 0.221437 -0.688125 -0.707094 0.162594 -0.699656 -0.707094 0.102094 -0.703031 -0.707094 0.0753438 -0.70525 -0.707094 0.0511875 -0.703031 -0.707094 -0.0753438 -0.699656 -0.707094 -0.102094 -0.691031 -0.707094 -0.149875 -0.683594 -0.707094 -0.180781 -0.671094 -0.707094 -0.222687 -0.658875 -0.707094 -0.256563 -0.643531 -0.707094 -0.293 -0.637812 -0.707094 -0.305094 -0.606313 -0.707094 -0.36375 -0.604344 -0.707094 -0.367063 -0.582438 -0.707094 -0.400875 -0.561406 -0.707094 -0.429844 -0.555094 -0.707094 -0.437906 -0.520938 -0.707094 -0.478063 -0.509313 -0.707094 -0.490438 -0.478125 -0.707094 -0.520906 -0.450719 -0.707094 -0.544813 -0.424563 -0.707094 -0.565406 -0.386313 -0.707094 -0.592219 -0.357688 -0.707094 -0.609906 -0.317031 -0.707094 -0.632031 -0.286813 -0.707094 -0.64625 -0.243656 -0.707094 -0.66375 -0.237656 -0.707094 -0.665906 -0.17025 -0.707094 -0.686281 -0.167187 -0.707094 -0.687031 -0.130938 -0.707094 -0.694875 -0.0885938 -0.707094 -0.701469 -0.0854063 -0.707094 -0.701906 -0.032875 -0.707094 -0.706281 -0.008875 -0.707094 -0.707031 0.027625 -0.707094 -0.706563 0.0709063 -0.707094 -0.703531 0.097 -0.707094 -0.700406 0.149875 -0.707094 -0.691031 0.196313 -0.707094 -0.67925 0.226938 -0.707094 -0.669688 0.291 -0.707094 -0.644406 0.301031 -0.707094 -0.63975 0.350844 -0.707094 -0.613844 0.371344 -0.707094 -0.601687 0.383719 -0.707094 -0.593875 0.436844 -0.707094 -0.555969 0.419906 -0.707094 -0.568875 0.459344 -0.707094 -0.537531 0.496844 -0.707094 -0.503125 0.501813 -0.707094 -0.498125 0.550438 -0.707094 -0.443844 0.555031 -0.707094 -0.438031 0.600781 -0.707094 -0.372813 0.597 -0.707094 -0.378844 0.627031 -0.707094 -0.326813 0.656438 -0.707094 -0.262781 0.66675 -0.707094 -0.235313 0.670313 -0.707094 -0.225031 0.683563 -0.707094 -0.180906 0.689094 -0.707094 -0.158531 0.695094 -0.707094 -0.129469 0.702563 -0.707094 -0.07975 0.703656 -0.707094 -0.0695 0.703031 -0.707094 0.0753438 0.699656 -0.707094 0.102094 0.691031 -0.707094 0.149875 0.683594 -0.707094 0.180781 0.671094 -0.707094 0.222687 0.658875 -0.707094 0.256563 0.643531 -0.707094 0.293 0.637812 -0.707094 0.305094 0.606313 -0.707094 0.36375 0.604344 -0.707094 0.367063 0.582438 -0.707094 0.400875 0.561406 -0.707094 0.429844 0.555094 -0.707094 0.437906 0.520938 -0.707094 0.478063 0.509313 -0.707094 0.490438 0.478125 -0.707094 0.520906 0.450719 -0.707094 0.544813 0.424563 -0.707094 0.565406 0.386313 -0.707094 0.592219 0.357688 -0.707094 0.609906 0.317031 -0.707094 0.632031 0.286813 -0.707094 0.64625 0.243656 -0.707094 0.66375 0.237656 -0.707094 0.665906 0.17025 -0.707094 0.686281 0.167187 -0.707094 0.687031 0.130938 -0.707094 0.694875 0.0885938 -0.707094 0.701469 0.0854063 -0.707094 0.701906 0.032875 -0.707094 0.706281 0.008875 -0.707094 0.707031 -0.027625 -0.707094 0.706563 -0.0709063 -0.707094 0.703531 -0.097 -0.707094 0.700406 -0.149875 -0.707094 0.691031 -0.196313 -0.707094 0.67925 -0.226938 -0.707094 0.669688 -0.291 -0.707094 0.644406 -0.301031 -0.707094 0.63975 -0.350844 -0.707094 0.613844 -0.371344 -0.707094 0.601687 -0.383719 -0.707094 0.593875 -0.436844 -0.707094 0.555969 -0.419906 -0.707094 0.568875 -0.459344 -0.707094 0.537531 -0.496844 -0.707094 0.503125 -0.501813 -0.707094 0.498125 -0.550438 -0.707094 0.443844 -0.555031 -0.707094 0.438031 -0.600781 -0.707094 0.372813 -0.597 -0.707094 0.378844 -0.627031 -0.707094 0.326813 -0.656438 -0.707094 0.262781 -0.66675 -0.707094 0.235313 -0.670313 -0.707094 0.225031 -0.683563 -0.707094 0.180906 -0.689094 -0.707094 0.158531 -0.695094 -0.707094 0.129469 -0.702563 -0.707094 0.07975 -0.703656 -0.707094 0.0695 0.640094 -0.707094 0.300281 0.52675 -0.707094 0.471719 0.242719 -0.707094 0.664125 0.0414688 -0.707094 0.705844 -0.316 -0.707094 0.6325 -0.624563 -0.707094 0.331531 -0.693469 -0.707094 0.137938 -0.640094 -0.707094 -0.300281 -0.52675 -0.707094 -0.471719 -0.242719 -0.707094 -0.664125 -0.0414688 -0.707094 -0.705844 0.316 -0.707094 -0.6325 0.624563 -0.707094 -0.331531 0.693469 -0.707094 -0.137938 -0.5 -0.707094 -0.5 -0.4225 -0.707094 -0.566938 -0.247844 -0.707094 -0.662188 -0.240281 -0.707094 -0.665 0.0665 -0.707094 -0.703906 -0.0389063 -0.707094 -0.706031 0.0995625 -0.707094 -0.7 0.367563 -0.707094 -0.604031 0.297938 -0.707094 -0.64125 0.46975 -0.707094 -0.528437 0.594594 -0.707094 -0.382625 0.563812 -0.707094 -0.426625 0.702031 -0.707094 -0.0841875 0.67075 -0.707094 -0.22375 0.707094 -0.707094 0.0025625 0.66825 -0.707094 0.231094 0.676063 -0.707094 0.207188 0.5 -0.707094 0.5 0.587875 -0.707094 0.392844 -0.0441875 -0.707094 0.705719 -0.213594 -0.707094 0.674031 -0.250906 -0.707094 0.661031 -0.37025 -0.707094 0.602344 -0.463313 -0.707094 0.534094 -0.504969 -0.707094 0.494938 -0.619 -0.707094 0.341719 -0.609688 -0.707094 0.358063 -0.678187 -0.707094 0.2 -0.698875 -0.707094 0.1075 -0.706469 -0.707094 0.0299687 -0.693125 -0.707094 -0.139812 -0.681844 -0.707094 -0.187219 -0.592031 -0.707094 -0.386531 -0.623125 -0.707094 -0.334125 -0.5 -0.707094 -0.499938 0.333313 -0.707094 0.623563 0.332938 -0.707094 0.623781 0.137938 -0.707094 0.693469 0.138563 -0.707094 0.693344 0.102094 -0.707094 -0.699656 0.169344 -0.707094 -0.6865 0.300281 -0.707094 -0.640094 0.32425 -0.707094 -0.628344 0.471719 -0.707094 -0.52675 0.461344 -0.707094 -0.535781 0.565406 -0.707094 -0.424563 0.64275 -0.707094 -0.294688 0.664125 -0.707094 -0.242719 0.705844 -0.707094 -0.0414688 0.700406 -0.707094 0.097 0.6865 -0.707094 0.169344 0.6325 -0.707094 0.316 0.628344 -0.707094 0.32425 0.498125 -0.707094 0.501813 0.535781 -0.707094 0.461344 0.361969 -0.707094 0.607406 0.331531 -0.707094 0.624563 0.150813 -0.707094 0.690813 -0.102094 -0.707094 0.699656 -0.169344 -0.707094 0.6865 -0.300281 -0.707094 0.640094 -0.32425 -0.707094 0.628344 -0.471719 -0.707094 0.52675 -0.461344 -0.707094 0.535781 -0.565406 -0.707094 0.424563 -0.64275 -0.707094 0.294688 -0.664125 -0.707094 0.242719 -0.705844 -0.707094 0.0414688 -0.700406 -0.707094 -0.097 -0.6865 -0.707094 -0.169344 -0.6325 -0.707094 -0.316 -0.628344 -0.707094 -0.32425 -0.498125 -0.707094 -0.501813 -0.535781 -0.707094 -0.461344 -0.361969 -0.707094 -0.607406 -0.331531 -0.707094 -0.624563 -0.150813 -0.707094 -0.690813 -0.137938 -0.707094 -0.693469 0.137906 -0.707094 0.693469 0 1 -0 0.5 -0.707094 0.499938 0.99425 0 -0.106594 0.999969 0 -0.0003125 0.999875 0 -0.0151875 0.999687 0 -0.0229688 0.999469 0 -0.03075 0.999438 0 -0.0332813 0.993813 0 -0.110813 0.977219 0 -0.211969 0.982188 0 -0.187625 0.964688 0 -0.263281 0.949094 0 -0.314969 0.941312 0 -0.337375 0.910062 0 -0.414375 0.912313 0 -0.409438 0.8575 0 -0.514406 0.877781 0 -0.479031 0.837906 0 -0.545687 0.793938 0 -0.607875 0.793031 0 -0.609125 0.739594 0 -0.672969 0.743344 0 -0.668844 0.679906 0 -0.73325 0.689188 0 -0.724563 0.630844 0 -0.775844 0.637375 0 -0.7705 0.546344 0 -0.837469 0.568687 0 -0.822469 0.503125 0 -0.864125 0.448344 0 -0.893781 0.434563 0 -0.900594 0.371031 0 -0.928594 0.363313 0 -0.931625 0.291 0 -0.956688 0.289906 0 -0.957031 0.236437 0 -0.971594 0.21475 0 -0.976656 0.125313 0 -0.992063 0.138281 0 -0.990344 0.0609375 0 -0.998125 0.0125625 0 -0.999875 -0.016625 0 -0.999844 -0.0721563 0 -0.997375 -0.0942188 0 -0.995531 -0.156406 0 -0.987688 -0.171219 0 -0.985219 -0.211969 0 -0.977219 -0.247156 0 -0.968938 -0.320938 0 -0.947062 -0.321656 0 -0.946813 -0.394188 0 -0.919 -0.425719 0 -0.904813 -0.464344 0 -0.885625 -0.500875 0 -0.865469 -0.531656 0 -0.846875 -0.572375 0 -0.819938 -0.595812 0 -0.803062 -0.617813 0 -0.78625 -0.656344 0 -0.754406 -0.702594 0 -0.7115 -0.712969 0 -0.701156 -0.778406 0 -0.627688 -0.76525 0 -0.643719 -0.812906 0 -0.582344 -0.828781 0 -0.559438 -0.855656 0 -0.517469 -0.87325 0 -0.48725 -0.893219 0 -0.449469 -0.899406 0 -0.437094 -0.942937 0 -0.332781 -0.925438 0 -0.378781 -0.952031 0 -0.305813 -0.9745 0 -0.22425 -0.972938 0 -0.231 -0.987938 0 -0.154781 -0.99 0 -0.140844 -0.996938 0 -0.0775938 -0.998344 0 -0.0564688 -0.99425 0 0.106594 -0.996938 0 0.0775938 -0.987938 0 0.154781 -0.977219 0 0.211969 -0.972938 0 0.231 -0.952031 0 0.305813 -0.949094 0 0.314969 -0.925438 0 0.378781 -0.910062 0 0.414375 -0.893219 0 0.449469 -0.8575 0 0.514406 -0.855656 0 0.517469 -0.812906 0 0.582344 -0.793938 0 0.607875 -0.76525 0 0.643719 -0.739594 0 0.672969 -0.712969 0 0.701156 -0.679906 0 0.73325 -0.656344 0 0.754406 -0.637375 0 0.7705 -0.595812 0 0.803062 -0.546344 0 0.837469 -0.531656 0 0.846875 -0.448344 0 0.893781 -0.464344 0 0.885625 -0.394188 0 0.919 -0.371031 0 0.928594 -0.291 0 0.956688 -0.321656 0 0.946813 -0.247156 0 0.968938 -0.236437 0 0.971594 -0.125313 0 0.992063 -0.171219 0 0.985219 -0.0942188 0 0.995531 -0.0125625 0 0.999875 -0.016625 0 0.999844 0.0609375 0 0.998125 0.0721563 0 0.997375 0.156406 0 0.987688 0.138281 0 0.990344 0.21475 0 0.976656 0.211969 0 0.977219 0.320938 0 0.947062 0.289906 0 0.957031 0.363313 0 0.931625 0.425719 0 0.904813 0.434563 0 0.900594 0.503125 0 0.864125 0.500875 0 0.865469 0.572375 0 0.819938 0.568687 0 0.822469 0.617813 0 0.78625 0.630844 0 0.775844 0.702594 0 0.7115 0.689188 0 0.724563 0.743344 0 0.668844 0.778406 0 0.627688 0.793031 0 0.609125 0.837906 0 0.545687 0.828781 0 0.559438 0.87325 0 0.48725 0.877781 0 0.479031 0.899406 0 0.437094 0.912313 0 0.409438 0.942937 0 0.332781 0.941312 0 0.337375 0.964688 0 0.263281 0.9745 0 0.22425 0.982188 0 0.187625 0.993813 0 0.110813 0.99 0 0.140844 0.998344 0 0.0564688 0.999438 0 0.0332813 0.999438 0 0.0316875 0.999656 0 0.0257812 0.999875 0 0.0150938 0.996875 0 -0.0784063 0.993594 0 -0.112844 0.980781 0 -0.195063 0.9745 0 -0.22425 0.951031 0 -0.308969 0.942937 0 -0.332781 0.890969 0 -0.453969 0.899406 0 -0.437094 0.844281 0 -0.535781 0.809 0 -0.587781 0.778406 0 -0.627688 0.760375 0 -0.649406 0.702594 0 -0.7115 0.678781 0 -0.734281 0.617813 0 -0.78625 0.587781 0 -0.809 0.525156 0 -0.850969 0.453969 0 -0.890969 0.425719 0 -0.904813 0.308969 0 -0.951031 0.320938 0 -0.947062 0.211969 0 -0.977219 0.233406 0 -0.972313 0.1175 0 -0.993031 0.100313 0 -0.994906 -0.0125625 0 -0.999875 -0.0784063 0 -0.996875 -0.125313 0 -0.992063 -0.195063 0 -0.980781 -0.236437 0 -0.971594 -0.308969 0 -0.951031 -0.344594 0 -0.938688 -0.453969 0 -0.890969 -0.448344 0 -0.893781 -0.546344 0 -0.837469 -0.587781 0 -0.809 -0.637375 0 -0.7705 -0.649406 0 -0.760375 -0.72025 0 -0.693594 -0.734281 0 -0.678781 -0.793938 0 -0.607875 -0.809 0 -0.587781 -0.8575 0 -0.514406 -0.890969 0 -0.453969 -0.910062 0 -0.414375 -0.951031 0 -0.308969 -0.949094 0 -0.314969 -0.977219 0 -0.211969 -0.972313 0 -0.233406 -0.993031 0 -0.1175 -0.99425 0 -0.106594 -0.996875 0 0.0784063 -0.993594 0 0.112844 -0.980781 0 0.195063 -0.9745 0 0.22425 -0.942937 0 0.332781 -0.890969 0 0.453969 -0.899406 0 0.437094 -0.844281 0 0.535781 -0.778406 0 0.627688 -0.760375 0 0.649406 -0.702594 0 0.7115 -0.678781 0 0.734281 -0.617813 0 0.78625 -0.525156 0 0.850969 -0.453969 0 0.890969 -0.425719 0 0.904813 -0.320938 0 0.947062 -0.211969 0 0.977219 -0.233406 0 0.972313 -0.1175 0 0.993031 -0.100313 0 0.994906 0.0125625 0 0.999875 0.0784063 0 0.996875 0.125313 0 0.992063 0.195063 0 0.980781 0.236437 0 0.971594 0.344594 0 0.938688 0.453969 0 0.890969 0.448344 0 0.893781 0.546344 0 0.837469 0.637375 0 0.7705 0.649406 0 0.760375 0.72025 0 0.693594 0.734281 0 0.678781 0.793938 0 0.607875 0.8575 0 0.514406 0.890969 0 0.453969 0.910062 0 0.414375 0.949094 0 0.314969 0.977219 0 0.211969 0.972313 0 0.233406 0.993031 0 0.1175 0.99425 0 0.106594 0.707094 0 0.707094 0.945063 0 0.326875 0.987688 0 0.156406 0.992844 0 -0.119094 0.987688 0 -0.156406 0.840906 0 -0.541094 0.707094 0 -0.707094 0.519813 0 -0.85425 0.0940625 0 -0.995531 0.156406 0 -0.987688 -0.350531 0 -0.9365 -0.707094 0 -0.707094 -0.837313 0 -0.546656 -0.964281 0 -0.26475 -0.987688 0 -0.156406 -0.999094 0 0.0424375 -0.987688 0 0.156406 -0.959156 0 0.282813 -0.862219 0 0.506406 -0.707094 0 0.707094 -0.714156 0 0.699938 -0.523625 0 0.851875 -0.302063 0 0.95325 -0.156406 0 0.987688 -0.0625 0 0.998031 0.471344 0 0.881906 0.908938 0 -0.416813 0.652469 0 -0.757719 0.458531 0 -0.888656 0.2395 0 -0.970875 -0.213313 0 -0.976969 -0.511906 0 -0.859 -0.757719 0 -0.652469 -0.888656 0 -0.458531 -0.970875 0 -0.2395 -0.908938 0 0.416813 -0.652469 0 0.757719 -0.458531 0 0.888656 -0.2395 0 0.970875 0.213313 0 0.976969 0.511906 0 0.859 0.757719 0 0.652469 0.888656 0 0.458531 0.970875 0 0.2395 -0.707094 0.707094 -0 -0.704969 0.707094 -0.054875 -0.704437 0.707094 -0.0609375 -0.696563 0.707094 -0.121469 -0.698563 0.707094 -0.109438 -0.687937 0.707094 -0.163344 -0.683469 0.707094 -0.181094 -0.673187 0.707094 -0.21625 -0.665344 0.707094 -0.239312 -0.654375 0.707094 -0.267844 -0.635656 0.707094 -0.309594 -0.631594 0.707094 -0.317813 -0.605031 0.707094 -0.365938 -0.598625 0.707094 -0.376281 -0.574781 0.707094 -0.411781 -0.554594 0.707094 -0.438563 -0.541094 0.707094 -0.455125 -0.504188 0.707094 -0.49575 -0.504094 0.707094 -0.495813 -0.464125 0.707094 -0.533406 -0.447844 0.707094 -0.547188 -0.421313 0.707094 -0.567875 -0.386313 0.707094 -0.592219 -0.375969 0.707094 -0.598844 -0.328312 0.707094 -0.626188 -0.32025 0.707094 -0.630406 -0.278688 0.707094 -0.649844 -0.250469 0.707094 -0.661219 -0.227406 0.707094 -0.669469 -0.177813 0.707094 -0.684344 -0.17475 0.707094 -0.685125 -0.121063 0.707094 -0.696625 -0.103094 0.707094 -0.699531 -0.0665938 0.707094 -0.703906 -0.0271563 0.707094 -0.706563 -0.0117813 0.707094 -0.707 0.0490625 0.707094 -0.705375 0.0430937 0.707094 -0.70575 0.09775 0.707094 -0.700281 0.124781 0.707094 -0.695969 0.151844 0.707094 -0.690594 0.199 0.707094 -0.678469 0.204969 0.707094 -0.676719 0.270938 0.707094 -0.653094 0.256875 0.707094 -0.658719 0.307281 0.707094 -0.636813 0.339656 0.707094 -0.620094 0.355781 0.707094 -0.611063 0.4045 0.707094 -0.579938 0.402156 0.707094 -0.581594 0.446063 0.707094 -0.548594 0.464625 0.707094 -0.532969 0.487281 0.707094 -0.512344 0.519313 0.707094 -0.479813 0.525594 0.707094 -0.472906 0.56075 0.707094 -0.430687 0.568 0.707094 -0.421094 0.592469 0.707094 -0.385844 0.610031 0.707094 -0.357469 0.620656 0.707094 -0.338688 0.645063 0.707094 -0.289531 0.644969 0.707094 -0.289688 0.665594 0.707094 -0.238531 0.672437 0.707094 -0.218531 0.682094 0.707094 -0.186188 0.692062 0.707094 -0.144844 0.694531 0.707094 -0.132625 0.70275 0.707094 -0.0783125 0.702 0.707094 -0.0845938 0.706688 0.707094 -0.02375 0.706688 0.707094 -0.0235625 0 0.999906 0.0104063 0 0.769188 0.638969 0 0.889844 0.456156 0 0.724281 0.689438 0 0.386875 0.922063 0 0.424844 0.90525 0.706688 0.707094 0.0235625 0.70275 0.707094 0.0783125 0.706688 0.707094 0.02375 0.699969 0.707094 0.0997813 0.694531 0.707094 0.132625 0.685188 0.707094 0.174562 0.682094 0.707094 0.186188 0.662406 0.707094 0.247344 0.665594 0.707094 0.238531 0.645063 0.707094 0.289531 0.631906 0.707094 0.31725 0.620656 0.707094 0.338688 0.594063 0.707094 0.3835 0.592469 0.707094 0.385844 0.56075 0.707094 0.430687 0.54925 0.707094 0.44525 0.525594 0.707094 0.472906 0.498125 0.707094 0.501813 0.487281 0.707094 0.512344 0.446063 0.707094 0.548594 0.441188 0.707094 0.552531 0.402156 0.707094 0.581594 0.379094 0.707094 0.596844 0.355781 0.707094 0.611063 0.312594 0.707094 0.634219 0.307281 0.707094 0.636813 0.256875 0.707094 0.658719 0.2425 0.707094 0.664187 0.204969 0.707094 0.676719 0.169531 0.707094 0.686437 0.151844 0.707094 0.690594 0.09775 0.707094 0.700281 0.094625 0.707094 0.700719 0.0430937 0.707094 0.70575 0.0185938 0.707094 0.706813 -0.0117813 0.707094 0.707 -0.0575938 0.707094 0.70475 -0.0665938 0.707094 0.703906 -0.133188 0.707094 0.694438 -0.121063 0.707094 0.696625 -0.17475 0.707094 0.685125 -0.207188 0.707094 0.676063 -0.227406 0.707094 0.669469 -0.278781 0.707094 0.64975 -0.278688 0.707094 0.649844 -0.328312 0.707094 0.626188 -0.347156 0.707094 0.615969 -0.375969 0.707094 0.598844 -0.4115 0.707094 0.574969 -0.421313 0.707094 0.567875 -0.471 0.707094 0.527344 -0.464125 0.707094 0.533406 -0.504094 0.707094 0.495813 -0.525063 0.707094 0.4735 -0.541094 0.707094 0.455125 -0.573031 0.707094 0.414219 -0.574781 0.707094 0.411781 -0.605031 0.707094 0.365938 -0.614344 0.707094 0.350094 -0.631594 0.707094 0.317813 -0.648438 0.707094 0.281875 -0.654375 0.707094 0.267844 -0.673187 0.707094 0.21625 -0.675031 0.707094 0.210375 -0.687937 0.707094 0.163344 -0.693781 0.707094 0.136469 -0.698563 0.707094 0.109438 -0.704969 0.707094 0.054875 -0.704437 0.707094 0.0609375 0 0.307813 -0.951406 0 0.638969 -0.769188 0 0.632375 -0.774594 0 0.90525 -0.424844 0 0.891375 -0.453156 -0.702156 -0.707094 -0.0830625 -0.687563 -0.707094 -0.165063 -0.672437 -0.707094 -0.2185 -0.63 -0.707094 -0.321 -0.572031 -0.707094 -0.415625 -0.519188 -0.707094 -0.479969 -0.459188 -0.707094 -0.537656 -0.415625 -0.707094 -0.572031 -0.321 -0.707094 -0.63 -0.2185 -0.707094 -0.672437 -0.0554375 -0.707094 -0.704875 0.0830625 -0.707094 -0.702156 0.165063 -0.707094 -0.687563 0.2185 -0.707094 -0.672437 0.321 -0.707094 -0.63 0.415625 -0.707094 -0.572031 0.479969 -0.707094 -0.519188 0.537656 -0.707094 -0.459188 0.572031 -0.707094 -0.415625 0.63 -0.707094 -0.321 0.672437 -0.707094 -0.2185 0.704875 -0.707094 -0.0554375 0.702156 -0.707094 0.0830625 0.687563 -0.707094 0.165063 0.672437 -0.707094 0.2185 0.63 -0.707094 0.321 0.572031 -0.707094 0.415625 0.519188 -0.707094 0.479969 0.459188 -0.707094 0.537656 0.415625 -0.707094 0.572031 0.321 -0.707094 0.63 0.2185 -0.707094 0.672437 0.0554375 -0.707094 0.704875 -0.0830625 -0.707094 0.702156 -0.165063 -0.707094 0.687563 -0.2185 -0.707094 0.672437 -0.321 -0.707094 0.63 -0.415625 -0.707094 0.572031 -0.479969 -0.707094 0.519188 -0.537656 -0.707094 0.459188 -0.572031 -0.707094 0.415625 -0.63 -0.707094 0.321 -0.672437 -0.707094 0.2185 -0.704875 -0.707094 0.0554375 -0.70525 0.707094 0.0511875 -0.703031 0.707094 0.0753438 -0.699656 0.707094 0.102094 -0.691031 0.707094 0.149875 -0.688125 0.707094 0.162594 -0.6715 0.707094 0.221437 -0.671094 0.707094 0.222687 -0.657656 0.707094 0.259656 -0.643531 0.707094 0.293 -0.635938 0.707094 0.309063 -0.621844 0.707094 0.336531 -0.606313 0.707094 0.36375 -0.604344 0.707094 0.367063 -0.582438 0.707094 0.400875 -0.561406 0.707094 0.429844 -0.555094 0.707094 0.437906 -0.520938 0.707094 0.478063 -0.509313 0.707094 0.490438 -0.478125 0.707094 0.520906 -0.450719 0.707094 0.544813 -0.424563 0.707094 0.565406 -0.386313 0.707094 0.592219 -0.373781 0.707094 0.600219 -0.3205 0.707094 0.630219 -0.317031 0.707094 0.632031 -0.283781 0.707094 0.647625 -0.243656 0.707094 0.66375 -0.233531 0.707094 0.667406 -0.204187 0.707094 0.676938 -0.167187 0.707094 0.687031 -0.17025 0.707094 0.686281 -0.130938 0.707094 0.694875 -0.0885938 0.707094 0.701469 -0.0854063 0.707094 0.701906 -0.032875 0.707094 0.706281 -0.008875 0.707094 0.707031 0.027625 0.707094 0.706563 0.0709063 0.707094 0.703531 0.097 0.707094 0.700406 0.149875 0.707094 0.691031 0.173375 0.707094 0.6855 0.247313 0.707094 0.662406 0.226938 0.707094 0.669688 0.294844 0.707094 0.642656 0.301031 0.707094 0.63975 0.321281 0.707094 0.629875 0.371344 0.707094 0.601687 0.350844 0.707094 0.613844 0.383719 0.707094 0.593875 0.419906 0.707094 0.568875 0.436844 0.707094 0.555969 0.459344 0.707094 0.537531 0.496844 0.707094 0.503125 0.501813 0.707094 0.498125 0.550438 0.707094 0.443844 0.54325 0.707094 0.452563 0.580281 0.707094 0.403969 0.597 0.707094 0.378844 0.602531 0.707094 0.369938 0.629031 0.707094 0.322906 0.635938 0.707094 0.309063 0.642531 0.707094 0.295188 0.656438 0.707094 0.262781 0.66675 0.707094 0.235313 0.670313 0.707094 0.225031 0.689094 0.707094 0.158531 0.683563 0.707094 0.180906 0.695094 0.707094 0.129469 0.702563 0.707094 0.07975 0.703656 0.707094 0.0695 0.707094 0.707094 -0 0.70525 0.707094 -0.0511875 0.703031 0.707094 -0.0753438 0.699656 0.707094 -0.102094 0.691031 0.707094 -0.149875 0.688125 0.707094 -0.162594 0.6715 0.707094 -0.221437 0.671094 0.707094 -0.222687 0.657656 0.707094 -0.259656 0.643531 0.707094 -0.293 0.635938 0.707094 -0.309063 0.621844 0.707094 -0.336531 0.606313 0.707094 -0.36375 0.604344 0.707094 -0.367063 0.582438 0.707094 -0.400875 0.561406 0.707094 -0.429844 0.555094 0.707094 -0.437906 0.520938 0.707094 -0.478063 0.509313 0.707094 -0.490438 0.478125 0.707094 -0.520906 0.450719 0.707094 -0.544813 0.424563 0.707094 -0.565406 0.386313 0.707094 -0.592219 0.373781 0.707094 -0.600219 0.3205 0.707094 -0.630219 0.317031 0.707094 -0.632031 0.283781 0.707094 -0.647625 0.243656 0.707094 -0.66375 0.233531 0.707094 -0.667406 0.204187 0.707094 -0.676938 0.167187 0.707094 -0.687031 0.17025 0.707094 -0.686281 0.130938 0.707094 -0.694875 0.0885938 0.707094 -0.701469 0.0854063 0.707094 -0.701906 0.032875 0.707094 -0.706281 0.008875 0.707094 -0.707031 -0.027625 0.707094 -0.706563 -0.0709063 0.707094 -0.703531 -0.097 0.707094 -0.700406 -0.149875 0.707094 -0.691031 -0.173375 0.707094 -0.6855 -0.247313 0.707094 -0.662406 -0.226938 0.707094 -0.669688 -0.294844 0.707094 -0.642656 -0.301031 0.707094 -0.63975 -0.321281 0.707094 -0.629875 -0.371344 0.707094 -0.601687 -0.350844 0.707094 -0.613844 -0.383719 0.707094 -0.593875 -0.419906 0.707094 -0.568875 -0.436844 0.707094 -0.555969 -0.459344 0.707094 -0.537531 -0.496844 0.707094 -0.503125 -0.501813 0.707094 -0.498125 -0.550438 0.707094 -0.443844 -0.54325 0.707094 -0.452563 -0.580281 0.707094 -0.403969 -0.597 0.707094 -0.378844 -0.602531 0.707094 -0.369938 -0.629031 0.707094 -0.322906 -0.635938 0.707094 -0.309063 -0.642531 0.707094 -0.295188 -0.656438 0.707094 -0.262781 -0.66675 0.707094 -0.235313 -0.670313 0.707094 -0.225031 -0.689094 0.707094 -0.158531 -0.683563 0.707094 -0.180906 -0.695094 0.707094 -0.129469 -0.702563 0.707094 -0.07975 -0.703656 0.707094 -0.0695 0.996875 0 0.0784063 0.993594 0 0.112844 0.990531 0 0.136969 0.974594 0 0.223875 0.923844 0 0.382625 0.899719 0 0.436406 0.857719 0 0.514094 0.844281 0 0.535781 0.760375 0 0.649406 0.720812 0 0.693031 0.656875 0 0.753969 0.525156 0 0.850969 0.522438 0 0.852625 0.391688 0 0.920031 0.233406 0 0.972313 0.175781 0 0.984375 0.0881875 0 0.996094 0.100313 0 0.994906 -0.0784063 0 0.996875 -0.136969 0 0.990531 -0.223875 0 0.974594 -0.344594 0 0.938688 -0.382625 0 0.923844 -0.436406 0 0.899719 -0.514094 0 0.857719 -0.649406 0 0.760375 -0.693031 0 0.720812 -0.72025 0 0.693594 -0.753969 0 0.656875 -0.852625 0 0.522438 -0.881906 0 0.471344 -0.920031 0 0.391688 -0.972313 0 0.233406 -0.984375 0 0.175781 -0.996094 0 0.0881875 -0.996875 0 -0.0784063 -0.993594 0 -0.112844 -0.990531 0 -0.136969 -0.974594 0 -0.223875 -0.923844 0 -0.382625 -0.899719 0 -0.436406 -0.857719 0 -0.514094 -0.844281 0 -0.535781 -0.760375 0 -0.649406 -0.720812 0 -0.693031 -0.656875 0 -0.753969 -0.525156 0 -0.850969 -0.522438 0 -0.852625 -0.471344 0 -0.881906 -0.391688 0 -0.920031 -0.233406 0 -0.972313 -0.175781 0 -0.984375 -0.0881875 0 -0.996094 -0.100313 0 -0.994906 0.0784063 0 -0.996875 0.136969 0 -0.990531 0.223875 0 -0.974594 0.344594 0 -0.938688 0.382625 0 -0.923844 0.436406 0 -0.899719 0.514094 0 -0.857719 0.649406 0 -0.760375 0.693031 0 -0.720812 0.72025 0 -0.693594 0.753969 0 -0.656875 0.852625 0 -0.522438 0.881906 0 -0.471344 0.920031 0 -0.391688 0.972313 0 -0.233406 0.984375 0 -0.175781 0.996094 0 -0.0881875 0.627031 0.707094 0.326813 0.571156 0.707094 0.416813 0.317031 0.707094 0.632031 0.264531 0.707094 0.655719 0.182375 0.707094 0.683156 -0.237656 0.707094 0.665906 -0.3345 0.707094 0.622938 -0.637812 0.707094 0.305094 -0.676281 0.707094 0.206406 -0.627031 0.707094 -0.326813 -0.571156 0.707094 -0.416813 -0.317031 0.707094 -0.632031 -0.264531 0.707094 -0.655719 -0.182375 0.707094 -0.683156 0.237656 0.707094 -0.665906 0.3345 0.707094 -0.622938 0.637812 0.707094 -0.305094 0.676281 0.707094 -0.206406</float_array>
					<technique_common>
						<accessor count="1165" source="#ID8" stride="3">
							<param name="X" type="float"/>
							<param name="Y" type="float"/>
							<param name="Z" type="float"/>
						</accessor>
					</technique_common>
				</source>
				<source id="ID9">
					<float_array id="ID10" count="2" digits="2490374">0 1</float_array>
					<technique_common>
						<accessor count="1" source="#ID10" stride="2">
							<param name="S" type="float"/>
							<param name="T" type="float"/>
						</accessor>
					</technique_common>
				</source>
				<vertices id="ID11">
					<input semantic="POSITION" source="#ID5"/>
				</vertices>
				<polylist count="2860">
					<input offset="0" semantic="VERTEX" source="#ID11" set="0"/>
					<input offset="1" semantic="NORMAL" source="#ID7" set="0"/>
					<input offset="2" semantic="TEXCOORD" source="#ID9" set="0"/>
					<vcount>3 3 3 3 3 3 3 3 3 3 3 3 3 3 3 3 3 3 3 3 3 3 3 3 3 3 3 3 3 3 3 3 3 3 3 3 3 3 3 3 3 3 3 3 3 3 3 3 3 3 3 3 3 3 3 3 3 3 3 3 3 3 3 3 3 3 3 3 3 3 3 3 3 3 3 3 3 3 3 3 3 3 3 3 3 3 3 3 3 3 3 3 3 3 3 3 3 3 3 3 3 3 3 3 3 3 3 3 3 3 3 3 3 3 3 3 3 3 3 3 3 3 3 3 3 3 3 3 3 3 3 3 3 3 3 3 3 3 3 3 3 3 3 3 3 3 3 3 3 3 3 3 3 3 3 3 3 3 3 3 3 3 3 3 3 3 3 3 3 3 3 3 3 3 3 3 3 3 3 3 3 3 3 3 3 3 3 3 3 3 3 3 3 3 3 3 3 3 3 3 3 3 3 3 3 3 3 3 3 3 3 3 3 3 3 3 3 3 3 3 3 3 3 3 3 3 3 3 3 3 3 3 3 3 3 3 3 3 3 3 3 3 3 3 3 3 3 3 3 3 3 3 3 3 3 3 3 3 3 3 3 3 3 3 3 3 3 3 3 3 3 3 3 3 3 3 3 3 3 3 3 3 3 3 3 3 3 3 3 3 3 3 3 3 3 3 3 3 3 3 3 3 3 3 3 3 3 3 3 3 3 3 3 3 3 3 3 3 3 3 3 3 3 3 3 3 3 3 3 3 3 3 3 3 3 3 3 3 3 3 3 3 3 3 3 3 3 3 3 3 3 3 3 3 3 3 3 3 3 3 3 3 3 3 3 3 3 3 3 3 3 3 3 3 3 3 3 3 3 3 3 3 3 3 3 3 3 3 3 3 3 3 3 3 3 3 3 3 3 3 3 3 3 3 3 3 3 3 3 3 3 3 3 3 3 3 3 3 3 3 3 3 3 3 3 3 3 3 3 3 3 3 3 3 3 3 3 3 3 3 3 3 3 3 3 3 3 3 3 3 3 3 3 3 3 3 3 3 3 3 3 3 3 3 3 3 3 3 3 3 3 3 3 3 3 3 3 3 3 3 3 3 3 3 3 3 3 3 3 3 3 3 3 3 3 3 3 3 3 3 3 3 3 3 3 3 3 3 3 3 3 3 3 3 3 3 3 3 3 3 3 3 3 3 3 3 3 3 3 3 3 3 3 3 3 3 3 3 3 3 3 3 3 3 3 3 3 3 3 3 3 3 3 3 3 3 3 3 3 3 3 3 3 3 3 3 3 3 3 3 3 3 3 3 3 3 3 3 3 3 3 3 3 3 3 3 3 3 3 3 3 3 3 3 3 3 3 3 3 3 3 3 3 3 3 3 3 3 3 3 3 3 3 3 3 3 3 3 3 3 3 3 3 3 3 3 3 3 3 3 3 3 3 3 3 3 3 3 3 3 3 3 3 3 3 3 3 3 3 3 3 3 3 3 3 3 3 3 3 3 3 3 3 3 3 3 3 3 3 3 3 3 3 3 3 3 3 3 3 3 3 3 3 3 3 3 3 3 3 3 3 3 3 3 3 3 3 3 3 3 3 3 3 3 3 3 3 3 3 3 3 3 3 3 3 3 3 3 3 3 3 3 3 3 3 3 3 3 3 3 3 3 3 3 3 3 3 3 3 3 3 3 3 3 3 3 3 3 3 3 3 3 3 3 3 3 3 3 3 3 3 3 3 3 3 3 3 3 3 3 3 3 3 3 3 3 3 3 3 3 3 3 3 3 3 3 3 3 3 3 3 3 3 3 3 3 3 3 3 3 3 3 3 3 3 3 3 3 3 3 3 3 3 3 3 3 3 3 3 3 3 3 3 3 3 3 3 3 3 3 3 3 3 3 3 3 3 3 3 3 3 3 3 3 3 3 3 3 3 3 3 3 3 3 3 3 3 3 3 3 3 3 3 3 3 3 3 3 3 3 3 3 3 3 3 3 3 3 3 3 3 3 3 3 3 3 3 3 3 3 3 3 3 3 3 3 3 3 3 3 3 3 3 3 3 3 3 3 3 3 3 3 3 3 3 3 3 3 3 3 3 3 3 3 3 3 3 3 3 3 3 3 3 3 3 3 3 3 3 3 3 3 3 3 3 3 3 3 3 3 3 3 3 3 3 3 3 3 3 3 3 3 3 3 3 3 3 3 3 3 3 3 3 3 3 3 3 3 3 3 3 3 3 3 3 3 3 3 3 3 3 3 3 3 3 3 3 3 3 3 3 3 3 3 3 3 3 3 3 3 3 3 3 3 3 3 3 3 3 3 3 3 3 3 3 3 3 3 3 3 3 3 3 3 3 3 3 3 3 3 3 3 3 3 3 3 3 3 3 3 3 3 3 3 3 3 3 3 3 3 3 3 3 3 3 3 3 3 3 3 3 3 3 3 3 3 3 3 3 3 3 3 3 3 3 3 3 3 3 3 3 3 3 3 3 3 3 3 3 3 3 3 3 3 3 3 3 3 3 3 3 3 3 3 3 3 3 3 3 3 3 3 3 3 3 3 3 3 3 3 3 3 3 3 3 3 3 3 3 3 3 3 3 3 3 3 3 3 3 3 3 3 3 3 3 3 3 3 3 3 3 3 3 3 3 3 3 3 3 3 3 3 3 3 3 3 3 3 3 3 3 3 3 3 3 3 3 3 3 3 3 3 3 3 3 3 3 3 3 3 3 3 3 3 3 3 3 3 3 3 3 3 3 3 3 3 3 3 3 3 3 3 3 3 3 3 3 3 3 3 3 3 3 3 3 3 3 3 3 3 3 3 3 3 3 3 3 3 3 3 3 3 3 3 3 3 3 3 3 3 3 3 3 3 3 3 3 3 3 3 3 3 3 3 3 3 3 3 3 3 3 3 3 3 3 3 3 3 3 3 3 3 3 3 3 3 3 3 3 3 3 3 3 3 3 3 3 3 3 3 3 3 3 3 3 3 3 3 3 3 3 3 3 3 3 3 3 3 3 3 3 3 3 3 3 3 3 3 3 3 3 3 3 3 3 3 3 3 3 3 3 3 3 3 3 3 3 3 3 3 3 3 3 3 3 3 3 3 3 3 3 3 3 3 3 3 3 3 3 3 3 3 3 3 3 3 3 3 3 3 3 3 3 3 3 3 3 3 3 3 3 3 3 3 3 3 3 3 3 3 3 3 3 3 3 3 3 3 3 3 3 3 3 3 3 3 3 3 3 3 3 3 3 3 3 3 3 3 3 3 3 3 3 3 3 3 3 3 3 3 3 3 3 3 3 3 3 3 3 3 3 3 3 3 3 3 3 3 3 3 3 3 3 3 3 3 3 3 3 3 3 3 3 3 3 3 3 3 3 3 3 3 3 3 3 3 3 3 3 3 3 3 3 3 3 3 3 3 3 3 3 3 3 3 3 3 3 3 3 3 3 3 3 3 3 3 3 3 3 3 3 3 3 3 3 3 3 3 3 3 3 3 3 3 3 3 3 3 3 3 3 3 3 3 3 3 3 3 3 3 3 3 3 3 3 3 3 3 3 3 3 3 3 3 3 3 3 3 3 3 3 3 3 3 3 3 3 3 3 3 3 3 3 3 3 3 3 3 3 3 3 3 3 3 3 3 3 3 3 3 3 3 3 3 3 3 3 3 3 3 3 3 3 3 3 3 3 3 3 3 3 3 3 3 3 3 3 3 3 3 3 3 3 3 3 3 3 3 3 3 3 3 3 3 3 3 3 3 3 3 3 3 3 3 3 3 3 3 3 3 3 3 3 3 3 3 3 3 3 3 3 3 3 3 3 3 3 3 3 3 3 3 3 3 3 3 3 3 3 3 3 3 3 3 3 3 3 3 3 3 3 3 3 3 3 3 3 3 3 3 3 3 3 3 3 3 3 3 3 3 3 3 3 3 3 3 3 3 3 3 3 3 3 3 3 3 3 3 3 3 3 3 3 3 3 3 3 3 3 3 3 3 3 3 3 3 3 3 3 3 3 3 3 3 3 3 3 3 3 3 3 3 3 3 3 3 3 3 3 3 3 3 3 3 3 3 3 3 3 3 3 3 3 3 3 3 3 3 3 3 3 3 3 3 3 3 3 3 3 3 3 3 3 3 3 3 3 3 3 3 3 3 3 3 3 3 3 3 3 3 3 3 3 3 3 3 3 3 3 3 3 3 3 3 3 3 3 3 3 3 3 3 3 3 3 3 3 3 3 3 3 3 3 3 3 3 3 3 3 3 3 3 3 3 3 3 3 3 3 3 3 3 3 3 3 3 3 3 3 3 3 3 3 3 3 3 3 3 3 3 3 3 3 3 3 3 3 3 3 3 3 3 3 3 3 3 3 3 3 3 3 3 3 3 3 3 3 3 3 3 3 3 3 3 3 3 3 3 3 3 3 3 3 3 3 3 3 3 3 3 3 3 3 3 3 3 3 3 3 3 3 3 3 3 3 3 3 3 3 3 3 3 3 3 3 3 3 3 3 3 3 3 3 3 3 3 3 3 3 3 3 3 3 3 3 3 3 3 3 3 3 3 3 3 3 3 3 3 3 3 3 3 3 3 3 3 3 3 3 3 3 3 3 3 3 3 3 3 3 3 3 3 3 3 3 3 3 3 3 3 3 3 3 3 3 3 3 3 3 3 3 3 3 3 3 3 3 3 3 3 3 3 3 3 3 3 3 3 3 3 3 3 3 3 3 3 3 3 3 3 3 3 3 3 3 3 3 3 3 3 3 3 3 3 3 3 3 3 3 3 3 3 3 3 3 3 3 3 3 3 3 3 3 3 3 3 3 3 3 3 3 3 3 3 3 3 3 3 3 3 3 3 3 3 3 3 3 3 3 3 3 3 3 3 3 3 3 3 3 3 3 3 3 3 3 3 3 3 3 3 3 3 3 3 3 3 3 3 3 3 3 3 3 3 3 3 3 3 3 3 3 3 3 3 3 3 3 3 3 3 3 3 3 3 3 3 3 3 3 3 3 3 3 3 3 3 3 3 3 3 3 3 3 3 3 3 3 3 3 3 3 3 3 3 3 3 3 3 3 3 3 3 3 3 3 3 3 3 3 3 3 3 3 3 3 3 3 3 3 3 3 3 3 3 3 3 3 3 3 3 3 3 3 3 3 3 3 3 3 3 3 3 3 3 3 3 3 3 3 3 3 3 3 3 3 3 3 3 3 3 3 3 3 3 3 3 3 3 3 3 3 3 3 3 3 3 3 3 3 3 3 3 3 3 3 3 3 3 3 3 3 3 3 3 3 3 3 3 3 3 3 3 3 3 3 3 3 3 3 3 3 3 3 3 3 3 3 3 3 3 3 3 3 3 3 3 3 3 3 3 3 3 3 3 3 3 3 3 3 3 3 3 3 3 3 3 3 3 3 3 3 3 3 3 3 3 3 3 3 3 3 3 3 3 3 3 3 3 3 3 3 3 3 3 3 3 3 3 3 3 3 3 3 3 3 3 3 3 3 3 3 3 3 3 3 3 3 3 3 3 3 3 3 3 3 3 3 3 3 3 3 3 3 3 3 3 3 3 3 3 3 3 3 3 3 3 3 3 3 3 3 3 3 3 3 3 3 3 3 3 3 3 3 3 3 3 3 3 3 3 3 3 3 3 3 3 3 3 3 3 3 3 3 3 3 3 3 3 3 3 3 3 3 3 3 3 3 3 3 3 3 3 3 3 3 3 3 3 3 3 3 3 3 3 3 3 3 3 3 3 3 3 3 3 3 3 3 3 3 3 3 3 3 3 3 3 3 3 3 3 3 3 3 3 3 3 3 3 3 3 3 3 3 3 3 3 3 3 3 3 3 3 3 3 3 3 3 3 3 3 3 3 3 3 3 3 3 3 3 3 3 3 3 3 3 3 3 3 3 3 3 3 3 3 3 3 3 3 3 3 3 3 3 3 3 3 3 3 3 3 3 3 3 3 3 3 3 3 3 3 3 3 3 3 3 3 3 3 3 3 3 3 3 3 3 3 3 3 3 3 3 3 3 3 3 3 3 3 3 3 3 3 3 3 3 3 3 3 3 3 3 3 3 3 3 3 3 3 3 3 3 3 3 3 3 3 3 3 3 3 3 3 3 3 3 3 3 3 3 3 3 3 3 3 3 3 3 3 3 3 3 3 3 3 3 3 3 3 3 3 3 3 3 3 3 3 3 3 3 3 3 3 3 3 3 3 3 3 3 3 3 3 3 3 3 3 3 3 3 3 3 3 3 3 3 3 3 3 3 3 3 3 3 3 3 3 3 3 3 3 3 3 3 3 3 3 3 3 3 3 3 3 3 3 3 3 3 3 3 3 3 3 3 3 3 3 3 3 3 3 3 3 3 3 3 3 3 3 3 3 3 3 3 3 3 3 3 3 3 3 3 3 3 3 3 3 3 3 3 3 3 3 3 3 3 3 3 3 3 3 3 3 3 3 3 3 3 3 3 3</vcount>
					<p>0 0 0 44 1 0 21 0 0 21 0 0 44 1 0 20 2 0 43 3 0 20 2 0 44 1 0 43 3 0 19 4 0 20 2 0 19 4 0 43 3 0 42 5 0 19 4 0 42 5 0 106 6 0 41 7 0 106 6 0 42 5 0 41 7 0 17 8 0 106 6 0 17 8 0 41 7 0 40 9 0 17 8 0 40 9 0 16 9 0 40 9 0 6 10 0 16 9 0 16 9 0 6 10 0 92 11 0 38 12 0 92 11 0 6 10 0 38 12 0 14 13 0 92 11 0 14 13 0 38 12 0 8 14 0 14 13 0 8 14 0 94 15 0 9 16 0 94 15 0 8 14 0 9 16 0 12 17 0 94 15 0 12 17 0 9 16 0 10 18 0 12 17 0 10 18 0 71 18 0 44 19 0 0 19 0 24 19 0 44 19 0 24 19 0 25 19 0 44 19 0 25 19 0 43 19 0 43 19 0 25 19 0 56 19 0 43 19 0 56 19 0 42 19 0 42 19 0 56 19 0 55 19 0 42 19 0 55 19 0 41 19 0 41 19 0 55 19 0 54 19 0 41 19 0 54 19 0 40 19 0 40 19 0 54 19 0 53 19 0 40 19 0 53 19 0 6 19 0 6 19 0 53 19 0 30 19 0 6 19 0 30 19 0 38 19 0 38 19 0 30 19 0 51 19 0 38 19 0 51 19 0 8 19 0 8 19 0 51 19 0 50 19 0 8 19 0 50 19 0 49 19 0 8 19 0 49 19 0 9 19 0 9 19 0 49 19 0 48 19 0 9 19 0 48 19 0 10 19 0 10 18 0 48 20 0 71 18 0 71 18 0 48 20 0 69 21 0 69 21 0 48 20 0 49 22 0 50 23 0 69 21 0 49 22 0 50 23 0 73 24 0 69 21 0 73 24 0 50 23 0 67 25 0 67 25 0 50 23 0 51 26 0 30 27 0 67 25 0 51 26 0 30 27 0 75 28 0 67 25 0 75 28 0 30 27 0 53 29 0 75 28 0 53 29 0 76 30 0 54 31 0 76 30 0 53 29 0 76 30 0 54 31 0 64 32 0 64 32 0 54 31 0 55 33 0 56 34 0 64 32 0 55 33 0 56 34 0 100 35 0 64 32 0 100 35 0 56 34 0 62 36 0 25 37 0 62 36 0 56 34 0 62 36 0 25 37 0 61 38 0 61 38 0 25 37 0 24 39 0 61 38 0 24 39 0 21 0 0 21 0 0 24 39 0 0 0 0 439 41 0 76 40 0 77 40 0 439 41 0 75 42 0 76 40 0 75 42 0 439 41 0 79 43 0 75 42 0 79 43 0 67 44 0 80 45 0 67 44 0 79 43 0 80 45 0 73 46 0 67 44 0 81 47 0 73 46 0 80 45 0 73 46 0 81 47 0 69 48 0 81 47 0 435 49 0 69 48 0 69 48 0 435 49 0 83 50 0 69 48 0 83 50 0 71 51 0 84 52 0 71 51 0 83 50 0 71 51 0 84 52 0 85 53 0 71 51 0 85 53 0 12 54 0 86 55 0 12 54 0 85 53 0 86 55 0 94 56 0 12 54 0 94 56 0 86 55 0 430 57 0 94 56 0 430 57 0 14 58 0 88 59 0 14 58 0 430 57 0 14 58 0 88 59 0 428 60 0 14 58 0 428 60 0 92 61 0 427 62 0 92 61 0 428 60 0 16 62 0 92 61 0 427 62 0 110 63 0 16 62 0 427 62 0 110 63 0 17 64 0 16 62 0 17 64 0 110 63 0 111 65 0 17 64 0 111 65 0 106 66 0 112 67 0 106 66 0 111 65 0 112 67 0 19 68 0 106 66 0 449 69 0 19 68 0 112 67 0 19 68 0 449 69 0 20 70 0 449 69 0 448 71 0 20 70 0 20 70 0 448 71 0 447 72 0 20 70 0 447 72 0 21 73 0 116 74 0 21 73 0 447 72 0 21 73 0 116 74 0 117 75 0 21 73 0 117 75 0 61 76 0 444 77 0 61 76 0 117 75 0 444 77 0 62 78 0 61 76 0 62 78 0 444 77 0 443 79 0 62 78 0 443 79 0 100 80 0 120 81 0 100 80 0 443 79 0 100 80 0 120 81 0 121 82 0 100 80 0 121 82 0 64 83 0 77 40 0 64 83 0 121 82 0 76 40 0 64 83 0 77 40 0 77 19 0 121 19 0 1079 19 0 77 19 0 1079 19 0 1078 19 0 77 19 0 1078 19 0 1077 19 0 77 19 0 1077 19 0 439 19 0 439 19 0 1077 19 0 460 19 0 439 19 0 460 19 0 79 19 0 79 19 0 460 19 0 80 19 0 80 19 0 460 19 0 1075 19 0 80 19 0 1075 19 0 81 19 0 81 19 0 1075 19 0 435 19 0 435 19 0 1075 19 0 462 19 0 435 19 0 462 19 0 83 19 0 83 19 0 462 19 0 84 19 0 110 19 0 427 19 0 418 19 0 110 19 0 418 19 0 419 19 0 418 19 0 427 19 0 1052 19 0 1052 19 0 427 19 0 1053 19 0 1053 19 0 427 19 0 428 19 0 1053 19 0 428 19 0 415 19 0 415 19 0 428 19 0 414 19 0 414 19 0 428 19 0 88 19 0 414 19 0 88 19 0 413 19 0 413 19 0 88 19 0 430 19 0 413 19 0 430 19 0 86 19 0 413 19 0 86 19 0 1018 19 0 1018 19 0 86 19 0 85 19 0 1018 19 0 85 19 0 1019 19 0 1019 19 0 85 19 0 84 19 0 1019 19 0 84 19 0 640 19 0 640 19 0 84 19 0 462 19 0 1019 19 0 640 19 0 740 19 0 1019 19 0 740 19 0 249 19 0 1019 19 0 249 19 0 738 19 0 1019 19 0 738 19 0 1020 19 0 1020 19 0 738 19 0 251 19 0 1020 19 0 251 19 0 736 19 0 1020 19 0 736 19 0 1021 19 0 1021 19 0 736 19 0 735 19 0 1021 19 0 735 19 0 1022 19 0 1022 19 0 735 19 0 254 19 0 1022 19 0 254 19 0 1023 19 0 462 19 0 463 19 0 640 19 0 640 19 0 463 19 0 246 19 0 246 19 0 463 19 0 245 19 0 245 19 0 463 19 0 643 19 0 643 19 0 463 19 0 464 19 0 643 19 0 464 19 0 243 19 0 243 19 0 464 19 0 465 19 0 243 19 0 465 19 0 466 19 0 243 19 0 466 19 0 645 19 0 645 19 0 466 19 0 1103 19 0 593 19 0 592 19 0 116 19 0 116 19 0 592 19 0 117 19 0 117 19 0 592 19 0 444 19 0 444 19 0 592 19 0 443 19 0 443 19 0 592 19 0 120 19 0 120 19 0 592 19 0 1080 19 0 1080 19 0 592 19 0 178 19 0 120 19 0 1080 19 0 121 19 0 121 19 0 1080 19 0 1079 19 0 1080 19 0 178 19 0 1081 19 0 1081 19 0 178 19 0 179 19 0 1081 19 0 179 19 0 454 19 0 454 19 0 179 19 0 475 19 0 475 19 0 179 19 0 1096 19 0 1096 19 0 179 19 0 1097 19 0 1097 19 0 179 19 0 180 19 0 1097 19 0 180 19 0 1098 19 0 1098 19 0 180 19 0 471 19 0 471 19 0 180 19 0 181 19 0 471 19 0 181 19 0 470 19 0 470 19 0 181 19 0 1101 19 0 1101 19 0 181 19 0 182 19 0 1101 19 0 182 19 0 468 19 0 468 19 0 182 19 0 1103 19 0 1103 19 0 182 19 0 645 19 0 645 19 0 182 19 0 241 19 0 241 19 0 182 19 0 586 19 0 241 19 0 586 19 0 240 19 0 240 19 0 586 19 0 648 19 0 648 19 0 586 19 0 184 19 0 648 19 0 184 19 0 649 19 0 649 19 0 184 19 0 584 19 0 649 19 0 584 19 0 650 19 0 650 19 0 584 19 0 651 19 0 651 19 0 584 19 0 583 19 0 651 19 0 583 19 0 652 19 0 652 19 0 583 19 0 187 19 0 652 19 0 187 19 0 234 19 0 234 19 0 187 19 0 233 19 0 233 19 0 187 19 0 232 19 0 791 19 0 232 19 0 187 19 0 306 19 0 187 19 0 188 19 0 187 19 0 306 19 0 791 19 0 306 19 0 188 19 0 305 19 0 305 19 0 188 19 0 805 19 0 805 19 0 188 19 0 303 19 0 303 19 0 188 19 0 302 19 0 302 19 0 188 19 0 580 19 0 302 19 0 580 19 0 808 19 0 808 19 0 580 19 0 300 19 0 300 19 0 580 19 0 299 19 0 299 19 0 580 19 0 298 19 0 298 19 0 580 19 0 579 19 0 298 19 0 579 19 0 297 19 0 297 19 0 579 19 0 296 19 0 296 19 0 579 19 0 793 19 0 478 19 0 168 19 0 166 19 0 166 19 0 168 19 0 165 19 0 165 19 0 168 19 0 600 19 0 165 19 0 600 19 0 481 19 0 481 19 0 600 19 0 170 19 0 481 19 0 170 19 0 163 19 0 163 19 0 170 19 0 171 19 0 163 19 0 171 19 0 483 19 0 483 19 0 171 19 0 597 19 0 483 19 0 597 19 0 484 19 0 484 19 0 597 19 0 596 19 0 484 19 0 596 19 0 595 19 0 484 19 0 595 19 0 485 19 0 485 19 0 595 19 0 175 19 0 485 19 0 175 19 0 159 19 0 159 19 0 175 19 0 158 19 0 158 19 0 175 19 0 593 19 0 158 19 0 593 19 0 157 19 0 157 19 0 593 19 0 116 19 0 157 19 0 116 19 0 447 19 0 157 19 0 447 19 0 448 19 0 157 19 0 448 19 0 449 19 0 157 19 0 449 19 0 489 19 0 489 19 0 449 19 0 112 19 0 489 19 0 112 19 0 111 19 0 489 19 0 111 19 0 110 19 0 489 19 0 110 19 0 419 19 0 489 19 0 419 19 0 1049 19 0 489 19 0 1049 19 0 490 19 0 490 19 0 1049 19 0 1048 19 0 490 19 0 1048 19 0 1047 19 0 490 19 0 1047 19 0 154 19 0 154 19 0 1047 19 0 1055 19 0 154 19 0 1055 19 0 1062 19 0 154 19 0 1062 19 0 425 19 0 154 19 0 425 19 0 492 19 0 492 19 0 425 19 0 1026 19 0 492 19 0 1026 19 0 1025 19 0 492 19 0 1025 19 0 406 19 0 492 19 0 406 19 0 152 19 0 152 19 0 406 19 0 1023 19 0 152 19 0 1023 19 0 254 19 0 152 19 0 254 19 0 733 19 0 152 19 0 733 19 0 256 19 0 152 19 0 256 19 0 151 19 0 151 19 0 256 19 0 257 19 0 151 19 0 257 19 0 150 19 0 150 19 0 257 19 0 258 19 0 150 19 0 258 19 0 729 19 0 150 19 0 729 19 0 149 19 0 149 19 0 729 19 0 260 19 0 149 19 0 260 19 0 727 19 0 149 19 0 727 19 0 148 19 0 148 19 0 727 19 0 726 19 0 148 19 0 726 19 0 147 19 0 147 19 0 726 19 0 499 19 0 1000 19 0 499 19 0 726 19 0 1002 19 0 402 19 0 726 19 0 726 19 0 402 19 0 1000 19 0 726 19 0 725 19 0 1002 19 0 1002 19 0 725 19 0 400 19 0 400 19 0 725 19 0 399 19 0 399 19 0 725 19 0 724 19 0 399 19 0 724 19 0 1005 19 0 1005 19 0 724 19 0 1006 19 0 1006 19 0 724 19 0 265 19 0 1006 19 0 265 19 0 1007 19 0 1007 19 0 265 19 0 1008 19 0 1008 19 0 265 19 0 266 19 0 1008 19 0 266 19 0 1009 19 0 1009 19 0 266 19 0 393 19 0 393 19 0 266 19 0 267 19 0 393 19 0 267 19 0 1011 19 0 1011 19 0 267 19 0 977 19 0 231 19 0 232 19 0 790 19 0 790 19 0 232 19 0 791 19 0 231 19 0 790 19 0 285 19 0 231 19 0 285 19 0 286 19 0 231 19 0 286 19 0 657 19 0 657 19 0 286 19 0 287 19 0 657 19 0 287 19 0 786 19 0 657 19 0 786 19 0 229 19 0 229 19 0 786 19 0 289 19 0 229 19 0 289 19 0 784 19 0 229 19 0 784 19 0 228 19 0 228 19 0 784 19 0 291 19 0 228 19 0 291 19 0 292 19 0 228 19 0 292 19 0 293 19 0 228 19 0 293 19 0 660 19 0 660 19 0 293 19 0 294 19 0 660 19 0 294 19 0 793 19 0 660 19 0 793 19 0 579 19 0 660 19 0 579 19 0 578 19 0 660 19 0 578 19 0 661 19 0 661 19 0 578 19 0 192 19 0 661 19 0 192 19 0 576 19 0 661 19 0 576 19 0 225 19 0 225 19 0 576 19 0 575 19 0 225 19 0 575 19 0 224 19 0 224 19 0 575 19 0 664 19 0 664 19 0 575 19 0 574 19 0 664 19 0 574 19 0 222 19 0 222 19 0 574 19 0 221 19 0 221 19 0 574 19 0 196 19 0 221 19 0 196 19 0 220 19 0 220 19 0 196 19 0 572 19 0 220 19 0 572 19 0 219 19 0 322 19 0 323 19 0 219 19 0 219 19 0 572 19 0 322 19 0 322 19 0 572 19 0 854 19 0 854 19 0 572 19 0 571 19 0 854 19 0 571 19 0 816 19 0 816 19 0 571 19 0 817 19 0 817 19 0 571 19 0 318 19 0 318 19 0 571 19 0 317 19 0 317 19 0 571 19 0 570 19 0 317 19 0 570 19 0 316 19 0 316 19 0 570 19 0 315 19 0 315 19 0 570 19 0 822 19 0 822 19 0 570 19 0 569 19 0 822 19 0 569 19 0 823 19 0 823 19 0 569 19 0 312 19 0 312 19 0 569 19 0 311 19 0 711 19 0 278 19 0 370 19 0 711 19 0 370 19 0 371 19 0 370 19 0 278 19 0 957 19 0 957 19 0 278 19 0 958 19 0 958 19 0 278 19 0 709 19 0 958 19 0 709 19 0 920 19 0 920 19 0 709 19 0 708 19 0 920 19 0 708 19 0 366 19 0 366 19 0 708 19 0 281 19 0 366 19 0 281 19 0 365 19 0 365 19 0 281 19 0 706 19 0 365 19 0 706 19 0 349 19 0 365 19 0 349 19 0 350 19 0 365 19 0 350 19 0 909 19 0 365 19 0 909 19 0 364 19 0 364 19 0 909 19 0 352 19 0 364 19 0 352 19 0 363 19 0 363 19 0 352 19 0 907 19 0 363 19 0 907 19 0 354 19 0 363 19 0 354 19 0 362 19 0 362 19 0 354 19 0 361 19 0 361 19 0 354 19 0 905 19 0 361 19 0 905 19 0 360 19 0 360 19 0 905 19 0 883 19 0 360 19 0 883 19 0 359 19 0 145 19 0 499 19 0 988 19 0 988 19 0 499 19 0 1000 19 0 145 19 0 988 19 0 987 19 0 145 19 0 987 19 0 986 19 0 145 19 0 986 19 0 985 19 0 145 19 0 985 19 0 144 19 0 144 19 0 985 19 0 384 19 0 144 19 0 384 19 0 385 19 0 144 19 0 385 19 0 386 19 0 144 19 0 386 19 0 387 19 0 144 19 0 387 19 0 143 19 0 143 19 0 387 19 0 388 19 0 143 19 0 388 19 0 979 19 0 143 19 0 979 19 0 390 19 0 143 19 0 390 19 0 977 19 0 143 19 0 977 19 0 267 19 0 143 19 0 267 19 0 268 19 0 143 19 0 268 19 0 503 19 0 503 19 0 268 19 0 269 19 0 503 19 0 269 19 0 718 19 0 503 19 0 718 19 0 717 19 0 503 19 0 717 19 0 504 19 0 504 19 0 717 19 0 716 19 0 504 19 0 716 19 0 505 19 0 505 19 0 716 19 0 715 19 0 505 19 0 715 19 0 274 19 0 505 19 0 274 19 0 506 19 0 506 19 0 274 19 0 275 19 0 506 19 0 275 19 0 507 19 0 507 19 0 275 19 0 712 19 0 507 19 0 712 19 0 711 19 0 507 19 0 711 19 0 371 19 0 507 19 0 371 19 0 137 19 0 137 19 0 371 19 0 372 19 0 137 19 0 372 19 0 373 19 0 137 19 0 373 19 0 509 19 0 509 19 0 373 19 0 952 19 0 509 19 0 952 19 0 968 19 0 509 19 0 968 19 0 510 19 0 510 19 0 968 19 0 376 19 0 510 19 0 376 19 0 377 19 0 510 19 0 377 19 0 511 19 0 511 19 0 377 19 0 931 19 0 511 19 0 931 19 0 357 19 0 511 19 0 357 19 0 929 19 0 511 19 0 929 19 0 512 19 0 512 19 0 929 19 0 359 19 0 512 19 0 359 19 0 883 19 0 512 19 0 883 19 0 333 19 0 512 19 0 333 19 0 334 19 0 512 19 0 334 19 0 132 19 0 132 19 0 334 19 0 335 19 0 132 19 0 335 19 0 336 19 0 132 19 0 336 19 0 878 19 0 669 19 0 219 19 0 323 19 0 669 19 0 323 19 0 324 19 0 669 19 0 324 19 0 217 19 0 217 19 0 324 19 0 850 19 0 217 19 0 850 19 0 671 19 0 671 19 0 850 19 0 849 19 0 671 19 0 849 19 0 672 19 0 672 19 0 849 19 0 214 19 0 214 19 0 849 19 0 327 19 0 214 19 0 327 19 0 213 19 0 213 19 0 327 19 0 706 19 0 706 19 0 327 19 0 349 19 0 349 19 0 327 19 0 348 19 0 348 19 0 327 19 0 913 19 0 913 19 0 327 19 0 346 19 0 346 19 0 327 19 0 864 19 0 346 19 0 864 19 0 345 19 0 345 19 0 864 19 0 329 19 0 345 19 0 329 19 0 344 19 0 344 19 0 329 19 0 828 19 0 344 19 0 828 19 0 892 19 0 892 19 0 828 19 0 827 19 0 892 19 0 827 19 0 342 19 0 342 19 0 827 19 0 310 19 0 342 19 0 310 19 0 311 19 0 342 19 0 311 19 0 341 19 0 341 19 0 311 19 0 569 19 0 341 19 0 569 19 0 201 19 0 341 19 0 201 19 0 340 19 0 340 19 0 201 19 0 339 19 0 339 19 0 201 19 0 338 19 0 338 19 0 201 19 0 202 19 0 338 19 0 202 19 0 878 19 0 878 19 0 202 19 0 132 19 0 132 19 0 202 19 0 131 19 0 131 19 0 202 19 0 203 19 0 131 19 0 203 19 0 130 19 0 130 19 0 203 19 0 565 19 0 130 19 0 565 19 0 564 19 0 130 19 0 564 19 0 516 19 0 516 19 0 564 19 0 563 19 0 516 19 0 563 19 0 517 19 0 517 19 0 563 19 0 518 19 0 518 19 0 563 19 0 207 19 0 518 19 0 207 19 0 126 19 0 126 19 0 207 19 0 561 19 0 126 19 0 561 19 0 520 19 0 520 19 0 561 19 0 560 19 0 520 19 0 560 19 0 124 19 0 124 19 0 560 19 0 210 19 0 124 19 0 210 19 0 558 19 0 1239 73 0 1196 84 0 558 73 0 558 73 0 1196 84 0 124 85 0 124 85 0 1196 84 0 1195 86 0 124 85 0 1195 86 0 520 87 0 1194 88 0 520 87 0 1195 86 0 520 87 0 1194 88 0 126 89 0 518 90 0 126 89 0 1194 88 0 1193 91 0 518 90 0 1194 88 0 518 90 0 1193 91 0 517 92 0 516 93 0 517 92 0 1193 91 0 1192 94 0 516 93 0 1193 91 0 516 93 0 1192 94 0 130 95 0 130 95 0 1192 94 0 529 96 0 130 95 0 529 96 0 131 97 0 131 97 0 529 96 0 1190 98 0 131 97 0 1190 98 0 132 99 0 1189 100 0 132 99 0 1190 98 0 132 99 0 1189 100 0 512 101 0 511 102 0 512 101 0 1189 100 0 1188 103 0 511 102 0 1189 100 0 511 102 0 1188 103 0 510 104 0 1187 105 0 510 104 0 1188 103 0 1187 105 0 509 106 0 510 104 0 509 106 0 1187 105 0 534 107 0 509 106 0 534 107 0 137 108 0 137 108 0 534 107 0 1185 109 0 137 108 0 1185 109 0 507 110 0 536 111 0 507 110 0 1185 109 0 507 110 0 536 111 0 506 112 0 506 112 0 536 111 0 505 113 0 504 114 0 505 113 0 536 111 0 537 115 0 504 114 0 536 111 0 504 114 0 537 115 0 503 116 0 538 117 0 503 116 0 537 115 0 503 116 0 538 117 0 143 118 0 143 118 0 538 117 0 1181 119 0 144 120 0 143 118 0 1181 119 0 1180 121 0 144 120 0 1181 119 0 144 120 0 1180 121 0 1179 122 0 144 120 0 1179 122 0 145 123 0 1178 124 0 145 123 0 1179 122 0 1178 124 0 499 125 0 145 123 0 499 125 0 1178 124 0 147 126 0 543 127 0 147 126 0 1178 124 0 543 127 0 148 128 0 147 126 0 148 128 0 543 127 0 544 129 0 148 128 0 544 129 0 149 130 0 149 130 0 544 129 0 150 131 0 545 132 0 150 131 0 544 129 0 545 132 0 151 133 0 150 131 0 151 133 0 545 132 0 546 134 0 151 133 0 546 134 0 152 135 0 492 136 0 152 135 0 546 134 0 1173 137 0 492 136 0 546 134 0 492 136 0 1173 137 0 154 138 0 548 139 0 154 138 0 1173 137 0 154 138 0 548 139 0 490 140 0 490 140 0 548 139 0 549 141 0 489 142 0 490 140 0 549 141 0 550 143 0 489 142 0 549 141 0 489 142 0 550 143 0 157 144 0 157 144 0 550 143 0 1169 145 0 157 144 0 1169 145 0 158 146 0 1168 147 0 158 146 0 1169 145 0 1168 147 0 159 148 0 158 146 0 159 148 0 1168 147 0 485 149 0 484 150 0 485 149 0 1168 147 0 1167 151 0 484 150 0 1168 147 0 484 150 0 1167 151 0 483 152 0 483 152 0 1167 151 0 554 153 0 483 152 0 554 153 0 163 154 0 555 50 0 163 154 0 554 153 0 555 50 0 481 155 0 163 154 0 165 156 0 481 155 0 555 50 0 1164 157 0 165 156 0 555 50 0 165 156 0 1164 157 0 166 158 0 166 158 0 1164 157 0 1273 51 0 166 158 0 1273 51 0 478 51 0 1273 51 0 604 159 0 478 51 0 478 51 0 604 159 0 168 160 0 168 160 0 604 159 0 605 161 0 168 160 0 605 161 0 600 162 0 1270 163 0 600 162 0 605 161 0 600 162 0 1270 163 0 170 164 0 171 165 0 170 164 0 1270 163 0 1269 166 0 171 165 0 1270 163 0 171 165 0 1269 166 0 597 167 0 596 168 0 597 167 0 1269 166 0 608 169 0 596 168 0 1269 166 0 596 168 0 608 169 0 595 170 0 595 170 0 608 169 0 1267 171 0 595 170 0 1267 171 0 175 172 0 175 172 0 1267 171 0 1266 173 0 175 172 0 1266 173 0 593 174 0 1265 175 0 593 174 0 1266 173 0 593 174 0 1265 175 0 592 176 0 178 177 0 592 176 0 1265 175 0 1264 178 0 178 177 0 1265 175 0 178 177 0 1264 178 0 179 179 0 1263 180 0 179 179 0 1264 178 0 1263 180 0 180 181 0 179 179 0 180 181 0 1263 180 0 1262 182 0 180 181 0 1262 182 0 181 183 0 181 183 0 1262 182 0 615 184 0 181 183 0 615 184 0 182 185 0 616 186 0 182 185 0 615 184 0 182 185 0 616 186 0 586 187 0 586 187 0 616 186 0 184 188 0 584 189 0 184 188 0 616 186 0 1259 190 0 584 189 0 616 186 0 584 189 0 1259 190 0 583 191 0 618 192 0 583 191 0 1259 190 0 583 191 0 618 192 0 187 193 0 187 193 0 618 192 0 619 194 0 188 195 0 187 193 0 619 194 0 620 196 0 188 195 0 619 194 0 188 195 0 620 196 0 621 197 0 188 195 0 621 197 0 580 198 0 622 199 0 580 198 0 621 197 0 622 199 0 579 200 0 580 198 0 579 200 0 622 199 0 578 201 0 623 202 0 578 201 0 622 199 0 623 202 0 192 203 0 578 201 0 192 203 0 623 202 0 1252 204 0 192 203 0 1252 204 0 576 205 0 576 205 0 1252 204 0 575 206 0 1251 207 0 575 206 0 1252 204 0 1251 207 0 574 208 0 575 206 0 574 208 0 1251 207 0 1250 209 0 574 208 0 1250 209 0 196 210 0 572 211 0 196 210 0 1250 209 0 1249 212 0 572 211 0 1250 209 0 572 211 0 1249 212 0 571 213 0 628 214 0 571 213 0 1249 212 0 571 213 0 628 214 0 570 215 0 570 215 0 628 214 0 1247 216 0 569 217 0 570 215 0 1247 216 0 630 218 0 569 217 0 1247 216 0 569 217 0 630 218 0 201 219 0 201 219 0 630 218 0 1245 220 0 201 219 0 1245 220 0 202 221 0 1244 222 0 202 221 0 1245 220 0 1244 222 0 203 223 0 202 221 0 203 223 0 1244 222 0 565 224 0 564 225 0 565 224 0 1244 222 0 1243 226 0 564 225 0 1244 222 0 564 225 0 1243 226 0 563 227 0 563 227 0 1243 226 0 1242 228 0 563 227 0 1242 228 0 207 229 0 635 72 0 207 229 0 1242 228 0 635 72 0 561 230 0 207 229 0 560 231 0 561 230 0 635 72 0 1240 232 0 560 231 0 635 72 0 560 231 0 1240 232 0 210 233 0 210 233 0 1240 232 0 1239 73 0 210 233 0 1239 73 0 558 73 0 640 73 0 703 234 0 1308 73 0 246 235 0 703 234 0 640 73 0 703 234 0 246 235 0 1310 236 0 246 235 0 245 237 0 1310 236 0 245 237 0 701 238 0 1310 236 0 643 239 0 701 238 0 245 237 0 701 238 0 643 239 0 1312 240 0 643 239 0 243 241 0 1312 240 0 243 241 0 1313 242 0 1312 240 0 645 243 0 1313 242 0 243 241 0 1313 242 0 645 243 0 241 244 0 1313 242 0 241 244 0 1314 245 0 240 246 0 1314 245 0 241 244 0 648 247 0 1314 245 0 240 246 0 648 247 0 1315 248 0 1314 245 0 1315 248 0 648 247 0 649 249 0 1315 248 0 649 249 0 1316 250 0 650 251 0 1316 250 0 649 249 0 1316 250 0 650 251 0 1317 252 0 650 251 0 651 253 0 1317 252 0 651 253 0 1318 254 0 1317 252 0 652 255 0 1318 254 0 651 253 0 1318 254 0 652 255 0 1319 256 0 652 255 0 234 257 0 1319 256 0 233 258 0 1319 256 0 234 257 0 233 258 0 692 259 0 1319 256 0 692 259 0 233 258 0 232 260 0 692 259 0 232 260 0 691 261 0 231 262 0 691 261 0 232 260 0 657 263 0 691 261 0 231 262 0 657 263 0 1322 264 0 691 261 0 1322 264 0 657 263 0 229 265 0 1322 264 0 229 265 0 1323 266 0 228 267 0 1323 266 0 229 265 0 1323 266 0 228 267 0 1324 268 0 660 269 0 1324 268 0 228 267 0 660 269 0 687 270 0 1324 268 0 687 270 0 660 269 0 661 271 0 687 270 0 661 271 0 1326 272 0 225 273 0 1326 272 0 661 271 0 225 273 0 685 274 0 1326 272 0 224 275 0 685 274 0 225 273 0 685 274 0 224 275 0 684 276 0 224 275 0 664 277 0 684 276 0 222 278 0 684 276 0 664 277 0 222 278 0 683 279 0 684 276 0 221 280 0 683 279 0 222 278 0 683 279 0 221 280 0 682 281 0 220 282 0 682 281 0 221 280 0 682 281 0 220 282 0 219 283 0 682 281 0 219 283 0 1331 284 0 669 285 0 1331 284 0 219 283 0 669 285 0 1332 150 0 1331 284 0 1332 150 0 669 285 0 217 286 0 1332 150 0 217 286 0 679 287 0 671 288 0 679 287 0 217 286 0 672 289 0 679 287 0 671 288 0 672 289 0 1334 290 0 679 287 0 214 291 0 1334 290 0 672 289 0 1334 290 0 214 291 0 1335 292 0 213 293 0 1335 292 0 214 291 0 706 51 0 1335 292 0 213 293 0 1280 51 0 1335 292 0 706 51 0 706 51 0 769 294 0 1280 51 0 281 295 0 769 294 0 706 51 0 769 294 0 281 295 0 1366 296 0 281 295 0 708 297 0 1366 296 0 708 297 0 767 298 0 1366 296 0 709 299 0 767 298 0 708 297 0 767 298 0 709 299 0 1368 300 0 709 299 0 278 301 0 1368 300 0 278 301 0 765 302 0 1368 300 0 711 303 0 765 302 0 278 301 0 765 302 0 711 303 0 712 304 0 765 302 0 712 304 0 764 305 0 275 306 0 764 305 0 712 304 0 274 307 0 764 305 0 275 306 0 274 307 0 1371 308 0 764 305 0 1371 308 0 274 307 0 715 309 0 1371 308 0 715 309 0 762 310 0 716 311 0 762 310 0 715 309 0 762 310 0 716 311 0 1373 312 0 716 311 0 717 313 0 1373 312 0 717 313 0 760 314 0 1373 312 0 718 315 0 760 314 0 717 313 0 760 314 0 718 315 0 759 316 0 718 315 0 269 317 0 759 316 0 268 318 0 759 316 0 269 317 0 268 318 0 1376 319 0 759 316 0 1376 319 0 268 318 0 267 320 0 1376 319 0 267 320 0 757 321 0 266 322 0 757 321 0 267 320 0 265 323 0 757 321 0 266 322 0 265 323 0 756 324 0 757 321 0 756 324 0 265 323 0 724 325 0 756 324 0 724 325 0 1379 326 0 725 327 0 1379 326 0 724 325 0 1379 326 0 725 327 0 1380 328 0 726 329 0 1380 328 0 725 327 0 726 329 0 1381 330 0 1380 328 0 1381 330 0 726 329 0 727 331 0 1381 330 0 727 331 0 752 332 0 260 333 0 752 332 0 727 331 0 260 333 0 751 334 0 752 332 0 729 335 0 751 334 0 260 333 0 751 334 0 729 335 0 750 336 0 729 335 0 258 337 0 750 336 0 257 338 0 750 336 0 258 337 0 257 338 0 1385 339 0 750 336 0 256 340 0 1385 339 0 257 338 0 1385 339 0 256 340 0 748 341 0 733 342 0 748 341 0 256 340 0 748 341 0 733 342 0 254 343 0 748 341 0 254 343 0 747 344 0 735 345 0 747 344 0 254 343 0 735 345 0 1388 225 0 747 344 0 1388 225 0 735 345 0 736 346 0 1388 225 0 736 346 0 745 347 0 251 348 0 745 347 0 736 346 0 738 349 0 745 347 0 251 348 0 738 349 0 1390 350 0 745 347 0 249 351 0 1390 350 0 738 349 0 1390 350 0 249 351 0 743 352 0 740 353 0 743 352 0 249 351 0 640 73 0 743 352 0 740 353 0 1308 73 0 743 352 0 640 73 0 294 295 0 1405 51 0 793 51 0 294 295 0 1406 300 0 1405 51 0 293 354 0 1406 300 0 294 295 0 1406 300 0 293 354 0 1407 310 0 293 354 0 292 355 0 1407 310 0 291 311 0 1407 310 0 292 355 0 1407 310 0 291 311 0 1408 319 0 291 311 0 784 356 0 1408 319 0 1408 319 0 784 356 0 289 357 0 1408 319 0 289 357 0 1409 328 0 289 357 0 786 327 0 1409 328 0 1409 328 0 786 327 0 1410 336 0 786 327 0 287 358 0 1410 336 0 286 340 0 1410 336 0 287 358 0 1410 336 0 286 340 0 1411 225 0 286 340 0 285 359 0 1411 225 0 1411 225 0 285 359 0 1426 73 0 285 359 0 790 360 0 1426 73 0 790 360 0 791 73 0 1426 73 0 306 235 0 1426 73 0 791 73 0 306 235 0 800 240 0 1426 73 0 305 361 0 800 240 0 306 235 0 800 240 0 305 361 0 1428 250 0 305 361 0 805 362 0 1428 250 0 303 251 0 1428 250 0 805 362 0 1428 250 0 303 251 0 1429 259 0 303 251 0 302 363 0 1429 259 0 1429 259 0 302 363 0 808 364 0 1429 259 0 808 364 0 1430 268 0 808 364 0 300 267 0 1430 268 0 1430 268 0 300 267 0 1431 276 0 300 267 0 299 365 0 1431 276 0 298 280 0 1431 276 0 299 365 0 1431 276 0 298 280 0 795 150 0 298 280 0 297 366 0 795 150 0 795 150 0 297 366 0 1405 51 0 297 366 0 296 367 0 1405 51 0 296 367 0 793 51 0 1405 51 0 817 369 0 904 368 0 816 368 0 817 369 0 835 370 0 904 368 0 318 371 0 835 370 0 817 369 0 835 370 0 318 371 0 834 372 0 318 371 0 317 373 0 834 372 0 316 374 0 834 372 0 317 373 0 834 372 0 316 374 0 1367 375 0 316 374 0 315 376 0 1367 375 0 1367 375 0 315 376 0 822 377 0 1367 375 0 822 377 0 1336 378 0 822 377 0 823 379 0 1336 378 0 1336 378 0 823 379 0 1329 380 0 823 379 0 312 381 0 1329 380 0 311 382 0 1329 380 0 312 381 0 1329 380 0 311 382 0 830 383 0 311 382 0 310 384 0 830 383 0 830 383 0 310 384 0 1279 385 0 310 384 0 827 386 0 1279 385 0 827 386 0 828 385 0 1279 385 0 327 62 0 846 387 0 858 62 0 327 62 0 990 388 0 846 387 0 849 389 0 990 388 0 327 62 0 990 388 0 849 389 0 978 390 0 850 391 0 978 390 0 849 389 0 850 391 0 843 392 0 978 390 0 843 392 0 850 391 0 324 393 0 843 392 0 324 393 0 955 394 0 324 393 0 942 395 0 955 394 0 323 396 0 942 395 0 324 393 0 942 395 0 323 396 0 939 397 0 322 398 0 939 397 0 323 396 0 322 398 0 839 399 0 939 397 0 839 399 0 322 398 0 917 400 0 322 398 0 854 401 0 917 400 0 816 402 0 917 400 0 854 401 0 904 368 0 917 400 0 816 402 0 828 385 0 1034 403 0 1279 385 0 329 404 0 1034 403 0 828 385 0 1034 403 0 329 404 0 1029 405 0 329 404 0 864 406 0 1029 405 0 327 62 0 1029 405 0 864 406 0 858 62 0 1029 405 0 327 62 0 342 407 0 871 40 0 892 40 0 342 407 0 870 408 0 871 40 0 341 409 0 870 408 0 342 407 0 870 408 0 341 409 0 869 410 0 340 411 0 869 410 0 341 409 0 340 411 0 204 412 0 869 410 0 204 412 0 340 411 0 339 413 0 204 412 0 339 413 0 867 414 0 338 415 0 867 414 0 339 413 0 867 414 0 338 415 0 755 51 0 338 415 0 878 416 0 755 51 0 336 417 0 755 51 0 878 416 0 755 51 0 336 417 0 890 418 0 335 419 0 890 418 0 336 417 0 335 419 0 22 420 0 890 418 0 22 420 0 335 419 0 334 421 0 22 420 0 334 421 0 96 422 0 334 421 0 97 423 0 96 422 0 333 424 0 97 423 0 334 421 0 97 423 0 333 424 0 886 425 0 333 424 0 883 405 0 886 425 0 905 62 0 886 425 0 883 405 0 885 62 0 886 425 0 905 62 0 354 426 0 885 62 0 905 62 0 354 426 0 903 427 0 885 62 0 907 428 0 903 427 0 354 426 0 903 427 0 907 428 0 902 429 0 352 430 0 902 429 0 907 428 0 352 430 0 122 431 0 902 429 0 122 431 0 352 430 0 909 432 0 122 431 0 909 432 0 136 433 0 350 434 0 136 433 0 909 432 0 136 433 0 350 434 0 403 73 0 350 434 0 349 435 0 403 73 0 348 436 0 403 73 0 349 435 0 403 73 0 348 436 0 378 437 0 913 438 0 378 437 0 348 436 0 913 438 0 358 439 0 378 437 0 358 439 0 913 438 0 346 440 0 358 439 0 346 440 0 355 441 0 346 440 0 895 442 0 355 441 0 345 443 0 895 442 0 346 440 0 895 442 0 345 443 0 307 444 0 345 443 0 344 445 0 307 444 0 892 40 0 307 444 0 344 445 0 871 40 0 307 444 0 892 40 0 920 369 0 940 368 0 958 368 0 920 369 0 211 370 0 940 368 0 366 371 0 211 370 0 920 369 0 211 370 0 366 371 0 937 372 0 366 371 0 365 373 0 937 372 0 364 374 0 937 372 0 365 373 0 937 372 0 364 374 0 936 375 0 364 374 0 363 376 0 936 375 0 936 375 0 363 376 0 362 377 0 936 375 0 362 377 0 935 378 0 362 377 0 361 379 0 935 378 0 935 378 0 361 379 0 279 380 0 361 379 0 360 381 0 279 380 0 359 382 0 279 380 0 360 381 0 279 380 0 359 382 0 933 383 0 359 382 0 929 384 0 933 383 0 933 383 0 929 384 0 638 385 0 929 384 0 357 386 0 638 385 0 357 386 0 931 385 0 638 385 0 968 62 0 770 387 0 961 62 0 968 62 0 792 388 0 770 387 0 952 389 0 792 388 0 968 62 0 792 388 0 952 389 0 836 390 0 373 391 0 836 390 0 952 389 0 373 391 0 946 392 0 836 390 0 946 392 0 373 391 0 372 393 0 946 392 0 372 393 0 945 394 0 372 393 0 888 395 0 945 394 0 371 396 0 888 395 0 372 393 0 888 395 0 371 396 0 891 397 0 370 398 0 891 397 0 371 396 0 370 398 0 921 399 0 891 397 0 921 399 0 370 398 0 941 400 0 370 398 0 957 401 0 941 400 0 958 368 0 941 400 0 957 401 0 940 368 0 941 400 0 958 368 0 377 403 0 638 385 0 931 385 0 377 403 0 704 403 0 638 385 0 704 403 0 377 403 0 962 405 0 377 403 0 376 446 0 962 405 0 968 62 0 962 405 0 376 446 0 72 447 0 134 447 0 135 447 0 961 62 0 962 405 0 968 62 0 390 295 0 992 51 0 977 51 0 390 295 0 975 300 0 992 51 0 979 354 0 975 300 0 390 295 0 975 300 0 979 354 0 974 310 0 979 354 0 388 355 0 974 310 0 387 311 0 974 310 0 388 355 0 974 310 0 387 311 0 973 319 0 387 311 0 386 356 0 973 319 0 973 319 0 386 356 0 385 357 0 973 319 0 385 357 0 972 328 0 385 357 0 384 327 0 972 328 0 972 328 0 384 327 0 1413 336 0 384 327 0 985 358 0 1413 336 0 986 340 0 1413 336 0 985 358 0 1413 336 0 986 340 0 1427 225 0 986 340 0 987 359 0 1427 225 0 1427 225 0 987 359 0 999 73 0 987 359 0 988 360 0 999 73 0 988 360 0 1000 73 0 999 73 0 402 235 0 999 73 0 1000 73 0 402 235 0 998 240 0 999 73 0 1002 361 0 998 240 0 402 235 0 998 240 0 1002 361 0 997 250 0 1002 361 0 400 362 0 997 250 0 399 251 0 997 250 0 400 362 0 997 250 0 399 251 0 996 259 0 399 251 0 1005 363 0 996 259 0 996 259 0 1005 363 0 1006 364 0 996 259 0 1006 364 0 1415 268 0 1006 364 0 1007 267 0 1415 268 0 1415 268 0 1007 267 0 994 276 0 1007 267 0 1008 365 0 994 276 0 1009 280 0 994 276 0 1008 365 0 994 276 0 1009 280 0 1414 150 0 1009 280 0 393 366 0 1414 150 0 1414 150 0 393 366 0 992 51 0 393 366 0 1011 367 0 992 51 0 1011 367 0 977 51 0 992 51 0 415 369 0 1013 368 0 1053 368 0 415 369 0 1033 370 0 1013 368 0 414 371 0 1033 370 0 415 369 0 1033 370 0 414 371 0 1032 372 0 414 371 0 413 373 0 1032 372 0 1018 374 0 1032 372 0 413 373 0 1032 372 0 1018 374 0 1031 375 0 1018 374 0 1019 376 0 1031 375 0 1031 375 0 1019 376 0 1020 377 0 1031 375 0 1020 377 0 1403 378 0 1020 377 0 1021 379 0 1403 378 0 1403 378 0 1021 379 0 1402 380 0 1021 379 0 1022 381 0 1402 380 0 1023 382 0 1402 380 0 1022 381 0 1402 380 0 1023 382 0 1028 383 0 1023 382 0 406 384 0 1028 383 0 1028 383 0 406 384 0 1400 385 0 406 384 0 1025 386 0 1400 385 0 1025 386 0 1026 448 0 1400 385 0 1055 62 0 1387 387 0 1389 62 0 1055 62 0 1043 388 0 1387 387 0 1047 389 0 1043 388 0 1055 62 0 1043 388 0 1047 389 0 1386 390 0 1048 391 0 1386 390 0 1047 389 0 1048 391 0 1384 392 0 1386 390 0 1384 392 0 1048 391 0 1049 393 0 1384 392 0 1049 393 0 1383 394 0 1049 393 0 1382 395 0 1383 394 0 419 396 0 1382 395 0 1049 393 0 1382 395 0 419 396 0 1038 397 0 418 398 0 1038 397 0 419 396 0 418 398 0 1378 399 0 1038 397 0 1378 399 0 418 398 0 1377 400 0 418 398 0 1052 401 0 1377 400 0 1053 368 0 1377 400 0 1052 401 0 1013 368 0 1377 400 0 1053 368 0 425 403 0 1400 385 0 1026 385 0 425 403 0 1058 403 0 1400 385 0 1058 403 0 425 403 0 1057 405 0 425 403 0 1062 446 0 1057 405 0 1055 62 0 1057 405 0 1062 446 0 72 447 0 133 447 0 134 447 0 1389 62 0 1057 405 0 1055 62 0 1075 62 0 1363 387 0 1074 62 0 1075 62 0 1072 388 0 1363 387 0 460 389 0 1072 388 0 1075 62 0 1072 388 0 460 389 0 1360 390 0 1077 391 0 1360 390 0 460 389 0 1077 391 0 1358 392 0 1360 390 0 1358 392 0 1077 391 0 1078 393 0 1358 392 0 1078 393 0 1355 394 0 1078 393 0 1353 395 0 1355 394 0 1079 396 0 1353 395 0 1078 393 0 1353 395 0 1079 396 0 1352 397 0 1080 398 0 1352 397 0 1079 396 0 1080 398 0 1350 399 0 1352 397 0 1350 399 0 1080 398 0 1065 400 0 1080 398 0 1081 401 0 1065 400 0 454 368 0 1065 400 0 1081 401 0 1093 368 0 1065 400 0 454 368 0 463 403 0 1107 385 0 464 385 0 463 403 0 1365 403 0 1107 385 0 1365 403 0 463 403 0 1364 405 0 463 403 0 462 446 0 1364 405 0 1075 62 0 1364 405 0 462 446 0 1074 62 0 1364 405 0 1075 62 0 475 369 0 1093 368 0 454 368 0 475 369 0 1327 370 0 1093 368 0 1096 371 0 1327 370 0 475 369 0 1327 370 0 1096 371 0 1112 372 0 1096 371 0 1097 373 0 1112 372 0 1098 374 0 1112 372 0 1097 373 0 1112 372 0 1098 374 0 1325 375 0 1098 374 0 471 376 0 1325 375 0 1325 375 0 471 376 0 470 377 0 1325 375 0 470 377 0 1321 378 0 470 377 0 1101 379 0 1321 378 0 1321 378 0 1101 379 0 1320 380 0 1101 379 0 468 381 0 1320 380 0 1103 382 0 1320 380 0 468 381 0 1320 380 0 1103 382 0 1311 383 0 1103 382 0 466 384 0 1311 383 0 1311 383 0 466 384 0 1107 385 0 466 384 0 465 386 0 1107 385 0 465 386 0 464 385 0 1107 385 0 1273 18 0 1164 449 0 1274 18 0 1274 18 0 1164 449 0 1227 450 0 1227 450 0 1164 449 0 1160 451 0 1160 451 0 1164 449 0 1226 452 0 1226 452 0 1164 449 0 1158 453 0 1158 453 0 1164 449 0 1230 454 0 1230 454 0 1164 449 0 1276 454 0 1276 454 0 1164 449 0 1155 455 0 555 456 0 1155 455 0 1164 449 0 555 456 0 1275 457 0 1155 455 0 1275 457 0 555 456 0 1153 458 0 554 459 0 1153 458 0 555 456 0 554 459 0 1272 460 0 1153 458 0 1272 460 0 554 459 0 1167 461 0 1272 460 0 1167 461 0 1151 462 0 1168 463 0 1151 462 0 1167 461 0 1168 463 0 1150 464 0 1151 462 0 1150 464 0 1168 463 0 1149 465 0 1169 466 0 1149 465 0 1168 463 0 1169 466 0 1148 467 0 1149 465 0 1148 467 0 1169 466 0 550 468 0 1148 467 0 550 468 0 1271 469 0 549 470 0 1271 469 0 550 468 0 549 470 0 1146 471 0 1271 469 0 1146 471 0 549 470 0 1268 472 0 1268 472 0 549 470 0 548 473 0 1173 474 0 1268 472 0 548 473 0 1173 474 0 1144 475 0 1268 472 0 1144 475 0 1173 474 0 1261 476 0 546 477 0 1261 476 0 1173 474 0 546 477 0 1260 478 0 1261 476 0 1260 478 0 546 477 0 545 479 0 1260 478 0 545 479 0 1141 480 0 544 481 0 1141 480 0 545 479 0 1141 480 0 544 481 0 1258 482 0 1258 482 0 544 481 0 543 483 0 1258 482 0 543 483 0 1139 484 0 1178 485 0 1139 484 0 543 483 0 1139 484 0 1178 485 0 1138 486 0 1137 487 0 1138 486 0 1178 485 0 1179 488 0 1137 487 0 1178 485 0 1137 487 0 1179 488 0 1136 489 0 1136 489 0 1179 488 0 1180 490 0 1136 489 0 1180 490 0 1257 491 0 1181 492 0 1257 491 0 1180 490 0 1257 491 0 1181 492 0 1256 493 0 1256 493 0 1181 492 0 538 494 0 1256 493 0 538 494 0 1255 495 0 537 496 0 1255 495 0 538 494 0 1255 495 0 537 496 0 1132 497 0 1131 498 0 1132 497 0 537 496 0 536 499 0 1131 498 0 537 496 0 1131 498 0 536 499 0 1254 500 0 1185 501 0 1254 500 0 536 499 0 1185 501 0 1253 502 0 1254 500 0 1253 502 0 1185 501 0 534 503 0 1253 502 0 534 503 0 1248 504 0 1248 504 0 534 503 0 1187 505 0 1246 506 0 1248 504 0 1187 505 0 1188 507 0 1246 506 0 1187 505 0 1246 506 0 1188 507 0 1241 508 0 1189 509 0 1241 508 0 1188 507 0 1189 509 0 1125 510 0 1241 508 0 1125 510 0 1189 509 0 1124 511 0 1190 512 0 1124 511 0 1189 509 0 1124 511 0 1190 512 0 1236 513 0 1236 513 0 1190 512 0 529 514 0 1236 513 0 529 514 0 1235 515 0 1235 515 0 529 514 0 1192 516 0 1193 517 0 1235 515 0 1192 516 0 1193 517 0 1121 518 0 1235 515 0 1121 518 0 1193 517 0 1120 519 0 1194 520 0 1120 519 0 1193 517 0 1194 520 0 1119 521 0 1120 519 0 1119 521 0 1194 520 0 1118 522 0 1195 523 0 1118 522 0 1194 520 0 1118 522 0 1195 523 0 1234 524 0 1234 524 0 1195 523 0 1196 525 0 1234 524 0 1196 525 0 1238 0 0 1238 0 0 1196 525 0 1239 0 0 1239 0 0 1240 526 0 1238 0 0 1238 0 0 1240 526 0 1237 527 0 1222 528 0 1237 527 0 1240 526 0 635 529 0 1222 528 0 1240 526 0 1222 528 0 635 529 0 1221 530 0 1218 531 0 1221 530 0 635 529 0 1242 532 0 1218 531 0 635 529 0 1218 531 0 1242 532 0 1233 533 0 1233 533 0 1242 532 0 1243 534 0 1233 533 0 1243 534 0 1217 535 0 1244 536 0 1217 535 0 1243 534 0 1217 535 0 1244 536 0 1215 537 0 1214 538 0 1215 537 0 1244 536 0 1245 539 0 1214 538 0 1244 536 0 1214 538 0 1245 539 0 1229 540 0 1229 540 0 1245 539 0 630 541 0 1229 540 0 630 541 0 1228 542 0 1247 543 0 1228 542 0 630 541 0 1228 542 0 1247 543 0 1213 544 0 1213 544 0 1247 543 0 628 545 0 1212 546 0 1213 544 0 628 545 0 1249 547 0 1212 546 0 628 545 0 1212 546 0 1249 547 0 1211 548 0 1250 549 0 1211 548 0 1249 547 0 1250 549 0 1224 550 0 1211 548 0 1224 550 0 1250 549 0 1223 551 0 1223 551 0 1250 549 0 1251 552 0 1252 553 0 1223 551 0 1251 552 0 1252 553 0 1205 554 0 1223 551 0 1205 554 0 1252 553 0 1204 555 0 1204 555 0 1252 553 0 623 556 0 622 557 0 1204 555 0 623 556 0 622 557 0 1220 558 0 1204 555 0 1220 558 0 622 557 0 1219 559 0 621 560 0 1219 559 0 622 557 0 621 560 0 1203 561 0 1219 559 0 1203 561 0 621 560 0 1202 562 0 1202 562 0 621 560 0 620 563 0 619 564 0 1202 562 0 620 563 0 619 564 0 1216 565 0 1202 562 0 1216 565 0 619 564 0 1200 566 0 1200 566 0 619 564 0 618 567 0 1259 568 0 1200 566 0 618 567 0 1259 568 0 1198 569 0 1200 566 0 1198 569 0 1259 568 0 1191 570 0 616 571 0 1191 570 0 1259 568 0 616 571 0 1186 572 0 1191 570 0 1184 573 0 1186 572 0 616 571 0 615 574 0 1184 573 0 616 571 0 1184 573 0 615 574 0 1262 575 0 1184 573 0 1262 575 0 1210 576 0 1210 576 0 1262 575 0 1263 577 0 1210 576 0 1263 577 0 1209 578 0 1264 579 0 1209 578 0 1263 577 0 1209 578 0 1264 579 0 1208 580 0 1207 581 0 1208 580 0 1264 579 0 1265 582 0 1207 581 0 1264 579 0 1207 581 0 1265 582 0 1206 583 0 1183 584 0 1206 583 0 1265 582 0 1266 585 0 1183 584 0 1265 582 0 1183 584 0 1266 585 0 1267 586 0 1183 584 0 1267 586 0 1182 587 0 1182 587 0 1267 586 0 608 588 0 1182 587 0 608 588 0 1177 589 0 1269 590 0 1177 589 0 608 588 0 1177 589 0 1269 590 0 1176 591 0 1201 592 0 1176 591 0 1269 590 0 1270 593 0 1201 592 0 1269 590 0 1201 592 0 1270 593 0 1175 594 0 1199 595 0 1175 594 0 1270 593 0 605 596 0 1199 595 0 1270 593 0 1199 595 0 605 596 0 604 597 0 1199 595 0 604 597 0 1174 598 0 1174 598 0 604 597 0 1128 598 0 604 597 0 1273 18 0 1134 599 0 604 597 0 1134 599 0 1128 598 0 1134 599 0 1273 18 0 1133 600 0 1133 600 0 1273 18 0 1130 601 0 1130 601 0 1273 18 0 1274 18 0 1281 18 0 1108 602 0 1280 18 0 1280 18 0 1108 602 0 1335 603 0 1335 603 0 1108 602 0 1109 604 0 1335 603 0 1109 604 0 1334 605 0 1109 604 0 1284 606 0 1334 605 0 1334 605 0 1284 606 0 679 607 0 1285 608 0 679 607 0 1284 606 0 1285 608 0 1332 609 0 679 607 0 1332 609 0 1285 608 0 1331 610 0 1110 611 0 1331 610 0 1285 608 0 1331 610 0 1110 611 0 682 612 0 682 612 0 1110 611 0 1287 613 0 683 614 0 682 612 0 1287 613 0 1288 615 0 683 614 0 1287 613 0 683 614 0 1288 615 0 684 616 0 684 616 0 1288 615 0 1111 617 0 685 618 0 684 616 0 1111 617 0 1113 619 0 685 618 0 1111 617 0 685 618 0 1113 619 0 1326 620 0 1115 621 0 1326 620 0 1113 619 0 1115 621 0 687 622 0 1326 620 0 687 622 0 1115 621 0 1324 623 0 1324 623 0 1115 621 0 1292 624 0 1116 625 0 1324 623 0 1292 624 0 1116 625 0 1323 626 0 1324 623 0 1323 626 0 1116 625 0 1117 30 0 1323 626 0 1117 30 0 1322 627 0 1117 30 0 1295 628 0 1322 627 0 1322 627 0 1295 628 0 691 629 0 691 629 0 1295 628 0 1296 630 0 691 629 0 1296 630 0 692 631 0 1296 630 0 1297 632 0 692 631 0 692 631 0 1297 632 0 1319 633 0 1122 634 0 1319 633 0 1297 632 0 1122 634 0 1318 635 0 1319 633 0 1318 635 0 1122 634 0 1317 636 0 1299 637 0 1317 636 0 1122 634 0 1317 636 0 1299 637 0 1316 638 0 1316 638 0 1299 637 0 1300 639 0 1315 640 0 1316 638 0 1300 639 0 1301 641 0 1315 640 0 1300 639 0 1315 640 0 1301 641 0 1314 642 0 1314 642 0 1301 641 0 1123 643 0 1313 644 0 1314 642 0 1123 643 0 1303 645 0 1313 644 0 1123 643 0 1313 644 0 1303 645 0 1312 646 0 1304 647 0 1312 646 0 1303 645 0 1304 647 0 701 648 0 1312 646 0 701 648 0 1304 647 0 1310 649 0 1310 649 0 1304 647 0 1126 650 0 1127 651 0 1310 649 0 1126 650 0 1127 651 0 703 652 0 1310 649 0 703 652 0 1127 651 0 1337 0 0 703 652 0 1337 0 0 1308 0 0 1337 0 0 1061 653 0 1308 0 0 1308 0 0 1061 653 0 743 654 0 743 654 0 1061 653 0 1339 655 0 743 654 0 1339 655 0 1390 656 0 1339 655 0 1340 1 0 1390 656 0 1390 656 0 1340 1 0 745 657 0 1341 658 0 745 657 0 1340 1 0 1341 658 0 1388 659 0 745 657 0 1388 659 0 1341 658 0 747 660 0 1063 3 0 747 660 0 1341 658 0 747 660 0 1063 3 0 748 661 0 748 661 0 1063 3 0 1343 662 0 1385 663 0 748 661 0 1343 662 0 1064 664 0 1385 663 0 1343 662 0 1385 663 0 1064 664 0 750 665 0 750 665 0 1064 664 0 1345 5 0 751 666 0 750 665 0 1345 5 0 1346 667 0 751 666 0 1345 5 0 751 666 0 1346 667 0 752 668 0 1347 7 0 752 668 0 1346 667 0 1347 7 0 1381 669 0 752 668 0 1381 669 0 1347 7 0 1380 670 0 1380 670 0 1347 7 0 1348 671 0 1066 672 0 1380 670 0 1348 671 0 1066 672 0 1379 673 0 1380 670 0 1379 673 0 1066 672 0 1067 9 0 1379 673 0 1067 9 0 756 674 0 1067 9 0 1351 675 0 756 674 0 756 674 0 1351 675 0 757 676 0 757 676 0 1351 675 0 1068 677 0 757 676 0 1068 677 0 1376 678 0 1068 677 0 1069 10 0 1376 678 0 1376 678 0 1069 10 0 759 679 0 1354 680 0 759 679 0 1069 10 0 1354 680 0 760 681 0 759 679 0 760 681 0 1354 680 0 1373 682 0 1070 12 0 1373 682 0 1354 680 0 1373 682 0 1070 12 0 762 683 0 762 683 0 1070 12 0 1356 684 0 1371 685 0 762 683 0 1356 684 0 1357 686 0 1371 685 0 1356 684 0 1371 685 0 1357 686 0 764 687 0 764 687 0 1357 686 0 1071 14 0 765 688 0 764 687 0 1071 14 0 1359 689 0 765 688 0 1071 14 0 765 688 0 1359 689 0 1368 690 0 1073 16 0 1368 690 0 1359 689 0 1073 16 0 767 691 0 1368 690 0 767 691 0 1073 16 0 1366 692 0 1366 692 0 1073 16 0 1361 693 0 1362 694 0 1366 692 0 1361 693 0 1362 694 0 769 695 0 1366 692 0 769 695 0 1362 694 0 1281 18 0 769 695 0 1281 18 0 1280 18 0 1425 0 0 995 1 0 1426 0 0 1426 0 0 995 1 0 1411 659 0 1001 3 0 1411 659 0 995 1 0 1411 659 0 1001 3 0 1410 665 0 1410 665 0 1001 3 0 1003 5 0 1398 7 0 1410 665 0 1003 5 0 1398 7 0 1409 670 0 1410 665 0 1409 670 0 1398 7 0 1399 9 0 1409 670 0 1399 9 0 1408 678 0 1399 9 0 1004 10 0 1408 678 0 1407 683 0 1408 678 0 1004 10 0 1401 12 0 1407 683 0 1004 10 0 1407 683 0 1401 12 0 1010 14 0 1407 683 0 1010 14 0 1406 690 0 1014 16 0 1406 690 0 1010 14 0 1406 690 0 1014 16 0 1405 18 0 1405 18 0 1014 16 0 1404 18 0 1404 18 0 1015 606 0 1405 18 0 1405 18 0 1015 606 0 795 609 0 1417 611 0 795 609 0 1015 606 0 795 609 0 1417 611 0 1431 616 0 1431 616 0 1417 611 0 1016 617 0 1017 621 0 1431 616 0 1016 617 0 1017 621 0 1430 623 0 1431 616 0 1430 623 0 1017 621 0 1420 30 0 1430 623 0 1420 30 0 1429 631 0 1420 30 0 1024 632 0 1429 631 0 1428 638 0 1429 631 0 1024 632 0 1422 637 0 1428 638 0 1024 632 0 1428 638 0 1422 637 0 1027 643 0 1428 638 0 1027 643 0 800 646 0 1424 647 0 800 646 0 1027 643 0 800 646 0 1424 647 0 1426 0 0 1426 0 0 1424 647 0 1425 0 0 1232 696 0 1231 689 0 1279 696 0 1279 696 0 1231 689 0 830 697 0 1225 698 0 830 697 0 1231 689 0 830 697 0 1225 698 0 1329 699 0 1329 699 0 1225 698 0 1197 700 0 1143 608 0 1329 699 0 1197 700 0 1143 608 0 1336 701 0 1329 699 0 1336 701 0 1143 608 0 1129 702 0 1336 701 0 1129 702 0 1367 703 0 1129 702 0 1114 619 0 1367 703 0 834 704 0 1367 703 0 1114 619 0 1092 705 0 834 704 0 1114 619 0 834 704 0 1092 705 0 980 492 0 834 704 0 980 492 0 835 706 0 981 634 0 835 706 0 980 492 0 835 706 0 981 634 0 904 707 0 904 707 0 981 634 0 982 707 0 982 707 0 983 645 0 904 707 0 904 707 0 983 645 0 917 708 0 917 708 0 983 645 0 839 709 0 865 710 0 839 709 0 983 645 0 839 709 0 865 710 0 939 711 0 939 711 0 865 710 0 856 712 0 939 711 0 856 712 0 942 713 0 984 658 0 942 713 0 856 712 0 942 713 0 984 658 0 955 714 0 955 714 0 984 658 0 831 715 0 955 714 0 831 715 0 843 716 0 843 716 0 831 715 0 978 717 0 831 715 0 814 667 0 978 717 0 978 717 0 814 667 0 990 718 0 989 719 0 990 718 0 814 667 0 989 719 0 846 720 0 990 718 0 846 720 0 989 719 0 771 564 0 846 720 0 771 564 0 858 9 0 858 9 0 771 564 0 1029 677 0 991 680 0 1029 677 0 771 564 0 991 680 0 1034 721 0 1029 677 0 1034 721 0 991 680 0 1232 696 0 1034 721 0 1232 696 0 1279 696 0 705 18 0 966 606 0 755 18 0 755 18 0 966 606 0 867 722 0 642 611 0 867 722 0 966 606 0 867 722 0 642 611 0 204 723 0 204 723 0 642 611 0 967 617 0 869 724 0 204 723 0 967 617 0 557 621 0 869 724 0 967 617 0 869 724 0 557 621 0 870 725 0 870 725 0 557 621 0 969 30 0 870 725 0 969 30 0 871 30 0 969 30 0 501 632 0 871 30 0 871 30 0 501 632 0 307 726 0 895 727 0 307 726 0 501 632 0 970 637 0 895 727 0 501 632 0 895 727 0 970 637 0 355 728 0 355 728 0 970 637 0 453 643 0 358 729 0 355 728 0 453 643 0 971 647 0 358 729 0 453 643 0 358 729 0 971 647 0 378 730 0 378 730 0 971 647 0 976 0 0 378 730 0 976 0 0 403 0 0 976 0 0 956 1 0 403 0 0 403 0 0 956 1 0 136 731 0 960 3 0 136 731 0 956 1 0 136 731 0 960 3 0 122 732 0 122 732 0 960 3 0 963 5 0 902 733 0 122 732 0 963 5 0 70 7 0 902 733 0 963 5 0 902 733 0 70 7 0 903 734 0 903 734 0 70 7 0 45 9 0 903 734 0 45 9 0 885 9 0 45 9 0 37 10 0 885 9 0 885 9 0 37 10 0 886 735 0 97 736 0 886 735 0 37 10 0 964 12 0 97 736 0 37 10 0 97 736 0 964 12 0 96 737 0 96 737 0 964 12 0 1 14 0 22 738 0 96 737 0 1 14 0 965 16 0 22 738 0 1 14 0 22 738 0 965 16 0 890 739 0 890 739 0 965 16 0 705 18 0 890 739 0 705 18 0 755 18 0 954 696 0 943 689 0 638 696 0 638 696 0 943 689 0 933 697 0 282 698 0 933 697 0 943 689 0 933 697 0 282 698 0 279 699 0 279 699 0 282 698 0 944 700 0 947 608 0 279 699 0 944 700 0 947 608 0 935 701 0 279 699 0 935 701 0 947 608 0 330 702 0 935 701 0 330 702 0 936 703 0 330 702 0 426 619 0 936 703 0 937 704 0 936 703 0 426 619 0 948 705 0 937 704 0 426 619 0 937 704 0 948 705 0 436 492 0 937 704 0 436 492 0 211 706 0 476 634 0 211 706 0 436 492 0 211 706 0 476 634 0 940 707 0 940 707 0 476 634 0 949 707 0 949 707 0 959 645 0 940 707 0 940 707 0 959 645 0 941 708 0 941 708 0 959 645 0 921 709 0 993 710 0 921 709 0 959 645 0 921 709 0 993 710 0 891 711 0 891 711 0 993 710 0 1012 712 0 891 711 0 1012 712 0 888 713 0 1054 658 0 888 713 0 1012 712 0 888 713 0 1054 658 0 945 714 0 945 714 0 1054 658 0 950 715 0 945 714 0 950 715 0 946 716 0 946 716 0 950 715 0 836 717 0 950 715 0 951 667 0 836 717 0 836 717 0 951 667 0 792 718 0 953 719 0 792 718 0 951 667 0 953 719 0 770 720 0 792 718 0 770 720 0 953 719 0 1076 564 0 770 720 0 1076 564 0 961 9 0 961 9 0 1076 564 0 962 677 0 1083 680 0 962 677 0 1076 564 0 1083 680 0 704 721 0 962 677 0 704 721 0 1083 680 0 954 696 0 704 721 0 954 696 0 638 696 0 938 0 0 922 1 0 999 0 0 999 0 0 922 1 0 1427 659 0 1302 3 0 1427 659 0 922 1 0 1427 659 0 1302 3 0 1413 665 0 1413 665 0 1302 3 0 923 5 0 1392 7 0 1413 665 0 923 5 0 1392 7 0 972 670 0 1413 665 0 972 670 0 1392 7 0 924 9 0 972 670 0 924 9 0 973 678 0 924 9 0 1393 10 0 973 678 0 974 683 0 973 678 0 1393 10 0 925 12 0 974 683 0 1393 10 0 974 683 0 925 12 0 1412 14 0 974 683 0 1412 14 0 975 690 0 926 16 0 975 690 0 1412 14 0 975 690 0 926 16 0 992 18 0 992 18 0 926 16 0 927 18 0 927 18 0 928 606 0 992 18 0 992 18 0 928 606 0 1414 609 0 1423 611 0 1414 609 0 928 606 0 1414 609 0 1423 611 0 994 616 0 994 616 0 1423 611 0 930 617 0 1421 621 0 994 616 0 930 617 0 1421 621 0 1415 623 0 994 616 0 1415 623 0 1421 621 0 932 30 0 1415 623 0 932 30 0 996 631 0 932 30 0 934 632 0 996 631 0 997 638 0 996 631 0 934 632 0 1419 637 0 997 638 0 934 632 0 997 638 0 1419 637 0 1418 643 0 997 638 0 1418 643 0 998 646 0 1416 647 0 998 646 0 1418 643 0 998 646 0 1416 647 0 999 0 0 999 0 0 1416 647 0 938 0 0 1391 696 0 1397 689 0 1400 696 0 1400 696 0 1397 689 0 1028 697 0 906 698 0 1028 697 0 1397 689 0 1028 697 0 906 698 0 1402 699 0 1402 699 0 906 698 0 908 700 0 1396 608 0 1402 699 0 908 700 0 1396 608 0 1403 701 0 1402 699 0 1403 701 0 1396 608 0 910 702 0 1403 701 0 910 702 0 1031 703 0 910 702 0 911 619 0 1031 703 0 1032 704 0 1031 703 0 911 619 0 912 705 0 1032 704 0 911 619 0 1032 704 0 912 705 0 1395 492 0 1032 704 0 1395 492 0 1033 706 0 1394 634 0 1033 706 0 1395 492 0 1033 706 0 1394 634 0 1013 707 0 1013 707 0 1394 634 0 914 707 0 914 707 0 1375 645 0 1013 707 0 1013 707 0 1375 645 0 1377 708 0 1377 708 0 1375 645 0 1378 709 0 915 710 0 1378 709 0 1375 645 0 1378 709 0 915 710 0 1038 711 0 1038 711 0 915 710 0 916 712 0 1038 711 0 916 712 0 1382 713 0 1374 658 0 1382 713 0 916 712 0 1382 713 0 1374 658 0 1383 714 0 1383 714 0 1374 658 0 918 715 0 1383 714 0 918 715 0 1384 716 0 1384 716 0 918 715 0 1386 717 0 918 715 0 1372 667 0 1386 717 0 1386 717 0 1372 667 0 1043 718 0 919 719 0 1043 718 0 1372 667 0 919 719 0 1387 720 0 1043 718 0 1387 720 0 919 719 0 1370 564 0 1387 720 0 1370 564 0 1389 9 0 1389 9 0 1370 564 0 1057 677 0 1369 680 0 1057 677 0 1370 564 0 1369 680 0 1058 721 0 1057 677 0 1058 721 0 1369 680 0 1391 696 0 1058 721 0 1391 696 0 1400 696 0 1328 707 0 899 645 0 1093 707 0 1093 707 0 899 645 0 1065 708 0 1065 708 0 899 645 0 1350 709 0 1349 710 0 1350 709 0 899 645 0 1350 709 0 1349 710 0 1352 711 0 1352 711 0 1349 710 0 1344 712 0 1352 711 0 1344 712 0 1353 713 0 900 658 0 1353 713 0 1344 712 0 1353 713 0 900 658 0 1355 714 0 1355 714 0 900 658 0 901 715 0 1355 714 0 901 715 0 1358 716 0 1358 716 0 901 715 0 1360 717 0 901 715 0 1342 667 0 1360 717 0 1360 717 0 1342 667 0 1072 718 0 1338 719 0 1072 718 0 1342 667 0 1338 719 0 1363 720 0 1072 718 0 1363 720 0 1338 719 0 1333 564 0 1363 720 0 1333 564 0 1074 9 0 1074 9 0 1333 564 0 1364 677 0 1330 680 0 1364 677 0 1333 564 0 1330 680 0 1365 721 0 1364 677 0 1365 721 0 1330 680 0 1309 696 0 1365 721 0 1309 696 0 1107 696 0 1309 696 0 1307 689 0 1107 696 0 1107 696 0 1307 689 0 1311 697 0 889 698 0 1311 697 0 1307 689 0 1311 697 0 889 698 0 1320 699 0 1320 699 0 889 698 0 893 700 0 894 608 0 1320 699 0 893 700 0 894 608 0 1321 701 0 1320 699 0 1321 701 0 894 608 0 1306 702 0 1321 701 0 1306 702 0 1325 703 0 1306 702 0 896 619 0 1325 703 0 1112 704 0 1325 703 0 896 619 0 897 705 0 1112 704 0 896 619 0 1112 704 0 897 705 0 1305 492 0 1112 704 0 1305 492 0 1327 706 0 898 634 0 1327 706 0 1305 492 0 1327 706 0 898 634 0 1093 707 0 1093 707 0 898 634 0 1328 707 0 887 740 0 1234 741 0 1238 740 0 1298 742 0 1234 741 0 887 740 0 1234 741 0 1298 742 0 1294 743 0 1234 741 0 1294 743 0 1118 744 0 1294 743 0 1119 745 0 1118 744 0 1293 746 0 1119 745 0 1294 743 0 1119 745 0 1293 746 0 1120 747 0 1293 746 0 832 748 0 1120 747 0 832 748 0 1121 749 0 1120 747 0 1121 749 0 832 748 0 1291 750 0 1121 749 0 1291 750 0 1235 751 0 1291 750 0 1236 752 0 1235 751 0 833 753 0 1236 752 0 1291 750 0 1236 752 0 833 753 0 1124 754 0 837 755 0 1124 754 0 833 753 0 837 755 0 1125 756 0 1124 754 0 1125 756 0 837 755 0 838 757 0 1125 756 0 838 757 0 1241 758 0 838 757 0 1246 759 0 1241 758 0 840 760 0 1246 759 0 838 757 0 1246 759 0 840 760 0 1248 761 0 1290 762 0 1248 761 0 840 760 0 1290 762 0 1253 763 0 1248 761 0 1253 763 0 1290 762 0 1254 764 0 1290 762 0 841 765 0 1254 764 0 841 765 0 1131 766 0 1254 764 0 842 767 0 1131 766 0 841 765 0 1131 766 0 842 767 0 1132 768 0 844 769 0 1132 768 0 842 767 0 844 769 0 1255 770 0 1132 768 0 1255 770 0 844 769 0 1256 771 0 844 769 0 1289 772 0 1256 771 0 1289 772 0 1257 773 0 1256 771 0 1257 773 0 1289 772 0 845 774 0 1257 773 0 845 774 0 1136 775 0 1136 775 0 845 774 0 1286 776 0 1136 775 0 1286 776 0 1137 777 0 1286 776 0 1138 778 0 1137 777 0 847 779 0 1138 778 0 1286 776 0 1138 778 0 847 779 0 1139 780 0 848 781 0 1139 780 0 847 779 0 848 781 0 1258 782 0 1139 780 0 1258 782 0 848 781 0 851 783 0 1258 782 0 851 783 0 1141 784 0 851 783 0 1260 785 0 1141 784 0 852 786 0 1260 785 0 851 783 0 1260 785 0 852 786 0 1261 787 0 1283 788 0 1261 787 0 852 786 0 1283 788 0 1144 789 0 1261 787 0 1144 789 0 1283 788 0 1268 790 0 1283 788 0 853 791 0 1268 790 0 853 791 0 1146 792 0 1268 790 0 855 793 0 1146 792 0 853 791 0 1146 792 0 855 793 0 1271 794 0 855 793 0 1148 795 0 1271 794 0 857 796 0 1148 795 0 855 793 0 1148 795 0 857 796 0 1149 797 0 857 796 0 859 798 0 1149 797 0 859 798 0 1150 799 0 1149 797 0 1150 799 0 859 798 0 1151 800 0 859 798 0 860 801 0 1151 800 0 860 801 0 1272 802 0 1151 800 0 861 803 0 1272 802 0 860 801 0 1272 802 0 861 803 0 1153 804 0 1282 805 0 1153 804 0 861 803 0 1282 805 0 1275 806 0 1153 804 0 1275 806 0 1282 805 0 1155 807 0 1282 805 0 1278 808 0 1155 807 0 1277 809 0 1155 807 0 1278 808 0 1276 810 0 1155 807 0 1277 809 0 758 9 0 1276 9 0 1277 9 0 1277 9 0 862 9 0 758 9 0 1276 9 0 758 9 0 1230 9 0 1274 447 0 1227 811 0 1142 447 0 1142 447 0 1227 811 0 763 812 0 763 812 0 1227 811 0 1160 813 0 763 812 0 1160 813 0 1226 814 0 1158 815 0 763 812 0 1226 814 0 1158 815 0 761 816 0 763 812 0 761 816 0 1158 815 0 758 9 0 758 9 0 1158 815 0 1230 9 0 1172 819 0 1199 818 0 1174 817 0 1171 820 0 1199 818 0 1172 819 0 1199 818 0 1171 820 0 1175 821 0 863 822 0 1175 821 0 1171 820 0 863 822 0 1201 823 0 1175 821 0 1201 823 0 863 822 0 866 824 0 1201 823 0 866 824 0 1176 825 0 866 824 0 1177 826 0 1176 825 0 1170 827 0 1177 826 0 866 824 0 1177 826 0 1170 827 0 1182 828 0 1166 829 0 1182 828 0 1170 827 0 1166 829 0 1183 830 0 1182 828 0 1183 830 0 1166 829 0 1206 831 0 1166 829 0 1165 832 0 1206 831 0 1165 832 0 1207 833 0 1206 831 0 868 834 0 1207 833 0 1165 832 0 1207 833 0 868 834 0 1208 835 0 868 834 0 1209 836 0 1208 835 0 872 837 0 1209 836 0 868 834 0 1209 836 0 872 837 0 1210 838 0 872 837 0 1163 839 0 1210 838 0 1163 839 0 1184 840 0 1210 838 0 1184 840 0 1163 839 0 1162 841 0 1184 840 0 1162 841 0 1186 842 0 1162 841 0 1191 843 0 1186 842 0 873 844 0 1191 843 0 1162 841 0 1191 843 0 873 844 0 1198 845 0 874 846 0 1198 845 0 873 844 0 874 846 0 1200 847 0 1198 845 0 1200 847 0 874 846 0 1216 848 0 874 846 0 875 849 0 1216 848 0 875 849 0 1202 850 0 1216 848 0 1161 851 0 1202 850 0 875 849 0 1202 850 0 1161 851 0 1203 852 0 1159 853 0 1203 852 0 1161 851 0 1203 852 0 1159 853 0 1219 854 0 1157 855 0 1219 854 0 1159 853 0 1157 855 0 1220 856 0 1219 854 0 1220 856 0 1157 855 0 1204 857 0 1157 855 0 876 858 0 1204 857 0 876 858 0 1205 859 0 1204 857 0 1205 859 0 876 858 0 1156 860 0 1205 859 0 1156 860 0 1223 861 0 1156 860 0 1224 862 0 1223 861 0 877 863 0 1224 862 0 1156 860 0 1224 862 0 877 863 0 1211 864 0 1154 865 0 1211 864 0 877 863 0 1154 865 0 1212 866 0 1211 864 0 1212 866 0 1154 865 0 879 867 0 1212 866 0 879 867 0 1213 868 0 879 867 0 1228 869 0 1213 868 0 1152 870 0 1228 869 0 879 867 0 1228 869 0 1152 870 0 1229 871 0 880 872 0 1229 871 0 1152 870 0 880 872 0 1214 873 0 1229 871 0 1214 873 0 880 872 0 1215 874 0 880 872 0 1147 875 0 1215 874 0 1147 875 0 1217 876 0 1215 874 0 881 877 0 1217 876 0 1147 875 0 1217 876 0 881 877 0 1233 878 0 881 877 0 1218 879 0 1233 878 0 882 880 0 1218 879 0 881 877 0 1218 879 0 882 880 0 1221 881 0 882 880 0 884 882 0 1221 881 0 884 882 0 1222 883 0 1221 881 0 1222 883 0 884 882 0 1237 884 0 884 882 0 1145 885 0 1237 884 0 887 740 0 1237 884 0 1145 885 0 1238 740 0 1237 884 0 887 740 0 1128 30 0 1134 886 0 766 30 0 766 30 0 1134 886 0 1135 887 0 1133 888 0 1135 887 0 1134 886 0 1140 889 0 1135 887 0 1133 888 0 1130 890 0 1140 889 0 1133 888 0 1140 889 0 1130 890 0 1274 447 0 1140 889 0 1274 447 0 1142 447 0 36 447 0 133 447 0 72 447 0 766 30 0 768 30 0 1172 30 0 1172 30 0 1174 30 0 766 30 0 766 30 0 1174 30 0 1128 30 0 1337 73 0 1082 234 0 1060 73 0 1127 891 0 1082 234 0 1337 73 0 1082 234 0 1127 891 0 1126 892 0 1082 234 0 1126 892 0 730 236 0 1304 893 0 730 236 0 1126 892 0 1304 893 0 1084 238 0 730 236 0 1084 238 0 1304 893 0 1303 894 0 1084 238 0 1303 894 0 1085 240 0 1303 894 0 728 242 0 1085 240 0 1123 895 0 728 242 0 1303 894 0 728 242 0 1123 895 0 1086 245 0 1301 896 0 1086 245 0 1123 895 0 1301 896 0 723 248 0 1086 245 0 723 248 0 1301 896 0 722 250 0 1301 896 0 1300 897 0 722 250 0 1299 898 0 722 250 0 1300 897 0 722 250 0 1299 898 0 1087 252 0 1122 899 0 1087 252 0 1299 898 0 1122 899 0 1088 254 0 1087 252 0 1088 254 0 1122 899 0 721 256 0 1122 899 0 1297 900 0 721 256 0 1297 900 0 1089 259 0 721 256 0 1296 445 0 1089 259 0 1297 900 0 1089 259 0 1296 445 0 720 261 0 1295 901 0 720 261 0 1296 445 0 1295 901 0 719 264 0 720 261 0 1117 40 0 719 264 0 1295 901 0 719 264 0 1117 40 0 1090 266 0 1116 902 0 1090 266 0 1117 40 0 1090 266 0 1116 902 0 1292 903 0 1090 266 0 1292 903 0 1091 268 0 1115 904 0 1091 268 0 1292 903 0 1115 904 0 1094 270 0 1091 268 0 1094 270 0 1115 904 0 1113 905 0 1094 270 0 1113 905 0 714 272 0 1113 905 0 1095 274 0 714 272 0 1111 906 0 1095 274 0 1113 905 0 1095 274 0 1111 906 0 713 276 0 1288 907 0 713 276 0 1111 906 0 1288 907 0 710 279 0 713 276 0 710 279 0 1288 907 0 1099 281 0 1288 907 0 1287 908 0 1099 281 0 1110 909 0 1099 281 0 1287 908 0 1099 281 0 1110 909 0 1100 284 0 1285 910 0 1100 284 0 1110 909 0 1285 910 0 1102 150 0 1100 284 0 1102 150 0 1285 910 0 1104 287 0 1285 910 0 1284 911 0 1104 287 0 1284 911 0 1105 290 0 1104 287 0 1109 367 0 1105 290 0 1284 911 0 1105 290 0 1109 367 0 707 292 0 1108 912 0 707 292 0 1109 367 0 1281 51 0 707 292 0 1108 912 0 1106 51 0 707 292 0 1281 51 0 1281 51 0 1030 294 0 1106 51 0 1362 913 0 1030 294 0 1281 51 0 1030 294 0 1362 913 0 1361 914 0 1030 294 0 1361 914 0 1035 296 0 1073 915 0 1035 296 0 1361 914 0 1073 915 0 1036 298 0 1035 296 0 1036 298 0 1073 915 0 1359 916 0 1036 298 0 1359 916 0 754 300 0 1359 916 0 1037 302 0 754 300 0 1071 917 0 1037 302 0 1359 916 0 1037 302 0 1071 917 0 753 305 0 1357 918 0 753 305 0 1071 917 0 1357 918 0 749 308 0 753 305 0 749 308 0 1357 918 0 746 310 0 1357 918 0 1356 919 0 746 310 0 1070 920 0 746 310 0 1356 919 0 746 310 0 1070 920 0 1039 312 0 1354 921 0 1039 312 0 1070 920 0 1354 921 0 744 314 0 1039 312 0 744 314 0 1354 921 0 1040 316 0 1354 921 0 1069 922 0 1040 316 0 1069 922 0 1041 319 0 1040 316 0 1068 405 0 1041 319 0 1069 922 0 1041 319 0 1068 405 0 1042 321 0 1351 923 0 1042 321 0 1068 405 0 1351 923 0 1044 324 0 1042 321 0 1067 62 0 1044 324 0 1351 923 0 1044 324 0 1067 62 0 742 326 0 1066 924 0 742 326 0 1067 62 0 742 326 0 1066 924 0 1348 925 0 742 326 0 1348 925 0 1045 328 0 1347 926 0 1045 328 0 1348 925 0 1347 926 0 741 330 0 1045 328 0 741 330 0 1347 926 0 1346 927 0 741 330 0 1346 927 0 739 332 0 1346 927 0 737 334 0 739 332 0 1345 928 0 737 334 0 1346 927 0 737 334 0 1345 928 0 1046 336 0 1064 929 0 1046 336 0 1345 928 0 1064 929 0 734 339 0 1046 336 0 734 339 0 1064 929 0 732 341 0 1064 929 0 1343 930 0 732 341 0 1063 931 0 732 341 0 1343 930 0 732 341 0 1063 931 0 1050 344 0 1341 932 0 1050 344 0 1063 931 0 1341 932 0 731 225 0 1050 344 0 731 225 0 1341 932 0 1051 347 0 1341 932 0 1340 933 0 1051 347 0 1340 933 0 1056 350 0 1051 347 0 1339 360 0 1056 350 0 1340 933 0 1056 350 0 1339 360 0 1059 352 0 1061 934 0 1059 352 0 1339 360 0 1337 73 0 1059 352 0 1061 934 0 1060 73 0 1059 352 0 1337 73 0 1425 19 0 1424 19 0 995 19 0 995 19 0 1424 19 0 1001 19 0 1001 19 0 1424 19 0 1027 19 0 1001 19 0 1027 19 0 1422 19 0 1001 19 0 1422 19 0 1003 19 0 1003 19 0 1422 19 0 1024 19 0 1003 19 0 1024 19 0 1398 19 0 1398 19 0 1024 19 0 1420 19 0 1398 19 0 1420 19 0 1399 19 0 1399 19 0 1420 19 0 1017 19 0 1399 19 0 1017 19 0 1004 19 0 1004 19 0 1017 19 0 1016 19 0 1004 19 0 1016 19 0 1401 19 0 1401 19 0 1016 19 0 1417 19 0 1401 19 0 1417 19 0 1010 19 0 1010 19 0 1417 19 0 1015 19 0 1010 19 0 1015 19 0 1014 19 0 1014 19 0 1015 19 0 1404 19 0 865 19 0 983 19 0 856 19 0 856 19 0 983 19 0 984 19 0 984 19 0 983 19 0 982 19 0 984 19 0 982 19 0 831 19 0 831 19 0 982 19 0 814 19 0 814 19 0 982 19 0 981 19 0 814 19 0 981 19 0 980 19 0 814 19 0 980 19 0 989 19 0 989 19 0 980 19 0 1092 19 0 989 19 0 1092 19 0 771 19 0 771 19 0 1092 19 0 1114 19 0 771 19 0 1114 19 0 991 19 0 991 19 0 1114 19 0 1129 19 0 991 19 0 1129 19 0 1232 19 0 1232 19 0 1129 19 0 1231 19 0 1231 19 0 1129 19 0 1143 19 0 1231 19 0 1143 19 0 1197 19 0 1231 19 0 1197 19 0 1225 19 0 976 19 0 971 19 0 956 19 0 956 19 0 971 19 0 960 19 0 960 19 0 971 19 0 453 19 0 960 19 0 453 19 0 970 19 0 960 19 0 970 19 0 963 19 0 963 19 0 970 19 0 501 19 0 963 19 0 501 19 0 70 19 0 70 19 0 501 19 0 969 19 0 70 19 0 969 19 0 45 19 0 45 19 0 969 19 0 557 19 0 45 19 0 557 19 0 37 19 0 37 19 0 557 19 0 967 19 0 37 19 0 967 19 0 964 19 0 964 19 0 967 19 0 642 19 0 964 19 0 642 19 0 1 19 0 1 19 0 642 19 0 966 19 0 1 19 0 966 19 0 965 19 0 965 19 0 966 19 0 705 19 0 993 19 0 959 19 0 1012 19 0 1012 19 0 959 19 0 1054 19 0 1054 19 0 959 19 0 949 19 0 1054 19 0 949 19 0 950 19 0 950 19 0 949 19 0 951 19 0 951 19 0 949 19 0 476 19 0 951 19 0 476 19 0 436 19 0 951 19 0 436 19 0 953 19 0 953 19 0 436 19 0 948 19 0 953 19 0 948 19 0 1076 19 0 1076 19 0 948 19 0 426 19 0 1076 19 0 426 19 0 1083 19 0 1083 19 0 426 19 0 330 19 0 1083 19 0 330 19 0 954 19 0 954 19 0 330 19 0 943 19 0 943 19 0 330 19 0 947 19 0 943 19 0 947 19 0 944 19 0 943 19 0 944 19 0 282 19 0 938 19 0 1416 19 0 922 19 0 922 19 0 1416 19 0 1302 19 0 1302 19 0 1416 19 0 1418 19 0 1302 19 0 1418 19 0 1419 19 0 1302 19 0 1419 19 0 923 19 0 923 19 0 1419 19 0 934 19 0 923 19 0 934 19 0 1392 19 0 1392 19 0 934 19 0 932 19 0 1392 19 0 932 19 0 924 19 0 924 19 0 932 19 0 1421 19 0 924 19 0 1421 19 0 1393 19 0 1393 19 0 1421 19 0 930 19 0 1393 19 0 930 19 0 925 19 0 925 19 0 930 19 0 1423 19 0 925 19 0 1423 19 0 1412 19 0 1412 19 0 1423 19 0 928 19 0 1412 19 0 928 19 0 926 19 0 926 19 0 928 19 0 927 19 0 915 19 0 1375 19 0 916 19 0 916 19 0 1375 19 0 1374 19 0 1374 19 0 1375 19 0 914 19 0 1374 19 0 914 19 0 918 19 0 918 19 0 914 19 0 1372 19 0 1372 19 0 914 19 0 1394 19 0 1372 19 0 1394 19 0 1395 19 0 1372 19 0 1395 19 0 919 19 0 919 19 0 1395 19 0 912 19 0 919 19 0 912 19 0 1370 19 0 1370 19 0 912 19 0 911 19 0 1370 19 0 911 19 0 1369 19 0 1369 19 0 911 19 0 910 19 0 1369 19 0 910 19 0 1391 19 0 1391 19 0 910 19 0 1397 19 0 1397 19 0 910 19 0 1396 19 0 1397 19 0 1396 19 0 908 19 0 1397 19 0 908 19 0 906 19 0 1349 19 0 899 19 0 1344 19 0 1344 19 0 899 19 0 900 19 0 900 19 0 899 19 0 1328 19 0 900 19 0 1328 19 0 901 19 0 901 19 0 1328 19 0 1342 19 0 1342 19 0 1328 19 0 898 19 0 1342 19 0 898 19 0 1305 19 0 1342 19 0 1305 19 0 1338 19 0 1338 19 0 1305 19 0 897 19 0 1338 19 0 897 19 0 1333 19 0 1333 19 0 897 19 0 896 19 0 1333 19 0 896 19 0 1330 19 0 1330 19 0 896 19 0 1306 19 0 1330 19 0 1306 19 0 1309 19 0 1309 19 0 1306 19 0 1307 19 0 1307 19 0 1306 19 0 894 19 0 1307 19 0 894 19 0 893 19 0 1307 19 0 893 19 0 889 19 0 1172 447 0 768 447 0 1171 447 0 1171 447 0 768 447 0 863 447 0 862 447 0 1277 447 0 1278 447 0 862 447 0 1278 447 0 1282 447 0 862 447 0 1282 447 0 861 447 0 862 447 0 861 447 0 768 447 0 768 447 0 861 447 0 863 447 0 863 447 0 861 447 0 866 447 0 866 447 0 861 447 0 799 447 0 799 447 0 861 447 0 801 447 0 801 447 0 861 447 0 860 447 0 801 447 0 860 447 0 681 447 0 681 447 0 860 447 0 680 447 0 680 447 0 860 447 0 859 447 0 680 447 0 859 447 0 678 447 0 678 447 0 859 447 0 677 447 0 677 447 0 859 447 0 802 447 0 802 447 0 859 447 0 857 447 0 802 447 0 857 447 0 676 447 0 676 447 0 857 447 0 675 447 0 675 447 0 857 447 0 855 447 0 675 447 0 855 447 0 803 447 0 803 447 0 855 447 0 674 447 0 674 447 0 855 447 0 804 447 0 804 447 0 855 447 0 853 447 0 804 447 0 853 447 0 673 447 0 673 447 0 853 447 0 1283 447 0 673 447 0 1283 447 0 670 447 0 670 447 0 1283 447 0 852 447 0 670 447 0 852 447 0 668 447 0 668 447 0 852 447 0 806 447 0 806 447 0 852 447 0 851 447 0 806 447 0 851 447 0 667 447 0 667 447 0 851 447 0 848 447 0 667 447 0 848 447 0 666 447 0 666 447 0 848 447 0 807 447 0 807 447 0 848 447 0 847 447 0 807 447 0 847 447 0 809 447 0 809 447 0 847 447 0 810 447 0 810 447 0 847 447 0 1286 447 0 810 447 0 1286 447 0 811 447 0 811 447 0 1286 447 0 812 447 0 812 447 0 1286 447 0 845 447 0 812 447 0 845 447 0 665 447 0 665 447 0 845 447 0 813 447 0 813 447 0 845 447 0 1289 447 0 813 447 0 1289 447 0 663 447 0 663 447 0 1289 447 0 844 447 0 663 447 0 844 447 0 662 447 0 662 447 0 844 447 0 842 447 0 662 447 0 842 447 0 815 447 0 815 447 0 842 447 0 841 447 0 815 447 0 841 447 0 659 447 0 659 447 0 841 447 0 658 447 0 658 447 0 841 447 0 1290 447 0 658 447 0 1290 447 0 818 447 0 818 447 0 1290 447 0 656 447 0 656 447 0 1290 447 0 840 447 0 656 447 0 840 447 0 655 447 0 655 447 0 840 447 0 819 447 0 819 447 0 840 447 0 838 447 0 819 447 0 838 447 0 820 447 0 820 447 0 838 447 0 837 447 0 820 447 0 837 447 0 821 447 0 821 447 0 837 447 0 654 447 0 654 447 0 837 447 0 833 447 0 654 447 0 833 447 0 824 447 0 824 447 0 833 447 0 653 447 0 653 447 0 833 447 0 1291 447 0 653 447 0 1291 447 0 825 447 0 825 447 0 1291 447 0 826 447 0 826 447 0 1291 447 0 647 447 0 647 447 0 1291 447 0 832 447 0 647 447 0 832 447 0 829 447 0 829 447 0 832 447 0 646 447 0 646 447 0 832 447 0 644 447 0 1170 447 0 866 447 0 798 447 0 798 447 0 866 447 0 799 447 0 1170 447 0 798 447 0 577 447 0 1170 447 0 577 447 0 797 447 0 1170 447 0 797 447 0 581 447 0 1170 447 0 581 447 0 1166 447 0 1166 447 0 581 447 0 582 447 0 1166 447 0 582 447 0 796 447 0 1166 447 0 796 447 0 585 447 0 1166 447 0 585 447 0 1165 447 0 1165 447 0 585 447 0 587 447 0 1165 447 0 587 447 0 794 447 0 1165 447 0 794 447 0 868 447 0 868 447 0 794 447 0 789 447 0 868 447 0 789 447 0 588 447 0 868 447 0 588 447 0 872 447 0 872 447 0 588 447 0 788 447 0 872 447 0 788 447 0 1163 447 0 1163 447 0 788 447 0 787 447 0 1163 447 0 787 447 0 785 447 0 1163 447 0 785 447 0 1162 447 0 1162 447 0 785 447 0 589 447 0 1162 447 0 589 447 0 590 447 0 1162 447 0 590 447 0 873 447 0 873 447 0 590 447 0 783 447 0 873 447 0 783 447 0 782 447 0 873 447 0 782 447 0 874 447 0 874 447 0 782 447 0 781 447 0 874 447 0 781 447 0 875 447 0 875 447 0 781 447 0 591 447 0 875 447 0 591 447 0 1161 447 0 1161 447 0 591 447 0 594 447 0 1161 447 0 594 447 0 598 447 0 1161 447 0 598 447 0 1159 447 0 1159 447 0 598 447 0 780 447 0 1159 447 0 780 447 0 1157 447 0 1157 447 0 780 447 0 599 447 0 1157 447 0 599 447 0 601 447 0 1157 447 0 601 447 0 876 447 0 876 447 0 601 447 0 602 447 0 876 447 0 602 447 0 603 447 0 876 447 0 603 447 0 1156 447 0 1156 447 0 603 447 0 606 447 0 1156 447 0 606 447 0 607 447 0 1156 447 0 607 447 0 877 447 0 877 447 0 607 447 0 609 447 0 877 447 0 609 447 0 1154 447 0 1154 447 0 609 447 0 779 447 0 1154 447 0 779 447 0 610 447 0 1154 447 0 610 447 0 879 447 0 879 447 0 610 447 0 611 447 0 879 447 0 611 447 0 1152 447 0 1152 447 0 611 447 0 778 447 0 1152 447 0 778 447 0 612 447 0 1152 447 0 612 447 0 880 447 0 880 447 0 612 447 0 777 447 0 880 447 0 777 447 0 613 447 0 880 447 0 613 447 0 1147 447 0 1147 447 0 613 447 0 776 447 0 1147 447 0 776 447 0 775 447 0 1147 447 0 775 447 0 881 447 0 881 447 0 775 447 0 774 447 0 881 447 0 774 447 0 614 447 0 881 447 0 614 447 0 773 447 0 881 447 0 773 447 0 882 447 0 882 447 0 773 447 0 772 447 0 882 447 0 772 447 0 644 447 0 882 447 0 644 447 0 832 447 0 882 447 0 832 447 0 1293 447 0 882 447 0 1293 447 0 884 447 0 884 447 0 1293 447 0 1294 447 0 884 447 0 1294 447 0 1145 447 0 1145 447 0 1294 447 0 1298 447 0 1145 447 0 1298 447 0 887 447 0 862 18 0 768 18 0 758 18 0 758 18 0 768 18 0 761 18 0 761 18 0 768 18 0 763 18 0 763 18 0 768 18 0 1142 18 0 1142 18 0 768 18 0 1140 18 0 1140 18 0 768 18 0 1135 18 0 1135 18 0 768 18 0 766 18 0 1059 19 0 1060 19 0 1082 19 0 1059 19 0 1082 19 0 730 19 0 1059 19 0 730 19 0 1056 19 0 1056 19 0 730 19 0 1084 19 0 1056 19 0 1084 19 0 1051 19 0 1051 19 0 1084 19 0 1085 19 0 1051 19 0 1085 19 0 731 19 0 731 19 0 1085 19 0 728 19 0 731 19 0 728 19 0 1050 19 0 1050 19 0 728 19 0 1086 19 0 1050 19 0 1086 19 0 732 19 0 732 19 0 1086 19 0 723 19 0 732 19 0 723 19 0 734 19 0 734 19 0 723 19 0 722 19 0 734 19 0 722 19 0 1046 19 0 1046 19 0 722 19 0 1087 19 0 1046 19 0 1087 19 0 737 19 0 737 19 0 1087 19 0 1088 19 0 737 19 0 1088 19 0 739 19 0 739 19 0 1088 19 0 721 19 0 739 19 0 721 19 0 741 19 0 741 19 0 721 19 0 1089 19 0 741 19 0 1089 19 0 1045 19 0 1045 19 0 1089 19 0 720 19 0 1045 19 0 720 19 0 742 19 0 742 19 0 720 19 0 719 19 0 742 19 0 719 19 0 1044 19 0 1044 19 0 719 19 0 1090 19 0 1044 19 0 1090 19 0 1042 19 0 1042 19 0 1090 19 0 1091 19 0 1042 19 0 1091 19 0 1041 19 0 1041 19 0 1091 19 0 1094 19 0 1041 19 0 1094 19 0 1040 19 0 1040 19 0 1094 19 0 714 19 0 1040 19 0 714 19 0 744 19 0 744 19 0 714 19 0 1095 19 0 744 19 0 1095 19 0 1039 19 0 1039 19 0 1095 19 0 713 19 0 1039 19 0 713 19 0 746 19 0 746 19 0 713 19 0 710 19 0 746 19 0 710 19 0 749 19 0 749 19 0 710 19 0 1099 19 0 749 19 0 1099 19 0 753 19 0 753 19 0 1099 19 0 1100 19 0 753 19 0 1100 19 0 1037 19 0 1037 19 0 1100 19 0 1102 19 0 1037 19 0 1102 19 0 754 19 0 754 19 0 1102 19 0 1104 19 0 754 19 0 1104 19 0 1036 19 0 1036 19 0 1104 19 0 1105 19 0 1036 19 0 1105 19 0 1035 19 0 1035 19 0 1105 19 0 707 19 0 1035 19 0 707 19 0 1030 19 0 1030 19 0 707 19 0 1106 19 0 801 935 0 641 740 0 799 740 0 801 935 0 530 936 0 641 740 0 681 937 0 530 936 0 801 935 0 530 936 0 681 937 0 528 938 0 681 937 0 680 939 0 528 938 0 528 938 0 680 939 0 678 940 0 528 938 0 678 940 0 686 941 0 677 942 0 686 941 0 678 940 0 677 942 0 688 943 0 686 941 0 802 944 0 688 943 0 677 942 0 688 943 0 802 944 0 676 945 0 688 943 0 676 945 0 689 946 0 675 947 0 689 946 0 676 945 0 803 948 0 689 946 0 675 947 0 689 946 0 803 948 0 690 949 0 803 948 0 674 950 0 690 949 0 804 951 0 690 949 0 674 950 0 804 951 0 693 952 0 690 949 0 693 952 0 804 951 0 673 953 0 693 952 0 673 953 0 527 954 0 670 955 0 527 954 0 673 953 0 527 954 0 670 955 0 526 956 0 670 955 0 668 957 0 526 956 0 526 956 0 668 957 0 806 958 0 526 956 0 806 958 0 694 959 0 667 960 0 694 959 0 806 958 0 667 960 0 695 961 0 694 959 0 666 962 0 695 961 0 667 960 0 695 961 0 666 962 0 807 963 0 695 961 0 807 963 0 525 964 0 807 963 0 809 965 0 525 964 0 810 966 0 525 964 0 809 965 0 525 964 0 810 966 0 524 967 0 810 966 0 811 968 0 524 967 0 812 969 0 524 967 0 811 968 0 812 969 0 696 970 0 524 967 0 696 970 0 812 969 0 665 971 0 696 970 0 665 971 0 523 972 0 813 973 0 523 972 0 665 971 0 523 972 0 813 973 0 522 974 0 813 973 0 663 975 0 522 974 0 522 974 0 663 975 0 662 976 0 522 974 0 662 976 0 521 977 0 815 978 0 521 977 0 662 976 0 815 978 0 519 979 0 521 977 0 519 979 0 815 978 0 659 980 0 519 979 0 659 980 0 697 981 0 659 980 0 658 982 0 697 981 0 818 983 0 697 981 0 658 982 0 697 981 0 818 983 0 656 984 0 697 981 0 656 984 0 698 985 0 655 986 0 698 985 0 656 984 0 655 986 0 699 987 0 698 985 0 819 988 0 699 987 0 655 986 0 699 987 0 819 988 0 515 989 0 819 988 0 820 990 0 515 989 0 515 989 0 820 990 0 821 991 0 515 989 0 821 991 0 514 992 0 654 993 0 514 992 0 821 991 0 824 994 0 514 992 0 654 993 0 514 992 0 824 994 0 700 995 0 653 996 0 700 995 0 824 994 0 825 997 0 700 995 0 653 996 0 825 997 0 702 998 0 700 995 0 826 999 0 702 998 0 825 997 0 702 998 0 826 999 0 513 1000 0 826 999 0 647 1001 0 513 1000 0 829 1002 0 513 1000 0 647 1001 0 513 1000 0 829 1002 0 508 1003 0 829 1002 0 646 1004 0 508 1003 0 644 1005 0 508 1003 0 646 1004 0 502 1005 0 508 1003 0 644 1005 0 772 1006 0 502 1005 0 644 1005 0 772 1006 0 458 1007 0 502 1005 0 773 1008 0 458 1007 0 772 1006 0 458 1007 0 773 1008 0 457 1009 0 773 1008 0 614 1010 0 457 1009 0 457 1009 0 614 1010 0 774 1011 0 457 1009 0 774 1011 0 617 1012 0 775 1013 0 617 1012 0 774 1011 0 775 1013 0 456 1014 0 617 1012 0 776 1015 0 456 1014 0 775 1013 0 456 1014 0 776 1015 0 613 1016 0 456 1014 0 613 1016 0 624 1017 0 777 1018 0 624 1017 0 613 1016 0 612 1019 0 624 1017 0 777 1018 0 624 1017 0 612 1019 0 625 1020 0 612 1019 0 778 1021 0 625 1020 0 611 1022 0 625 1020 0 778 1021 0 611 1022 0 455 1023 0 625 1020 0 455 1023 0 611 1022 0 610 1024 0 455 1023 0 610 1024 0 452 1025 0 779 1026 0 452 1025 0 610 1024 0 452 1025 0 779 1026 0 626 1027 0 779 1026 0 609 1028 0 626 1027 0 626 1027 0 609 1028 0 607 1029 0 626 1027 0 607 1029 0 451 1030 0 606 1031 0 451 1030 0 607 1029 0 606 1031 0 627 1032 0 451 1030 0 603 1033 0 627 1032 0 606 1031 0 627 1032 0 603 1033 0 602 1034 0 627 1032 0 602 1034 0 629 1035 0 602 1034 0 601 1036 0 629 1035 0 599 1037 0 629 1035 0 601 1036 0 629 1035 0 599 1037 0 450 1038 0 599 1037 0 780 1039 0 450 1038 0 598 1040 0 450 1038 0 780 1039 0 598 1040 0 631 1041 0 450 1038 0 631 1041 0 598 1040 0 594 1042 0 631 1041 0 594 1042 0 632 1043 0 591 1044 0 632 1043 0 594 1042 0 632 1043 0 591 1044 0 446 1045 0 591 1044 0 781 1046 0 446 1045 0 446 1045 0 781 1046 0 782 1047 0 446 1045 0 782 1047 0 445 1048 0 783 1049 0 445 1048 0 782 1047 0 783 1049 0 633 1050 0 445 1048 0 633 1050 0 783 1049 0 590 1051 0 633 1050 0 590 1051 0 634 1052 0 590 1051 0 589 1053 0 634 1052 0 785 1054 0 634 1052 0 589 1053 0 634 1052 0 785 1054 0 787 1055 0 634 1052 0 787 1055 0 442 1056 0 788 1057 0 442 1056 0 787 1055 0 788 1057 0 636 1058 0 442 1056 0 588 1059 0 636 1058 0 788 1057 0 636 1058 0 588 1059 0 441 1060 0 588 1059 0 789 1061 0 441 1060 0 441 1060 0 789 1061 0 794 1062 0 441 1060 0 794 1062 0 637 1063 0 587 1064 0 637 1063 0 794 1062 0 585 1065 0 637 1063 0 587 1064 0 637 1063 0 585 1065 0 440 1066 0 796 1067 0 440 1066 0 585 1065 0 582 1068 0 440 1066 0 796 1067 0 582 1068 0 639 1069 0 440 1066 0 581 1070 0 639 1069 0 582 1068 0 639 1069 0 581 1070 0 438 1071 0 581 1070 0 797 1072 0 438 1071 0 577 1073 0 438 1071 0 797 1072 0 438 1071 0 577 1073 0 437 1074 0 577 1073 0 798 1075 0 437 1074 0 799 740 0 437 1074 0 798 1075 0 74 447 0 133 447 0 36 447 0 641 740 0 437 1074 0 799 740 0 573 18 0 568 1076 0 502 18 0 502 18 0 568 1076 0 508 1077 0 508 1077 0 568 1076 0 367 1078 0 368 1079 0 508 1077 0 367 1078 0 368 1079 0 513 593 0 508 1077 0 513 593 0 368 1079 0 567 16 0 513 593 0 567 16 0 702 590 0 567 16 0 566 1080 0 702 590 0 702 590 0 566 1080 0 700 588 0 700 588 0 566 1080 0 562 1081 0 559 1082 0 700 588 0 562 1081 0 559 1082 0 514 1083 0 700 588 0 514 1083 0 559 1082 0 556 14 0 514 1083 0 556 14 0 515 582 0 556 14 0 369 1084 0 515 582 0 515 582 0 369 1084 0 553 1085 0 515 582 0 553 1085 0 699 579 0 374 1086 0 699 579 0 553 1085 0 699 579 0 374 1086 0 698 577 0 698 577 0 374 1086 0 552 12 0 698 577 0 552 12 0 697 1087 0 552 12 0 375 1088 0 697 1087 0 697 1087 0 375 1088 0 551 721 0 697 1087 0 551 721 0 519 571 0 379 1089 0 519 571 0 551 721 0 519 571 0 379 1089 0 521 568 0 521 568 0 379 1089 0 547 10 0 521 568 0 547 10 0 522 567 0 547 10 0 380 1090 0 522 567 0 522 567 0 380 1090 0 542 1091 0 541 1092 0 522 567 0 542 1091 0 541 1092 0 523 1093 0 522 567 0 523 1093 0 541 1092 0 540 9 0 523 1093 0 540 9 0 696 560 0 540 9 0 381 1094 0 696 560 0 696 560 0 381 1094 0 524 557 0 524 557 0 381 1094 0 382 1095 0 383 1096 0 524 557 0 382 1095 0 383 1096 0 525 556 0 524 557 0 525 556 0 383 1096 0 389 7 0 525 556 0 389 7 0 695 1097 0 389 7 0 391 1098 0 695 1097 0 695 1097 0 391 1098 0 694 549 0 694 549 0 391 1098 0 539 1099 0 392 1100 0 694 549 0 539 1099 0 392 1100 0 526 547 0 694 549 0 526 547 0 392 1100 0 394 5 0 526 547 0 394 5 0 527 545 0 394 5 0 395 1101 0 527 545 0 527 545 0 395 1101 0 535 1102 0 527 545 0 535 1102 0 693 1103 0 533 1104 0 693 1103 0 535 1102 0 693 1103 0 533 1104 0 690 539 0 690 539 0 533 1104 0 532 3 0 690 539 0 532 3 0 689 536 0 532 3 0 531 1105 0 689 536 0 689 536 0 531 1105 0 396 1106 0 689 536 0 396 1106 0 688 534 0 397 1107 0 688 534 0 396 1106 0 688 534 0 397 1107 0 686 532 0 686 532 0 397 1107 0 398 1 0 686 532 0 398 1 0 528 529 0 398 1 0 401 1108 0 528 529 0 528 529 0 401 1108 0 404 1109 0 530 526 0 528 529 0 404 1109 0 405 1110 0 530 526 0 404 1109 0 530 526 0 405 1110 0 641 0 0 641 0 0 405 1110 0 500 0 0 500 0 0 407 1111 0 641 0 0 641 0 0 407 1111 0 437 1112 0 437 1112 0 407 1111 0 408 1113 0 498 1114 0 437 1112 0 408 1113 0 498 1114 0 438 520 0 437 1112 0 438 520 0 498 1114 0 497 647 0 438 520 0 497 647 0 639 517 0 497 647 0 409 1115 0 639 517 0 639 517 0 409 1115 0 440 516 0 440 516 0 409 1115 0 410 1116 0 496 1117 0 440 516 0 410 1116 0 496 1117 0 637 1118 0 440 516 0 637 1118 0 496 1117 0 495 643 0 637 1118 0 495 643 0 441 509 0 495 643 0 494 1119 0 441 509 0 441 509 0 494 1119 0 493 1120 0 441 509 0 493 1120 0 636 507 0 491 1121 0 636 507 0 493 1120 0 636 507 0 491 1121 0 442 505 0 442 505 0 491 1121 0 411 637 0 442 505 0 411 637 0 634 1122 0 411 637 0 412 1123 0 634 1122 0 634 1122 0 412 1123 0 416 1124 0 634 1122 0 416 1124 0 633 499 0 488 1125 0 633 499 0 416 1124 0 633 499 0 488 1125 0 445 496 0 445 496 0 488 1125 0 417 632 0 445 496 0 417 632 0 446 494 0 417 632 0 420 1126 0 446 494 0 446 494 0 420 1126 0 421 1127 0 422 1128 0 446 494 0 421 1127 0 422 1128 0 632 1129 0 446 494 0 632 1129 0 422 1128 0 487 30 0 632 1129 0 487 30 0 631 488 0 487 30 0 486 1130 0 631 488 0 631 488 0 486 1130 0 450 485 0 450 485 0 486 1130 0 482 1131 0 480 1132 0 450 485 0 482 1131 0 480 1132 0 629 483 0 450 485 0 629 483 0 480 1132 0 479 621 0 629 483 0 479 621 0 627 1133 0 479 621 0 477 1134 0 627 1133 0 627 1133 0 477 1134 0 451 477 0 451 477 0 477 1134 0 474 1135 0 423 1136 0 451 477 0 474 1135 0 423 1136 0 626 474 0 451 477 0 626 474 0 423 1136 0 424 617 0 626 474 0 424 617 0 452 473 0 424 617 0 429 1137 0 452 473 0 452 473 0 429 1137 0 431 1138 0 452 473 0 431 1138 0 455 1139 0 473 1140 0 455 1139 0 431 1138 0 455 1139 0 473 1140 0 625 466 0 625 466 0 473 1140 0 432 611 0 625 466 0 432 611 0 624 463 0 432 611 0 433 1141 0 624 463 0 624 463 0 433 1141 0 434 1142 0 624 463 0 434 1142 0 456 461 0 472 1143 0 456 461 0 434 1142 0 456 461 0 472 1143 0 617 459 0 617 459 0 472 1143 0 469 606 0 617 459 0 469 606 0 457 456 0 469 606 0 467 1144 0 457 456 0 457 456 0 467 1144 0 461 1145 0 458 449 0 457 456 0 461 1145 0 459 1146 0 458 449 0 461 1145 0 458 449 0 459 1146 0 502 18 0 502 18 0 459 1146 0 573 18 0 500 447 0 405 447 0 407 447 0 407 447 0 405 447 0 408 447 0 408 447 0 405 447 0 404 447 0 408 447 0 404 447 0 498 447 0 498 447 0 404 447 0 401 447 0 498 447 0 401 447 0 497 447 0 497 447 0 401 447 0 398 447 0 497 447 0 398 447 0 409 447 0 409 447 0 398 447 0 397 447 0 409 447 0 397 447 0 410 447 0 410 447 0 397 447 0 396 447 0 410 447 0 396 447 0 496 447 0 496 447 0 396 447 0 531 447 0 496 447 0 531 447 0 495 447 0 495 447 0 531 447 0 532 447 0 495 447 0 532 447 0 533 447 0 495 447 0 533 447 0 494 447 0 494 447 0 533 447 0 493 447 0 493 447 0 533 447 0 535 447 0 493 447 0 535 447 0 491 447 0 491 447 0 535 447 0 395 447 0 491 447 0 395 447 0 411 447 0 411 447 0 395 447 0 394 447 0 411 447 0 394 447 0 392 447 0 411 447 0 392 447 0 325 447 0 325 447 0 392 447 0 326 447 0 326 447 0 392 447 0 328 447 0 328 447 0 392 447 0 331 447 0 331 447 0 392 447 0 539 447 0 331 447 0 539 447 0 248 447 0 248 447 0 539 447 0 247 447 0 247 447 0 539 447 0 244 447 0 244 447 0 539 447 0 391 447 0 244 447 0 391 447 0 242 447 0 242 447 0 391 447 0 239 447 0 239 447 0 391 447 0 389 447 0 239 447 0 389 447 0 332 447 0 332 447 0 389 447 0 238 447 0 238 447 0 389 447 0 383 447 0 238 447 0 383 447 0 237 447 0 237 447 0 383 447 0 382 447 0 237 447 0 382 447 0 337 447 0 337 447 0 382 447 0 381 447 0 337 447 0 381 447 0 236 447 0 236 447 0 381 447 0 235 447 0 235 447 0 381 447 0 540 447 0 235 447 0 540 447 0 230 447 0 230 447 0 540 447 0 227 447 0 227 447 0 540 447 0 541 447 0 227 447 0 541 447 0 226 447 0 226 447 0 541 447 0 223 447 0 223 447 0 541 447 0 542 447 0 223 447 0 542 447 0 343 447 0 343 447 0 542 447 0 380 447 0 343 447 0 380 447 0 347 447 0 347 447 0 380 447 0 547 447 0 347 447 0 547 447 0 218 447 0 218 447 0 547 447 0 216 447 0 216 447 0 547 447 0 379 447 0 216 447 0 379 447 0 215 447 0 215 447 0 379 447 0 351 447 0 351 447 0 379 447 0 212 447 0 212 447 0 379 447 0 551 447 0 212 447 0 551 447 0 353 447 0 353 447 0 551 447 0 375 447 0 353 447 0 375 447 0 209 447 0 209 447 0 375 447 0 208 447 0 208 447 0 375 447 0 356 447 0 356 447 0 375 447 0 206 447 0 206 447 0 375 447 0 552 447 0 206 447 0 552 447 0 205 447 0 205 447 0 552 447 0 173 447 0 412 447 0 411 447 0 325 447 0 412 447 0 325 447 0 321 447 0 412 447 0 321 447 0 320 447 0 412 447 0 320 447 0 319 447 0 412 447 0 319 447 0 416 447 0 416 447 0 319 447 0 314 447 0 416 447 0 314 447 0 138 447 0 416 447 0 138 447 0 139 447 0 416 447 0 139 447 0 140 447 0 416 447 0 140 447 0 488 447 0 488 447 0 140 447 0 141 447 0 488 447 0 141 447 0 417 447 0 417 447 0 141 447 0 313 447 0 417 447 0 313 447 0 142 447 0 417 447 0 142 447 0 146 447 0 417 447 0 146 447 0 420 447 0 420 447 0 146 447 0 309 447 0 420 447 0 309 447 0 153 447 0 420 447 0 153 447 0 421 447 0 421 447 0 153 447 0 308 447 0 421 447 0 308 447 0 422 447 0 422 447 0 308 447 0 304 447 0 422 447 0 304 447 0 487 447 0 487 447 0 304 447 0 155 447 0 487 447 0 155 447 0 156 447 0 487 447 0 156 447 0 486 447 0 486 447 0 156 447 0 301 447 0 486 447 0 301 447 0 295 447 0 486 447 0 295 447 0 482 447 0 482 447 0 295 447 0 160 447 0 482 447 0 160 447 0 161 447 0 482 447 0 161 447 0 480 447 0 480 447 0 161 447 0 290 447 0 480 447 0 290 447 0 479 447 0 479 447 0 290 447 0 162 447 0 479 447 0 162 447 0 477 447 0 477 447 0 162 447 0 288 447 0 477 447 0 288 447 0 164 447 0 477 447 0 164 447 0 474 447 0 474 447 0 164 447 0 284 447 0 474 447 0 284 447 0 283 447 0 474 447 0 283 447 0 423 447 0 423 447 0 283 447 0 167 447 0 423 447 0 167 447 0 280 447 0 423 447 0 280 447 0 169 447 0 423 447 0 169 447 0 424 447 0 424 447 0 169 447 0 172 447 0 424 447 0 172 447 0 173 447 0 424 447 0 173 447 0 552 447 0 424 447 0 552 447 0 374 447 0 424 447 0 374 447 0 429 447 0 429 447 0 374 447 0 431 447 0 431 447 0 374 447 0 553 447 0 431 447 0 553 447 0 473 447 0 473 447 0 553 447 0 369 447 0 473 447 0 369 447 0 432 447 0 432 447 0 369 447 0 556 447 0 432 447 0 556 447 0 559 447 0 432 447 0 559 447 0 433 447 0 433 447 0 559 447 0 434 447 0 434 447 0 559 447 0 562 447 0 434 447 0 562 447 0 472 447 0 472 447 0 562 447 0 566 447 0 472 447 0 566 447 0 469 447 0 469 447 0 566 447 0 567 447 0 469 447 0 567 447 0 467 447 0 467 447 0 567 447 0 368 447 0 467 447 0 368 447 0 461 447 0 461 447 0 368 447 0 367 447 0 461 447 0 367 447 0 459 447 0 459 447 0 367 447 0 568 447 0 459 447 0 568 447 0 573 447 0 277 1005 0 276 1003 0 173 1005 0 173 1005 0 276 1003 0 205 1004 0 205 1004 0 276 1003 0 206 1002 0 273 1000 0 206 1002 0 276 1003 0 206 1002 0 273 1000 0 356 1001 0 356 1001 0 273 1000 0 98 998 0 356 1001 0 98 998 0 208 999 0 208 999 0 98 998 0 209 997 0 272 995 0 209 997 0 98 998 0 272 995 0 353 1147 0 209 997 0 353 1147 0 272 995 0 271 992 0 353 1147 0 271 992 0 212 1148 0 270 989 0 212 1148 0 271 992 0 212 1148 0 270 989 0 351 988 0 351 988 0 270 989 0 99 987 0 215 986 0 351 988 0 99 987 0 101 985 0 215 986 0 99 987 0 215 986 0 101 985 0 216 984 0 216 984 0 101 985 0 102 981 0 216 984 0 102 981 0 218 983 0 103 979 0 218 983 0 102 981 0 103 979 0 347 1149 0 218 983 0 347 1149 0 103 979 0 343 1150 0 343 1150 0 103 979 0 264 977 0 343 1150 0 264 977 0 223 1151 0 104 974 0 223 1151 0 264 977 0 223 1151 0 104 974 0 226 973 0 105 972 0 226 973 0 104 974 0 226 973 0 105 972 0 227 971 0 227 971 0 105 972 0 263 970 0 227 971 0 263 970 0 230 969 0 235 968 0 230 969 0 263 970 0 262 967 0 235 968 0 263 970 0 235 968 0 262 967 0 236 966 0 236 966 0 262 967 0 107 964 0 236 966 0 107 964 0 337 965 0 237 1152 0 337 965 0 107 964 0 261 961 0 237 1152 0 107 964 0 237 1152 0 261 961 0 238 1153 0 238 1153 0 261 961 0 259 959 0 108 956 0 238 1153 0 259 959 0 238 1153 0 108 956 0 332 955 0 332 955 0 108 956 0 255 954 0 332 955 0 255 954 0 239 953 0 109 952 0 239 953 0 255 954 0 239 953 0 109 952 0 242 951 0 242 951 0 109 952 0 113 949 0 242 951 0 113 949 0 244 950 0 247 948 0 244 950 0 113 949 0 253 946 0 247 948 0 113 949 0 247 948 0 253 946 0 248 947 0 248 947 0 253 946 0 331 1154 0 331 1154 0 253 946 0 114 943 0 252 941 0 331 1154 0 114 943 0 252 941 0 328 1155 0 331 1154 0 328 1155 0 252 941 0 250 938 0 328 1155 0 250 938 0 326 937 0 115 936 0 326 937 0 250 938 0 326 937 0 115 936 0 325 740 0 325 740 0 115 936 0 200 740 0 200 740 0 199 1074 0 325 740 0 325 740 0 199 1074 0 321 1075 0 321 1075 0 199 1074 0 320 1073 0 39 1071 0 320 1073 0 199 1074 0 320 1073 0 39 1071 0 319 1072 0 319 1072 0 39 1071 0 46 1069 0 319 1072 0 46 1069 0 314 1070 0 314 1070 0 46 1069 0 138 1068 0 47 1066 0 138 1068 0 46 1069 0 47 1066 0 139 1156 0 138 1068 0 139 1156 0 47 1066 0 52 1063 0 139 1156 0 52 1063 0 140 1157 0 198 1060 0 140 1157 0 52 1063 0 140 1157 0 198 1060 0 141 1059 0 141 1059 0 198 1060 0 57 1058 0 313 1057 0 141 1059 0 57 1058 0 197 1056 0 313 1057 0 57 1058 0 313 1057 0 197 1056 0 142 1055 0 142 1055 0 197 1056 0 195 1052 0 142 1055 0 195 1052 0 146 1054 0 194 1050 0 146 1054 0 195 1052 0 194 1050 0 309 1158 0 146 1054 0 309 1158 0 194 1050 0 153 1159 0 153 1159 0 194 1050 0 193 1048 0 153 1159 0 193 1048 0 308 1160 0 58 1045 0 308 1160 0 193 1048 0 308 1160 0 58 1045 0 304 1044 0 59 1043 0 304 1044 0 58 1045 0 304 1044 0 59 1043 0 155 1042 0 155 1042 0 59 1043 0 191 1041 0 155 1042 0 191 1041 0 156 1040 0 301 1039 0 156 1040 0 191 1041 0 190 1038 0 301 1039 0 191 1041 0 301 1039 0 190 1038 0 295 1037 0 295 1037 0 190 1038 0 189 1035 0 295 1037 0 189 1035 0 160 1036 0 161 1161 0 160 1036 0 189 1035 0 60 1032 0 161 1161 0 189 1035 0 161 1161 0 60 1032 0 290 1162 0 290 1162 0 60 1032 0 186 1030 0 185 1027 0 290 1162 0 186 1030 0 290 1162 0 185 1027 0 162 1026 0 162 1026 0 185 1027 0 63 1025 0 162 1026 0 63 1025 0 288 1024 0 183 1023 0 288 1024 0 63 1025 0 288 1024 0 183 1023 0 164 1022 0 164 1022 0 183 1023 0 177 1020 0 164 1022 0 177 1020 0 284 1021 0 283 1019 0 284 1021 0 177 1020 0 65 1017 0 283 1019 0 177 1020 0 283 1019 0 65 1017 0 167 1018 0 167 1018 0 65 1017 0 280 1163 0 280 1163 0 65 1017 0 66 1014 0 68 1012 0 280 1163 0 66 1014 0 68 1012 0 169 1164 0 280 1163 0 169 1164 0 68 1012 0 176 1009 0 169 1164 0 176 1009 0 172 1008 0 174 1007 0 172 1008 0 176 1009 0 172 1008 0 174 1007 0 173 1005 0 173 1005 0 174 1007 0 277 1005 0 135 18 0 134 698 0 277 18 0 277 18 0 134 698 0 276 1077 0 273 593 0 276 1077 0 134 698 0 133 16 0 273 593 0 134 698 0 273 593 0 133 16 0 98 590 0 272 588 0 98 590 0 133 16 0 2 689 0 272 588 0 133 16 0 272 588 0 2 689 0 271 1083 0 271 1083 0 2 689 0 129 14 0 271 1083 0 129 14 0 270 582 0 129 14 0 128 696 0 270 582 0 270 582 0 128 696 0 99 579 0 3 12 0 99 579 0 128 696 0 3 12 0 101 577 0 99 579 0 101 577 0 3 12 0 102 1087 0 127 680 0 102 1087 0 3 12 0 127 680 0 103 571 0 102 1087 0 103 571 0 127 680 0 4 10 0 103 571 0 4 10 0 264 568 0 264 568 0 4 10 0 104 567 0 4 10 0 5 564 0 104 567 0 104 567 0 5 564 0 105 1093 0 7 9 0 105 1093 0 5 564 0 105 1093 0 7 9 0 263 560 0 262 557 0 263 560 0 7 9 0 11 719 0 262 557 0 7 9 0 262 557 0 11 719 0 107 556 0 107 556 0 11 719 0 13 7 0 107 556 0 13 7 0 261 1097 0 13 7 0 125 667 0 261 1097 0 261 1097 0 125 667 0 259 549 0 108 547 0 259 549 0 125 667 0 15 5 0 108 547 0 125 667 0 108 547 0 15 5 0 255 545 0 18 715 0 255 545 0 15 5 0 18 715 0 109 1103 0 255 545 0 109 1103 0 18 715 0 123 3 0 109 1103 0 123 3 0 113 539 0 113 539 0 123 3 0 253 536 0 123 3 0 23 658 0 253 536 0 253 536 0 23 658 0 114 534 0 26 1 0 114 534 0 23 658 0 26 1 0 252 532 0 114 534 0 252 532 0 26 1 0 250 529 0 119 712 0 250 529 0 26 1 0 119 712 0 115 526 0 250 529 0 115 526 0 119 712 0 118 0 0 115 526 0 118 0 0 200 0 0 118 0 0 27 710 0 200 0 0 200 0 0 27 710 0 199 1112 0 39 520 0 199 1112 0 27 710 0 95 647 0 39 520 0 27 710 0 39 520 0 95 647 0 46 517 0 47 516 0 46 517 0 95 647 0 93 645 0 47 516 0 95 647 0 47 516 0 93 645 0 52 1118 0 52 1118 0 93 645 0 91 643 0 52 1118 0 91 643 0 198 509 0 91 643 0 28 707 0 198 509 0 198 509 0 28 707 0 57 507 0 90 637 0 57 507 0 28 707 0 90 637 0 197 505 0 57 507 0 197 505 0 90 637 0 195 1122 0 89 634 0 195 1122 0 90 637 0 89 634 0 194 499 0 195 1122 0 194 499 0 89 634 0 29 632 0 194 499 0 29 632 0 193 496 0 193 496 0 29 632 0 58 494 0 29 632 0 31 492 0 58 494 0 58 494 0 31 492 0 59 1129 0 32 30 0 59 1129 0 31 492 0 59 1129 0 32 30 0 191 488 0 190 485 0 191 488 0 32 30 0 87 705 0 190 485 0 32 30 0 190 485 0 87 705 0 189 483 0 189 483 0 87 705 0 82 621 0 189 483 0 82 621 0 60 1133 0 82 621 0 33 619 0 60 1133 0 60 1133 0 33 619 0 186 477 0 185 474 0 186 477 0 33 619 0 78 617 0 185 474 0 33 619 0 185 474 0 78 617 0 63 473 0 34 702 0 63 473 0 78 617 0 34 702 0 183 1139 0 63 473 0 183 1139 0 34 702 0 35 611 0 183 1139 0 35 611 0 177 466 0 177 466 0 35 611 0 65 463 0 35 611 0 74 608 0 65 463 0 65 463 0 74 608 0 66 461 0 36 606 0 66 461 0 74 608 0 36 606 0 68 459 0 66 461 0 68 459 0 36 606 0 176 456 0 72 700 0 176 456 0 36 606 0 72 700 0 174 449 0 176 456 0 174 449 0 72 700 0 135 18 0 174 449 0 135 18 0 277 18 0 27 447 0 118 447 0 119 447 0 27 447 0 119 447 0 26 447 0 27 447 0 26 447 0 95 447 0 95 447 0 26 447 0 93 447 0 93 447 0 26 447 0 23 447 0 93 447 0 23 447 0 123 447 0 93 447 0 123 447 0 91 447 0 91 447 0 123 447 0 18 447 0 91 447 0 18 447 0 28 447 0 28 447 0 18 447 0 15 447 0 28 447 0 15 447 0 90 447 0 90 447 0 15 447 0 125 447 0 90 447 0 125 447 0 89 447 0 89 447 0 125 447 0 13 447 0 89 447 0 13 447 0 29 447 0 29 447 0 13 447 0 11 447 0 29 447 0 11 447 0 31 447 0 31 447 0 11 447 0 7 447 0 31 447 0 7 447 0 32 447 0 32 447 0 7 447 0 5 447 0 32 447 0 5 447 0 87 447 0 87 447 0 5 447 0 4 447 0 87 447 0 4 447 0 82 447 0 82 447 0 4 447 0 127 447 0 82 447 0 127 447 0 33 447 0 33 447 0 127 447 0 3 447 0 33 447 0 3 447 0 78 447 0 78 447 0 3 447 0 128 447 0 78 447 0 128 447 0 34 447 0 34 447 0 128 447 0 129 447 0 34 447 0 129 447 0 35 447 0 35 447 0 129 447 0 2 447 0 35 447 0 2 447 0 74 447 0 74 447 0 2 447 0 133 447 0</p>
				</polylist>
			</mesh>
		</geometry>
	</library_geometries>
	<library_visual_scenes>
		<visual_scene id="ID1">
			<node id="ID2" name="末端_-_摆正.STEP">
				<translate sid="translate">0 0 -0</translate>
				<rotate sid="rotateY">0 1 0 -0</rotate>
				<rotate sid="rotateX">1 0 0 0</rotate>
				<rotate sid="rotateZ">0 0 1 -0</rotate>
				<scale sid="scale">1 1 1</scale>
				<node id="ID3" name="NONE">
					<translate sid="translate">0 0 -0</translate>
					<rotate sid="rotateY">0 1 0 -0</rotate>
					<rotate sid="rotateX">1 0 0 0</rotate>
					<rotate sid="rotateZ">0 0 1 -0</rotate>
					<scale sid="scale">1 1 1</scale>
					<instance_geometry url="#ID4"/>
				</node>
			</node>
		</visual_scene>
	</library_visual_scenes>
	<scene>
		<instance_visual_scene url="#ID1"/>
	</scene>
</COLLADA>
