<?xml version="1.0" encoding="UTF-8"?>
<COLLADA xmlns="http://www.collada.org/2008/03/COLLADASchema" version="1.5.0">
	<asset>
		<contributor>
			<authoring_tool>Cinema 4D 2023.103 COLLADA Exporter</authoring_tool>
		</contributor>
		<created>2025-07-30T06:10:00Z</created>
		<modified>2025-07-30T06:10:00Z</modified>
		<unit meter="0.01" name="centimeter"/>
		<up_axis>Y_UP</up_axis>
	</asset>
	<library_geometries>
		<geometry id="ID4">
			<mesh>
				<source id="ID5">
					<float_array id="ID6" count="4254" digits="2490374">-6.01032 4.53292 2.87464 -0.110604 -3.45003 -0.0144331 -5.30843 0.635435 -0.313738 -6.01032 5.36086 2.45278 -5.31032 0.872092 -1.16484 -5.23685 1.07232 -1.54181 -5.14112 1.33343 -1.89781 -1.43508 1.41902 -6.835 -4.85881 2.10305 -2.54098 -4.74776 2.40589 -2.69554 -1.70614 1.07585 -6.835 -1.96935 0.419253 -6.835 -4.42391 3.28913 -2.93221 -4.30453 3.61513 -2.95002 -4.18382 3.94434 -2.93186 -4.06442 4.27001 -2.87764 -1.97928 -0.337428 -6.835 -1.83604 -0.802037 -6.835 -3.59671 5.5458 -2.24626 -3.47308 5.88285 -1.9141 -3.36846 6.16821 -1.52531 -1.7277 -1.01033 -6.835 -0.948201 -1.75148 -6.835 -3.22715 6.55362 -0.55444 -3.20644 6.60997 -0.125716 0.252645 -1.96747 -6.835 0.409104 -1.94032 -6.835 -2.15121 6.50463 -1.59924e-06 0.938371 -1.74538 -6.835 1.2562 -1.53253 -6.835 -1.31434 6.17077 -0.295369 -1.34452 6.12762 -0.585199 1.42262 -1.37984 -6.835 1.59141 -1.18223 -6.835 1.74733 -0.938677 -6.835 1.87487 -0.652005 -6.835 1.98194 -0.157687 -6.835 1.9551 0.384037 -6.835 1.83852 0.777237 -6.835 -2.81747 4.02416 -2.88715 1.49269 1.33429 -6.835 0.941142 1.77417 -6.835 0.477636 1.95463 -6.835 -3.45711 3.11076 -2.92627 -0.449817 1.9663 -6.835 -0.662263 -3.40698 -0.0292892 -4.30213 1.90401 -2.45106 -1.30019 -3.21801 -0.0292892 -1.89034 -2.91079 -0.0292892 -4.91525 1.02828 -1.50156 -2.41102 -2.49661 -0.0292892 -6.01032 5.71524 2.15011 -5.20456 0.615137 -0.174523 -6.01032 6.01791 1.79572 -5.07216 0.844377 -1.12745 -4.9522 1.13195 -1.65068 -4.79343 1.51243 -2.10219 -4.60318 1.96808 -2.46628 -4.38931 2.47998 -2.73313 -4.15979 3.02908 -2.89544 -3.92244 3.59675 -2.95003 -3.68511 4.16441 -2.89544 -3.45558 4.71353 -2.73312 -3.24172 5.22541 -2.46629 -3.05146 5.68105 -2.10219 -2.89269 6.06154 -1.65068 -2.77273 6.34911 -1.12745 -2.69997 6.52355 -0.576665 -4.05326 2.43166 -2.73226 -3.80267 2.97727 -2.8952 -3.54341 3.54154 -2.95004 -3.28415 4.10578 -2.8952 -3.03356 4.65141 -2.73225 -2.80031 5.15968 -2.46462 -2.59308 5.61172 -2.0998 -2.42041 5.98883 -1.64804 -2.29014 6.27364 -1.12514 -2.2112 6.44634 -0.575269 -2.89843 4.00693 -2.89496 -2.63139 4.54579 -2.73138 -2.38307 5.0474 -2.46294 -2.16276 5.49308 -2.09741 -1.97946 5.86451 -1.64539 -1.8414 6.14476 -1.12283 -1.75787 6.3146 -0.573872 -5.31032 0.872082 1.26481 -5.31032 0.86775 1.25498 -5.30994 0.75373 0.952574 -5.30909 0.675024 0.65257 -5.30836 0.628289 0.350667 -0.110604 -3.49613 -0.0789705 -0.110604 -3.49829 -0.1 -0.908606 -3.38004 -0.100004 -1.45565 -3.18298 -0.100007 -1.96252 -2.89807 -0.10001 -2.4744 -2.4754 -0.100013 -2.73985 -2.17795 -0.100015 -2.86712 -2.00752 -0.100016 -2.85988 -2.00244 -0.0588912 -2.65874 -2.11929 4.76256e-15 -5.08873 0.874804 1.2912 -1.02027 -3.24335 4.52742e-15 -4.87815 1.18809 1.83591 7.10543e-16 -3.40004 4.38199e-15 2.11261e-14 -3.45004 -0.0133975 -4.3989 1.89792 2.53747 -6.01032 6.26142 1.39835 -3.9397 2.57411 2.88899 -0.110604 -3.49829 -0.5 -0.110604 -3.47691 -0.0382551 0.0893958 -3.45004 -0.5 -0.072532 -3.49929 -0.57854 -0.103056 -3.49852 -0.5381 -0.110604 -3.45004 -0.5 -0.10571 -3.45004 -0.530902 -0.0813149 -3.45004 -0.570711 -1.69976 5.82124 1.65453 -1.59172 5.97585 1.3459 -1.50111 6.10536 0.989997 -0.0415059 -3.45004 -0.595106 0.00503923 -3.45004 -0.598769 0.0481743 -3.45004 -0.580902 0.0784964 -3.45004 -0.545399 -6.01032 6.43977 0.96778 3.19414 1.3979 -0.05 3.40696 0.741142 -0.05 3.4862 0.0553147 -0.05 3.42876 -0.632666 -0.05 -3.21203 6.59469 0.399508 -3.23434 6.53385 0.743662 3.23688 -1.29586 -0.05 -3.31025 6.32681 1.3333 -3.37621 6.14692 1.6593 -3.48517 5.84976 2.05169 -3.61475 5.49637 2.38689 -3.76101 5.09747 2.65812 2.91811 -1.90823 -0.05 -4.08758 4.20684 2.99104 -4.26004 3.73648 3.04756 -4.30453 3.61513 3.05002 2.48491 -2.44579 -0.05 1.95429 -2.88746 -0.05 -4.78473 2.30551 2.74905 1.34705 -3.21592 -0.05 0.686998 -3.41829 -0.05 3.16061 1.38322 -0.0133974 -6.01032 6.54857 -0.41461 -2.69764 6.52863 0.652312 -2.77254 6.34909 1.22745 -2.8925 6.06152 1.75067 -3.05128 5.68104 2.20219 -3.24154 5.2254 2.56628 -3.45541 4.71351 2.83312 -3.68495 4.1644 2.99544 -3.9223 3.59673 3.05003 -4.15965 3.02907 2.99544 -4.38918 2.47996 2.83312 -4.60306 1.96807 2.56628 -4.79331 1.51243 2.20219 -4.9521 1.13194 1.75068 -2.20876 6.45135 0.650966 -2.29001 6.27361 1.22514 -2.42027 5.98881 1.74803 -2.59296 5.61169 2.1998 -2.80018 5.15966 2.56461 -3.03344 4.65138 2.83225 -3.28404 4.10576 2.9952 -3.5433 3.54151 3.05004 -3.80257 2.97726 2.9952 -4.05317 2.43164 2.83226 -1.75535 6.31953 0.649619 -1.84132 6.14473 1.22282 -1.97938 5.86449 1.74538 -2.16268 5.49305 2.19741 -2.38299 5.04738 2.56294 -2.63131 4.54577 2.83139 3.37119 0.733361 -0.0133974 3.4496 0.054734 -0.0133974 3.39277 -0.626024 -0.0133974 3.2029 -1.28225 -0.0133974 2.88747 -1.88819 -0.0133974 -5.34032 1.20724 -1.68866 -5.34032 1.42718 -1.95842 -5.34032 1.67717 -2.2006 -5.34032 1.95378 -2.41187 -5.34032 2.25321 -2.58933 -5.34032 2.57134 -2.73054 2.45882 -2.42012 -0.0133974 -5.34032 3.25685 -2.89831 -5.34032 3.61513 -2.92 1.93378 -2.85714 -0.0133974 -5.31032 3.18593 -2.91914 -5.31032 2.76555 -2.82719 -5.31031 2.41612 -2.69998 -5.31031 2.0851 -2.53051 -5.31031 1.7776 -2.32139 1.3329 -3.18216 -0.0133974 0.679786 -3.3824 -0.0133974 -6.01032 6.43977 -0.86778 -5.30927 0.688032 -0.612095 0.23147 -3.39215 4.34907e-15 -5.30808 0.613312 4.13605e-15 -5.30807 0.612886 0.05 0.432499 -3.37242 4.32051e-15 0.779309 -3.30952 4.27129e-15 1.03385 -3.23905 4.2352e-15 1.75644 -2.91122 4.133e-15 1.98872 -2.75777 4.10023e-15 2.33821 -2.46841 4.05104e-15 2.95023 -1.69011 3.96538e-15 3.39981 -0.0394823 3.90442e-15 3.00816 1.58468 3.96309e-15 3.0141 1.77918 -0.1 3.41355 0.773251 -0.1 -5.31032 3.19954 3.02107 3.48027 0.371472 -0.1 3.49986 -0.0353368 -0.1 3.45231 -0.576052 -0.1 3.2262 -1.35717 -0.1 -5.34032 2.4836 2.796 -5.34032 2.17011 2.64477 -5.34032 1.87647 2.45789 -5.34032 1.60671 2.23795 -5.34032 1.36453 1.98796 3.0467 -1.72276 -0.1 -5.34032 0.975807 1.41193 -5.34032 0.834598 1.0938 -5.34032 0.731577 0.761334 -5.34032 0.666824 0.408284 -6.01032 4.53292 -2.77464 2.82594 -2.06502 -0.1 -5.31031 1.14289 -1.64943 -5.31031 1.49833 -2.07583 2.47267 -2.47713 -0.1 2.05993 -2.82966 -0.1 1.83431 -2.98087 -0.1 0.599595 -3.4483 -0.1 0.0893958 -3.4989 -0.1 -5.31032 3.61513 -2.95 0.0893958 -3.49765 -0.0842828 0.0893937 -3.4818 -0.0440812 -4.52278 3.01937 -2.89023 -4.67312 2.6097 -2.77657 0.0893964 -3.45006 -0.01409 -6.01032 4.07974 -2.88343 -5.00921 1.69312 -2.2535 -0.83856 5.80432 -8.02573e-07 1.19342 4.10592 6.53774e-15 -1.28339 6.04786 0.274551 1.61741 3.58666 9.23741e-15 2.01497 3.04722 8.30499e-15 -5.31032 3.94655 -2.93164 -5.31032 4.2739 -2.87678 -5.31032 4.73012 -2.73511 -5.31032 5.15806 -2.52282 -5.31032 5.54688 -2.24529 3.18328 1.19458 3.93747e-15 3.27233 0.923113 3.92431e-15 -5.31032 6.38645 -1.09883 -5.31032 6.53367 -0.644379 3.37082 0.444828 3.90943e-15 3.38071 -0.36201 3.90655e-15 -4.84032 6.61347 -0.05 3.35605 -0.545169 3.90973e-15 3.31565 -0.752819 3.9151e-15 -4.74032 6.61513 0.05 3.25357 -0.987186 3.92351e-15 3.1619 -1.25005 3.93607e-15 -4.84032 6.61347 0.15 2.67963 -2.09281 4.00315e-15 2.46888 -2.33771 4.03269e-15 -5.31032 6.51833 0.805962 2.18019 -2.60904 4.07326e-15 -5.31032 6.13509 1.67783 1.40393 -3.09665 4.18281e-15 -0.516886 -3.36052 4.4556e-15 -1.34401 -3.12313 4.5737e-15 -5.31032 4.67095 2.85807 -1.52355 -3.03959 4.59939e-15 -1.93958 -2.79255 4.65903e-15 -5.31032 3.61513 3.05 -2.31501 -2.49018 4.71299e-15 -2.54001 -2.26023 4.74541e-15 -2.78518 -1.95014 -3.86732e-09 -3.91994 4.66402 2.86074 -3.08274 -1.43799 -3.05319e-08 -3.56174 -0.4852 -1.49489e-08 -3.81739 -0.0885775 -1.32629e-08 -4.13626 0.264995 -2.02029e-09 -4.32392 0.411491 -1.78711e-10 -3.25935 6.46564 0.985224 -1.60575 1.61494 -6.81123 -1.86494 1.2962 -6.81146 -2.11327 0.799352 -6.81197 -2.23155 0.264027 -6.81278 -2.23151 -0.165913 -6.81349 -2.15833 -0.560173 -6.81393 -3.24644 6.50097 -0.769741 -3.28733 6.38935 -1.09187 -2.0351 -0.896257 -6.81418 -1.87204 -1.19165 -6.81414 -1.68347 -1.44045 -6.81395 -3.73655 5.16455 -2.51882 -3.89571 4.73027 -2.73511 -1.46842 -1.65541 -6.81363 -1.27275 -1.80826 -6.81325 -1.26845 6.08595 0.27401 -3.20469 6.61472 4.1262e-09 -3.20453 6.61513 0.05 -2.68847 6.59134 0.05 -2.21134 6.51845 0.05 -1.74015 6.38414 0.05 -1.06822 -1.93525 -6.81286 -1.3021 6.18835 -9.78009e-07 -1.71235 6.37345 -1.54563e-06 -0.789266 -2.06559 -6.81217 -2.65601 6.58765 -1.08968e-06 -1.26815 6.12904 0.263268 -0.494766 -2.15573 -6.81154 2.61078 2.3375 -5.75 2.32757 2.63019 -5.75001 -0.190492 -2.20381 -6.81099 0.117564 -2.20904 -6.81051 0.423373 -2.17127 -6.81013 0.244792 3.57172 -5.74997 0.720978 -2.09136 -6.80985 1.00462 -1.9708 -6.80968 -0.933568 3.5378 -5.75 -1.78144 1.83935 -6.7438 -1.65069 3.35295 -5.75005 -1.88043 3.25515 -5.75 -2.04797 1.51209 -6.74461 -2.31139 0.9983 -6.74637 -2.44823 0.444749 -6.74914 -2.19524 3.13549 -4.27274 -2.23018 3.18525 -4.00177 -2.46594 -0.0033651 -6.75156 -2.3793 3.39845 -3.42918 -2.41173 -0.425542 -6.75308 -2.30408 -0.79353 -6.75393 -2.66456 3.80638 -2.97237 -2.15204 -1.12809 -6.75381 -2.5052 4.47015 -2.74205 -2.20668 4.89651 -2.50872 -1.95636 5.25392 -2.2205 -1.74186 5.56033 -1.87549 -1.56896 5.80713 -1.48927 -1.46747 5.95214 -1.17964 -1.3852 6.06961 -0.832293 -1.96806 -1.418 -6.75314 -1.75076 -1.67624 -6.75204 -1.54666 -1.86709 -6.75075 -1.32751 -2.03194 -6.74939 -1.01628 -2.21344 -6.74703 -0.679792 -2.34635 -6.74488 -0.937333 5.98094 -0.0818354 -0.325788 -2.42701 -6.74297 0.0374259 -2.45327 -6.74135 -0.208926 5.50702 -0.102238 0.401291 -2.42416 -6.74004 0.757206 -2.34025 -6.73908 1.09678 -2.20329 -6.7385 1.91995 3.3493 -0.102367 -1.95074 2.07824 -6.63857 -2.2153 1.75588 -6.64008 2.55158 2.45878 -0.100578 -2.48932 1.24386 -6.64338 2.86706 2.00754 -0.356568 2.86706 2.00755 -0.651759 2.86705 2.00755 -0.980057 2.86705 2.00756 -1.33594 2.86703 2.00759 -2.92501 2.86702 2.0076 -4.51408 -6.01032 1.21235 -1.69572 2.02316 3.20384 -0.198142 2.10894 3.07944 -0.382395 2.19144 2.96097 -0.559555 2.27416 2.8432 -0.73715 2.36583 2.71366 -0.933916 2.45762 2.58453 -1.13092 2.55825 2.44324 -1.34688 2.65887 2.30196 -1.56285 1.12949 4.32287 -0.195076 1.39507 3.98645 -0.763675 1.48287 3.8686 -0.951919 1.57037 3.7497 -1.13954 1.65413 3.63529 -1.31919 1.73788 3.52083 -1.49881 1.83056 3.39456 -1.69758 1.92339 3.26879 -1.89665 2.02533 3.13173 -2.1152 2.12753 2.99551 -2.33426 2.47178 2.54264 -3.07191 2.81385 2.08276 -3.80528 0.70207 4.72264 -0.695949 0.971318 4.39802 -1.27177 1.06031 4.28398 -1.46236 1.14889 4.16857 -1.65211 1.23358 4.05714 -1.83359 1.31818 3.94542 -2.01489 1.41174 3.82197 -2.21539 1.50545 3.69904 -2.41619 1.60844 3.56534 -2.6368 1.71185 3.43303 -2.85825 2.0626 3.00109 -3.60872 2.41719 2.58147 -4.36675 2.70386 2.22894 -4.98011 -0.223568 5.51635 -0.139155 -0.0273533 5.34162 -0.556438 0.249857 5.04262 -1.14795 0.518824 4.7171 -1.72322 0.60824 4.60442 -1.91464 0.697376 4.49081 -2.1055 0.782684 4.38137 -2.2882 0.86794 4.27177 -2.47079 0.962268 4.15078 -2.6728 1.05679 4.03044 -2.87518 1.16074 3.89985 -3.0977 1.26527 3.77112 -3.32135 1.62188 3.35805 -4.08338 1.98802 2.9756 -4.86417 2.29039 2.67356 -5.50845 -0.542921 5.70818 -0.432526 -0.352205 5.51576 -0.838972 -0.0803906 5.1994 -1.41986 0.186626 4.8676 -1.99128 0.275999 4.75479 -2.18261 0.365303 4.64172 -2.37381 0.450919 4.53327 -2.55711 0.536584 4.42498 -2.7405 0.631448 4.30572 -2.94357 0.726579 4.18735 -3.14716 0.831287 4.05919 -3.37117 0.936685 3.93326 -3.59653 1.29763 3.53413 -4.3671 1.67153 3.17664 -5.16318 -1.06962 6.0389 -0.286682 -0.877247 5.85184 -0.696391 -0.693952 5.63555 -1.08821 -0.429785 5.29458 -1.65403 -0.165982 4.95244 -2.21912 -0.0768427 4.83887 -2.40999 0.0125429 4.72607 -2.60135 0.0984664 4.61861 -2.78525 0.184617 4.51188 -2.96961 0.280179 4.39487 -3.17405 0.376152 4.2792 -3.3793 0.481937 4.15451 -3.60543 0.588585 4.0326 -3.83326 0.955322 3.6521 -4.61523 1.33828 3.32376 -5.42917 -1.21837 5.94824 -0.927646 -1.04462 5.70123 -1.30066 -0.791123 5.32594 -1.84545 -0.532479 4.96721 -2.40038 -0.443897 4.85184 -2.59015 -0.354597 4.73876 -2.78134 -0.268388 4.63222 -2.96581 -0.181655 4.52737 -3.15131 -0.0851483 4.41339 -3.35761 0.0120517 4.30167 -3.56528 0.119486 4.18229 -3.79466 0.228085 4.06666 -4.02633 0.603439 3.71389 -4.82529 0.997986 3.42284 -5.66207 -1.40612 5.73209 -1.49177 -1.16933 5.30304 -2.00364 -0.919961 4.91445 -2.54028 -0.832718 4.79478 -2.72742 -0.744012 4.67979 -2.91743 -0.657767 4.57337 -3.10197 -0.570464 4.47035 -3.2886 -0.472751 4.36025 -3.49728 -0.373769 4.25427 -3.70846 -0.26377 4.14314 -3.94289 -0.152041 4.03757 -4.18073 0.236661 3.72775 -5.00599 -1.52505 5.24975 -2.12839 -1.29099 4.81191 -2.63487 -1.20644 4.68357 -2.8167 -1.11933 4.56342 -3.00355 -1.03371 4.45501 -3.18688 -0.94619 4.35268 -3.37392 -0.847265 4.24648 -3.58499 -0.746061 4.14765 -3.80055 -0.632563 4.04777 -4.04188 -0.516441 3.95634 -4.28837 -0.10967 3.70465 -5.14924 -1.88302 5.18923 -2.24873 -1.67542 4.66626 -2.70307 -1.59607 4.52119 -2.87464 -1.51249 4.38973 -3.05457 -1.42885 4.27492 -3.23397 -1.34192 4.17069 -3.41986 -1.24191 4.06799 -3.63307 -1.13777 3.97861 -3.85442 -1.0192 3.89503 -4.10573 -0.896609 3.82442 -4.36498 -0.464573 3.65402 -5.27563 -2.03154 4.50898 -2.74931 -1.96055 4.33703 -2.90443 -1.88304 4.18602 -3.07238 -1.80329 4.0587 -3.24412 -1.71819 3.94856 -3.42639 -1.61746 3.84817 -3.64101 -1.50975 3.77027 -3.86939 -1.38465 3.70772 -4.13358 -1.25381 3.66367 -4.4091 -0.792077 3.5888 -5.37827 -2.38997 4.34426 -2.79101 -2.333 4.12718 -2.91848 -2.26598 3.94243 -3.06577 -2.19319 3.79272 -3.2238 -2.11157 3.67141 -3.39922 -2.01014 3.57327 -3.61522 -1.89759 3.51095 -3.85314 -1.7637 3.47666 -4.13465 -1.6221 3.46722 -4.43136 -1.12398 3.50942 -5.47223 0.413448 3.88283 -4.42125 0.0395555 3.87379 -4.58793 0.798414 3.56095 -5.23915 0.439373 3.5997 -5.4351 -1.28868 5.51451 -1.74582 -1.63297 5.49798 -1.89309 -1.0466 5.10244 -2.2681 -1.41137 5.02002 -2.37502 -0.316175 3.82046 -4.71266 0.102686 3.60764 -5.59735 -1.78451 4.91071 -2.46547 -0.683942 3.72844 -4.8137 -1.146 6.09399 0.0815236 -2.12351 4.80851 -2.54546 -1.02603 3.61629 -4.88759 -1.37542 3.48067 -4.94711 -1.16149 5.99043 0.128662 -2.42491 4.52956 -2.71085 -2.62501 3.95444 -2.92328 -2.5707 3.7288 -3.04552 -1.65142 3.34602 -5.59336 -1.93404 3.21693 -5.00678 -1.9269 3.22645 -5.63072 -2.64786 0.691326 -6.64857 -2.69148 0.2386 -6.65312 -2.55044 3.64277 -3.10431 -2.45955 3.51296 -3.25356 -2.66857 -0.204087 -6.65597 -2.2894 3.27019 -3.71114 -2.58968 -0.601321 -6.65757 -2.46184 -0.977735 -6.65733 -2.17394 3.10501 -4.55195 -2.16012 3.08455 -5.12605 -2.16357 3.09029 -5.75 -2.48476 2.81071 -5.75005 -2.29403 -1.3147 -6.65608 -2.08431 -1.62485 -6.65402 -3.24194 1.59866 -5.74998 -3.36234 1.26855 -5.75003 -1.8779 -1.86313 -6.6516 -3.54748 0.127427 -5.75008 -1.64787 -2.07648 -6.64905 -3.45984 -0.686635 -5.75001 -3.34618 -1.08305 -5.75006 -1.30405 -2.32552 -6.64463 -2.86705 -2.00752 -5.75 -0.921657 -2.51592 -6.64059 -0.510973 -2.64149 -6.63702 -0.0833385 -2.69813 -6.63398 0.349327 -2.68364 -6.63153 0.774866 -2.59807 -6.62973 -2.86706 -2.00755 -2.79246 -2.86712 -2.00746 -2.12706 -2.86721 -2.00734 -1.72704 -2.86697 -2.00768 -1.32684 1.18134 -2.44345 -6.62863 -2.10611 2.31373 -6.50138 -2.36242 2.00532 -6.50353 -3.42513 -0.961763 -0.0910315 -2.64345 1.50797 -6.50823 -3.68122 -0.477622 -0.0912621 -2.82479 0.96974 -6.51561 -4.17472 0.164779 -0.0979134 -2.89856 0.522031 -6.52208 -4.57462 0.441118 -0.104324 -2.91376 0.0650698 -6.52614 -2.87113 -0.357981 -6.5284 -2.77521 -0.775801 -6.52807 -5.21 0.607284 1.16469e-05 -2.63058 -1.16132 -6.52628 -5.14519 0.699873 -0.699175 -5.04798 0.838678 -1.11953 -2.43467 -1.52644 -6.52335 -4.74656 1.26921 -1.85378 -4.55007 1.5499 -2.16182 -2.23022 -1.81599 -6.51991 -4.04286 2.27418 -2.66942 -3.76522 2.67072 -2.82814 -1.99252 -2.08245 -6.51629 -3.21834 3.4518 -2.95003 -2.9582 3.82324 -2.92421 -2.92225 3.87459 -2.91632 -5.14165 0.70494 0.599999 -2.31714 2.97524 -5.31992 -2.7848 2.4493 -5.51795 -2.58935 2.723 -5.09035 -2.38181 2.93709 -4.71356 -5.09117 0.777034 0.895562 -2.93789 2.22719 -5.23766 -2.79283 2.48556 -4.83762 -2.64467 2.70368 -4.47742 -2.50826 2.89658 -4.15611 -2.40134 3.09029 -3.86646 -2.34284 3.25801 -3.65275 -3.20149 1.68704 -5.40032 -3.07326 2.00697 -4.92133 -2.96861 2.25083 -4.54527 -2.86754 2.46674 -4.19996 -2.78134 2.66439 -3.88932 -2.72427 2.86326 -3.61368 -2.70584 3.03552 -3.41882 -2.71236 3.22584 -3.24797 -2.73197 3.38157 -3.13615 -2.76294 3.5488 -3.03905 -2.80045 3.70967 -2.967 -2.84857 3.88434 -2.91468 -3.37385 1.2025 -5.55039 -3.27013 1.52282 -5.09634 -3.17274 1.831 -4.64838 -3.09531 2.0676 -4.29209 -3.02553 2.28238 -3.96188 -2.97372 2.48293 -3.66522 -2.95214 2.68456 -3.40807 -2.9624 2.8576 -3.23532 -2.9981 3.04824 -3.09665 -3.04049 3.20578 -3.01848 -3.09544 3.37845 -2.96687 -5.02127 0.876859 1.17677 -3.47459 0.765876 -5.54797 -3.41098 1.03333 -5.20291 -3.33697 1.35066 -4.7831 -3.26643 1.65369 -4.3656 -3.21281 1.88805 -4.0313 -3.17013 2.10448 -3.72107 -3.14832 2.30895 -3.44565 -3.1584 2.51336 -3.21598 -3.19485 2.6864 -3.07376 -3.25808 2.87582 -2.97699 -3.32268 3.03319 -2.93982 -3.54087 -0.00311997 -5.69239 -3.51928 0.261076 -5.38774 -3.49174 0.531417 -5.08117 -3.45938 0.802771 -4.76933 -3.41722 1.12251 -4.38861 -3.37632 1.42768 -4.00933 -3.34909 1.66606 -3.70622 -3.33611 1.8893 -3.42795 -3.3473 2.10143 -3.18838 -3.39299 2.31077 -3.00296 -3.4599 2.48386 -2.90528 -3.55624 2.66958 -2.86265 -4.9333 1.00249 1.44263 -4.82889 1.15161 1.69134 -3.47146 -0.533161 -5.46375 -3.49553 -0.27227 -5.18588 -3.50864 -0.00146435 -4.90933 -3.51125 0.274885 -4.63007 -3.50514 0.552064 -4.34609 -3.4909 0.879273 -4.00082 -3.477 1.19361 -3.65969 -3.47399 1.44172 -3.39069 -3.48811 1.6761 -3.1495 -3.52956 1.89855 -2.95163 -3.60851 2.11394 -2.81424 -3.70451 2.2862 -2.7597 -3.83284 2.46407 -2.76271 -3.27718 -1.24921 -5.60726 -3.3514 -1.01324 -5.33259 -3.4139 -0.76183 -5.06758 -3.46349 -0.497354 -4.80703 -3.49957 -0.223075 -4.547 -3.52281 0.0571838 -4.2848 -3.53534 0.339225 -4.01954 -3.54182 0.674069 -3.69995 -3.54861 0.998394 -3.38838 -3.56432 1.25647 -3.14696 -3.59943 1.50129 -2.93618 -3.66445 1.7326 -2.77176 -3.76962 1.95222 -2.67048 -3.88858 2.12213 -2.64552 -3.0459 -1.72605 -5.5146 -3.17097 -1.48086 -5.21295 -3.27014 -1.24297 -4.95386 -3.35583 -0.990599 -4.70164 -3.42715 -0.725542 -4.4525 -3.48351 -0.450292 -4.20405 -3.52558 -0.167911 -3.95496 -3.55564 0.117973 -3.70539 -3.58218 0.460138 -3.40881 -3.60936 0.794752 -3.12485 -3.6436 1.06308 -2.90955 -3.69954 1.31829 -2.72724 -3.78816 1.55777 -2.59307 -3.91974 1.78007 -2.52261 -4.06169 1.94574 -2.52103 -2.91141 -1.94288 -5.14892 -3.06162 -1.69817 -4.86097 -3.18231 -1.46264 -4.6104 -3.28854 -1.21352 -4.36455 -3.37959 -0.951704 -4.12135 -3.45489 -0.678721 -3.87998 -3.51498 -0.396824 -3.64036 -3.56219 -0.109112 -3.40352 -3.60857 0.238574 -3.12697 -3.65596 0.582127 -2.86774 -3.70848 0.859755 -2.67567 -3.78497 1.12438 -2.51788 -3.897 1.37085 -2.40833 -4.05496 1.59431 -2.36113 -4.21976 1.75438 -2.37578 -2.94197 -1.89709 -4.54732 -3.08133 -1.66805 -4.29865 -3.20624 -1.42639 -4.05346 -3.31584 -1.17175 -3.81141 -3.40945 -0.904535 -3.57315 -3.48737 -0.62619 -3.33969 -3.55172 -0.339363 -3.11268 -3.61789 0.0109333 -2.85286 -3.68506 0.360817 -2.61477 -3.75515 0.645879 -2.44212 -3.85123 0.918554 -2.30361 -3.98557 1.17126 -2.21153 -4.16884 1.39564 -2.17866 -4.35561 1.55022 -2.2019 -2.96744 -1.85887 -4.01454 -3.10755 -1.62747 -3.76507 -3.23388 -1.38311 -3.52006 -3.34501 -1.12479 -3.28141 -3.44056 -0.853049 -3.05098 -3.52203 -0.57011 -2.83087 -3.6077 -0.220819 -2.58427 -3.69372 0.131907 -2.36338 -3.77998 0.422014 -2.20599 -3.89364 0.701401 -2.08119 -4.04787 0.960589 -1.99916 -4.2538 1.18786 -1.97151 -4.4606 1.33937 -1.99582 -2.99525 -1.81696 -3.49676 -3.1348 -1.58462 -3.24504 -3.26169 -1.33744 -3.00264 -3.37408 -1.07488 -2.77207 -3.47227 -0.798723 -2.55573 -3.57671 -0.454293 -2.31861 -3.67999 -0.102727 -2.11093 -3.78023 0.189657 -1.96492 -3.90848 0.47449 -1.84892 -4.07879 0.741395 -1.77049 -4.30319 0.975751 -1.74014 -4.52692 1.12916 -1.75874 -2.87506 -1.99608 -3.24721 -3.02229 -1.77595 -2.98489 -3.16168 -1.54106 -2.73518 -3.2892 -1.28957 -2.50095 -3.40309 -1.02266 -2.28487 -3.52496 -0.686789 -2.05309 -3.64329 -0.340591 -1.85473 -3.75471 -0.0490065 -1.71684 -3.89374 0.239859 -1.60599 -4.07535 0.516063 -1.52669 -4.31285 0.762951 -1.48792 -4.54954 0.925082 -1.49545 -4.82979 1.04593 -1.54622 -2.90194 -1.9574 -2.73895 -3.04891 -1.73489 -2.47782 -3.18866 -1.49552 -2.23585 -3.31649 -1.23967 -2.01592 -3.4539 -0.915483 -1.78481 -3.58455 -0.578701 -1.59181 -3.70403 -0.291184 -1.45941 -3.84973 -6.02291e-05 -1.35145 -4.03736 0.286645 -1.26897 -4.28187 0.55136 -1.21881 -4.52682 0.729585 -1.21188 -4.81944 0.862794 -1.24621 -2.92845 -1.91886 -2.2296 -3.07614 -1.69178 -1.97518 -3.2154 -1.448 -1.74662 -3.36607 -1.13772 -1.51075 -3.50614 -0.813799 -1.3188 -3.63055 -0.533434 -1.18943 -3.77896 -0.241962 -1.08291 -3.96743 0.0557925 -0.996642 -4.21256 0.342444 -0.934651 -4.46053 0.543158 -0.912152 -4.76114 0.697985 -0.927538 -5.02174 0.775244 -0.972731 -2.95584 -1.8785 -1.71746 -3.10322 -1.64694 -1.47494 -3.26478 -1.3516 -1.228 -3.41147 -1.04283 -1.03202 -3.53792 -0.771779 -0.902735 -3.68557 -0.481092 -0.795965 -3.87025 -0.171808 -0.705736 -4.10997 0.139537 -0.632958 -4.35553 0.3672 -0.59583 -4.65923 0.550646 -0.592427 -4.92711 0.646783 -0.622827 -2.98307 -1.83731 -1.19923 -3.1534 -1.55661 -0.934153 -3.3044 -1.26365 -0.728038 -3.43035 -1.00217 -0.594722 -3.57417 -0.711139 -0.484543 -3.75121 -0.38854 -0.389005 -3.98076 -0.0504466 -0.30639 -4.2192 0.206665 -0.256621 -4.52109 0.422428 -0.236914 -4.79299 0.54184 -0.254196 -5.10143 0.618042 -0.308149 -3.03434 -1.75448 -0.627839 -3.1886 -1.47615 -0.404467 -3.31156 -1.22136 -0.261436 -3.4481 -0.925058 -0.142506 -2.45579 2.84759 -5.5459 -1.61771 -2.40657 -6.50999 -1.18927 -2.66143 -6.50426 -0.720278 -2.83792 -6.49918 -5.31032 2.79196 2.93485 -5.31032 2.52858 2.84632 -5.31032 2.19098 2.69041 -5.31032 1.87525 2.49393 -5.31032 1.58626 2.2599 -5.31032 1.32844 1.99191 -5.31032 1.07127 1.64021 -4.71114 1.31978 1.91865 -0.225427 -2.92969 -6.49485 -5.21278 1.13804 1.74229 -5.09084 1.47063 2.148 -4.94654 1.8642 2.48598 0.27961 -2.93311 -6.49137 -4.61031 2.7812 2.93179 -4.45878 3.19446 3.02033 -4.5808 1.50592 2.1254 -5.21033 0.606877 0.0499883 -4.98161 0.574011 0.05 0.778698 -2.84759 -6.48881 -5.19988 0.621806 0.351819 -5.20457 0.615138 0.274524 -5.21001 0.607284 0.0999471 1.25591 -2.67543 -6.48725 -2.23999 2.52793 -6.33808 -2.48483 2.23815 -6.3406 -2.77017 1.76257 -6.3461 -2.97334 1.24597 -6.35476 -5.23065 0.640276 0.480013 -3.0776 0.808975 -6.36234 -3.13221 0.342808 -6.36709 -3.12767 -0.101858 -6.36975 -3.0659 -0.557516 -6.36936 -2.94688 -0.988638 -6.36726 -4.28887 1.92284 2.47333 -2.76747 -1.40621 -6.36383 -2.56742 -1.74527 -6.3598 -2.32464 -2.06345 -6.35555 -3.00835 3.93414 3.0118 -3.35293 3.43275 3.04944 -3.65391 2.99304 3.00321 -1.92237 -2.46135 -6.34818 -4.15923 2.25131 2.74968 -1.45154 -2.77985 -6.34146 -4.58525 1.62243 2.31891 -4.7313 1.40601 2.10441 -0.927929 -3.00696 -6.3355 -5.01227 0.988656 1.52045 -0.369536 -3.13404 -6.33043 -5.17315 0.74891 0.957248 -5.2298 0.664399 0.619415 -5.21402 0.664281 0.617339 -5.17274 0.676707 0.609492 0.204274 -3.15601 -6.32635 0.773438 -3.07162 -6.32335 1.31809 -2.88342 -6.32152 -2.34484 2.70295 -6.15452 -2.578 2.43212 -6.15694 -2.86587 1.9796 -6.16222 -3.08782 1.486 -6.17053 -3.21903 1.06148 -6.17781 -4.13251 2.14615 2.61151 -3.30883 0.590006 -6.18237 -3.63039 2.86325 2.88619 -3.33853 0.128697 -6.18492 -3.19445 3.48583 2.94947 -4.74521 6.51513 0.0809017 -5.09682 0.793341 1.05842 -4.97132 0.974824 1.47167 -4.80911 1.2093 1.8449 -4.61744 1.48625 2.1703 -4.32375 1.91033 2.52724 -4.00275 2.37344 2.78756 -3.65933 2.86842 2.95305 -3.30688 3.37582 3.01944 -3.30768 -0.358108 -6.18454 -3.21213 -0.827442 -6.18253 -1.38665 6.12622 0.615628 -3.04831 -1.28935 -6.17923 -2.85326 -1.67056 -6.17537 -2.60744 -2.03306 -6.17129 -2.18316 -2.49459 -6.16421 -1.67736 -2.86818 -6.15776 -1.83053 5.63384 1.94205 -1.92939 5.49197 2.11952 -2.18396 5.12606 2.47185 -2.46903 4.71516 2.74307 -2.73037 4.33727 2.90809 -1.10815 -3.13926 -6.15204 -2.95556 3.8935 2.9907 -2.93483 3.87269 2.95444 -2.93067 3.86255 2.91291 -2.66663 4.23964 2.81677 -2.41318 4.60161 2.66118 -2.17322 4.9443 2.44492 -0.496363 -3.29725 -6.14717 -1.7621 5.53144 1.84329 -1.60257 5.75927 1.46746 -1.48006 5.93424 1.04787 -3.88723 2.49644 2.77508 -1.44366 6.0472 0.963407 -1.52623 5.92924 1.29749 -1.63166 5.77856 1.60815 -1.75783 5.59814 1.89314 -1.9557 5.31501 2.23059 -2.17858 4.99584 2.50898 -2.42349 4.64478 2.72954 -2.68172 4.27426 2.88761 -1.46499 6.08604 0.970373 -1.54814 5.96719 1.30693 -1.65427 5.81541 1.61984 -1.7812 5.63369 1.90685 -1.98012 5.34851 2.24666 -2.20398 5.02706 2.527 -2.44975 4.67347 2.74913 -2.70867 4.3002 2.90842 -1.4413 6.00406 0.951314 -1.52282 5.88763 1.2811 -1.62697 5.73888 1.5879 -1.75167 5.56073 1.86946 -1.9474 5.28108 2.20305 -2.16806 4.96574 2.47851 -2.41081 4.61878 2.69698 -2.66702 4.25249 2.85381 0.135449 -3.33574 -6.14325 0.763823 -3.25294 -6.14037 1.36547 -3.05159 -6.13862 -1.30514 6.18404 0.226733 -1.39316 6.2085 0.415974 -1.44016 6.19238 0.620651 -1.40744 6.16674 0.620173 -2.4131 2.82089 -5.95653 -1.38566 6.08294 0.608172 -1.40107 6.04705 0.599999 -1.37919 6.06209 0.494649 -4.74155 6.51513 0.0343566 -1.34584 6.14488 0.433833 -1.34472 6.10152 0.435159 -1.36424 6.18354 0.426681 -1.30212 6.18836 0.0999997 -2.63742 2.56499 -5.95818 -1.16348 6.11326 0.05 -1.30186 6.18874 0.05 -3.45684 3.1111 2.92979 -6.01032 0.645135 0.05 -6.01032 0.6817 -0.41461 -6.01032 0.790497 -0.86778 -6.01032 0.968845 -1.29835 -2.92694 2.13099 -5.96177 -6.01032 1.51503 -2.05011 -6.01032 1.86941 -2.35278 -6.01032 2.26678 -2.59629 -6.01032 2.69735 -2.77464 -6.01032 3.15052 -2.88343 -6.01032 3.61513 -2.92 -3.16256 1.65581 -5.96743 -3.31328 1.24159 -5.97238 -6.01032 4.96349 -2.59629 -6.01032 5.36086 -2.35278 -6.01032 5.71524 -2.05011 -6.01032 6.01791 -1.69572 -6.01032 6.26142 -1.29835 -3.42854 0.767544 -5.97548 -3.48297 0.295336 -5.97722 -3.4743 -0.212802 -5.97696 -5.34032 6.58513 0.05 -3.3955 -0.708511 -5.9756 -3.24281 -1.20106 -5.97335 -3.05151 -1.61147 -5.97072 -2.8041 -2.00487 -5.96795 -2.36521 -2.51107 -5.96313 -1.83565 -2.92339 -5.95874 -1.23518 -3.2255 -5.95485 -0.586606 -3.40538 -5.95153 0.0852675 -3.45575 -5.94887 0.754591 -3.37435 -5.94691 1.39568 -3.16409 -5.94571 -4.75942 6.51513 -0.00877853 -2.62219 -2.31828 -5.75 -5.34032 2.9038 -2.83356 -2.3438 -2.5994 -5.75 -1.38878 -3.21272 -5.75 -0.28772 -3.48819 -5.75 0.423435 -3.47433 -5.75 1.38321 -3.21512 -5.75 2.00753 -2.86707 -5.75 -5.34032 1.02037 -1.39502 -5.34032 0.869132 -1.08153 -5.34032 0.733316 -0.668347 -5.34032 0.659303 -0.239755 -5.34032 0.645135 0.05 -4.79492 6.51513 -0.0391007 1.13642 -1.62328 -6.835 0.694802 -1.85635 -6.835 -5.34032 3.73635 -2.91753 -5.34032 4.20575 -2.86068 -5.34032 4.66017 -2.73007 -5.34032 5.08811 -2.529 -5.34032 5.47872 -2.26256 -5.34032 5.8221 -1.93751 -5.34032 6.10954 -1.56209 -5.34032 6.33376 -1.14582 -5.34032 6.48908 -0.699231 -5.34032 6.55425 -0.377229 -5.34032 6.58345 -0.05 -5.31032 6.61347 -0.05 -5.31032 6.60689 -0.172319 0.0888028 -1.98241 -6.835 -0.254496 -1.96994 -6.835 -5.31032 6.16896 -1.52416 -5.31032 5.88672 -1.90957 -0.60564 -1.89429 -6.835 -0.778787 -1.83145 -6.835 -1.12542 -1.64535 -6.835 -1.2938 -1.51895 -6.835 -1.60024 -1.19856 -6.835 -1.92172 -0.574464 -6.835 -2.00803 -0.0861683 -6.835 -2.00461 0.169815 -6.835 -5.34032 6.47536 0.850002 -1.905 0.656419 -6.835 -5.34032 6.17631 1.55376 -1.288 1.83938 -6.81668 -1.53537 2.19262 -6.70834 -5.34032 5.51857 2.32988 -5.34032 5.24502 2.53281 -1.64206 2.34499 -6.63717 -5.34032 4.6375 2.83849 -5.34032 4.31151 2.93721 -5.34032 3.96577 2.99923 -1.975 2.82053 -6.29738 -2.14474 3.06299 -5.9306 -5.31032 3.7376 3.0475 -5.31032 4.21184 2.99006 -3.15196 1.80845 -5.75 -5.31032 5.10329 2.65488 -5.31032 5.49789 2.38564 -5.31032 5.84476 2.05718 -3.2909 1.48186 -5.75 -5.31032 6.36153 1.2572 -3.53136 0.465808 -5.75 -5.31032 6.58407 0.480617 -3.54762 0.212584 -5.75 -2.16574 3.09298 -5.75 -3.54739 -0.0080456 -5.75 -6.01032 6.58513 0.05 -6.01032 6.54857 0.51461 -3.5362 -0.200002 -5.75 -3.49213 -0.53252 -5.75 -3.36819 -1.02004 -5.75 -3.17586 -1.48916 -5.75 -1.90822 3.24518 -5.75 -6.01032 4.96349 2.69629 1.50836 -1.61807 -6.80968 -6.01032 4.07974 2.98343 -6.01032 3.61513 3.02 -6.01032 3.15052 2.98343 -6.01032 2.69735 2.87464 -6.01032 2.26678 2.69629 -6.01032 1.86941 2.45278 -6.01032 1.51503 2.15011 -6.01032 1.21235 1.79572 -6.01032 0.968845 1.39835 -6.01032 0.790497 0.96778 -6.01032 0.6817 0.51461 1.71864 -1.39278 -6.80985 1.89552 -1.14045 -6.81013 2.03561 -0.866002 -6.81051 2.13605 -0.574734 -6.81098 2.19493 -0.272373 -6.81154 2.21095 0.0351964 -6.81217 -5.34032 1.15326 1.71135 2.18388 0.341907 -6.81286 2.1345 0.577541 -6.81325 2.05779 0.813693 -6.81363 1.92934 1.08928 -6.81395 1.76004 1.35158 -6.81414 -5.34032 2.89679 2.93182 -5.34032 3.32538 3.00583 -5.34032 3.61513 3.02 1.53823 1.60583 -6.81418 1.26457 1.83656 -6.81393 0.919114 2.04018 -6.81349 -5.34032 4.95004 2.7031 0.515119 2.18727 -6.81278 -0.0283821 2.25921 -6.81197 -5.34032 5.76708 2.09695 -5.34032 5.9873 1.83711 -0.580192 2.19579 -6.81146 -5.34032 6.33164 1.25063 -0.968386 2.06124 -6.81123 -5.34032 6.56034 0.432945 -5.34032 6.58345 0.15 -1.95527 5.25557 2.17265 1.69531 -1.78419 -6.7385 1.94014 -1.51195 -6.73908 2.14072 -1.20619 -6.74004 -5.34032 6.51513 -0.05 -4.84032 6.51513 -0.05 0.0106769 3.59308 -5.75 2.29251 -0.874223 -6.74135 -4.80628 6.61366 0.143947 -4.76567 6.6144 0.116556 2.39206 -0.523932 -6.74297 -4.76789 6.61434 -0.0189484 -4.80156 6.61372 -0.0422499 2.43734 -0.163702 -6.74488 2.42753 0.197951 -6.74703 2.36342 0.552483 -6.74939 2.28345 0.814817 -6.75075 2.17392 1.07188 -6.75204 2.00559 1.36438 -6.75314 -4.76961 6.51513 0.120711 -4.80942 6.51513 0.145106 1.79608 1.63643 -6.75381 2.66845 2.26967 -5.75 -5.34032 6.51513 0.15 1.53369 1.89373 -6.75393 -5.31032 6.61347 0.15 1.22473 2.12073 -6.75308 -4.84032 6.51513 0.15 2.86707 2.00754 -5.75 0.846549 2.31606 -6.75156 -3.18739 -1.46545 -5.74998 0.419402 2.45268 -6.74914 -0.14757 2.51343 -6.74637 -3.53003 -0.253225 -5.75025 -0.720461 2.44162 -6.74461 -3.49978 0.695438 -5.75 -1.11917 2.30308 -6.7438 1.89207 -1.94578 -6.62863 -3.09945 1.90989 -5.75001 -2.73702 2.50636 -5.75001 2.17636 -1.61672 -6.62973 2.40232 -1.2461 -6.63153 2.56391 -0.844483 -6.63398 2.65695 -0.423266 -6.63702 -1.41121 3.43155 -5.75 2.6794 0.00558288 -6.64059 -0.334899 3.59524 -5.74997 -0.0420807 3.59347 -5.74995 2.63127 0.430038 -6.64463 0.815588 3.46402 -5.74998 1.36477 3.26804 -5.74996 1.87374 2.98696 -5.75 2.51484 0.838299 -6.64905 2.39302 1.12743 -6.6516 2.23971 1.40289 -6.65402 2.02 1.70603 -6.65608 2.38566 2.576 -5.75 2.07293 2.84553 -5.75 1.8207 3.02249 -5.75 1.59583 3.15499 -5.75 1.39682 3.25474 -5.75 1.04591 3.39526 -5.75 0.521147 3.53241 -5.75 1.76074 1.97897 -6.65733 -0.514386 3.58893 -5.75 -1.01031 3.52734 -5.75 -1.48616 3.41215 -5.75 1.45075 2.22784 -6.65757 1.10447 2.43783 -6.65598 -2.46152 2.8393 -5.75 -2.73236 2.51779 -5.75 -2.95435 2.18092 -5.75 0.696314 2.61076 -6.65313 0.255974 2.72462 -6.64858 -3.44502 0.980043 -5.75 -0.317467 2.76462 -6.64338 -0.892316 2.68224 -6.64008 -1.28575 2.54388 -6.63857 2.08457 -2.09519 -6.48725 2.40953 -1.70566 -6.48881 2.66059 -1.26591 -6.49137 2.83011 -0.790159 -6.49485 2.9483 1.88621 -5.75 -3.5304 -0.243782 -5.75 -3.50664 0.613029 -5.75 -3.52543 -0.281289 -5.75 -3.47214 -0.611153 -5.75 -3.47663 0.791722 -5.75 -3.39867 -0.900137 -5.75 -3.38334 1.18089 -5.75 -3.35509 -1.05199 -5.75 -3.32503 1.37073 -5.75 -3.24574 1.58801 -5.75 -3.1817 -1.47493 -5.75 -3.2327 1.61867 -5.75 -3.10751 1.89226 -5.75 -3.08933 1.92654 -5.75 -1.84583 3.26987 -5.75 -1.56338 3.38161 -5.75 -1.42645 3.42661 -5.75 -1.34426 3.4465 -5.75 -0.943586 3.53563 -5.75 -0.89808 3.54127 -5.75 -0.393716 3.58988 -5.75 -0.0279347 3.59278 -5.75 0.0873508 3.58397 -5.75 0.340335 3.5539 -5.75 0.695467 3.48686 -5.75 0.907218 3.43151 -5.75 1.34575 3.2752 -5.75 1.37044 3.26531 -5.75 1.86258 2.9931 -5.75 1.89303 2.97173 -5.75 2.28037 2.66675 -5.75 2.34747 2.60891 -5.75 2.52092 2.42948 -5.75 2.6321 2.30906 -5.75 2.91311 -0.293761 -6.49918 2.90766 0.207294 -6.50426 -0.799543 5.86823 -0.0337194 -0.786494 5.88961 -0.103936 2.81471 0.69706 -6.51 -1.07766 6.06428 -0.016438 2.63833 1.16012 -6.51629 2.46923 1.47464 -6.51992 -1.13958 6.06027 0.109682 2.26707 1.76578 -6.52335 1.99098 2.07474 -6.52628 -0.949769 5.8701 0.0139561 -5.14625 0.688251 0.51683 -0.97914 5.97254 0.00500151 1.67816 2.34251 -6.52807 -0.281875 5.43628 7.80178e-15 0.242883 5.03116 5.5728e-15 0.735263 4.58842 6.30464e-15 1.31834 2.57554 -6.52841 0.935404 2.76029 -6.52614 0.5008 2.90229 -6.52208 2.78515 1.95018 4.20674e-15 2.81888 1.9738 -0.00887287 2.84842 1.99449 -0.0364865 2.86706 2.00754 -0.1 0.0548628 2.9861 -6.51561 2.37243 2.71476 -0.101134 2.21305 2.94113 -0.101578 -0.512937 2.99978 -6.50823 1.31404 4.11953 -0.102814 0.844807 4.62112 -0.102496 0.335928 5.08368 -0.101895 -1.07639 2.90581 -6.50354 -0.493814 5.70353 -0.102912 -1.4539 2.77042 -6.50138 2.25875 -2.22475 -6.32152 -0.818016 5.83798 -0.00810148 3.32818 1.08328 -5.75 -0.240424 5.49457 -0.0301414 0.288595 5.08604 -0.0300133 0.785124 4.63974 -0.0301432 1.24737 4.1532 -0.0303311 1.8762 3.36103 -0.0302085 2.45929 2.54016 -0.0295723 2.62185 -1.77733 -6.32335 -2.86709 -2.0075 -0.568186 2.89581 -1.27135 -6.32635 3.07142 -0.724628 -6.33043 3.14297 -0.156443 -6.33551 3.10864 0.413239 -6.34146 -2.86711 -2.00746 -3.13055 -2.86706 -2.00753 -3.45817 -2.86706 -2.00754 -3.83688 -2.86706 -2.00754 -4.2218 -2.86706 -2.00754 -4.92976 2.97038 0.964615 -6.34818 2.73406 1.47871 -6.35556 2.51809 1.81568 -6.35981 -2.1246 -2.78143 -5.75 -1.76988 -3.01957 -5.75 2.26791 2.11963 -6.36383 -0.849492 -3.39538 -5.75 1.93689 2.43102 -6.36727 -0.00303708 -3.50004 -5.75 1.57246 2.69032 -6.36936 0.843599 -3.39685 -5.75 1.16541 2.90421 -6.36976 1.88621 -2.9483 -5.75 0.74913 3.06055 -6.3671 2.31827 -2.62219 -5.75 2.59939 -2.3438 -5.75 2.94503 -1.89132 -5.75 3.21272 -1.38878 -5.75 0.2924 3.16867 -6.36235 3.42715 -0.710584 -5.75 3.48819 -0.287721 -5.75 3.48869 0.281666 -5.75 3.39685 0.843599 -5.75 -0.153902 3.22016 -6.35476 3.14647 1.53298 -5.75 -0.708841 3.20594 -6.34611 -1.25331 3.10046 -6.34061 -1.60939 2.96949 -6.33809 2.40057 -2.32679 -6.13862 2.79553 -1.83031 -6.14038 3.08825 -1.26814 -6.14326 3.26816 -0.661264 -6.14718 3.32894 -0.0323339 -6.15205 3.26888 0.595239 -6.15777 3.09082 1.19831 -6.16422 3.20038 1.41699 -0.1 3.34332 1.03562 -0.1 2.80223 1.75485 -6.1713 2.54565 2.10984 -6.17538 2.25415 2.42351 -6.17924 1.87614 2.7354 -6.18254 3.32172 -1.10291 -0.1 1.46777 2.98572 -6.18455 1.02088 3.18121 -6.18493 0.577248 3.31107 -6.18237 0.103496 3.38794 -6.17781 -0.340301 3.40983 -6.17054 -0.880049 3.37009 -6.16223 1.47561 -3.17378 -0.1 1.09693 -3.32371 -0.1 -1.40373 3.25435 -6.15695 -1.73799 3.12787 -6.15452 0.0893958 -3.4989 -0.5 0.081501 -3.49909 -0.539028 0.0582947 -3.49955 -0.57248 -0.0106042 -3.50002 -0.6 2.49596 -2.39364 -5.94573 2.91278 -1.86316 -5.94692 3.21818 -1.26203 -5.94888 3.40064 -0.613447 -5.95155 -0.513023 -3.46224 -0.100002 3.45342 0.0575404 -5.95486 3.3749 0.725101 -5.95875 3.16856 1.36375 -5.96314 -2.17684 -2.74074 -0.100011 2.843 1.9493 -5.96796 2.55793 2.31634 -5.97074 3.31503 -1.12286 -5.75 2.23769 2.63647 -5.97337 1.82709 2.94839 -5.97561 -2.83723 -1.98657 -0.0227529 1.38821 3.19199 -5.97698 0.913685 3.37392 -5.97724 -3.34184 -0.905435 -3.91529e-10 0.451363 3.48428 -5.9755 -0.0335183 3.5381 -5.9724 -0.474303 3.53815 -5.96744 -1.00142 3.47925 -5.96179 -1.50826 3.35563 -5.9582 -1.82547 3.23236 -5.95655 1.98254 -2.83137 -5.95 -2.13998 3.05619 -5.95 -4.37912 0.328154 -0.101435 -2.07911 2.96924 -6.11803 -3.9878 -0.0334925 -0.0948455 -1.84275 2.63163 -6.4594 -3.54271 -0.728659 -0.0907428 -1.43031 2.04258 -6.76435 -3.16088 -1.50491 -0.0946182 1.88233 -2.68837 -6.21169 -3.13547 -1.48628 -0.0273703 -3.38545 -0.9697 -0.026172 -3.65387 -0.460775 -0.0262216 -3.97817 0.00317126 -0.0275238 -4.24748 0.26708 -0.0290785 -1.15775 1.65343 -6.835 -4.56375 0.463511 -0.0338725 -4.54824 0.495451 -0.00813595 -0.852941 1.8291 -6.835 -0.656974 1.90781 -6.835 -4.82088 0.621263 0.0742341 -0.118153 2.01224 -6.835 -4.93059 0.599166 0.111593 0.236739 1.99978 -6.835 0.715157 1.8788 -6.835 -4.78376 0.523641 -0.064795 1.72653 -2.46594 -6.44957 -4.75544 0.540224 0.00156375 1.32979 1.49952 -6.835 -5.12528 0.655283 0.376429 -5.15974 0.6297 0.366437 1.63016 1.15879 -6.835 -5.11418 0.600243 0.189962 1.9074 0.58201 -6.835 -4.95865 0.57654 0.0801558 1.9894 0.0184246 -6.835 1.95957 -0.32925 -6.835 -5.02719 0.652107 0.234631 -1.05054 5.92866 0.0522488 -5.07086 0.608246 0.213939 -5.03772 0.640696 0.235726 -5.116 0.667598 0.378385 1.25039 -1.78603 -6.81576 -4.91029 0.636375 0.128571 1.37347 -1.9618 -6.76119 -4.6427 0.574815 0.0113964 -4.53099 0.530993 7.00393e-15 1.55511 -2.22118 -6.63006 1.64317 -2.34693 -6.5451</float_array>
					<technique_common>
						<accessor count="1418" source="#ID6" stride="3">
							<param name="X" type="float"/>
							<param name="Y" type="float"/>
							<param name="Z" type="float"/>
						</accessor>
					</technique_common>
				</source>
				<source id="ID7">
					<float_array id="ID8" count="4653" digits="2490374">0.335063 0.914813 -0.225344 0.471812 0.881469 -0.0182188 0.348781 0.936969 -0.0182188 0.467094 0.875281 -0.125062 0.455594 0.860125 -0.22925 0.310219 0.853406 -0.418781 0.440469 0.839906 -0.317031 0.410688 0.799344 -0.4385 0.271094 0.755844 -0.595906 0.375531 0.750188 -0.544156 0.319531 0.668063 -0.671938 0.222281 0.631719 -0.742531 0.256063 0.567906 -0.782188 0.167719 0.488906 -0.856 0.190125 0.454031 -0.870438 0.110781 0.333219 -0.936281 0.121688 0.319438 -0.939687 0.0540937 0.169062 -0.984062 0.06125 0.179125 -0.981875 0.0434688 0.132094 -0.99025 0.03575 0.176188 -0.983688 0.0375937 0.115844 -0.9925 0.224875 0.974187 -0.0179375 0.211313 0.951813 -0.222156 0.196656 0.888875 -0.413656 0.173094 0.788281 -0.590375 0.143094 0.659594 -0.737844 0.108844 0.510625 -0.852844 0.0725625 0.347844 -0.934687 -0.00084375 -0.0028125 -0.999969 0 0 -1 -0.0335 -0.177219 -0.983594 -0.030125 -0.113688 -0.993031 -0.0596563 -0.259469 -0.963844 -0.06375 -0.351594 -0.933937 -0.0789063 -0.395438 -0.915031 -0.0902188 -0.524844 -0.846344 0.103219 0.994469 -0.0173438 0.097625 0.971438 -0.216188 0.0917813 0.909938 -0.404281 0.0819375 0.810344 -0.580094 0.0688438 0.680875 -0.729062 0.053125 0.528875 -0.847 0.0359063 0.361156 -0.93175 0.0179375 0.182969 -0.982938 -0.0172187 -0.183219 -0.982875 -0.0334063 -0.362063 -0.931531 -0.0479375 -0.530594 -0.846219 -0.0605938 -0.683031 -0.727813 -0.0951875 -0.651594 -0.7525 -0.095 -0.754 -0.649938 -0.0714063 -0.8125 -0.578531 -0.0915625 -0.842219 -0.53125 -0.0799688 -0.911687 -0.402938 -0.0865313 -0.911969 -0.400969 -0.081375 -0.962906 -0.257094 0 0.999844 -0.0167188 3.125e-05 0.99825 -0.058625 0.00028125 0.979469 -0.201469 0.00053125 0.961906 -0.273313 0.000875 0.924688 -0.380688 0.00121875 0.850906 -0.525281 0.00140625 0.755844 -0.654688 0.00128125 0.642906 -0.765844 0.0009375 0.51625 -0.856406 0.0005625 0.371625 -0.928375 0.00025 0.217969 -0.975906 6.25e-05 0.109781 -0.993906 6.25e-05 -0.108813 -0.994031 0.00025 -0.198531 -0.980031 0.00065625 -0.335219 -0.942062 0.0009375 -0.403625 -0.914844 0.0015 -0.504531 -0.863344 0.00234375 -0.640844 -0.767594 0.002875 -0.761156 -0.6485 0.0028125 -0.847875 -0.530125 0.0023125 -0.914406 -0.404719 -0.0302188 -0.974281 -0.223219 -0.039875 -0.991594 -0.123031 -0.0775938 -0.993937 -0.0770938 -0.0439375 -0.998875 -0.017 -0.0772813 -0.996844 -0.0171875 0.0886875 0.269469 0.958875 0.110781 0.333219 0.936281 0.140188 0.389531 0.91025 0.167719 0.488906 0.856 0.205187 0.520375 0.828875 0.222312 0.631719 0.742531 0.272344 0.639938 0.7185 0.271094 0.755844 0.595906 0.300813 0.687063 0.661313 0.340656 0.750313 0.5665 0.31025 0.853406 0.418781 0.375625 0.803375 0.461906 0.406563 0.848813 0.337875 0.335813 0.916656 0.216656 0.428156 0.87975 0.206469 0.471938 0.881594 -0 0.340594 0.940188 -0 0.4435 0.886344 0.132719 0.471812 0.881469 0.0182188 0.470625 0.879969 0.0641562 -0.0335 -0.177219 0.983594 -0.0589375 -0.301469 0.951594 -0.0638125 -0.351594 0.933937 -0.0364375 -0.161656 0.986125 0 0 1 -0.0046875 -0.0182188 0.999781 0.0421875 0.14225 0.988906 0.03575 0.176188 0.983688 0.0725625 0.347844 0.934687 0.108875 0.510625 0.852844 0.143094 0.659594 0.737844 0.173094 0.788281 0.590375 0.196688 0.888875 0.413656 0.21175 0.953656 0.213563 0.209063 0.977844 -0 -0.0605938 -0.683031 0.727813 -0.0800937 -0.7895 0.608406 -0.0714063 -0.812469 0.578531 -0.0825625 -0.710844 0.698406 -0.082625 -0.632812 0.769813 -0.0479375 -0.530594 0.846219 -0.0798438 -0.53525 0.840875 -0.0714063 -0.412313 0.908188 -0.0334063 -0.362063 0.931531 -0.0172187 -0.183219 0.982875 0.0179375 0.182969 0.982938 0.0359688 0.361156 0.93175 0.0531875 0.528875 0.846969 0.0688438 0.680875 0.729125 0.082 0.810344 0.580094 0.0918125 0.909938 0.404281 0.0978125 0.973219 0.207781 0.0962813 0.995313 -0 -0.0772187 -0.996969 -0 -0.0440313 -0.999 -0 -0.0772813 -0.996844 0.0171875 -0.0411563 -0.993906 0.101781 -0.0775938 -0.993937 0.0770938 -0.0779063 -0.991531 0.103531 -0.032625 -0.978531 0.203281 -0.065875 -0.986938 0.146781 -0.0623438 -0.978938 0.194125 -0.0665625 -0.948563 0.3095 -0.0184062 -0.952812 0.302812 -0.07175 -0.902969 0.423656 0.0015625 -0.915812 0.401469 0.00225 -0.914406 0.404656 0.002875 -0.826063 0.563469 -0.0754687 -0.861719 0.501719 0.00271875 -0.715406 0.698656 0.002 -0.583875 0.811813 0.00115625 -0.437219 0.899312 0.0005 -0.277875 0.960594 0.000125 -0.140281 0.990094 0 0.0405938 0.999125 0.00021875 0.197 0.980344 0.00053125 0.349375 0.936938 0.00090625 0.494031 0.869438 0.00128125 0.626406 0.779406 0.00140625 0.744781 0.667188 0.00121875 0.843813 0.536563 0.001 0.903719 0.428031 0.000625 0.950156 0.311719 0.00040625 0.972844 0.231281 0.000125 0.993156 0.116438 0 1 -0 -0.707094 0 0.707094 -0.707094 -0.0689688 0.703687 -0.707094 -0.0979375 0.700281 -0.707094 -0.171 0.686063 -0.707094 -0.194 0.679906 -0.707094 -0.256063 0.659063 -0.707094 -0.269344 0.65375 -0.707094 -0.335656 0.622344 -0.707094 -0.344 0.617719 -0.707094 -0.410094 0.576031 -0.707094 -0.413938 0.573219 -0.707094 -0.478188 0.520844 -0.707094 -0.478125 0.520906 -0.707094 -0.535781 0.461344 -0.707094 -0.538938 0.457656 -0.707094 -0.599563 0.374813 -0.707094 -0.586125 0.3955 -0.707094 -0.628344 0.32425 -0.707094 -0.647531 0.284 -0.707094 -0.661969 0.2485 -0.707094 -0.674344 0.212688 -0.707094 -0.6865 0.169344 -0.707094 -0.701906 0.0852813 -0.707094 -0.692688 0.141969 -0.707094 -0.703531 0.0708125 -0.707094 -0.707094 -0 -0.707094 -0.707 -0.0117188 -0.707094 -0.703687 -0.0689688 -0.707094 -0.701844 -0.085625 -0.707094 -0.689656 -0.156 -0.707094 -0.6465 -0.286281 -0.707094 -0.686063 -0.171 -0.707094 -0.65375 -0.269344 -0.707094 -0.617719 -0.344 -0.707094 -0.582656 -0.400531 -0.707094 -0.573219 -0.413938 -0.707094 -0.498906 -0.501063 -0.707094 -0.520906 -0.478125 -0.707094 -0.461344 -0.535781 -0.707094 -0.433094 -0.558906 -0.707094 -0.3955 -0.586125 -0.707094 -0.360594 -0.608187 -0.707094 -0.32425 -0.628344 -0.707094 -0.282594 -0.648125 -0.707094 -0.2485 -0.661969 -0.707094 -0.200219 -0.678156 -0.707094 -0.169344 -0.6865 -0.707094 -0.101125 -0.699781 -0.707094 -0.0852813 -0.701906 -0.707094 0 -0.707094 0 -0.108625 -0.994031 0 -0.143063 -0.989688 0 -0.198563 -0.980031 0 -0.283188 -0.959063 0 -0.335094 -0.942156 0 -0.403031 -0.915125 0 -0.399625 -0.916656 0 -0.509969 -0.860125 0 -0.504 -0.863625 0 -0.640625 -0.767781 0 -0.6125 -0.790438 0 -0.7605 -0.649219 0 -0.705594 -0.708562 0 -0.847562 -0.530594 0 -0.824063 -0.566469 0 -0.914281 -0.404938 0 0.0404375 0.999125 0 0.0407812 0.999125 0 0.197187 0.980344 0 0.198844 0.98 0 0.351938 0.935969 0 0.349594 0.936844 0 0.496031 0.86825 0 0.494063 0.869344 0 0.627563 0.778531 0 0.627031 0.778938 0 0.744812 0.667188 0 0.743156 0.669031 0 0.839938 0.542594 0 0.843938 0.536438 0 0.915469 0.402375 0 0.903844 0.427719 0 0.950156 0.311719 0 0.967687 0.251938 0 0.972844 0.231219 0 0.989594 0.1435 0 0.993156 0.116469 0 0.999438 0.0332813 0 0.999469 0.0312813 0 0.99975 0.022125 0 0.999844 -0.016625 0 0.999687 -0.0229688 0 0.99825 -0.0585313 0 0.999469 -0.0306875 0 0.999438 -0.0332813 0 0.99725 -0.0740938 0 0.979469 -0.201469 0 0.961906 -0.273219 0 0.972844 -0.231438 0 0.923719 -0.382906 0 0.924688 -0.380563 0 0.851 -0.525063 0 0.851219 -0.524719 0 0.755844 -0.654688 0 0.757156 -0.653188 0 0.643875 -0.765063 0 0.643531 -0.765406 0 0.516469 -0.85625 0 0.514281 -0.857594 0 0.371688 -0.928344 0 0.371625 -0.928344 0 0.218281 -0.975875 0 0.219563 -0.975563 0 0.110469 -0.993875 0 0.109687 -0.993906 0.816281 0.577375 -0.0154063 0.81 0.586 -0.0202188 0.810719 0.585187 -0.0157188 0.818594 0.574188 -0.0100313 0.810719 0.58525 -0.012 0.819625 0.572812 -0.00446875 0.810625 0.585469 -0.00915625 0.819094 0.573563 -0 0.819125 0.573563 -0 0.810656 0.585406 -0.0065625 0.811219 0.584625 -0.00471875 0.81225 0.583281 -0.003 0.813688 0.58125 -0.0014375 0.787781 0.615781 -0.00975 0.756906 0.652875 -0.0280625 0.736 0.676219 -0.03025 0.761937 0.646 -0.0453125 0.806531 0.590688 -0.0238438 0.766906 0.640031 -0.046 0.770375 0.635938 -0.0451563 0.772563 0.633375 -0.0435313 0.773969 0.631813 -0.0413125 0.775031 0.630719 -0.0382813 0.775813 0.629938 -0.0347813 0.776688 0.629094 -0.0305312 0.777844 0.627906 -0.025875 0.813469 0.581469 -0.0001875 0.701344 0.712438 -0.0229375 0.680656 0.729406 -0.0672813 0.700688 0.707531 -0.0915 0.705531 0.70225 -0.09475 0.709406 0.698125 -0.096 0.71225 0.695312 -0.0956563 0.714312 0.693375 -0.0940625 0.715906 0.692156 -0.0911563 0.716906 0.691625 -0.0870313 0.717562 0.691625 -0.0813125 0.718188 0.691813 -0.0745312 0.724594 0.687563 -0.046 0.749438 0.661781 -0.0173438 0.7895 0.613688 -0.00246875 0.819313 0.573219 0.000125 0.583094 0.812063 -0.0218438 0.581031 0.813344 -0.0288125 0.643094 0.7655 -0.0189375 0.589719 0.802188 -0.0927813 0.592219 0.79125 -0.151906 0.596594 0.782344 -0.178469 0.599031 0.779719 -0.182094 0.601562 0.777406 -0.183625 0.603938 0.775594 -0.183375 0.606 0.774375 -0.181719 0.607875 0.773719 -0.178219 0.60925 0.773781 -0.173063 0.610219 0.774719 -0.165531 0.610781 0.776219 -0.156062 0.615313 0.780156 -0.112625 0.637469 0.767875 -0.0627813 0.67825 0.734156 -0.029375 0.6785 0.734125 -0.02475 0.75575 0.654813 -0.00515625 0.551969 0.833313 -0.0283125 0.530281 0.840375 -0.111719 0.518 0.835375 -0.183812 0.494281 0.834375 -0.243781 0.482844 0.8345 -0.265406 0.482563 0.834 -0.267281 0.483656 0.833438 -0.26725 0.4855 0.832812 -0.265656 0.487844 0.832438 -0.262625 0.490531 0.832438 -0.257625 0.493094 0.833 -0.250625 0.495594 0.8345 -0.240656 0.497813 0.836688 -0.228062 0.507469 0.844813 -0.169469 0.534938 0.838656 -0.101938 0.551813 0.83125 -0.0665 0.467063 0.875313 -0.125062 0.493625 0.869344 -0.0208125 0.485781 0.874031 0.001 0.506063 0.861562 -0.0385938 0.483719 0.867844 -0.112781 0.520625 0.852844 -0.0393125 0.461313 0.858312 -0.224469 0.423063 0.854781 -0.300563 0.363156 0.860906 -0.356156 0.328375 0.870313 -0.367 0.323938 0.872594 -0.365375 0.32275 0.874344 -0.362344 0.323875 0.875656 -0.358063 0.326656 0.876938 -0.352469 0.331 0.878469 -0.3445 0.336125 0.880406 -0.334281 0.342375 0.88325 -0.320188 0.349063 0.886813 -0.302719 0.375844 0.899375 -0.223125 0.419531 0.898 -0.132219 0.408031 0.905906 -0.112719 0.472219 0.881469 -0.000125 0.472 0.881375 -0.0181875 0.455594 0.860125 -0.229281 0.41225 0.846 -0.337969 0.338469 0.841594 -0.420781 0.225781 0.85275 -0.470906 0.153094 0.871312 -0.466125 0.141438 0.876844 -0.459406 0.135344 0.881813 -0.451688 0.133875 0.886125 -0.443625 0.136031 0.890406 -0.434344 0.141656 0.895375 -0.422125 0.150219 0.900844 -0.407156 0.162188 0.907562 -0.387188 0.176437 0.914813 -0.363094 0.204094 0.927063 -0.314438 0.235531 0.936969 -0.257969 0.2705 0.941938 -0.198844 0.309563 0.939875 -0.143937 0.257688 0.955625 -0.142406 0.410625 0.799344 -0.4385 0.320844 0.785688 -0.528844 0.219156 0.793156 -0.568125 0.123656 0.804906 -0.580281 0.0450625 0.818781 -0.57225 -0.0109063 0.832656 -0.553594 -0.035875 0.84125 -0.539375 -0.05175 0.849281 -0.525281 -0.0596563 0.857219 -0.511375 -0.0615 0.86575 -0.496563 -0.05725 0.876406 -0.478063 -0.046875 0.888563 -0.456313 -0.0289375 0.903125 -0.42825 -0.00525 0.918187 -0.395938 -0.123062 0.768969 -0.62725 -0.166719 0.780375 -0.602625 -0.196781 0.791406 -0.578656 -0.215281 0.802188 -0.556844 -0.224937 0.814969 -0.534031 -0.225781 0.832344 -0.506063 -0.216281 0.853281 -0.474313 -0.1945 0.87875 -0.435813 -0.162375 0.904594 -0.393969 -0.180625 0.683156 -0.707469 -0.253688 0.70075 -0.666656 -0.304688 0.714719 -0.629469 -0.338187 0.729031 -0.595031 -0.359531 0.747125 -0.559 -0.369063 0.773531 -0.515094 -0.363094 0.805875 -0.467594 -0.338969 0.844938 -0.413656 -0.299313 0.883563 -0.360125 0.256 0.567937 -0.782188 0.179688 0.6045 -0.776 0.102063 0.727094 -0.678813 -0.173094 0.579188 -0.796531 -0.287156 0.609906 -0.738563 -0.36625 0.63125 -0.683594 -0.419625 0.650688 -0.632781 -0.4555 0.677156 -0.577875 -0.474687 0.716594 -0.510938 -0.471938 0.763 -0.441656 -0.445625 0.815594 -0.369063 -0.3995 0.865 -0.303531 -0.0790313 0.427656 -0.900406 -0.265812 0.489938 -0.830156 -0.39125 0.528063 -0.753656 -0.470906 0.563469 -0.678688 -0.524219 0.609344 -0.594813 -0.55325 0.669906 -0.495 -0.554 0.73075 -0.398813 -0.526375 0.793406 -0.305438 -0.477188 0.848188 -0.229781 -0.160625 0.98675 -0.020375 -0.238344 0.969719 -0.0527188 -0.276313 0.960375 0.0347813 -0.178 0.976219 -0.123438 -0.516469 0.530469 -0.672094 -0.433531 0.461469 -0.773969 -0.569531 0.599688 -0.562125 -0.601656 0.689438 -0.403188 -0.596563 0.755938 -0.269344 -0.577563 0.798031 -0.171844 0.0435625 0.941719 -0.333438 0.0979687 0.959531 -0.263813 0.155344 0.968813 -0.192969 0.11 0.984156 -0.13875 0.253188 0.7045 -0.662969 -0.02775 0.749781 -0.661031 -0.092375 0.943344 -0.318656 -0.012875 0.970812 -0.239281 0.0661875 0.984781 -0.160344 0.0401875 0.991719 -0.121813 -0.02475 0.648406 -0.760844 -0.20975 0.938781 -0.273156 -0.108969 0.976125 -0.187656 -0.027875 0.995031 -0.0949688 0.0713437 0.512031 -0.855969 -0.294688 0.932375 -0.209281 0.190156 0.454031 -0.870438 0.0957813 0.366469 -0.925438 -0.364406 0.921656 -0.133062 0.121688 0.319531 -0.939687 -0.19975 0.357938 -0.912094 0.0600625 0.180531 -0.981719 -0.380688 0.43325 -0.816844 -0.276188 0.367344 -0.888094 -0.554812 0.826375 -0.0957187 -0.474 0.879875 -0.0328125 -0.356594 0.933719 0.0303438 -0.527781 0.849281 -0.00315625 -0.451313 0.8915 0.0379063 -0.348938 0.935844 0.0484063 -0.435594 0.898844 0.047375 -0.573156 0.819344 0.0078125 -0.528094 0.849156 -0.00325 -0.619656 0.784813 -0.00134375 -0.571344 0.820625 0.0117188 -0.80675 0.590563 -0.0171875 -0.8215 0.56925 -0.0308437 -0.89275 0.450344 0.0117188 -0.70625 0.707531 -0.0230938 -0.742938 0.668719 -0.028375 -0.636063 0.770156 -0.0461875 -0.55475 0.826406 -0.0957813 -0.861969 0.505375 -0.0387813 -0.894188 0.444531 -0.0521563 -0.810438 0.583562 -0.0503437 -0.741813 0.666219 -0.07625 -0.689656 0.706438 -0.158906 -0.577531 0.798063 -0.171719 -0.596438 0.756031 -0.269469 -0.654031 0.695969 -0.296219 -0.601562 0.689531 -0.403188 -0.614031 0.663969 -0.426594 -0.92425 0.380563 0.0304062 -0.923063 0.384375 -0.00825 -0.942375 0.333438 -0.0252813 -0.857219 0.509094 -0.0766563 -0.811625 0.572125 -0.117812 -0.772125 0.60125 -0.205375 -0.737969 0.577125 -0.349594 -0.694219 0.522875 -0.4945 -0.569562 0.599594 -0.562125 -0.616719 0.453438 -0.643406 -0.516656 0.530563 -0.671938 -0.528844 0.401781 -0.747563 -0.433625 0.461844 -0.773656 -0.406625 0.348125 -0.844594 -0.254219 0.286656 -0.923625 -0.276781 0.368688 -0.887344 -0.0389063 0.196875 -0.979594 0.0535938 0.183313 -0.981531 -0.951594 0.303156 0.0503125 -0.960063 0.277938 0.0318438 -0.984031 0.170031 0.0520938 -0.916625 0.393906 -0.0675313 -0.886906 0.4505 -0.101844 -0.851625 0.500125 -0.156656 -0.816594 0.517375 -0.25575 -0.773406 0.480188 -0.413719 -0.706875 0.408844 -0.577156 -0.579188 0.311188 -0.753438 -0.4235 0.22525 -0.877406 -0.206563 0.124063 -0.9705 0.0358125 0.117875 -0.992375 0.0375937 0.135312 -0.990031 -0.984156 0.158688 0.0788438 -0.995 0.098875 0.0104063 -0.974906 0.2225 0.00515625 -0.958781 0.280688 -0.043 -0.9365 0.339781 -0.0864375 -0.911875 0.388969 -0.130719 -0.881938 0.426625 -0.20025 -0.845 0.430656 -0.316938 -0.780688 0.375594 -0.499375 -0.669344 0.277656 -0.689094 -0.4595 0.135906 -0.877688 -0.238281 0.0161563 -0.971 -0.0009375 -0.00259375 -0.999969 -0.995719 0.00653125 0.092 -0.995938 -0.0290625 0.085125 -0.991 -0.09825 0.0903125 -0.998125 0.0380625 0.0472188 -0.987844 0.153313 -0.0244687 -0.975031 0.212031 -0.0654688 -0.95725 0.266 -0.11325 -0.937063 0.304563 -0.170625 -0.908375 0.326375 -0.261281 -0.859344 0.309063 -0.407313 -0.748469 0.218531 -0.626063 -0.559531 0.0761563 -0.825281 -0.274844 -0.0965312 -0.956594 -0.0302188 -0.113688 -0.993031 -0.9725 -0.219437 0.0779063 -0.984125 -0.169875 0.0510313 -0.955312 -0.294469 0.0236875 -0.994812 -0.0975625 0.0270625 -0.999531 -0.0305 0.0025625 -0.99925 0.030375 -0.02225 -0.995219 0.0845 -0.0484063 -0.986344 0.140188 -0.0858125 -0.972656 0.185188 -0.14 -0.954437 0.21025 -0.211531 -0.921531 0.211938 -0.325188 -0.848938 0.16475 -0.502031 -0.674281 0.0312813 -0.737719 -0.422344 -0.133219 -0.896563 -0.137031 -0.282375 -0.949406 -0.0597188 -0.259438 -0.963875 -0.942375 -0.329406 0.0577188 -0.928906 -0.368594 0.0349375 -0.899688 -0.435313 0.03175 -0.974906 -0.222188 0.00990625 -0.988375 -0.151719 -0.0053125 -0.996094 -0.0850938 -0.0216563 -0.998906 -0.0244375 -0.0396563 -0.997688 0.0285 -0.0613125 -0.991938 0.0801563 -0.0979375 -0.980563 0.116062 -0.158063 -0.962031 0.128094 -0.240781 -0.92175 0.110281 -0.371719 -0.823563 0.0356563 -0.566031 -0.600219 -0.122188 -0.790438 -0.329031 -0.278094 -0.902406 -0.079125 -0.395344 -0.915094 -0.868031 -0.496406 0.0045625 -0.818969 -0.573781 0.0014375 -0.9075 -0.42 0.0028125 -0.936844 -0.349687 -0.00346875 -0.960063 -0.279375 -0.0125625 -0.9775 -0.209688 -0.0228125 -0.989125 -0.142875 -0.0341563 -0.995438 -0.0820312 -0.048 -0.997281 -0.0297813 -0.0671875 -0.994344 0.0177813 -0.104219 -0.984438 0.0440938 -0.17 -0.963969 0.0421875 -0.262469 -0.913688 0.0039375 -0.406344 -0.789062 -0.0951875 -0.606875 -0.53275 -0.26175 -0.804688 -0.264781 -0.397 -0.87875 -0.8305 -0.556938 -0.000125 -0.819188 -0.573469 -0 -0.874344 -0.485219 -0.00325 -0.909344 -0.415906 -0.00975 -0.93825 -0.345313 -0.0179687 -0.961125 -0.274625 -0.0265625 -0.977813 -0.20625 -0.0358125 -0.988375 -0.143906 -0.0476875 -0.993594 -0.0912813 -0.0656563 -0.9935 -0.0465938 -0.103375 -0.984438 -0.0290313 -0.173156 -0.96125 -0.0439687 -0.271969 -0.900906 -0.100531 -0.422125 -0.756031 -0.216813 -0.617531 -0.48675 -0.38025 -0.786344 -0.231656 -0.495594 -0.837031 -0.09025 -0.524844 -0.846344 -0.836594 -0.547719 -0.000625 -0.874125 -0.485563 -0.005625 -0.908813 -0.416969 -0.0132188 -0.938062 -0.345688 -0.02125 -0.960844 -0.275281 -0.02975 -0.97675 -0.210344 -0.0405938 -0.986063 -0.156 -0.0575938 -0.989125 -0.112219 -0.0948438 -0.980906 -0.101156 -0.165813 -0.9555 -0.126594 -0.26625 -0.888313 -0.196281 -0.415125 -0.734656 -0.320844 -0.597719 -0.468937 -0.477188 -0.743156 -0.226531 -0.579437 -0.782844 -0.839469 -0.543375 -0.00115625 -0.874438 -0.485 -0.00615625 -0.9085 -0.417563 -0.0127813 -0.937594 -0.347031 -0.020125 -0.959594 -0.279781 -0.0297813 -0.973844 -0.222594 -0.045125 -0.980812 -0.177563 -0.0798438 -0.97425 -0.169969 -0.147938 -0.948313 -0.201813 -0.244781 -0.879844 -0.278313 -0.385188 -0.73025 -0.403844 -0.550875 -0.479906 -0.553937 -0.680219 -0.246844 -0.651563 -0.717219 -0.0951875 -0.651594 -0.752469 -0.842125 -0.539156 -0.0015 -0.819219 -0.573438 -0 -0.875625 -0.482844 -0.005625 -0.908938 -0.41675 -0.0110625 -0.936844 -0.349156 -0.0185938 -0.956719 -0.289156 -0.0309687 -0.968625 -0.240906 -0.0605313 -0.96475 -0.23325 -0.1215 -0.940531 -0.267188 -0.209656 -0.876625 -0.344375 -0.335875 -0.741938 -0.465688 -0.482313 -0.515813 -0.611094 -0.600281 -0.291 -0.710813 -0.640281 -0.0951875 -0.753969 -0.649938 -0.820094 -0.572156 -3.125e-05 -0.819188 -0.573469 -3.125e-05 -0.844906 -0.534813 -0.0014375 -0.877688 -0.479094 -0.0045 -0.909719 -0.414969 -0.0093125 -0.935219 -0.3535 -0.0177813 -0.952781 -0.300813 -0.0399688 -0.952812 -0.289688 -0.090125 -0.932281 -0.321594 -0.165344 -0.877406 -0.394469 -0.272812 -0.7645 -0.507688 -0.397125 -0.56975 -0.648969 -0.504125 -0.357125 -0.754875 -0.550031 -0.132406 -0.821781 -0.554125 -0.822875 -0.568156 -3.125e-05 -0.848219 -0.529531 -0.00115625 -0.880625 -0.473719 -0.00340625 -0.910469 -0.413406 -0.0076875 -0.934219 -0.356063 -0.0211562 -0.939031 -0.338813 -0.0579063 -0.9235 -0.365156 -0.117281 -0.879969 -0.429719 -0.202219 -0.791625 -0.532 -0.300375 -0.632469 -0.667844 -0.392188 -0.439656 -0.78125 -0.443063 -0.207406 -0.863125 -0.460375 -0.09175 -0.842125 -0.531313 -0.82575 -0.563906 -6.25e-05 -0.852531 -0.522563 -0.00053125 -0.884094 -0.467219 -0.00134375 -0.913719 -0.406188 -0.00615625 -0.924156 -0.380781 -0.028625 -0.914281 -0.39875 -0.0704063 -0.882688 -0.451594 -0.129688 -0.818 -0.540344 -0.197125 -0.694344 -0.668469 -0.266375 -0.527844 -0.788 -0.316781 -0.300281 -0.887563 -0.349219 -0.0866563 -0.911875 -0.401125 -0.121281 -0.926625 -0.355719 -0.829594 -0.558344 6.25e-05 -0.819188 -0.573438 -0 -0.858156 -0.513313 0.00109375 -0.892563 -0.450781 0.00346875 -0.909281 -0.416063 -0.0045625 -0.905594 -0.423219 -0.0275 -0.885281 -0.46125 -0.0585313 -0.840469 -0.533844 -0.092 -0.747156 -0.65125 -0.132563 -0.60825 -0.774281 -0.174469 -0.397344 -0.891281 -0.218281 -0.213531 -0.947156 -0.239281 -0.0815 -0.962906 -0.257094 -0.835063 -0.550094 0.00078125 -0.819188 -0.573469 3.125e-05 -0.871656 -0.489938 0.0073125 -0.895594 -0.444531 0.0129375 -0.898844 -0.438031 0.0110625 -0.888469 -0.458688 0.010625 -0.85775 -0.513875 0.009625 -0.786 -0.618156 -0.0035625 -0.671313 -0.740438 -0.0316875 -0.481094 -0.87325 -0.0771563 -0.308406 -0.944969 -0.10875 -0.128625 -0.983625 -0.125875 -0.851 -0.525063 0.00546875 -0.88475 -0.46525 0.0245938 -0.896469 -0.44025 0.0492813 -0.893188 -0.442531 0.07975 -0.882469 -0.461031 0.0927188 -0.85925 -0.503969 0.0874688 -0.76725 -0.639219 0.0515 -0.680656 -0.732219 0.0206875 -0.560719 -0.827812 -0.01475 -0.436281 -0.898719 -0.0432188 -0.313125 -0.94875 -0.0421875 -0.205375 -0.978625 -0.00246875 -0.0781875 -0.993937 -0.0767813 -0.0770938 -0.996844 -0.0179687 -0.0770938 -0.996969 -0.00346875 -0.81925 -0.573344 -0.00084375 -0.890844 -0.451 0.053375 -0.894188 -0.438563 0.0895938 -0.724281 0.689125 -0.0219375 0 -0.847938 0.530031 0 -0.825688 0.564094 0 -0.914344 0.404875 0 -0.762219 0.64725 0 -0.714813 0.699313 0 -0.676281 0.736625 0 -0.583625 0.811969 0 -0.579938 0.814625 0 -0.474687 0.880094 0 -0.4365 0.899625 0 -0.362125 0.932063 0 -0.277969 0.960563 0 -0.274344 0.961563 0 -0.138531 0.990313 0 -0.140188 0.990094 0 -1 -0 -0.205375 -0.978625 0.00246875 -0.0770938 -0.996969 0.00346875 -0.0770938 -0.996844 0.0179687 -0.0781875 -0.993937 0.0767813 -0.129562 -0.990313 0.0489688 -0.0777813 -0.9915 0.10425 -0.0659062 -0.986938 0.146781 -0.06125 -0.979031 0.194 0.094875 -0.98025 0.173469 -0.076875 -0.991594 0.104 0.323219 -0.91275 0.249563 0.508563 -0.85575 0.0948438 0.668156 -0.656656 0.349656 0.819094 -0.573563 -0 0.811312 -0.568031 0.137875 0.760844 -0.533625 0.369188 0.570188 -0.264031 0.777875 0.57225 -0.420563 0.703969 -0.0365313 -0.161781 0.986094 0.529719 -0.521812 0.668594 -0.059 -0.301469 0.951594 0.495656 -0.615687 0.6125 -0.0714375 -0.412094 0.908281 0.470406 -0.698563 0.539125 -0.079875 -0.53525 0.840875 0.452781 -0.77025 0.449031 -0.0826562 -0.632812 0.769813 -0.0821875 -0.710813 0.698531 0.444156 -0.814656 0.37275 -0.0796563 -0.789813 0.608063 0.438906 -0.85025 0.290344 -0.0752188 -0.86175 0.501688 -0.0717188 -0.902969 0.423594 0.436281 -0.876625 0.202875 -0.0665625 -0.948563 0.309438 0.0954688 -0.980156 0.173375 0.50825 -0.855875 0.094875 0.777469 -0.472219 0.41525 0.815219 -0.445031 0.370438 0.668156 -0.227344 0.708406 0.842781 -0.401844 0.357938 0.715937 -0.141813 0.6835 0.870719 -0.359094 0.335875 0.765594 -0.058125 0.640625 0.897875 -0.318344 0.303969 0.81475 0.0208125 0.579313 0.923406 -0.280625 0.261656 0.861844 0.0934375 0.498406 0.940406 -0.255906 0.223844 0.893469 0.140844 0.426313 0.954969 -0.234844 0.181125 0.920906 0.181125 0.344938 0.966688 -0.218031 0.133781 0.943125 0.21325 0.25475 0.973219 -0.214625 0.0817188 0.963313 0.218125 0.15625 0.755406 0.623344 0.201687 0.398688 0.032 0.916469 0.453375 0.145063 0.879406 0.0884688 0.269563 0.958875 0.511594 0.254 0.82075 0.139969 0.389688 0.910219 0.570594 0.355844 0.740094 0.205031 0.520375 0.828875 0.628125 0.448875 0.6355 0.272344 0.639969 0.7185 0.300594 0.687187 0.661313 0.667375 0.509344 0.543187 0.340438 0.750437 0.566406 0.701781 0.560719 0.439375 0.375375 0.8035 0.461906 0.729813 0.601656 0.324469 0.406344 0.848844 0.338031 0.443563 0.886344 0.132719 0.7335 0.636719 0.237656 0.840563 0.329969 0.429563 0.9175 0.250094 0.309219 0.837469 -0.100938 0.536969 0.928594 -0.183375 0.322469 0.688125 -0.481813 0.542406 0.805969 -0.565219 0.175719 0.472 0.881375 0.0181875 0.485781 0.874031 -0.001 0.472219 0.881469 0.000125 0 0.999406 -0.0336563 0 0.987688 -0.156406 0 0.989563 -0.143844 0 0.967656 -0.252219 0 0.951031 -0.308969 0 0.915344 -0.402594 0 0.890969 -0.453969 0 0.839844 -0.54275 0 0.809 -0.587781 0 0.743031 -0.669156 0 0.707094 -0.707094 0 0.627469 -0.778625 0 0.587781 -0.809 0 0.495906 -0.868344 0 0.453969 -0.890969 0 0.351813 -0.936 0 0.308969 -0.951031 0 0.156406 -0.987688 0 0.198812 -0.98 0 0.0407812 -0.999125 0 -0.120594 -0.992688 0 -0.156406 -0.987688 0 -0.2395 -0.970875 0 -0.308969 -0.951031 0 -0.351438 -0.936188 0 -0.453969 -0.890969 0 -0.458531 -0.888656 0 -0.587781 -0.809 0 -0.559344 -0.828875 0 -0.652469 -0.757719 0 -0.707094 -0.707094 0 -0.736625 -0.676188 0 -0.809 -0.587781 0 -0.810719 -0.585375 0 -0.890969 -0.453969 0 -0.873656 -0.486531 0 -0.924563 -0.380937 0 -0.951031 -0.308969 0 -0.970281 -0.241812 0 -0.987688 -0.156406 0 -0.995219 -0.0975313 -0.707094 0.0288125 -0.706469 -0.707094 0.0780938 -0.70275 -0.707094 0.140594 -0.692937 -0.707094 0.155219 -0.689844 -0.707094 0.24875 -0.661875 -0.707094 0.262781 -0.656438 -0.707094 0.350688 -0.614 -0.707094 0.363656 -0.606406 -0.707094 0.443656 -0.550563 -0.707094 0.455281 -0.541 -0.707094 0.525406 -0.473188 -0.707094 0.535375 -0.461844 -0.707094 0.601906 -0.371031 -0.707094 0.593844 -0.383781 -0.707094 0.647219 -0.284656 -0.707094 0.653188 -0.27075 -0.707094 0.684219 -0.178375 -0.707094 0.687844 -0.163625 -0.707094 0.69975 -0.101656 -0.707094 0.705156 -0.0523437 -0.707094 0.706688 -0.02375 -0.707094 0.706688 -0.0235625 -0.707094 0.706688 0.02375 -0.707094 0.706688 0.0235625 -0.707094 0.701156 0.0911563 -0.707094 0.69975 0.101438 -0.707094 0.680969 0.190406 -0.707094 0.68425 0.178156 -0.707094 0.647313 0.2845 -0.707094 0.646719 0.285844 -0.707094 0.593938 0.383656 -0.707094 0.609719 0.358 -0.707094 0.56475 0.425438 -0.707094 0.525469 0.473062 -0.707094 0.512281 0.487344 -0.707094 0.453156 0.54275 -0.707094 0.443719 0.550469 -0.707094 0.350719 0.613937 -0.707094 0.388 0.591094 -0.707094 0.317813 0.631625 -0.707094 0.248812 0.661844 -0.707094 0.243406 0.663844 -0.707094 0.16575 0.687375 -0.707094 0.140625 0.692937 -0.707094 0.0834688 0.702125 -0.707094 0.0288125 0.706469 0 -0.992688 0.120594 0 -0.987688 0.156406 0 -0.970875 0.2395 0 -0.951031 0.308969 0 -0.936188 0.351438 0 -0.890969 0.453969 0 -0.888656 0.458531 0 -0.809 0.587781 0 -0.828875 0.559344 0 -0.757719 0.652469 0 -0.707094 0.707094 0 -0.676188 0.736625 0 -0.587781 0.809 0 -0.585375 0.810719 0 -0.453969 0.890969 0 -0.486531 0.873656 0 -0.380937 0.924563 0 -0.308969 0.951031 0 -0.241812 0.970281 0 -0.156406 0.987688 0 -0.0975313 0.995219 0 0.118 0.992969 0 0.156406 0.987688 0 0.234437 0.972094 0 0.308969 0.951031 0 0.344219 0.938875 0 0.453969 0.890969 0 0.449406 0.89325 0 0.548781 0.835938 0 0.587781 0.809 0 0.640844 0.767594 0 0.707094 0.707094 0 0.7245 0.689188 0 0.809 0.587781 0 0.798688 0.601687 0 0.862312 0.506281 0 0.890969 0.453969 0 0.914594 0.404219 0 0.951031 0.308969 0 0.963 0.269344 0 0.987688 0.156406 0 0.991625 0.128906 0 0.999406 0.0336563 -0.340594 0 -0.940188 -0.308969 0 -0.951031 -0.746406 0 -0.665469 -0.951031 0 -0.308969 -1 0 -0 -0.987688 0 0.156406 -0.724281 0 0.689438 -0.809 0 0.587781 -0.387344 0 0.921875 -0.453969 0 0.890969 0.505844 0.861719 -0.038375 0.390125 0.639094 0.662781 0.561969 0.493688 0.663594 0.205375 0.336469 0.919 0.17625 -0.123219 0.976562 0.660375 0.681406 0.315375 0.485281 0.874313 0.00040625 0.725062 0.343937 0.596531 0.33375 -0.233688 0.913188 0.506938 -0.354906 0.785469 0.632688 0.443031 0.635094 0.819562 0.572875 -0.00453125 0.581688 0.406875 0.704219 0.818656 0.574094 -0.010125 0.577031 0.424125 0.697906 0.81625 0.577469 -0.0154688 0.806531 0.590625 -0.0238438 0.756938 0.652844 -0.0285938 0.5395 0.47275 0.696688 0.701375 0.712344 -0.0235625 0.498563 0.513219 0.698563 0.457063 0.548813 0.699844 0.583 0.812156 -0.02125 0.416063 0.582094 0.698563 0.552031 0.833313 -0.0282187 0.390125 0.639094 0.66275 0.337281 0.236188 0.911219 0.861125 0.508313 -0 0.842313 0.538906 -0 0.898969 0.437969 -0 0.914375 0.404813 -0 0.955187 0.295875 -0 0.950844 0.3095 -0 0.970469 0.240969 -0 0.97525 0.220875 -0 0.994344 0.106094 -0 0.996719 0.0804688 -0 0.999906 -0.0100938 -0 0.996594 -0.0821875 -0 0.986313 -0.164531 -0 0.979156 -0.202969 -0 0.949 -0.315094 -0 0.947125 -0.320781 -0 0.92175 -0.387719 -0 0.917875 -0.39675 -0 0.870438 -0.492188 -0 0.841375 -0.540344 -0 0.807375 -0.589938 -0 0.706469 -0.707687 -0 0.742625 -0.669594 -0 0.662313 -0.749188 -0 0.588531 -0.808438 -0 0.573563 -0.819094 -0 0.524063 -0.851656 -0 0.538906 -0.842313 -0 0.421594 -0.906781 -0 0.395156 -0.918594 -0 0.313344 -0.949625 -0 0.240969 -0.970469 -0 0.17125 -0.985219 -0 0.120969 -0.992594 -0 0.0255 -0.999656 -0 -0.00084375 -0.999969 -0 0.0232813 -0.999687 -0 0.016625 -0.999844 -0 -0.003 -0.999969 -0 -0.0821875 -0.996594 -0 -0.0206875 -0.999781 -0 -0.0294062 -0.999563 -0 -0.0315938 -0.999469 -0 -0.146563 -0.989156 -0 -0.242656 -0.970062 -0 -0.259594 -0.965688 -0 -0.39675 -0.917875 -0 -0.415844 -0.909375 -0 -0.505625 -0.862719 -0 -0.560656 -0.828 -0 -0.606969 -0.794656 -0 -0.621938 -0.783 -0 -0.669594 -0.742625 -0 -0.706906 -0.707219 -0 -0.749188 -0.662313 -0 -0.78275 -0.62225 -0 -0.819094 -0.573563 -0 -0.819125 -0.573563 -0 -0.819125 -0.573531 -0 -0.327625 -0.674781 0.661219 -0.560625 -0.827906 -0.0149062 -0.444 -0.547594 0.709188 -0.680656 -0.732219 0.0208125 -0.525375 -0.445719 0.724719 -0.767156 -0.639281 0.05175 -0.582219 -0.341563 0.73775 -0.85925 -0.503969 0.0873438 -0.606 -0.296094 0.73825 -0.882469 -0.461031 0.0925 -0.894188 -0.438563 0.0894063 -0.890906 -0.451 0.0535313 -0.613406 -0.310031 0.726313 -0.747063 -0.522313 0.411063 -0.520469 -0.363813 0.772438 -0.819531 -0.572937 -0.000125 -0.172531 -0.355406 0.918594 3.125e-05 3.125e-05 0.999969 0.000125 0.000125 0.999969 0.00040625 0.00025 0.999969 0.0004375 0.00025 0.999969 -6.25e-05 -3.125e-05 0.999969 0.00065625 0.0003125 0.999969 0.00021875 0.000125 0.999969 -0.204531 -0.978813 -0.00140625 -0.0285 -0.783406 0.620844 -0.313188 -0.948687 -0.0422813 0.0241563 -0.953344 0.300813 0.303906 -0.726906 0.61575 0.394719 -0.2765 0.876156 0.506813 -0.354813 0.785594 0.159125 -0.112656 0.980781 0.650375 -0.454313 0.608719 0.506625 -0.354813 0.785688 0.588969 -0.576813 0.565969 0.761187 -0.532969 0.369344 0.302625 -0.726562 0.616813 0.257406 -0.901281 0.348281 0.0219688 -0.952875 0.3025 -0.205344 -0.978625 0.00246875 0.668406 -0.65625 0.349875 0.323938 -0.912313 0.250313 -0.127 -0.990531 0.0509688 -0.0758438 -0.991531 0.105031 0.175812 -0.123125 0.976656 0.159187 -0.111437 0.980875 0.394781 -0.276469 0.876156 0.334406 -0.234156 0.912844 0.506844 -0.354906 0.7855 0.506719 -0.35475 0.785688 0.649719 -0.454906 0.608938 0.806406 -0.564656 0.175563 0.811188 -0.568031 0.138563 0.688156 -0.481875 0.542375 0.837469 -0.101 0.536969 0.725781 0.343563 0.595906 0.840594 0.329906 0.4295 0.66125 0.680938 0.314594 0.470625 0.879938 0.0642188 0.48625 0.873781 -0.000375 1 0 -0 0.102094 -0.145812 -0.984 0.136094 -0.146563 -0.979781 0.154781 -0.126375 -0.979813 0.170406 -0.103781 -0.979875 0.18275 -0.0791562 -0.979906 0.191594 -0.053125 -0.98 0.196812 -0.0260313 -0.980031 0.198437 0.0014375 -0.980094 0.196313 0.0290625 -0.980094 0.192031 0.0492813 -0.980125 0.184188 0.0697813 -0.980375 0.171031 0.0933125 -0.980781 0.154406 0.115125 -0.981219 0.133437 0.135531 -0.981719 0.108625 0.153219 -0.982188 0.078125 0.167562 -0.982719 0.0439687 0.176344 -0.983281 0.0005 0.177031 -0.984156 -0.04125 0.165969 -0.985219 -0.0698125 0.152344 -0.985844 -0.0846875 0.121906 -0.988906 -0.146938 0.212375 -0.966031 0.175969 -0.251344 -0.951719 0.234313 -0.246688 -0.940313 0.268594 -0.209469 -0.940188 0.29725 -0.167531 -0.939906 0.319813 -0.121813 -0.939562 0.335719 -0.073 -0.939094 0.344656 -0.0220938 -0.938438 0.3465 0.0298437 -0.937563 0.340906 0.0823437 -0.936437 0.336906 0.116875 -0.934219 0.321875 0.154219 -0.934125 0.298 0.195875 -0.934219 0.266313 0.233906 -0.935063 0.227594 0.268156 -0.936063 0.181313 0.295188 -0.938031 0.12675 0.314375 -0.94075 0.0667187 0.321312 -0.944562 -0.00609375 0.313625 -0.9495 -0.0742188 0.288938 -0.954406 -0.120656 0.263281 -0.957125 -0.184781 0.267406 -0.945656 0.258812 -0.369656 -0.892344 0.315969 -0.32425 -0.891594 0.363969 -0.269031 -0.891688 0.402375 -0.20675 -0.891813 0.430156 -0.138969 -0.891937 0.446594 -0.0675 -0.892125 0.451094 0.00578125 -0.892438 0.443656 0.0787188 -0.892656 0.424188 0.149656 -0.893094 0.415906 0.192906 -0.888656 0.390406 0.239656 -0.888875 0.355781 0.290125 -0.888344 0.311563 0.335375 -0.889 0.261656 0.375844 -0.888906 0.204344 0.407375 -0.890063 0.139031 0.430313 -0.891875 0.0670312 0.437531 -0.896688 -0.021375 0.425875 -0.9045 -0.105687 0.392344 -0.913688 -0.164438 0.357781 -0.919156 -0.221031 0.320031 -0.921219 0.296313 -0.423219 -0.856125 0.393313 -0.394188 -0.830531 0.454469 -0.319687 -0.831375 0.500969 -0.235531 -0.832781 0.531344 -0.144562 -0.834719 0.544469 -0.0500938 -0.837219 0.540156 0.0446563 -0.840344 0.518781 0.136156 -0.843938 0.481219 0.221406 -0.848094 0.462156 0.271531 -0.844156 0.424469 0.323344 -0.845688 0.376781 0.37775 -0.845688 0.320344 0.425125 -0.846531 0.259906 0.466875 -0.845219 0.195438 0.500313 -0.843437 0.125125 0.526344 -0.840937 0.049625 0.537562 -0.841688 -0.0452188 0.528281 -0.847844 -0.139812 0.49175 -0.859375 -0.208219 0.45125 -0.867719 -0.295281 0.426906 -0.854688 0.333969 -0.476938 -0.813 0.475125 -0.467063 -0.745656 0.550438 -0.3715 -0.747594 0.605563 -0.263594 -0.750781 0.638531 -0.147594 -0.755281 0.648125 -0.028375 -0.760938 0.634438 0.0891875 -0.767781 0.5985 0.200375 -0.775594 0.5425 0.300813 -0.784281 0.508969 0.35875 -0.782406 0.458 0.415719 -0.785688 0.394469 0.473781 -0.787281 0.323719 0.522563 -0.788688 0.249656 0.564188 -0.786906 0.175625 0.597531 -0.782313 0.0980625 0.624344 -0.774906 0.020375 0.639531 -0.768438 -0.0774688 0.635406 -0.768219 -0.179937 0.600031 -0.779375 -0.257594 0.556063 -0.790156 -0.361688 0.521688 -0.772625 0.424563 -0.606344 -0.672281 0.567813 -0.549906 -0.612469 0.659813 -0.431188 -0.615344 0.726 -0.297031 -0.620125 0.763969 -0.153125 -0.626719 0.772344 -0.005625 -0.635156 0.75125 0.139156 -0.645156 0.702219 0.275156 -0.656563 0.628438 0.39675 -0.669031 0.578531 0.46575 -0.6695 0.512375 0.531219 -0.674688 0.429563 0.596094 -0.678281 0.340375 0.648562 -0.68075 0.247375 0.690875 -0.67925 0.158469 0.722938 -0.672406 0.0678438 0.747156 -0.661125 -0.0154063 0.762 -0.647344 -0.117469 0.7605 -0.638563 -0.228594 0.727938 -0.646344 -0.317313 0.682469 -0.658375 -0.442906 0.636813 -0.631031 0.528313 -0.754531 -0.389188 0.66675 -0.639344 -0.382906 0.777344 -0.497094 -0.385406 0.857406 -0.336094 -0.389625 0.903844 -0.162813 -0.3955 0.915031 0.0155313 -0.403031 0.890719 0.19175 -0.412031 0.832313 0.35875 -0.4225 0.743219 0.509219 -0.433906 0.677063 0.593156 -0.435531 0.594375 0.67175 -0.442 0.489406 0.748125 -0.448063 0.377375 0.808031 -0.45225 0.2605 0.852969 -0.45225 0.150969 0.882219 -0.445906 0.0420938 0.899719 -0.434344 -0.051125 0.906563 -0.418813 -0.160344 0.900281 -0.404563 -0.282375 0.869219 -0.40575 -0.384969 0.824531 -0.414469 -0.521781 0.748125 -0.409813 0.742688 -0.669594 -0 0.917844 -0.396844 -0 0.947156 -0.320719 -0 0.979156 -0.203063 -0 0.996719 0.0805 -0 0.970469 0.241063 -0 0.950844 0.3095 3.125e-05 0.898938 0.437969 -6.25e-05 0.842656 0.538406 -0.000125 0.819656 0.572781 -0 0.771281 0.636375 -0.000625 0.694969 0.718938 -0.005625 0.6085 0.793406 -0.0122813 0.538625 0.842313 -0.0175 0.475563 0.879406 -0.0213438 0.41975 0.907281 -0.0240312 0.323219 0.945875 -0.0274375 0.182563 0.982719 -0.0292188 0.0538125 0.998125 -0.0275625 -0.0683125 0.997375 -0.0233125 -0.177062 0.984031 -0.0140938 -0.296969 0.954844 -0.004375 -0.44725 0.894375 0.00421875 -0.573094 0.819438 0.0075 -0.530031 0.759656 -0.376656 -0.0855938 0.121281 -0.988906 -0.119313 0.117719 -0.985844 -0.141844 0.0955 -0.985219 -0.166531 0.0600625 -0.984156 -0.18075 0.0189375 -0.983281 -0.184188 -0.0160937 -0.982719 -0.181125 -0.049625 -0.982188 -0.173031 -0.0790313 -0.981719 -0.160969 -0.10575 -0.981219 -0.146156 -0.12875 -0.980781 -0.128531 -0.149219 -0.980375 -0.112031 -0.163625 -0.980125 -0.0944688 -0.174531 -0.980094 -0.0691875 -0.186 -0.980094 -0.0428125 -0.193875 -0.980031 -0.0155938 -0.198188 -0.980031 0.0119063 -0.198812 -0.979906 0.0391875 -0.195625 -0.979875 0.0657813 -0.188656 -0.979813 0.0911563 -0.178031 -0.979781 0.102063 -0.145812 -0.984 -0.149281 0.210719 -0.966031 -0.206125 0.203469 -0.957125 -0.246125 0.168563 -0.954406 -0.292625 0.113063 -0.9495 -0.32475 0.047125 -0.944562 -0.338813 -0.0115625 -0.94075 -0.339438 -0.0694062 -0.938031 -0.329844 -0.122125 -0.936063 -0.310906 -0.170219 -0.935063 -0.286 -0.213 -0.934219 -0.255031 -0.249656 -0.934125 -0.225094 -0.276563 -0.934219 -0.194 -0.292125 -0.936437 -0.146563 -0.315375 -0.937563 -0.0970938 -0.331406 -0.938438 -0.046125 -0.340438 -0.939125 0.0050625 -0.342156 -0.939562 0.05575 -0.336625 -0.939969 0.104938 -0.324031 -0.940188 0.151688 -0.304563 -0.940313 0.258781 -0.369656 -0.892344 -0.188094 0.265063 -0.945656 -0.279938 0.276906 -0.919156 -0.3325 0.233531 -0.913688 -0.392844 0.165719 -0.9045 -0.434063 0.0865625 -0.896688 -0.451906 0.0164688 -0.891875 -0.452719 -0.052625 -0.890063 -0.442688 -0.117344 -0.888906 -0.42175 -0.178062 -0.889 -0.394344 -0.235062 -0.888344 -0.358719 -0.284875 -0.888875 -0.3235 -0.324844 -0.888656 -0.285688 -0.347469 -0.893094 -0.225719 -0.389969 -0.892656 -0.159719 -0.421906 -0.892438 -0.0892813 -0.44275 -0.892125 -0.0164688 -0.45175 -0.891937 0.056625 -0.448813 -0.891813 0.128312 -0.434 -0.891688 0.196594 -0.407813 -0.891594 -0.225125 0.317156 -0.921219 -0.352844 0.349969 -0.867719 -0.414219 0.299563 -0.859375 -0.480938 0.223188 -0.847844 -0.522125 0.137125 -0.841688 -0.537406 0.0624375 -0.840937 -0.537 -0.0125 -0.843437 -0.527656 -0.0845938 -0.845219 -0.509063 -0.155625 -0.846531 -0.483875 -0.224875 -0.845688 -0.449031 -0.288281 -0.845688 -0.413219 -0.341406 -0.844156 -0.372656 -0.376437 -0.848094 -0.305375 -0.440969 -0.843938 -0.22675 -0.492281 -0.840344 -0.139156 -0.528813 -0.837219 -0.0457813 -0.548719 -0.834719 0.05 -0.551313 -0.83275 0.144969 -0.536406 -0.831375 0.235938 -0.504438 -0.830531 0.333906 -0.476938 -0.812937 -0.300156 0.423438 -0.854688 -0.434438 0.432219 -0.790156 -0.502344 0.374344 -0.779375 -0.570594 0.290125 -0.768219 -0.607938 0.199531 -0.768438 -0.620281 0.121375 -0.774906 -0.621625 0.03925 -0.782313 -0.615562 -0.041625 -0.786906 -0.601781 -0.125469 -0.788688 -0.580156 -0.208656 -0.787281 -0.547281 -0.288188 -0.785688 -0.511187 -0.355563 -0.782406 -0.46825 -0.406875 -0.784281 -0.393 -0.493906 -0.775594 -0.300813 -0.565625 -0.767781 -0.194906 -0.618781 -0.760938 -0.0796563 -0.6505 -0.755281 0.0405313 -0.65925 -0.750781 0.160812 -0.644313 -0.747594 0.276406 -0.606219 -0.745656 0.424563 -0.606406 -0.672281 -0.366469 0.518313 -0.772625 -0.53275 0.531594 -0.658375 -0.605812 0.463813 -0.646344 -0.674469 0.370531 -0.638531 -0.710719 0.275094 -0.647344 -0.725344 0.191781 -0.661094 -0.733563 0.0983438 -0.672406 -0.733844 0.00375 -0.67925 -0.725906 -0.0979687 -0.680719 -0.707094 -0.19975 -0.67825 -0.674438 -0.299781 -0.674656 -0.635531 -0.384313 -0.6695 -0.58775 -0.454844 -0.669031 -0.498781 -0.56575 -0.656563 -0.387688 -0.658312 -0.645156 -0.258781 -0.727719 -0.635094 -0.117375 -0.770281 -0.626719 0.0308125 -0.783844 -0.620094 0.179531 -0.767469 -0.615313 0.322531 -0.721656 -0.612469 -0.446938 0.634 -0.631031 -0.643125 0.643781 -0.414469 -0.720219 0.562625 -0.40575 -0.791125 0.458594 -0.404563 -0.834406 0.358125 -0.418813 -0.859875 0.268094 -0.434344 -0.880625 0.159812 -0.445906 -0.890625 0.0469063 -0.45225 -0.888406 -0.0782813 -0.45225 -0.870406 -0.203969 -0.448063 -0.834531 -0.32875 -0.441938 -0.788938 -0.433375 -0.435531 -0.732719 -0.524219 -0.433906 -0.621813 -0.659375 -0.4225 -0.484844 -0.771438 -0.412031 -0.3275 -0.8545 -0.403031 -0.156062 -0.905031 -0.3955 0.0225625 -0.920656 -0.389625 0.20125 -0.900469 -0.385406 0.37275 -0.845219 -0.382906 0.573531 -0.819125 -3.125e-05 -0.5245 0.746219 -0.409813 -0.532531 0.757906 -0.376719 -0.573969 0.818781 0.0074375 -0.714688 0.699406 0.00234375 -0.805219 0.592875 -0.00559375 -0.860781 0.508656 -0.0135938 -0.903844 0.427188 -0.0216563 -0.935313 0.352781 -0.0259062 -0.972313 0.231656 -0.0287813 -0.994781 0.0976562 -0.0289063 -0.999188 0.0290625 -0.0276562 -0.999125 -0.031125 -0.026 -0.996094 -0.0842813 -0.0240938 -0.983906 -0.177563 -0.0197813 -0.949656 -0.312969 -0.0115 -0.896781 -0.442406 -0.00371875 -0.818594 -0.574313 -6.25e-05 -0.749094 -0.662406 -0.0001875 -0.669594 -0.742688 -0 -0.607 -0.794656 -0 -0.505594 -0.862719 -3.125e-05 -0.396844 -0.917844 -3.125e-05 -0.24275 -0.970031 -3.125e-05 -0.0821875 -0.996594 -3.125e-05 -0.000875 -0.999969 -3.125e-05 0.120969 -0.992594 -3.125e-05 0.241063 -0.970469 -3.125e-05 0.395156 -0.918594 -3.125e-05 0.538844 -0.842344 -3.125e-05 0.793375 0.347156 0.499938 0.846219 0.184031 0.499938 0.865875 0.0137188 0.499938 0.851656 -0.157094 0.499938 0.804 -0.321813 0.499938 0.724781 -0.473938 0.499938 0.617188 -0.607437 0.499938 0.485375 -0.717188 0.499938 0.334563 -0.798781 0.499938 0.170625 -0.849031 0.499938 0.0251875 -0.987219 0.157125 0.458 0.200438 0.866 0.488531 0.106281 0.865969 0.499875 0.007875 0.866 0.491688 -0.0907188 0.865969 0.464125 -0.185813 0.866 0.418438 -0.273594 0.866 0.356313 -0.350688 0.865969 0.28025 -0.414062 0.865969 0.193156 -0.461125 0.865969 0.0984688 -0.490156 0.865969 0.02125 -0.82875 0.559125 0.0132188 -0.511594 0.859062 0 -0.5 0.865969 -0.92075 0 0.390125 -0.890969 0 0.453969 -0.587781 0 0.809 -0.688969 0 0.724781 -0.156406 0 0.987688 0.308969 0 0.951031 0.619125 0 0.78525 0.707094 0 0.707094 0.924563 0 0.381 0.951031 0 0.308969 -0.0309063 -0.977125 0.210094 -0.025 -0.786031 0.617594 -0.134875 -0.694094 0.707094 -0.0165312 -0.517344 0.855563 -0.259594 -0.965688 -3.125e-05 -0.264844 -0.655594 0.707094 -0.415844 -0.909375 -6.25e-05 -0.385062 -0.592969 0.707094 -0.560656 -0.828 -9.375e-05 -0.491188 -0.508594 0.707094 -0.621938 -0.783 -9.375e-05 -0.706906 -0.707219 -0.000125 -0.78275 -0.62225 -0.000125 -0.74675 -0.522875 0.410969 -0.819125 -0.573563 -0.000125 -0.520312 -0.364344 0.772313 -3.125e-05 0 0.999969</float_array>
					<technique_common>
						<accessor count="1551" source="#ID8" stride="3">
							<param name="X" type="float"/>
							<param name="Y" type="float"/>
							<param name="Z" type="float"/>
						</accessor>
					</technique_common>
				</source>
				<source id="ID9">
					<float_array id="ID10" count="2" digits="2490374">0 1</float_array>
					<technique_common>
						<accessor count="1" source="#ID10" stride="2">
							<param name="S" type="float"/>
							<param name="T" type="float"/>
						</accessor>
					</technique_common>
				</source>
				<vertices id="ID11">
					<input semantic="POSITION" source="#ID5"/>
				</vertices>
				<polylist count="2763">
					<input offset="0" semantic="VERTEX" source="#ID11" set="0"/>
					<input offset="1" semantic="NORMAL" source="#ID7" set="0"/>
					<input offset="2" semantic="TEXCOORD" source="#ID9" set="0"/>
					<vcount>3 3 3 3 3 3 3 3 3 3 3 3 3 3 3 3 3 3 3 3 3 3 3 3 3 3 3 3 3 3 3 3 3 3 3 3 3 3 3 3 3 3 3 3 3 3 3 3 3 3 3 3 3 3 3 3 3 3 3 3 3 3 3 3 3 3 3 3 3 3 3 3 3 3 3 3 3 3 3 3 3 3 3 3 3 3 3 3 3 3 3 3 3 3 3 3 3 3 3 3 3 3 3 3 3 3 3 3 3 3 3 3 3 3 3 3 3 3 3 3 3 3 3 3 3 3 3 3 3 3 3 3 3 3 3 3 3 3 3 3 3 3 3 3 3 3 3 3 3 3 3 3 3 3 3 3 3 3 3 3 3 3 3 3 3 3 3 3 3 3 3 3 3 3 3 3 3 3 3 3 3 3 3 3 3 3 3 3 3 3 3 3 3 3 3 3 3 3 3 3 3 3 3 3 3 3 3 3 3 3 3 3 3 3 3 3 3 3 3 3 3 3 3 3 3 3 3 3 3 3 3 3 3 3 3 3 3 3 3 3 3 3 3 3 3 3 3 3 3 3 3 3 3 3 3 3 3 3 3 3 3 3 3 3 3 3 3 3 3 3 3 3 3 3 3 3 3 3 3 3 3 3 3 3 3 3 3 3 3 3 3 3 3 3 3 3 3 3 3 3 3 3 3 3 3 3 3 3 3 3 3 3 3 3 3 3 3 3 3 3 3 3 3 3 3 3 3 3 3 3 3 3 3 3 3 3 3 3 3 3 3 3 3 3 3 3 3 3 3 3 3 3 3 3 3 3 3 3 3 3 3 3 3 3 3 3 3 3 3 3 3 3 3 3 3 3 3 3 3 3 3 3 3 3 3 3 3 3 3 3 3 3 3 3 3 3 3 3 3 3 3 3 3 3 3 3 3 3 3 3 3 3 3 3 3 3 3 3 3 3 3 3 3 3 3 3 3 3 3 3 3 3 3 3 3 3 3 3 3 3 3 3 3 3 3 3 3 3 3 3 3 3 3 3 3 3 3 3 3 3 3 3 3 3 3 3 3 3 3 3 3 3 3 3 3 3 3 3 3 3 3 3 3 3 3 3 3 3 3 3 3 3 3 3 3 3 3 3 3 3 3 3 3 3 3 3 3 3 3 3 3 3 3 3 3 3 3 3 3 3 3 3 3 3 3 3 3 3 3 3 3 3 3 3 3 3 3 3 3 3 3 3 3 3 3 3 3 3 3 3 3 3 3 3 3 3 3 3 3 3 3 3 3 3 3 3 3 3 3 3 3 3 3 3 3 3 3 3 3 3 3 3 3 3 3 3 3 3 3 3 3 3 3 3 3 3 3 3 3 3 3 3 3 3 3 3 3 3 3 3 3 3 3 3 3 3 3 3 3 3 3 3 3 3 3 3 3 3 3 3 3 3 3 3 3 3 3 3 3 3 3 3 3 3 3 3 3 3 3 3 3 3 3 3 3 3 3 3 3 3 3 3 3 3 3 3 3 3 3 3 3 3 3 3 3 3 3 3 3 3 3 3 3 3 3 3 3 3 3 3 3 3 3 3 3 3 3 3 3 3 3 3 3 3 3 3 3 3 3 3 3 3 3 3 3 3 3 3 3 3 3 3 3 3 3 3 3 3 3 3 3 3 3 3 3 3 3 3 3 3 3 3 3 3 3 3 3 3 3 3 3 3 3 3 3 3 3 3 3 3 3 3 3 3 3 3 3 3 3 3 3 3 3 3 3 3 3 3 3 3 3 3 3 3 3 3 3 3 3 3 3 3 3 3 3 3 3 3 3 3 3 3 3 3 3 3 3 3 3 3 3 3 3 3 3 3 3 3 3 3 3 3 3 3 3 3 3 3 3 3 3 3 3 3 3 3 3 3 3 3 3 3 3 3 3 3 3 3 3 3 3 3 3 3 3 3 3 3 3 3 3 3 3 3 3 3 3 3 3 3 3 3 3 3 3 3 3 3 3 3 3 3 3 3 3 3 3 3 3 3 3 3 3 3 3 3 3 3 3 3 3 3 3 3 3 3 3 3 3 3 3 3 3 3 3 3 3 3 3 3 3 3 3 3 3 3 3 3 3 3 3 3 3 3 3 3 3 3 3 3 3 3 3 3 3 3 3 3 3 3 3 3 3 3 3 3 3 3 3 3 3 3 3 3 3 3 3 3 3 3 3 3 3 3 3 3 3 3 3 3 3 3 3 3 3 3 3 3 3 3 3 3 3 3 3 3 3 3 3 3 3 3 3 3 3 3 3 3 3 3 3 3 3 3 3 3 3 3 3 3 3 3 3 3 3 3 3 3 3 3 3 3 3 3 3 3 3 3 3 3 3 3 3 3 3 3 3 3 3 3 3 3 3 3 3 3 3 3 3 3 3 3 3 3 3 3 3 3 3 3 3 3 3 3 3 3 3 3 3 3 3 3 3 3 3 3 3 3 3 3 3 3 3 3 3 3 3 3 3 3 3 3 3 3 3 3 3 3 3 3 3 3 3 3 3 3 3 3 3 3 3 3 3 3 3 3 3 3 3 3 3 3 3 3 3 3 3 3 3 3 3 3 3 3 3 3 3 3 3 3 3 3 3 3 3 3 3 3 3 3 3 3 3 3 3 3 3 3 3 3 3 3 3 3 3 3 3 3 3 3 3 3 3 3 3 3 3 3 3 3 3 3 3 3 3 3 3 3 3 3 3 3 3 3 3 3 3 3 3 3 3 3 3 3 3 3 3 3 3 3 3 3 3 3 3 3 3 3 3 3 3 3 3 3 3 3 3 3 3 3 3 3 3 3 3 3 3 3 3 3 3 3 3 3 3 3 3 3 3 3 3 3 3 3 3 3 3 3 3 3 3 3 3 3 3 3 3 3 3 3 3 3 3 3 3 3 3 3 3 3 3 3 3 3 3 3 3 3 3 3 3 3 3 3 3 3 3 3 3 3 3 3 3 3 3 3 3 3 3 3 3 3 3 3 3 3 3 3 3 3 3 3 3 3 3 3 3 3 3 3 3 3 3 3 3 3 3 3 3 3 3 3 3 3 3 3 3 3 3 3 3 3 3 3 3 3 3 3 3 3 3 3 3 3 3 3 3 3 3 3 3 3 3 3 3 3 3 3 3 3 3 3 3 3 3 3 3 3 3 3 3 3 3 3 3 3 3 3 3 3 3 3 3 3 3 3 3 3 3 3 3 3 3 3 3 3 3 3 3 3 3 3 3 3 3 3 3 3 3 3 3 3 3 3 3 3 3 3 3 3 3 3 3 3 3 3 3 3 3 3 3 3 3 3 3 3 3 3 3 3 3 3 3 3 3 3 3 3 3 3 3 3 3 3 3 3 3 3 3 3 3 3 3 3 3 3 3 3 3 3 3 3 3 3 3 3 3 3 3 3 3 3 3 3 3 3 3 3 3 3 3 3 3 3 3 3 3 3 3 3 3 3 3 3 3 3 3 3 3 3 3 3 3 3 3 3 3 3 3 3 3 3 3 3 3 3 3 3 3 3 3 3 3 3 3 3 3 3 3 3 3 3 3 3 3 3 3 3 3 3 3 3 3 3 3 3 3 3 3 3 3 3 3 3 3 3 3 3 3 3 3 3 3 3 3 3 3 3 3 3 3 3 3 3 3 3 3 3 3 3 3 3 3 3 3 3 3 3 3 3 3 3 3 3 3 3 3 3 3 3 3 3 3 3 3 3 3 3 3 3 3 3 3 3 3 3 3 3 3 3 3 3 3 3 3 3 3 3 3 3 3 3 3 3 3 3 3 3 3 3 3 3 3 3 3 3 3 3 3 3 3 3 3 3 3 3 3 3 3 3 3 3 3 3 3 3 3 3 3 3 3 3 3 3 3 3 3 3 3 3 3 3 3 3 3 3 3 3 3 3 3 3 3 3 3 3 3 3 3 3 3 3 3 3 3 3 3 3 3 3 3 3 3 3 3 3 3 3 3 3 3 3 3 3 3 3 3 3 3 3 3 3 3 3 3 3 3 3 3 3 3 3 3 3 3 3 3 3 3 3 3 3 3 3 3 3 3 3 3 3 3 3 3 3 3 3 3 3 3 3 3 3 3 3 3 3 3 3 3 3 3 3 3 3 3 3 3 3 3 3 3 3 3 3 3 3 3 3 3 3 3 3 3 3 3 3 3 3 3 3 3 3 3 3 3 3 3 3 3 3 3 3 3 3 3 3 3 3 3 3 3 3 3 3 3 3 3 3 3 3 3 3 3 3 3 3 3 3 3 3 3 3 3 3 3 3 3 3 3 3 3 3 3 3 3 3 3 3 3 3 3 3 3 3 3 3 3 3 3 3 3 3 3 3 3 3 3 3 3 3 3 3 3 3 3 3 3 3 3 3 3 3 3 3 3 3 3 3 3 3 3 3 3 3 3 3 3 3 3 3 3 3 3 3 3 3 3 3 3 3 3 3 3 3 3 3 3 3 3 3 3 3 3 3 3 3 3 3 3 3 3 3 3 3 3 3 3 3 3 3 3 3 3 3 3 3 3 3 3 3 3 3 3 3 3 3 3 3 3 3 3 3 3 3 3 3 3 3 3 3 3 3 3 3 3 3 3 3 3 3 3 3 3 3 3 3 3 3 3 3 3 3 3 3 3 3 3 3 3 3 3 3 3 3 3 3 3 3 3 3 3 3 3 3 3 3 3 3 3 3 3 3 3 3 3 3 3 3 3 3 3 3 3 3 3 3 3 3 3 3 3 3 3 3 3 3 3 3 3 3 3 3 3 3 3 3 3 3 3 3 3 3 3 3 3 3 3 3 3 3 3 3 3 3 3 3 3 3 3 3 3 3 3 3 3 3 3 3 3 3 3 3 3 3 3 3 3 3 3 3 3 3 3 3 3 3 3 3 3 3 3 3 3 3 3 3 3 3 3 3 3 3 3 3 3 3 3 3 3 3 3 3 3 3 3 3 3 3 3 3 3 3 3 3 3 3 3 3 3 3 3 3 3 3 3 3 3 3 3 3 3 3 3 3 3 3 3 3 3 3 3 3 3 3 3 3 3 3 3 3 3 3 3 3 3 3 3 3 3 3 3 3 3 3 3 3 3 3 3 3 3 3 3 3 3 3 3 3 3 3 3 3 3 3 3 3 3 3 3 3 3 3 3 3 3 3 3 3 3 3 3 3 3 3 3 3 3 3 3 3 3 3 3 3 3 3 3 3 3 3 3 3 3 3 3 3 3 3 3 3 3 3 3 3 3 3 3 3 3 3 3 3 3 3 3 3 3 3 3 3 3 3 3 3 3 3 3 3 3 3 3 3 3 3 3 3 3 3 3 3 3 3 3 3 3 3 3 3 3 3 3 3 3 3 3 3 3 3 3 3 3 3 3 3 3 3 3 3 3 3 3 3 3 3 3 3 3 3 3 3 3 3 3 3 3 3 3 3 3 3 3 3 3 3 3 3 3 3 3 3 3 3 3 3 3 3 3 3 3 3 3 3 3 3 3 3 3 3 3 3 3 3 3 3 3 3 3 3 3 3 3 3 3 3 3 3 3 3 3 3 3 3 3 3 3 3 3 3 3 3 3 3 3 3 3 3 3 3 3 3 3 3 3 3 3 3 3 3 3 3 3 3 3 3 3 3 3 3 3 3 3 3 3 3 3 3 3 3 3 3 3 3 3 3 3 3 3 3 3 3 3 3 3 3 3 3 3 3 3 3 3 3 3 3 3 3 3 3 3 3 3 3 3 3 3 3 3 3 3 3 3 3 3 3 3 3 3 3 3 3 3 3 3 3 3 3 3 3 3 3 3 3 3 3 3 3 3 3 3 3 3 3 3 3 3 3 3 3 3 3 3 3 3 3 3 3 3 3 3 3 3 3 3 3 3 3 3 3 3 3 3 3 3 3 3 3 3 3 3 3 3 3 3 3 3 3 3 3 3 3 3 3 3 3 3 3 3 3 3 3 3 3 3 3 3 3 3 3 3 3 3 3 3 3 3 3 3 3 3 3 3 3 3 3 3 3 3 3 3 3 3 3 3 3 3 3 3 3 3 3 3 3 3 3 3 3 3 3 3 3 3 3 3 3 3 3 3 3 3 3 3 3 3 3 3 3 3 3 3 3 3 3 3 3 3 3 3 3 3 3 3 3 3 3 3 3 3 3 3 3 3 3 3 3 3 3 3 3 3 3 3 3 3 3 3 3 3 3 3 3 3 3 3 3 3 3 3 3 3 3 3 3 3</vcount>
					<p>314 2 0 313 1 0 84 0 0 84 0 0 313 1 0 30 3 0 31 4 0 84 0 0 30 3 0 84 0 0 31 4 0 83 5 0 83 5 0 31 4 0 348 6 0 347 7 0 83 5 0 348 6 0 83 5 0 347 7 0 82 8 0 82 8 0 347 7 0 346 9 0 345 10 0 82 8 0 346 9 0 82 8 0 345 10 0 81 11 0 344 12 0 81 11 0 345 10 0 81 11 0 344 12 0 80 13 0 343 14 0 80 13 0 344 12 0 80 13 0 343 14 0 79 15 0 342 16 0 79 15 0 343 14 0 79 15 0 342 16 0 78 17 0 78 17 0 342 16 0 39 18 0 600 19 0 78 17 0 39 18 0 600 19 0 599 21 0 71 20 0 71 20 0 78 17 0 600 19 0 84 0 0 77 23 0 27 22 0 314 2 0 84 0 0 27 22 0 84 0 0 83 5 0 77 23 0 77 23 0 83 5 0 76 24 0 83 5 0 82 8 0 76 24 0 76 24 0 82 8 0 75 25 0 82 8 0 81 11 0 75 25 0 75 25 0 81 11 0 74 26 0 81 11 0 80 13 0 74 26 0 74 26 0 80 13 0 73 27 0 80 13 0 79 15 0 73 27 0 73 27 0 79 15 0 72 28 0 79 15 0 78 17 0 72 28 0 72 28 0 78 17 0 71 20 0 598 29 0 71 20 0 599 21 0 598 29 0 70 30 0 71 20 0 70 30 0 598 29 0 69 31 0 69 31 0 598 29 0 43 32 0 596 33 0 69 31 0 43 32 0 69 31 0 596 33 0 68 34 0 595 35 0 68 34 0 596 33 0 46 36 0 68 34 0 595 35 0 77 23 0 67 38 0 316 37 0 27 22 0 77 23 0 316 37 0 77 23 0 76 24 0 67 38 0 67 38 0 76 24 0 66 39 0 76 24 0 75 25 0 66 39 0 66 39 0 75 25 0 65 40 0 75 25 0 74 26 0 65 40 0 65 40 0 74 26 0 64 41 0 74 26 0 73 27 0 64 41 0 64 41 0 73 27 0 63 42 0 73 27 0 72 28 0 63 42 0 63 42 0 72 28 0 62 43 0 72 28 0 71 20 0 62 43 0 62 43 0 71 20 0 61 44 0 71 20 0 70 30 0 61 44 0 61 44 0 70 30 0 60 30 0 70 30 0 69 31 0 60 30 0 60 30 0 69 31 0 59 45 0 69 31 0 68 34 0 59 45 0 59 45 0 68 34 0 58 46 0 57 47 0 58 46 0 68 34 0 46 36 0 57 47 0 68 34 0 57 47 0 46 36 0 56 48 0 56 48 0 46 36 0 593 49 0 592 50 0 56 48 0 593 49 0 56 48 0 592 50 0 55 51 0 49 52 0 55 51 0 592 50 0 55 51 0 49 52 0 54 53 0 590 54 0 54 53 0 49 52 0 589 55 0 54 53 0 590 54 0 67 38 0 24 57 0 307 56 0 316 37 0 67 38 0 307 56 0 24 57 0 67 38 0 23 58 0 23 58 0 67 38 0 297 59 0 67 38 0 66 39 0 297 59 0 297 59 0 66 39 0 298 60 0 298 60 0 66 39 0 20 61 0 66 39 0 65 40 0 20 61 0 20 61 0 65 40 0 19 62 0 65 40 0 64 41 0 19 62 0 19 62 0 64 41 0 18 63 0 64 41 0 63 42 0 18 63 0 18 63 0 63 42 0 302 64 0 63 42 0 62 43 0 302 64 0 302 64 0 62 43 0 303 65 0 62 43 0 61 44 0 303 65 0 303 65 0 61 44 0 15 66 0 15 66 0 61 44 0 14 67 0 61 44 0 60 30 0 14 67 0 14 67 0 60 30 0 13 30 0 60 30 0 59 45 0 13 30 0 13 30 0 59 45 0 12 68 0 12 68 0 59 45 0 241 69 0 59 45 0 58 46 0 241 69 0 241 69 0 58 46 0 242 70 0 242 70 0 58 46 0 9 71 0 58 46 0 57 47 0 9 71 0 9 71 0 57 47 0 8 72 0 8 72 0 57 47 0 245 73 0 57 47 0 56 48 0 245 73 0 245 73 0 56 48 0 6 74 0 56 48 0 55 51 0 6 74 0 6 74 0 55 51 0 5 75 0 55 51 0 54 53 0 5 75 0 5 75 0 54 53 0 4 76 0 4 76 0 54 53 0 199 77 0 589 55 0 199 77 0 54 53 0 2 78 0 199 77 0 589 55 0 52 79 0 2 78 0 589 55 0 2 78 0 52 79 0 201 80 0 201 80 0 52 79 0 587 81 0 910 84 0 175 83 0 911 82 0 175 83 0 910 84 0 174 85 0 909 86 0 174 85 0 910 84 0 174 85 0 909 86 0 173 87 0 908 88 0 173 87 0 909 86 0 173 87 0 908 88 0 172 89 0 172 89 0 908 88 0 907 90 0 116 91 0 172 89 0 907 90 0 172 89 0 116 91 0 171 92 0 171 92 0 116 91 0 117 93 0 118 94 0 171 92 0 117 93 0 171 92 0 118 94 0 170 95 0 953 96 0 170 95 0 118 94 0 311 98 0 170 95 0 966 97 0 170 95 0 953 96 0 952 99 0 170 95 0 952 99 0 966 97 0 952 99 0 951 101 0 963 100 0 952 99 0 963 100 0 966 97 0 169 104 0 107 103 0 168 102 0 864 105 0 168 102 0 107 103 0 168 102 0 864 105 0 167 106 0 167 106 0 864 105 0 863 107 0 862 108 0 167 106 0 863 107 0 167 106 0 862 108 0 166 109 0 165 110 0 166 109 0 862 108 0 911 82 0 165 110 0 862 108 0 911 82 0 175 83 0 165 110 0 175 83 0 174 85 0 165 110 0 165 110 0 174 85 0 164 111 0 174 85 0 173 87 0 164 111 0 164 111 0 173 87 0 163 112 0 173 87 0 172 89 0 163 112 0 163 112 0 172 89 0 162 113 0 172 89 0 171 92 0 162 113 0 162 113 0 171 92 0 161 114 0 171 92 0 170 95 0 161 114 0 161 114 0 170 95 0 160 115 0 311 98 0 160 115 0 170 95 0 310 116 0 160 115 0 311 98 0 159 119 0 102 118 0 158 117 0 158 117 0 102 118 0 869 120 0 868 121 0 158 117 0 869 120 0 158 117 0 868 121 0 157 122 0 157 122 0 868 121 0 105 123 0 866 124 0 157 122 0 105 123 0 157 122 0 866 124 0 156 125 0 169 104 0 156 125 0 866 124 0 107 103 0 169 104 0 866 124 0 169 104 0 168 102 0 156 125 0 156 125 0 168 102 0 155 126 0 168 102 0 167 106 0 155 126 0 155 126 0 167 106 0 154 106 0 167 106 0 166 109 0 154 106 0 154 106 0 166 109 0 153 127 0 166 109 0 165 110 0 153 127 0 153 127 0 165 110 0 152 128 0 165 110 0 164 111 0 152 128 0 152 128 0 164 111 0 151 129 0 164 111 0 163 112 0 151 129 0 151 129 0 163 112 0 150 130 0 163 112 0 162 113 0 150 130 0 150 130 0 162 113 0 149 131 0 162 113 0 161 114 0 149 131 0 149 131 0 161 114 0 148 132 0 161 114 0 160 115 0 148 132 0 148 132 0 160 115 0 147 133 0 310 116 0 147 133 0 160 115 0 309 134 0 147 133 0 310 116 0 587 81 0 841 135 0 201 80 0 201 80 0 841 135 0 202 136 0 846 137 0 202 136 0 841 135 0 202 136 0 846 137 0 89 138 0 89 138 0 846 137 0 845 139 0 89 138 0 845 139 0 844 140 0 89 138 0 844 140 0 88 141 0 88 141 0 844 140 0 852 142 0 88 141 0 852 142 0 874 143 0 873 144 0 88 141 0 874 143 0 88 141 0 873 144 0 87 145 0 100 146 0 87 145 0 873 144 0 87 145 0 100 146 0 86 147 0 86 147 0 100 146 0 85 148 0 85 148 0 100 146 0 834 149 0 834 149 0 100 146 0 871 150 0 159 119 0 834 149 0 871 150 0 102 118 0 159 119 0 871 150 0 834 149 0 159 119 0 835 151 0 159 119 0 158 117 0 835 151 0 835 151 0 158 117 0 836 152 0 158 117 0 157 122 0 836 152 0 836 152 0 157 122 0 142 153 0 157 122 0 156 125 0 142 153 0 142 153 0 156 125 0 838 154 0 156 125 0 155 126 0 838 154 0 838 154 0 155 126 0 839 155 0 155 126 0 154 106 0 839 155 0 839 155 0 154 106 0 139 106 0 154 106 0 153 127 0 139 106 0 139 106 0 153 127 0 138 156 0 138 156 0 153 127 0 137 157 0 153 127 0 152 128 0 137 157 0 137 157 0 152 128 0 284 158 0 284 158 0 152 128 0 135 159 0 152 128 0 151 129 0 135 159 0 135 159 0 151 129 0 134 160 0 151 129 0 150 130 0 134 160 0 134 160 0 150 130 0 133 161 0 150 130 0 149 131 0 133 161 0 133 161 0 149 131 0 132 162 0 149 131 0 148 132 0 132 162 0 132 162 0 148 132 0 131 163 0 131 163 0 148 132 0 290 164 0 148 132 0 147 133 0 290 164 0 290 164 0 147 133 0 129 165 0 129 165 0 147 133 0 128 166 0 309 134 0 128 166 0 147 133 0 309 134 0 308 167 0 128 166 0 1102 169 0 280 168 0 1103 168 0 1102 169 0 214 170 0 280 168 0 214 170 0 1102 169 0 1101 171 0 214 170 0 1101 171 0 825 172 0 1101 171 0 826 173 0 825 172 0 219 174 0 826 173 0 1101 171 0 826 173 0 219 174 0 827 175 0 219 174 0 220 176 0 827 175 0 220 176 0 828 177 0 827 175 0 221 178 0 828 177 0 220 176 0 828 177 0 221 178 0 829 179 0 221 178 0 222 180 0 829 179 0 223 181 0 829 179 0 222 180 0 223 181 0 830 182 0 829 179 0 830 182 0 223 181 0 831 183 0 223 181 0 1095 184 0 831 183 0 225 185 0 831 183 0 1095 184 0 831 183 0 225 185 0 86 186 0 226 187 0 86 186 0 225 185 0 226 187 0 87 188 0 86 186 0 227 189 0 87 188 0 226 187 0 228 190 0 87 188 0 227 189 0 87 188 0 228 190 0 88 191 0 228 190 0 89 192 0 88 191 0 1014 193 0 89 192 0 228 190 0 202 193 0 89 192 0 1014 193 0 1014 193 0 201 194 0 202 193 0 1013 195 0 201 194 0 1014 193 0 1013 195 0 2 196 0 201 194 0 1013 195 0 199 197 0 2 196 0 199 197 0 1013 195 0 4 198 0 1013 195 0 1012 199 0 4 198 0 1012 199 0 1011 200 0 4 198 0 4 198 0 1011 200 0 1010 201 0 4 198 0 1010 201 0 231 202 0 181 203 0 231 202 0 1010 201 0 231 202 0 181 203 0 232 204 0 181 203 0 182 205 0 232 204 0 183 206 0 232 204 0 182 205 0 232 204 0 183 206 0 195 207 0 184 208 0 195 207 0 183 206 0 184 208 0 194 209 0 195 207 0 185 210 0 194 209 0 184 208 0 194 209 0 185 210 0 193 211 0 186 212 0 193 211 0 185 210 0 186 212 0 192 213 0 193 211 0 1003 214 0 192 213 0 186 212 0 192 213 0 1003 214 0 191 215 0 1003 214 0 188 216 0 191 215 0 189 217 0 191 215 0 188 216 0 238 217 0 191 215 0 189 217 0 13 30 0 12 218 0 238 30 0 238 30 0 12 218 0 191 219 0 241 220 0 191 219 0 12 218 0 191 219 0 241 220 0 192 221 0 192 221 0 241 220 0 242 222 0 9 223 0 192 221 0 242 222 0 192 221 0 9 223 0 193 224 0 193 224 0 9 223 0 194 225 0 194 225 0 9 223 0 8 226 0 245 227 0 194 225 0 8 226 0 194 225 0 245 227 0 195 228 0 6 229 0 195 228 0 245 227 0 6 229 0 232 230 0 195 228 0 5 231 0 232 230 0 6 229 0 5 231 0 231 232 0 232 230 0 231 232 0 5 231 0 4 233 0 139 106 0 138 234 0 280 106 0 280 106 0 138 234 0 1056 235 0 1056 235 0 138 234 0 137 236 0 1056 235 0 137 236 0 1057 237 0 277 238 0 1057 237 0 137 236 0 284 239 0 277 238 0 137 236 0 1059 240 0 277 238 0 284 239 0 135 241 0 1059 240 0 284 239 0 1060 242 0 1059 240 0 135 241 0 134 243 0 1060 242 0 135 241 0 1060 242 0 134 243 0 133 244 0 1060 242 0 133 244 0 1061 245 0 1061 245 0 133 244 0 273 246 0 132 247 0 273 246 0 133 244 0 273 246 0 132 247 0 1063 248 0 131 249 0 1063 248 0 132 247 0 1063 248 0 131 249 0 290 250 0 1063 248 0 290 250 0 271 251 0 271 251 0 290 250 0 129 252 0 271 251 0 129 252 0 1065 253 0 128 254 0 1065 253 0 129 252 0 1065 253 0 128 254 0 1142 255 0 1142 255 0 128 254 0 268 255 0 128 254 0 308 167 0 268 255 0 268 255 0 308 167 0 1125 256 0 1125 256 0 308 167 0 1126 257 0 1126 257 0 308 167 0 265 167 0 308 167 0 307 258 0 265 167 0 265 167 0 307 258 0 1128 259 0 1128 259 0 307 258 0 24 260 0 1128 259 0 24 260 0 1129 261 0 1129 261 0 24 260 0 262 262 0 262 262 0 24 260 0 1029 262 0 1029 262 0 24 260 0 1030 263 0 1030 263 0 24 260 0 23 264 0 297 265 0 1030 263 0 23 264 0 1030 263 0 297 265 0 259 266 0 259 266 0 297 265 0 258 267 0 258 267 0 297 265 0 298 268 0 20 269 0 258 267 0 298 268 0 258 267 0 20 269 0 1033 270 0 19 271 0 1033 270 0 20 269 0 1033 270 0 19 271 0 1034 272 0 1034 272 0 19 271 0 255 273 0 255 273 0 19 271 0 18 274 0 302 275 0 255 273 0 18 274 0 255 273 0 302 275 0 254 276 0 303 277 0 254 276 0 302 275 0 254 276 0 303 277 0 253 278 0 15 279 0 253 278 0 303 277 0 253 278 0 15 279 0 252 280 0 252 280 0 15 279 0 251 281 0 251 281 0 15 279 0 14 282 0 251 281 0 14 282 0 238 30 0 238 30 0 14 282 0 13 30 0 309 134 0 307 56 0 308 167 0 307 56 0 309 134 0 316 37 0 310 116 0 316 37 0 309 134 0 316 37 0 310 116 0 27 22 0 311 98 0 27 22 0 310 116 0 27 22 0 311 98 0 314 2 0 966 97 0 314 2 0 311 98 0 966 97 0 313 1 0 314 2 0 375 285 0 374 284 0 1261 283 0 1260 286 0 375 285 0 1261 283 0 376 287 0 375 285 0 1260 286 0 365 288 0 376 287 0 1260 286 0 377 289 0 376 287 0 365 288 0 1258 290 0 377 289 0 365 288 0 367 291 0 377 289 0 1258 290 0 367 291 0 378 292 0 377 289 0 368 290 0 378 292 0 367 291 0 368 290 0 379 293 0 378 292 0 369 290 0 379 293 0 368 290 0 369 290 0 380 294 0 379 293 0 370 290 0 380 294 0 369 290 0 370 290 0 381 295 0 380 294 0 392 296 0 381 295 0 370 290 0 383 299 0 382 298 0 1263 297 0 362 300 0 383 299 0 1263 297 0 374 284 0 383 299 0 362 300 0 1261 283 0 374 284 0 362 300 0 384 301 0 383 299 0 374 284 0 375 285 0 384 301 0 374 284 0 385 302 0 384 301 0 375 285 0 376 287 0 385 302 0 375 285 0 386 303 0 385 302 0 376 287 0 377 289 0 386 303 0 376 287 0 387 304 0 386 303 0 377 289 0 378 292 0 387 304 0 377 289 0 388 305 0 387 304 0 378 292 0 379 293 0 388 305 0 378 292 0 389 306 0 388 305 0 379 293 0 380 294 0 389 306 0 379 293 0 390 307 0 389 306 0 380 294 0 381 295 0 390 307 0 380 294 0 391 308 0 390 307 0 381 295 0 392 296 0 391 308 0 381 295 0 371 290 0 392 296 0 370 290 0 393 309 0 392 296 0 371 290 0 372 290 0 393 309 0 371 290 0 1263 297 0 382 298 0 1264 310 0 1264 310 0 382 298 0 394 311 0 383 299 0 394 311 0 382 298 0 395 312 0 394 311 0 383 299 0 384 301 0 395 312 0 383 299 0 396 313 0 395 312 0 384 301 0 385 302 0 396 313 0 384 301 0 397 314 0 396 313 0 385 302 0 386 303 0 397 314 0 385 302 0 398 315 0 397 314 0 386 303 0 387 304 0 398 315 0 386 303 0 399 316 0 398 315 0 387 304 0 388 305 0 399 316 0 387 304 0 400 317 0 399 316 0 388 305 0 389 306 0 400 317 0 388 305 0 401 318 0 400 317 0 389 306 0 390 307 0 401 318 0 389 306 0 402 319 0 401 318 0 390 307 0 391 308 0 402 319 0 390 307 0 403 320 0 402 319 0 391 308 0 392 296 0 403 320 0 391 308 0 404 321 0 403 320 0 392 296 0 393 309 0 404 321 0 392 296 0 405 322 0 404 321 0 393 309 0 372 290 0 405 322 0 393 309 0 406 323 0 405 322 0 372 290 0 1145 324 0 406 323 0 372 290 0 1265 327 0 407 326 0 358 325 0 408 328 0 407 326 0 1265 327 0 394 311 0 408 328 0 1265 327 0 1264 310 0 394 311 0 1265 327 0 409 329 0 408 328 0 394 311 0 395 312 0 409 329 0 394 311 0 410 330 0 409 329 0 395 312 0 396 313 0 410 330 0 395 312 0 411 331 0 410 330 0 396 313 0 397 314 0 411 331 0 396 313 0 412 332 0 411 331 0 397 314 0 398 315 0 412 332 0 397 314 0 413 333 0 412 332 0 398 315 0 399 316 0 413 333 0 398 315 0 414 334 0 413 333 0 399 316 0 400 317 0 414 334 0 399 316 0 415 335 0 414 334 0 400 317 0 401 318 0 415 335 0 400 317 0 416 336 0 415 335 0 401 318 0 402 319 0 416 336 0 401 318 0 417 337 0 416 336 0 402 319 0 403 320 0 417 337 0 402 319 0 418 338 0 417 337 0 403 320 0 404 321 0 418 338 0 403 320 0 419 339 0 418 338 0 404 321 0 405 322 0 419 339 0 404 321 0 420 340 0 419 339 0 405 322 0 406 323 0 420 340 0 405 322 0 421 341 0 420 340 0 406 323 0 320 342 0 421 341 0 406 323 0 320 342 0 406 323 0 319 343 0 1145 324 0 319 343 0 406 323 0 358 325 0 407 326 0 1267 344 0 1267 344 0 407 326 0 422 345 0 408 328 0 422 345 0 407 326 0 423 346 0 422 345 0 408 328 0 409 329 0 423 346 0 408 328 0 424 347 0 423 346 0 409 329 0 410 330 0 424 347 0 409 329 0 425 348 0 424 347 0 410 330 0 411 331 0 425 348 0 410 330 0 426 349 0 425 348 0 411 331 0 412 332 0 426 349 0 411 331 0 427 350 0 426 349 0 412 332 0 413 333 0 427 350 0 412 332 0 428 351 0 427 350 0 413 333 0 414 334 0 428 351 0 413 333 0 429 352 0 428 351 0 414 334 0 415 335 0 429 352 0 414 334 0 430 353 0 429 352 0 415 335 0 416 336 0 430 353 0 415 335 0 431 354 0 430 353 0 416 336 0 417 337 0 431 354 0 416 336 0 432 355 0 431 354 0 417 337 0 418 338 0 432 355 0 417 337 0 433 356 0 432 355 0 418 338 0 419 339 0 433 356 0 418 338 0 434 357 0 433 356 0 419 339 0 420 340 0 434 357 0 419 339 0 435 358 0 434 357 0 420 340 0 1168 359 0 435 358 0 420 340 0 1168 359 0 420 340 0 421 341 0 1168 359 0 421 341 0 320 342 0 965 362 0 1239 361 0 30 360 0 1237 365 0 436 364 0 355 363 0 1239 361 0 355 363 0 436 364 0 422 345 0 436 364 0 1237 365 0 1267 344 0 422 345 0 1237 365 0 437 366 0 436 364 0 422 345 0 423 346 0 437 366 0 422 345 0 438 367 0 437 366 0 423 346 0 424 347 0 438 367 0 423 346 0 439 368 0 438 367 0 424 347 0 425 348 0 439 368 0 424 347 0 440 369 0 439 368 0 425 348 0 426 349 0 440 369 0 425 348 0 441 370 0 440 369 0 426 349 0 427 350 0 441 370 0 426 349 0 442 371 0 441 370 0 427 350 0 428 351 0 442 371 0 427 350 0 443 372 0 442 371 0 428 351 0 429 352 0 443 372 0 428 351 0 444 373 0 443 372 0 429 352 0 430 353 0 444 373 0 429 352 0 445 374 0 444 373 0 430 353 0 431 354 0 445 374 0 430 353 0 446 375 0 445 374 0 431 354 0 432 355 0 446 375 0 431 354 0 447 376 0 446 375 0 432 355 0 433 356 0 447 376 0 432 355 0 448 377 0 447 376 0 433 356 0 434 357 0 448 377 0 433 356 0 449 378 0 448 377 0 434 357 0 435 358 0 449 378 0 434 357 0 450 379 0 449 378 0 435 358 0 1167 380 0 450 379 0 435 358 0 1167 380 0 435 358 0 1168 359 0 965 362 0 313 382 0 966 381 0 965 362 0 30 360 0 313 382 0 1239 361 0 436 364 0 30 360 0 30 360 0 436 364 0 31 383 0 31 383 0 436 364 0 437 366 0 31 383 0 437 366 0 348 6 0 438 367 0 451 384 0 437 366 0 452 385 0 451 384 0 438 367 0 439 368 0 452 385 0 438 367 0 453 386 0 452 385 0 439 368 0 440 369 0 453 386 0 439 368 0 454 387 0 453 386 0 440 369 0 441 370 0 454 387 0 440 369 0 455 388 0 454 387 0 441 370 0 442 371 0 455 388 0 441 370 0 456 389 0 455 388 0 442 371 0 443 372 0 456 389 0 442 371 0 457 390 0 456 389 0 443 372 0 444 373 0 457 390 0 443 372 0 458 391 0 457 390 0 444 373 0 445 374 0 458 391 0 444 373 0 459 392 0 458 391 0 445 374 0 446 375 0 459 392 0 445 374 0 460 393 0 459 392 0 446 375 0 447 376 0 460 393 0 446 375 0 461 394 0 460 393 0 447 376 0 448 377 0 461 394 0 447 376 0 462 395 0 461 394 0 448 377 0 448 377 0 519 396 0 462 395 0 449 378 0 519 396 0 448 377 0 463 397 0 519 396 0 449 378 0 449 378 0 521 398 0 463 397 0 450 379 0 521 398 0 449 378 0 464 399 0 521 398 0 450 379 0 1166 400 0 464 399 0 1167 380 0 464 399 0 450 379 0 1167 380 0 437 366 0 451 384 0 348 6 0 348 6 0 451 384 0 347 401 0 347 401 0 451 384 0 452 385 0 347 401 0 452 385 0 465 402 0 452 385 0 523 403 0 465 402 0 453 386 0 523 403 0 452 385 0 466 404 0 523 403 0 453 386 0 453 386 0 525 405 0 466 404 0 454 387 0 525 405 0 453 386 0 467 406 0 525 405 0 454 387 0 455 388 0 467 406 0 454 387 0 468 407 0 467 406 0 455 388 0 456 389 0 468 407 0 455 388 0 469 408 0 468 407 0 456 389 0 457 390 0 469 408 0 456 389 0 470 409 0 469 408 0 457 390 0 458 391 0 470 409 0 457 390 0 471 410 0 470 409 0 458 391 0 459 392 0 471 410 0 458 391 0 472 411 0 471 410 0 459 392 0 460 393 0 472 411 0 459 392 0 473 412 0 472 411 0 460 393 0 461 394 0 473 412 0 460 393 0 474 413 0 473 412 0 461 394 0 462 395 0 474 413 0 461 394 0 475 414 0 474 413 0 462 395 0 347 401 0 465 402 0 346 9 0 468 407 0 478 415 0 467 406 0 479 416 0 478 415 0 468 407 0 469 408 0 479 416 0 468 407 0 480 417 0 479 416 0 469 408 0 470 409 0 480 417 0 469 408 0 481 418 0 480 417 0 470 409 0 471 410 0 481 418 0 470 409 0 482 419 0 481 418 0 471 410 0 472 411 0 482 419 0 471 410 0 483 420 0 482 419 0 472 411 0 473 412 0 483 420 0 472 411 0 484 421 0 483 420 0 473 412 0 474 413 0 484 421 0 473 412 0 485 422 0 484 421 0 474 413 0 475 414 0 485 422 0 474 413 0 486 423 0 485 422 0 475 414 0 479 416 0 489 424 0 478 415 0 490 425 0 489 424 0 479 416 0 480 417 0 490 425 0 479 416 0 491 426 0 490 425 0 480 417 0 481 418 0 491 426 0 480 417 0 492 427 0 491 426 0 481 418 0 482 419 0 492 427 0 481 418 0 493 428 0 492 427 0 482 419 0 483 420 0 493 428 0 482 419 0 494 429 0 493 428 0 483 420 0 484 421 0 494 429 0 483 420 0 495 430 0 494 429 0 484 421 0 485 422 0 495 430 0 484 421 0 496 431 0 495 430 0 485 422 0 486 423 0 496 431 0 485 422 0 497 432 0 496 431 0 486 423 0 477 435 0 488 434 0 344 433 0 490 425 0 499 436 0 489 424 0 500 437 0 499 436 0 490 425 0 491 426 0 500 437 0 490 425 0 501 438 0 500 437 0 491 426 0 492 427 0 501 438 0 491 426 0 502 439 0 501 438 0 492 427 0 493 428 0 502 439 0 492 427 0 503 440 0 502 439 0 493 428 0 494 429 0 503 440 0 493 428 0 504 441 0 503 440 0 494 429 0 495 430 0 504 441 0 494 429 0 505 442 0 504 441 0 495 430 0 496 431 0 505 442 0 495 430 0 506 443 0 505 442 0 496 431 0 497 432 0 506 443 0 496 431 0 507 444 0 506 443 0 497 432 0 500 437 0 509 445 0 499 436 0 510 446 0 509 445 0 500 437 0 501 438 0 510 446 0 500 437 0 511 447 0 510 446 0 501 438 0 502 439 0 511 447 0 501 438 0 512 448 0 511 447 0 502 439 0 503 440 0 512 448 0 502 439 0 513 449 0 512 448 0 503 440 0 504 441 0 513 449 0 503 440 0 514 450 0 513 449 0 504 441 0 505 442 0 514 450 0 504 441 0 515 451 0 514 450 0 505 442 0 506 443 0 515 451 0 505 442 0 516 452 0 515 451 0 506 443 0 507 444 0 516 452 0 506 443 0 517 453 0 516 452 0 507 444 0 1161 456 0 518 455 0 327 454 0 518 455 0 508 457 0 327 454 0 544 459 0 512 448 0 545 458 0 513 449 0 545 458 0 512 448 0 545 458 0 513 449 0 337 460 0 514 450 0 337 460 0 513 449 0 337 460 0 514 450 0 547 461 0 515 451 0 547 461 0 514 450 0 547 461 0 515 451 0 335 462 0 516 452 0 335 462 0 515 451 0 335 462 0 516 452 0 334 463 0 517 453 0 334 463 0 516 452 0 519 396 0 475 414 0 462 395 0 520 464 0 475 414 0 519 396 0 463 397 0 520 464 0 519 396 0 476 465 0 520 464 0 463 397 0 521 398 0 476 465 0 463 397 0 522 466 0 476 465 0 521 398 0 324 467 0 522 466 0 1166 400 0 522 466 0 521 398 0 1166 400 0 464 399 0 1166 400 0 521 398 0 346 9 0 465 402 0 524 468 0 465 402 0 523 403 0 524 468 0 466 404 0 524 468 0 523 403 0 477 435 0 524 468 0 466 404 0 525 405 0 477 435 0 466 404 0 526 469 0 477 435 0 525 405 0 467 406 0 526 469 0 525 405 0 478 415 0 526 469 0 467 406 0 520 464 0 486 423 0 475 414 0 527 470 0 486 423 0 520 464 0 476 465 0 527 470 0 520 464 0 487 471 0 527 470 0 476 465 0 522 466 0 487 471 0 476 465 0 528 472 0 487 471 0 522 466 0 1164 473 0 528 472 0 324 467 0 528 472 0 522 466 0 324 467 0 346 9 0 524 468 0 345 10 0 345 10 0 524 468 0 477 435 0 345 10 0 477 435 0 344 433 0 526 469 0 488 434 0 477 435 0 529 474 0 488 434 0 526 469 0 478 415 0 529 474 0 526 469 0 489 424 0 529 474 0 478 415 0 527 470 0 497 432 0 486 423 0 530 475 0 497 432 0 527 470 0 487 471 0 530 475 0 527 470 0 498 476 0 530 475 0 487 471 0 528 472 0 498 476 0 487 471 0 1163 477 0 498 476 0 1164 473 0 498 476 0 528 472 0 1164 473 0 344 433 0 488 434 0 532 478 0 488 434 0 529 474 0 532 478 0 489 424 0 532 478 0 529 474 0 499 436 0 532 478 0 489 424 0 530 475 0 507 444 0 497 432 0 533 479 0 507 444 0 530 475 0 498 476 0 533 479 0 530 475 0 508 457 0 533 479 0 498 476 0 327 454 0 508 457 0 1163 477 0 508 457 0 498 476 0 1163 477 0 344 433 0 532 478 0 343 480 0 343 480 0 532 478 0 536 481 0 499 436 0 536 481 0 532 478 0 509 445 0 536 481 0 499 436 0 533 479 0 517 453 0 507 444 0 534 482 0 517 453 0 533 479 0 508 457 0 534 482 0 533 479 0 518 455 0 534 482 0 508 457 0 343 480 0 536 481 0 342 483 0 342 483 0 536 481 0 509 445 0 342 483 0 509 445 0 537 484 0 509 445 0 510 446 0 537 484 0 342 483 0 537 484 0 39 485 0 511 447 0 537 484 0 510 446 0 538 486 0 537 484 0 511 447 0 39 485 0 537 484 0 340 487 0 538 486 0 340 487 0 537 484 0 544 459 0 538 486 0 511 447 0 544 459 0 511 447 0 512 448 0 340 487 0 538 486 0 544 459 0 334 463 0 517 453 0 534 482 0 334 463 0 534 482 0 550 488 0 518 455 0 540 489 0 534 482 0 539 490 0 540 489 0 518 455 0 534 482 0 540 489 0 550 488 0 550 488 0 540 489 0 551 491 0 551 491 0 540 489 0 539 490 0 551 491 0 539 490 0 541 492 0 329 493 0 539 490 0 1161 456 0 539 490 0 518 455 0 1161 456 0 330 494 0 541 492 0 329 493 0 541 492 0 539 490 0 329 493 0 551 491 0 541 492 0 552 495 0 541 492 0 330 494 0 552 495 0 552 498 0 602 497 0 551 496 0 1155 501 0 603 500 0 1156 499 0 1156 499 0 603 500 0 821 502 0 604 503 0 821 502 0 603 500 0 602 497 0 821 502 0 604 503 0 551 496 0 602 497 0 604 503 0 551 496 0 604 503 0 605 504 0 551 496 0 605 504 0 550 505 0 614 507 0 607 506 0 1155 501 0 1155 501 0 607 506 0 603 500 0 608 508 0 603 500 0 607 506 0 604 503 0 603 500 0 608 508 0 609 509 0 604 503 0 608 508 0 605 504 0 604 503 0 609 509 0 610 510 0 605 504 0 609 509 0 550 505 0 605 504 0 610 510 0 550 505 0 610 510 0 334 511 0 610 510 0 335 512 0 334 511 0 611 513 0 335 512 0 610 510 0 335 512 0 611 513 0 547 514 0 612 515 0 547 514 0 611 513 0 626 518 0 613 517 0 556 516 0 556 516 0 613 517 0 1155 501 0 613 517 0 614 507 0 1155 501 0 615 519 0 607 506 0 614 507 0 608 508 0 607 506 0 615 519 0 616 520 0 608 508 0 615 519 0 609 509 0 608 508 0 616 520 0 617 521 0 609 509 0 616 520 0 610 510 0 609 509 0 617 521 0 618 522 0 610 510 0 617 521 0 611 513 0 610 510 0 618 522 0 619 523 0 611 513 0 618 522 0 612 515 0 611 513 0 619 523 0 547 514 0 612 515 0 337 524 0 612 515 0 619 523 0 337 524 0 620 525 0 337 524 0 619 523 0 337 524 0 620 525 0 545 526 0 621 527 0 545 526 0 620 525 0 545 526 0 621 527 0 544 528 0 622 529 0 544 528 0 621 527 0 544 528 0 622 529 0 623 530 0 544 528 0 623 530 0 340 531 0 624 532 0 340 531 0 623 530 0 340 531 0 624 532 0 39 533 0 637 536 0 625 535 0 557 534 0 557 534 0 625 535 0 626 518 0 557 534 0 626 518 0 556 516 0 627 537 0 613 517 0 626 518 0 614 507 0 613 517 0 627 537 0 628 538 0 614 507 0 627 537 0 615 519 0 614 507 0 628 538 0 629 539 0 615 519 0 628 538 0 616 520 0 615 519 0 629 539 0 630 540 0 616 520 0 629 539 0 617 521 0 616 520 0 630 540 0 631 541 0 617 521 0 630 540 0 618 522 0 617 521 0 631 541 0 632 542 0 618 522 0 631 541 0 619 523 0 618 522 0 632 542 0 633 543 0 619 523 0 632 542 0 620 525 0 619 523 0 633 543 0 634 544 0 620 525 0 633 543 0 621 527 0 620 525 0 634 544 0 635 545 0 621 527 0 634 544 0 622 529 0 621 527 0 635 545 0 623 530 0 622 529 0 635 545 0 599 546 0 623 530 0 635 545 0 600 547 0 623 530 0 599 546 0 600 547 0 624 532 0 623 530 0 39 533 0 624 532 0 600 547 0 650 549 0 637 536 0 1152 548 0 1152 548 0 637 536 0 557 534 0 637 536 0 638 550 0 625 535 0 639 551 0 625 535 0 638 550 0 626 518 0 625 535 0 639 551 0 640 552 0 626 518 0 639 551 0 627 537 0 626 518 0 640 552 0 641 553 0 627 537 0 640 552 0 628 538 0 627 537 0 641 553 0 642 554 0 628 538 0 641 553 0 629 539 0 628 538 0 642 554 0 643 555 0 629 539 0 642 554 0 630 540 0 629 539 0 643 555 0 644 556 0 630 540 0 643 555 0 631 541 0 630 540 0 644 556 0 645 557 0 631 541 0 644 556 0 632 542 0 631 541 0 645 557 0 646 558 0 632 542 0 645 557 0 633 543 0 632 542 0 646 558 0 647 559 0 633 543 0 646 558 0 634 544 0 633 543 0 647 559 0 635 545 0 634 544 0 647 559 0 598 560 0 635 545 0 647 559 0 599 546 0 635 545 0 598 560 0 1150 563 0 648 562 0 559 561 0 649 564 0 559 561 0 648 562 0 559 561 0 649 564 0 1152 548 0 649 564 0 650 549 0 1152 548 0 651 565 0 637 536 0 650 549 0 638 550 0 637 536 0 651 565 0 652 566 0 638 550 0 651 565 0 639 551 0 638 550 0 652 566 0 653 567 0 639 551 0 652 566 0 640 552 0 639 551 0 653 567 0 654 568 0 640 552 0 653 567 0 641 553 0 640 552 0 654 568 0 655 569 0 641 553 0 654 568 0 642 554 0 641 553 0 655 569 0 656 570 0 642 554 0 655 569 0 643 555 0 642 554 0 656 570 0 657 571 0 643 555 0 656 570 0 644 556 0 643 555 0 657 571 0 658 572 0 644 556 0 657 571 0 645 557 0 644 556 0 658 572 0 659 573 0 645 557 0 658 572 0 646 558 0 645 557 0 659 573 0 647 559 0 646 558 0 659 573 0 43 574 0 647 559 0 659 573 0 598 560 0 647 559 0 43 574 0 676 577 0 662 576 0 561 575 0 561 575 0 662 576 0 1150 563 0 1150 563 0 662 576 0 663 578 0 1150 563 0 663 578 0 648 562 0 664 579 0 648 562 0 663 578 0 649 564 0 648 562 0 664 579 0 665 580 0 649 564 0 664 579 0 650 549 0 649 564 0 665 580 0 666 581 0 650 549 0 665 580 0 651 565 0 650 549 0 666 581 0 667 582 0 651 565 0 666 581 0 652 566 0 651 565 0 667 582 0 668 583 0 652 566 0 667 582 0 653 567 0 652 566 0 668 583 0 669 584 0 653 567 0 668 583 0 654 568 0 653 567 0 669 584 0 670 585 0 654 568 0 669 584 0 655 569 0 654 568 0 670 585 0 671 586 0 655 569 0 670 585 0 656 570 0 655 569 0 671 586 0 672 587 0 656 570 0 671 586 0 657 571 0 656 570 0 672 587 0 673 588 0 657 571 0 672 587 0 658 572 0 657 571 0 673 588 0 674 589 0 658 572 0 673 588 0 659 573 0 658 572 0 674 589 0 596 590 0 659 573 0 674 589 0 43 574 0 659 573 0 596 590 0 1147 593 0 675 592 0 562 591 0 562 591 0 675 592 0 676 577 0 562 591 0 676 577 0 561 575 0 676 577 0 677 594 0 662 576 0 678 595 0 662 576 0 677 594 0 663 578 0 662 576 0 678 595 0 679 596 0 663 578 0 678 595 0 664 579 0 663 578 0 679 596 0 680 597 0 664 579 0 679 596 0 665 580 0 664 579 0 680 597 0 681 598 0 665 580 0 680 597 0 666 581 0 665 580 0 681 598 0 682 599 0 666 581 0 681 598 0 667 582 0 666 581 0 682 599 0 683 600 0 667 582 0 682 599 0 668 583 0 667 582 0 683 600 0 684 601 0 668 583 0 683 600 0 669 584 0 668 583 0 684 601 0 685 602 0 669 584 0 684 601 0 670 585 0 669 584 0 685 602 0 686 603 0 670 585 0 685 602 0 671 586 0 670 585 0 686 603 0 687 604 0 671 586 0 686 603 0 672 587 0 671 586 0 687 604 0 688 605 0 672 587 0 687 604 0 673 588 0 672 587 0 688 605 0 674 589 0 673 588 0 688 605 0 596 590 0 674 589 0 595 606 0 564 608 0 689 607 0 1147 593 0 1147 593 0 689 607 0 690 609 0 1147 593 0 690 609 0 675 592 0 691 610 0 675 592 0 690 609 0 676 577 0 675 592 0 691 610 0 692 611 0 676 577 0 691 610 0 677 594 0 676 577 0 692 611 0 693 612 0 677 594 0 692 611 0 678 595 0 677 594 0 693 612 0 694 613 0 678 595 0 693 612 0 679 596 0 678 595 0 694 613 0 695 614 0 679 596 0 694 613 0 680 597 0 679 596 0 695 614 0 696 615 0 680 597 0 695 614 0 681 598 0 680 597 0 696 615 0 697 616 0 681 598 0 696 615 0 682 599 0 681 598 0 697 616 0 698 617 0 682 599 0 697 616 0 683 600 0 682 599 0 698 617 0 699 618 0 683 600 0 698 617 0 684 601 0 683 600 0 699 618 0 700 619 0 684 601 0 699 618 0 685 602 0 684 601 0 700 619 0 701 620 0 685 602 0 700 619 0 686 603 0 685 602 0 701 620 0 702 621 0 686 603 0 701 620 0 687 604 0 686 603 0 702 621 0 703 622 0 687 604 0 702 621 0 688 605 0 687 604 0 703 622 0 595 606 0 688 605 0 703 622 0 674 589 0 688 605 0 595 606 0 704 623 0 689 607 0 564 608 0 1288 624 0 704 623 0 564 608 0 705 625 0 689 607 0 704 623 0 690 609 0 689 607 0 705 625 0 706 626 0 690 609 0 705 625 0 691 610 0 690 609 0 706 626 0 707 627 0 691 610 0 706 626 0 692 611 0 691 610 0 707 627 0 708 628 0 692 611 0 707 627 0 693 612 0 692 611 0 708 628 0 709 629 0 693 612 0 708 628 0 694 613 0 693 612 0 709 629 0 710 630 0 694 613 0 709 629 0 695 614 0 694 613 0 710 630 0 711 631 0 695 614 0 710 630 0 696 615 0 695 614 0 711 631 0 712 632 0 696 615 0 711 631 0 697 616 0 696 615 0 712 632 0 713 633 0 697 616 0 712 632 0 698 617 0 697 616 0 713 633 0 714 634 0 698 617 0 713 633 0 699 618 0 698 617 0 714 634 0 715 635 0 699 618 0 714 634 0 700 619 0 699 618 0 715 635 0 716 636 0 700 619 0 715 635 0 701 620 0 700 619 0 716 636 0 717 637 0 701 620 0 716 636 0 702 621 0 701 620 0 717 637 0 718 638 0 702 621 0 717 637 0 703 622 0 702 621 0 718 638 0 46 639 0 703 622 0 718 638 0 595 606 0 703 622 0 46 639 0 719 640 0 704 623 0 1288 624 0 1287 624 0 719 640 0 1288 624 0 705 625 0 704 623 0 719 640 0 720 641 0 705 625 0 719 640 0 706 626 0 705 625 0 720 641 0 721 642 0 706 626 0 720 641 0 707 627 0 706 626 0 721 642 0 722 643 0 707 627 0 721 642 0 708 628 0 707 627 0 722 643 0 723 644 0 708 628 0 722 643 0 709 629 0 708 628 0 723 644 0 724 645 0 709 629 0 723 644 0 710 630 0 709 629 0 724 645 0 725 646 0 710 630 0 724 645 0 711 631 0 710 630 0 725 646 0 726 647 0 711 631 0 725 646 0 712 632 0 711 631 0 726 647 0 727 648 0 712 632 0 726 647 0 713 633 0 712 632 0 727 648 0 728 649 0 713 633 0 727 648 0 714 634 0 713 633 0 728 649 0 729 650 0 714 634 0 728 649 0 715 635 0 714 634 0 729 650 0 730 651 0 715 635 0 729 650 0 716 636 0 715 635 0 730 651 0 731 652 0 716 636 0 730 651 0 717 637 0 716 636 0 731 652 0 732 653 0 717 637 0 731 652 0 718 638 0 717 637 0 732 653 0 46 639 0 718 638 0 732 653 0 733 654 0 719 640 0 1287 624 0 1286 624 0 733 654 0 1287 624 0 720 641 0 719 640 0 733 654 0 734 655 0 720 641 0 733 654 0 721 642 0 720 641 0 734 655 0 735 656 0 721 642 0 734 655 0 722 643 0 721 642 0 735 656 0 736 657 0 722 643 0 735 656 0 723 644 0 722 643 0 736 657 0 737 658 0 723 644 0 736 657 0 724 645 0 723 644 0 737 658 0 738 659 0 724 645 0 737 658 0 725 646 0 724 645 0 738 659 0 739 660 0 725 646 0 738 659 0 726 647 0 725 646 0 739 660 0 740 661 0 726 647 0 739 660 0 727 648 0 726 647 0 740 661 0 741 662 0 727 648 0 740 661 0 728 649 0 727 648 0 741 662 0 742 663 0 728 649 0 741 662 0 729 650 0 728 649 0 742 663 0 743 664 0 729 650 0 742 663 0 730 651 0 729 650 0 743 664 0 744 665 0 730 651 0 743 664 0 731 652 0 730 651 0 744 665 0 745 666 0 731 652 0 744 665 0 732 653 0 731 652 0 745 666 0 46 639 0 732 653 0 593 667 0 732 653 0 745 666 0 593 667 0 746 668 0 733 654 0 1286 624 0 1285 669 0 746 668 0 1286 624 0 734 655 0 733 654 0 746 668 0 747 670 0 734 655 0 746 668 0 735 656 0 734 655 0 747 670 0 748 671 0 735 656 0 747 670 0 736 657 0 735 656 0 748 671 0 749 672 0 736 657 0 748 671 0 737 658 0 736 657 0 749 672 0 750 673 0 737 658 0 749 672 0 738 659 0 737 658 0 750 673 0 751 674 0 738 659 0 750 673 0 739 660 0 738 659 0 751 674 0 752 675 0 739 660 0 751 674 0 740 661 0 739 660 0 752 675 0 753 676 0 740 661 0 752 675 0 741 662 0 740 661 0 753 676 0 754 677 0 741 662 0 753 676 0 742 663 0 741 662 0 754 677 0 755 678 0 742 663 0 754 677 0 743 664 0 742 663 0 755 678 0 756 679 0 743 664 0 755 678 0 744 665 0 743 664 0 756 679 0 757 680 0 744 665 0 756 679 0 745 666 0 744 665 0 757 680 0 593 667 0 745 666 0 592 681 0 745 666 0 757 680 0 592 681 0 1284 683 0 758 682 0 1285 669 0 1285 669 0 758 682 0 746 668 0 759 684 0 746 668 0 758 682 0 747 670 0 746 668 0 759 684 0 760 685 0 747 670 0 759 684 0 748 671 0 747 670 0 760 685 0 761 686 0 748 671 0 760 685 0 749 672 0 748 671 0 761 686 0 762 687 0 749 672 0 761 686 0 750 673 0 749 672 0 762 687 0 763 688 0 750 673 0 762 687 0 751 674 0 750 673 0 763 688 0 764 689 0 751 674 0 763 688 0 752 675 0 751 674 0 764 689 0 765 690 0 752 675 0 764 689 0 753 676 0 752 675 0 765 690 0 766 691 0 753 676 0 765 690 0 754 677 0 753 676 0 766 691 0 767 692 0 754 677 0 766 691 0 755 678 0 754 677 0 767 692 0 768 693 0 755 678 0 767 692 0 756 679 0 755 678 0 768 693 0 769 694 0 756 679 0 768 693 0 757 680 0 756 679 0 769 694 0 757 680 0 769 694 0 770 695 0 592 681 0 757 680 0 770 695 0 771 696 0 758 682 0 1284 683 0 570 624 0 771 696 0 1284 683 0 759 684 0 758 682 0 771 696 0 772 697 0 759 684 0 771 696 0 760 685 0 759 684 0 772 697 0 773 698 0 760 685 0 772 697 0 761 686 0 760 685 0 773 698 0 774 699 0 761 686 0 773 698 0 762 687 0 761 686 0 774 699 0 775 700 0 762 687 0 774 699 0 763 688 0 762 687 0 775 700 0 776 701 0 763 688 0 775 700 0 764 689 0 763 688 0 776 701 0 777 702 0 764 689 0 776 701 0 765 690 0 764 689 0 777 702 0 778 703 0 765 690 0 777 702 0 766 691 0 765 690 0 778 703 0 779 704 0 766 691 0 778 703 0 767 692 0 766 691 0 779 704 0 780 705 0 767 692 0 779 704 0 768 693 0 767 692 0 780 705 0 781 706 0 768 693 0 780 705 0 769 694 0 768 693 0 781 706 0 782 707 0 769 694 0 781 706 0 770 695 0 769 694 0 782 707 0 592 681 0 770 695 0 49 708 0 770 695 0 782 707 0 49 708 0 783 709 0 771 696 0 570 624 0 571 624 0 783 709 0 570 624 0 772 697 0 771 696 0 783 709 0 784 710 0 772 697 0 783 709 0 773 698 0 772 697 0 784 710 0 785 711 0 773 698 0 784 710 0 774 699 0 773 698 0 785 711 0 786 712 0 774 699 0 785 711 0 775 700 0 774 699 0 786 712 0 787 713 0 775 700 0 786 712 0 776 701 0 775 700 0 787 713 0 788 714 0 776 701 0 787 713 0 777 702 0 776 701 0 788 714 0 789 715 0 777 702 0 788 714 0 778 703 0 777 702 0 789 715 0 790 716 0 778 703 0 789 715 0 779 704 0 778 703 0 790 716 0 791 717 0 779 704 0 790 716 0 780 705 0 779 704 0 791 717 0 792 718 0 780 705 0 791 717 0 781 706 0 780 705 0 792 718 0 793 719 0 781 706 0 792 718 0 782 707 0 781 706 0 793 719 0 49 708 0 782 707 0 590 720 0 782 707 0 793 719 0 590 720 0 794 721 0 590 720 0 793 719 0 795 722 0 783 709 0 571 624 0 572 723 0 795 722 0 571 624 0 784 710 0 783 709 0 795 722 0 796 724 0 784 710 0 795 722 0 785 711 0 784 710 0 796 724 0 797 725 0 785 711 0 796 724 0 786 712 0 785 711 0 797 725 0 798 726 0 786 712 0 797 725 0 787 713 0 786 712 0 798 726 0 799 727 0 787 713 0 798 726 0 788 714 0 787 713 0 799 727 0 800 728 0 788 714 0 799 727 0 789 715 0 788 714 0 800 728 0 801 729 0 789 715 0 800 728 0 790 716 0 789 715 0 801 729 0 802 730 0 790 716 0 801 729 0 791 717 0 790 716 0 802 730 0 803 731 0 791 717 0 802 730 0 792 718 0 791 717 0 803 731 0 804 732 0 792 718 0 803 731 0 793 719 0 792 718 0 804 732 0 805 733 0 793 719 0 804 732 0 794 721 0 793 719 0 805 733 0 590 720 0 794 721 0 589 734 0 794 721 0 805 733 0 589 734 0 806 735 0 795 722 0 572 723 0 573 736 0 806 735 0 572 723 0 796 724 0 795 722 0 806 735 0 807 737 0 796 724 0 806 735 0 797 725 0 796 724 0 807 737 0 808 738 0 797 725 0 807 737 0 798 726 0 797 725 0 808 738 0 809 739 0 798 726 0 808 738 0 799 727 0 798 726 0 809 739 0 810 740 0 799 727 0 809 739 0 800 728 0 799 727 0 810 740 0 811 741 0 800 728 0 810 740 0 801 729 0 800 728 0 811 741 0 812 742 0 801 729 0 811 741 0 802 730 0 801 729 0 812 742 0 813 743 0 802 730 0 812 742 0 803 731 0 802 730 0 813 743 0 814 744 0 803 731 0 813 743 0 804 732 0 803 731 0 814 744 0 815 745 0 804 732 0 814 744 0 805 733 0 804 732 0 815 745 0 589 734 0 805 733 0 815 745 0 589 734 0 815 745 0 816 746 0 817 747 0 806 735 0 573 736 0 1279 624 0 817 747 0 573 736 0 807 737 0 806 735 0 817 747 0 818 748 0 807 737 0 817 747 0 808 738 0 807 737 0 818 748 0 819 749 0 808 738 0 818 748 0 809 739 0 808 738 0 819 749 0 820 750 0 809 739 0 819 749 0 810 740 0 809 739 0 820 750 0 1375 751 0 810 740 0 820 750 0 811 741 0 810 740 0 1375 751 0 579 752 0 811 741 0 1375 751 0 812 742 0 811 741 0 579 752 0 1373 753 0 812 742 0 579 752 0 813 743 0 812 742 0 1373 753 0 581 754 0 813 743 0 1373 753 0 1371 755 0 813 743 0 581 754 0 814 744 0 813 743 0 1371 755 0 583 756 0 814 744 0 1371 755 0 815 745 0 814 744 0 583 756 0 1394 757 0 815 745 0 583 756 0 816 746 0 815 745 0 1394 757 0 842 758 0 816 746 0 1394 757 0 589 734 0 816 746 0 52 759 0 816 746 0 842 758 0 52 759 0 587 760 0 52 759 0 842 758 0 587 760 0 842 758 0 841 761 0 97 762 0 817 747 0 1279 624 0 818 748 0 817 747 0 97 762 0 1377 763 0 818 748 0 97 762 0 819 749 0 818 748 0 1377 763 0 577 764 0 819 749 0 1377 763 0 820 750 0 819 749 0 577 764 0 1375 751 0 820 750 0 577 764 0 1156 499 0 821 502 0 553 765 0 553 765 0 821 502 0 552 498 0 602 497 0 552 498 0 821 502 0 85 768 0 834 767 0 831 766 0 831 766 0 834 767 0 830 769 0 835 770 0 830 769 0 834 767 0 830 769 0 835 770 0 829 771 0 836 772 0 829 771 0 835 770 0 829 771 0 836 772 0 828 773 0 827 774 0 828 773 0 836 772 0 142 775 0 827 774 0 836 772 0 827 774 0 142 775 0 826 776 0 838 777 0 826 776 0 142 775 0 826 776 0 838 777 0 825 778 0 214 779 0 825 778 0 838 777 0 839 780 0 214 779 0 838 777 0 214 779 0 839 780 0 139 106 0 214 779 0 139 106 0 280 106 0 114 781 0 1 781 0 113 781 0 846 784 0 841 783 0 842 782 0 1401 786 0 845 785 0 846 784 0 846 784 0 842 782 0 1401 786 0 845 785 0 1401 786 0 844 787 0 875 790 0 874 789 0 852 788 0 852 788 0 844 791 0 875 790 0 875 790 0 844 791 0 1399 792 0 875 790 0 1399 792 0 876 793 0 1398 794 0 876 793 0 1399 792 0 876 793 0 1398 794 0 601 795 0 1246 796 0 601 795 0 1398 794 0 1398 794 0 1410 797 0 1246 796 0 862 108 0 863 107 0 913 798 0 913 798 0 863 107 0 898 799 0 864 800 0 898 799 0 863 107 0 898 799 0 864 800 0 897 801 0 107 802 0 897 801 0 864 800 0 897 801 0 107 802 0 896 803 0 866 804 0 896 803 0 107 802 0 896 803 0 866 804 0 895 805 0 105 806 0 895 805 0 866 804 0 895 805 0 105 806 0 894 807 0 894 807 0 105 806 0 868 808 0 869 809 0 894 807 0 868 808 0 894 807 0 869 809 0 893 810 0 102 811 0 893 810 0 869 809 0 893 810 0 102 811 0 892 812 0 892 812 0 102 811 0 871 813 0 100 814 0 892 812 0 871 813 0 892 812 0 100 814 0 891 815 0 873 816 0 891 815 0 100 814 0 876 818 0 891 815 0 875 817 0 891 815 0 873 816 0 875 817 0 873 816 0 874 143 0 875 817 0 913 798 0 898 799 0 914 819 0 914 819 0 898 799 0 915 795 0 915 795 0 898 799 0 889 795 0 889 795 0 898 799 0 967 795 0 898 799 0 897 801 0 967 795 0 967 795 0 897 801 0 887 795 0 897 801 0 896 803 0 887 795 0 887 795 0 896 803 0 923 795 0 923 795 0 896 803 0 885 795 0 896 803 0 895 805 0 885 795 0 885 795 0 895 805 0 858 795 0 895 805 0 894 807 0 858 795 0 858 795 0 894 807 0 840 795 0 894 807 0 893 810 0 840 795 0 840 795 0 893 810 0 832 795 0 832 795 0 893 810 0 661 795 0 893 810 0 892 812 0 661 795 0 661 795 0 892 812 0 660 795 0 892 812 0 891 815 0 660 795 0 660 795 0 891 815 0 636 795 0 636 795 0 891 815 0 606 795 0 876 818 0 606 795 0 891 815 0 876 818 0 601 795 0 606 795 0 915 795 0 916 795 0 947 820 0 915 795 0 947 820 0 914 819 0 914 819 0 947 820 0 931 821 0 916 795 0 917 795 0 947 820 0 947 820 0 917 795 0 946 822 0 947 820 0 946 822 0 931 821 0 931 821 0 946 822 0 930 823 0 917 795 0 918 795 0 946 822 0 946 822 0 918 795 0 945 824 0 946 822 0 945 824 0 930 823 0 930 823 0 945 824 0 929 825 0 918 795 0 1117 795 0 945 824 0 945 824 0 1117 795 0 944 826 0 945 824 0 944 826 0 929 825 0 929 825 0 944 826 0 928 827 0 1117 795 0 920 795 0 944 826 0 944 826 0 920 795 0 943 828 0 944 826 0 943 828 0 928 827 0 928 827 0 943 828 0 927 829 0 942 830 0 943 828 0 920 795 0 921 795 0 942 830 0 920 795 0 943 828 0 942 830 0 927 829 0 927 829 0 942 830 0 926 831 0 942 830 0 921 795 0 941 832 0 922 795 0 941 832 0 921 795 0 942 830 0 941 832 0 926 831 0 926 831 0 941 832 0 925 833 0 941 832 0 922 795 0 940 834 0 957 795 0 940 834 0 922 795 0 941 832 0 940 834 0 925 833 0 925 833 0 940 834 0 924 835 0 901 837 0 940 834 0 956 836 0 940 834 0 957 795 0 956 836 0 901 837 0 924 835 0 940 834 0 954 838 0 924 835 0 901 837 0 914 819 0 931 821 0 913 798 0 913 798 0 931 821 0 939 839 0 913 798 0 939 839 0 862 108 0 931 821 0 930 823 0 939 839 0 939 839 0 930 823 0 938 840 0 862 108 0 939 839 0 911 841 0 939 839 0 938 840 0 911 841 0 930 823 0 929 825 0 938 840 0 938 840 0 929 825 0 937 842 0 911 841 0 938 840 0 910 843 0 938 840 0 937 842 0 910 843 0 929 825 0 928 827 0 937 842 0 937 842 0 928 827 0 936 844 0 910 843 0 937 842 0 909 845 0 937 842 0 936 844 0 909 845 0 928 827 0 927 829 0 936 844 0 936 844 0 927 829 0 935 846 0 909 845 0 936 844 0 908 847 0 936 844 0 935 846 0 908 847 0 908 847 0 935 846 0 907 848 0 927 829 0 926 831 0 935 846 0 935 846 0 926 831 0 934 849 0 907 848 0 935 846 0 116 850 0 935 846 0 934 849 0 116 850 0 926 831 0 925 833 0 934 849 0 934 849 0 925 833 0 933 851 0 116 850 0 934 849 0 117 852 0 934 849 0 933 851 0 117 852 0 925 833 0 924 835 0 933 851 0 933 851 0 924 835 0 932 853 0 117 852 0 933 851 0 118 854 0 933 851 0 932 853 0 118 854 0 954 838 0 932 853 0 924 835 0 953 96 0 932 853 0 954 838 0 118 854 0 932 853 0 953 96 0 953 96 0 962 856 0 952 855 0 951 101 0 952 855 0 962 856 0 951 101 0 962 856 0 317 857 0 962 856 0 960 858 0 317 857 0 317 857 0 960 858 0 306 859 0 960 858 0 961 860 0 306 859 0 306 859 0 961 860 0 248 861 0 954 838 0 962 856 0 953 96 0 962 856 0 954 838 0 960 858 0 901 837 0 960 858 0 954 838 0 960 858 0 901 837 0 961 860 0 956 836 0 961 860 0 901 837 0 248 861 0 961 860 0 958 862 0 961 860 0 956 836 0 958 862 0 956 836 0 957 795 0 958 862 0 951 101 0 965 864 0 963 863 0 963 863 0 965 864 0 966 865 0 989 167 0 1028 866 0 1069 167 0 1069 167 0 1028 866 0 146 867 0 146 867 0 1028 866 0 1027 868 0 1026 869 0 146 867 0 1027 868 0 1026 869 0 198 870 0 146 867 0 198 870 0 1026 869 0 1025 871 0 198 870 0 1025 871 0 985 872 0 1024 873 0 985 872 0 1025 871 0 985 872 0 1024 873 0 984 874 0 1023 875 0 984 874 0 1024 873 0 1023 875 0 983 876 0 984 874 0 983 876 0 1023 875 0 1022 877 0 983 876 0 1022 877 0 982 878 0 1021 879 0 982 878 0 1022 877 0 982 878 0 1021 879 0 981 880 0 1020 881 0 981 880 0 1021 879 0 1020 881 0 229 882 0 981 880 0 244 883 0 229 882 0 1020 881 0 1019 884 0 244 883 0 1020 881 0 244 883 0 1019 884 0 1018 885 0 244 883 0 1018 885 0 978 30 0 978 30 0 1018 885 0 189 30 0 189 30 0 188 886 0 978 30 0 978 30 0 188 886 0 977 887 0 1003 888 0 977 887 0 188 886 0 977 887 0 1003 888 0 976 889 0 976 889 0 1003 888 0 186 890 0 975 891 0 976 889 0 186 890 0 185 892 0 975 891 0 186 890 0 975 891 0 185 892 0 974 893 0 974 893 0 185 892 0 184 894 0 183 895 0 974 893 0 184 894 0 974 893 0 183 895 0 973 896 0 973 896 0 183 895 0 182 897 0 373 898 0 973 896 0 182 897 0 181 899 0 373 898 0 182 897 0 373 898 0 181 899 0 971 900 0 971 900 0 181 899 0 1010 901 0 1011 902 0 971 900 0 1010 901 0 971 900 0 1011 902 0 970 903 0 970 903 0 1011 902 0 1012 904 0 970 903 0 1012 904 0 969 905 0 1013 906 0 969 905 0 1012 904 0 969 905 0 1013 906 0 968 781 0 968 781 0 1013 906 0 1014 781 0 115 781 0 1 781 0 114 781 0 238 217 0 189 217 0 1018 907 0 1018 907 0 251 908 0 238 217 0 1019 909 0 251 908 0 1018 907 0 251 908 0 1019 909 0 252 910 0 1020 911 0 252 910 0 1019 909 0 1020 911 0 253 912 0 252 910 0 253 912 0 1020 911 0 1021 913 0 253 912 0 1021 913 0 254 914 0 254 914 0 1021 913 0 1022 915 0 254 914 0 1022 915 0 255 916 0 1023 917 0 255 916 0 1022 915 0 1023 917 0 1034 918 0 255 916 0 1034 918 0 1023 917 0 1033 919 0 1023 917 0 1024 920 0 1033 919 0 1033 919 0 1024 920 0 1025 921 0 1033 919 0 1025 921 0 258 922 0 1026 923 0 258 922 0 1025 921 0 258 922 0 1026 923 0 259 924 0 1027 925 0 259 924 0 1026 923 0 1027 925 0 1030 926 0 259 924 0 1028 927 0 1030 926 0 1027 925 0 1029 928 0 1030 926 0 1028 927 0 1115 931 0 1142 930 0 1116 929 0 1115 931 0 1065 932 0 1142 930 0 1065 932 0 1115 931 0 1043 933 0 1065 932 0 1043 933 0 271 934 0 1043 933 0 1063 935 0 271 934 0 1113 936 0 1063 935 0 1043 933 0 1063 935 0 1113 936 0 273 937 0 1113 936 0 1045 938 0 273 937 0 1111 939 0 273 937 0 1045 938 0 273 937 0 1111 939 0 1061 940 0 1111 939 0 1110 941 0 1061 940 0 1048 942 0 1061 940 0 1110 941 0 1048 942 0 1060 943 0 1061 940 0 1060 943 0 1048 942 0 1059 944 0 1048 942 0 1049 945 0 1059 944 0 1107 946 0 1059 944 0 1049 945 0 1059 944 0 1107 946 0 277 947 0 1107 946 0 1051 948 0 277 947 0 1052 949 0 277 947 0 1051 948 0 277 947 0 1052 949 0 1057 950 0 1053 951 0 1057 950 0 1052 949 0 1053 951 0 1056 952 0 1057 950 0 1103 168 0 1056 952 0 1053 951 0 280 168 0 1056 952 0 1103 168 0 1014 781 0 228 953 0 968 781 0 968 781 0 228 953 0 1088 954 0 227 955 0 1088 954 0 228 953 0 1088 954 0 227 955 0 1087 956 0 1087 956 0 227 955 0 226 957 0 1086 958 0 1087 956 0 226 957 0 225 959 0 1086 958 0 226 957 0 1086 958 0 225 959 0 1085 960 0 1085 960 0 225 959 0 1095 961 0 223 962 0 1085 960 0 1095 961 0 1085 960 0 223 962 0 1084 963 0 1084 963 0 223 962 0 222 964 0 1083 965 0 1084 963 0 222 964 0 221 966 0 1083 965 0 222 964 0 1083 965 0 221 966 0 1082 967 0 1082 967 0 221 966 0 220 968 0 219 969 0 1082 967 0 220 968 0 1082 967 0 219 969 0 1081 970 0 1081 970 0 219 969 0 1101 971 0 1081 970 0 1101 971 0 1080 972 0 1102 973 0 1080 972 0 1101 971 0 1080 972 0 1102 973 0 1079 106 0 1079 106 0 1102 973 0 1103 106 0 1103 106 0 1053 974 0 1079 106 0 1079 106 0 1053 974 0 1078 975 0 1052 976 0 1078 975 0 1053 974 0 1078 975 0 1052 976 0 0 977 0 0 977 0 1052 976 0 1051 978 0 1076 979 0 0 977 0 1051 978 0 1107 980 0 1076 979 0 1051 978 0 1076 979 0 1107 980 0 1049 981 0 1076 979 0 1049 981 0 3 982 0 1048 983 0 3 982 0 1049 981 0 3 982 0 1048 983 0 51 984 0 51 984 0 1048 983 0 1110 985 0 53 986 0 51 984 0 1110 985 0 1111 987 0 53 986 0 1110 985 0 53 986 0 1111 987 0 1045 988 0 53 986 0 1045 988 0 106 989 0 1113 990 0 106 989 0 1045 988 0 106 989 0 1113 990 0 123 991 0 123 991 0 1113 990 0 1043 992 0 1070 993 0 123 991 0 1043 992 0 1115 994 0 1070 993 0 1043 992 0 1070 993 0 1115 994 0 1069 167 0 1069 167 0 1115 994 0 1116 995 0 1069 167 0 1116 995 0 989 167 0 1122 106 0 1028 106 0 1121 106 0 262 106 0 1028 106 0 1122 106 0 1029 106 0 1028 106 0 262 106 0 268 30 0 1125 996 0 1144 30 0 1144 30 0 1125 996 0 1137 997 0 1136 217 0 1137 997 0 1125 996 0 1126 998 0 1136 217 0 1125 996 0 1136 217 0 1126 998 0 890 999 0 265 1000 0 890 999 0 1126 998 0 890 999 0 265 1000 0 959 1001 0 1128 1002 0 959 1001 0 265 1000 0 1128 1002 0 1001 1003 0 959 1001 0 1129 1004 0 1001 1003 0 1128 1002 0 1129 1004 0 1015 1005 0 1001 1003 0 1015 1005 0 1129 1004 0 1122 106 0 1122 106 0 1129 1004 0 262 106 0 1116 30 0 1144 30 0 1140 30 0 1142 30 0 1144 30 0 1116 30 0 268 30 0 1144 30 0 1142 30 0 562 106 0 1210 106 0 1147 106 0 1207 106 0 1210 106 0 562 106 0 1203 106 0 1205 106 0 561 106 0 1200 106 0 1202 106 0 1150 106 0 1204 106 0 1201 106 0 1152 106 0 1208 106 0 1206 106 0 557 106 0 1211 106 0 1209 106 0 556 106 0 1213 106 0 1212 106 0 1155 106 0 1233 106 0 1232 106 0 319 106 0 1231 106 0 1230 106 0 320 106 0 1229 106 0 1228 106 0 1168 106 0 1227 106 0 1226 106 0 1167 106 0 1215 106 0 1214 106 0 329 106 0 1217 106 0 1216 106 0 1161 106 0 1225 106 0 1224 106 0 1166 106 0 1219 106 0 1218 106 0 327 106 0 1223 106 0 1222 106 0 324 106 0 1220 106 0 1164 106 0 1221 106 0 1220 106 0 1163 106 0 1164 106 0 1222 106 0 1123 106 0 1221 106 0 1219 106 0 1220 106 0 1181 106 0 1223 106 0 1224 106 0 1179 106 0 1217 106 0 1218 106 0 1182 106 0 1215 106 0 1216 106 0 1183 106 0 1225 106 0 1226 106 0 1178 106 0 1227 106 0 1228 106 0 1177 106 0 1177 106 0 1228 106 0 1176 106 0 1176 106 0 1228 106 0 1175 106 0 1229 106 0 1230 106 0 1174 106 0 1231 106 0 1232 106 0 1173 106 0 1233 106 0 1145 106 0 1139 106 0 1214 106 0 1075 106 0 330 106 0 330 106 0 1075 106 0 552 106 0 552 106 0 1075 106 0 1067 106 0 552 106 0 1067 106 0 1186 106 0 552 106 0 1186 106 0 553 106 0 553 106 0 1186 106 0 1187 106 0 553 106 0 1187 106 0 1156 106 0 1156 106 0 1187 106 0 1188 106 0 1156 106 0 1188 106 0 1213 106 0 1211 106 0 1212 106 0 1058 106 0 1208 106 0 1209 106 0 1062 106 0 1204 106 0 1206 106 0 1191 106 0 559 106 0 1201 106 0 1064 106 0 559 106 0 1064 106 0 1066 106 0 559 106 0 1066 106 0 1068 106 0 559 106 0 1068 106 0 1200 106 0 1200 106 0 1068 106 0 1071 106 0 1203 106 0 1202 106 0 1072 106 0 1207 106 0 1205 106 0 1073 106 0 564 106 0 1210 106 0 1074 106 0 1236 1007 0 1237 365 0 355 1006 0 1239 361 0 1247 1008 0 355 1006 0 355 1006 0 1247 1008 0 1236 1007 0 1236 1007 0 1247 1008 0 1270 1009 0 1245 1010 0 1270 1009 0 1247 1008 0 1245 1010 0 246 106 0 1270 1009 0 965 1012 0 531 1011 0 1239 361 0 1239 361 0 531 1011 0 1247 1008 0 1242 1013 0 1247 1008 0 531 1011 0 1242 1013 0 535 1015 0 1407 1014 0 1245 1010 0 1247 1008 0 1407 1014 0 1247 1008 0 1242 1013 0 1407 1014 0 1258 290 0 365 1017 0 1257 1016 0 1257 1016 0 365 1017 0 1277 1018 0 1260 1019 0 1277 1018 0 365 1017 0 1277 1018 0 1260 1019 0 1276 1020 0 1276 1020 0 1260 1019 0 1261 1021 0 1276 1020 0 1261 1021 0 362 1022 0 1263 1023 0 1276 1020 0 362 1022 0 1276 1020 0 1263 1023 0 1275 1024 0 1264 1025 0 1275 1024 0 1263 1023 0 1275 1024 0 1264 1025 0 1274 1026 0 1265 327 0 1274 1026 0 1264 1025 0 1274 1026 0 1265 327 0 1273 1027 0 358 1028 0 1273 1027 0 1265 327 0 1273 1027 0 358 1028 0 1272 1029 0 1267 1030 0 1272 1029 0 358 1028 0 1270 1009 0 1272 1029 0 1236 1031 0 1272 1029 0 1267 1030 0 1236 1031 0 1267 1030 0 1237 365 0 1236 1031 0 1257 1016 0 1277 1018 0 1256 1032 0 1256 1032 0 1277 1018 0 1255 106 0 1255 106 0 1277 1018 0 250 106 0 1277 1018 0 1276 1020 0 250 106 0 250 106 0 1276 1020 0 249 106 0 1276 1020 0 1275 1024 0 249 106 0 249 106 0 1275 1024 0 247 106 0 1275 1024 0 1274 1026 0 247 106 0 247 106 0 1274 1026 0 1251 106 0 1274 1026 0 1273 1027 0 1251 106 0 1251 106 0 1273 1027 0 1250 106 0 1273 1027 0 1272 1029 0 1250 106 0 1250 106 0 1272 1029 0 1249 106 0 1270 1009 0 1249 106 0 1272 1029 0 1270 1009 0 246 106 0 1249 106 0 1258 290 0 212 1033 0 367 290 0 367 290 0 212 1033 0 368 290 0 368 290 0 212 1033 0 369 290 0 369 290 0 212 1033 0 370 290 0 370 290 0 212 1033 0 371 290 0 371 290 0 212 1033 0 372 290 0 372 290 0 212 1033 0 1145 290 0 1145 290 0 212 1033 0 1199 1034 0 1199 1034 0 212 1033 0 1313 1035 0 1313 1035 0 212 1033 0 1324 1036 0 1325 1037 0 1313 1035 0 1324 1036 0 1325 1037 0 1271 1038 0 1313 1035 0 1271 1038 0 1325 1037 0 1311 1039 0 1311 1039 0 1325 1037 0 213 1040 0 215 1041 0 1311 1039 0 213 1040 0 215 1041 0 1310 1042 0 1311 1039 0 1310 1042 0 215 1041 0 216 1043 0 1310 1042 0 216 1043 0 1309 1044 0 217 1045 0 1309 1044 0 216 1043 0 1309 1044 0 217 1045 0 1308 1046 0 1330 1047 0 1308 1046 0 217 1045 0 1330 1047 0 1356 1048 0 1308 1046 0 1356 1048 0 1330 1047 0 218 1049 0 1356 1048 0 218 1049 0 1306 1050 0 224 1051 0 1306 1050 0 218 1049 0 224 1051 0 1305 1052 0 1306 1050 0 1305 1052 0 224 1051 0 230 1053 0 233 1054 0 1305 1052 0 230 1053 0 233 1054 0 1304 1055 0 1305 1052 0 1304 1055 0 233 1054 0 1303 1056 0 234 1057 0 1303 1056 0 233 1054 0 234 1057 0 1009 1058 0 1303 1056 0 1009 1058 0 234 1057 0 235 1059 0 1009 1058 0 235 1059 0 1301 1060 0 1337 1061 0 1301 1060 0 235 1059 0 1337 1061 0 1008 1062 0 1301 1060 0 1008 1062 0 1337 1061 0 1338 1063 0 1008 1062 0 1338 1063 0 1299 1064 0 236 1065 0 1299 1064 0 1338 1063 0 1299 1064 0 236 1065 0 1007 1066 0 1341 1067 0 1007 1066 0 236 1065 0 237 1067 0 1341 1067 0 236 1065 0 1007 1066 0 1341 1067 0 1297 1068 0 1297 1068 0 1341 1067 0 1342 1069 0 1297 1068 0 1342 1069 0 1343 1070 0 1297 1068 0 1343 1070 0 1344 1071 0 1297 1068 0 1344 1071 0 1006 1072 0 1006 1072 0 1344 1071 0 111 1073 0 1006 1072 0 111 1073 0 112 1074 0 1006 1072 0 112 1074 0 108 1075 0 1349 1076 0 108 1075 0 91 1075 0 1349 1076 0 1006 1072 0 108 1075 0 1006 1072 0 1349 1076 0 1295 1077 0 1295 1077 0 1349 1076 0 92 1078 0 1005 1079 0 1295 1077 0 92 1078 0 93 1080 0 1005 1079 0 92 1078 0 1005 1079 0 93 1080 0 1293 1081 0 94 1082 0 1293 1081 0 93 1080 0 1293 1081 0 94 1082 0 1292 1083 0 1292 1083 0 94 1082 0 1353 1084 0 1292 1083 0 1353 1084 0 1004 1085 0 95 1086 0 1004 1085 0 1353 1084 0 1004 1085 0 95 1086 0 1002 1087 0 1002 1087 0 95 1086 0 96 1088 0 1002 1087 0 96 1088 0 564 1089 0 1288 1089 0 564 1089 0 96 1088 0 96 1088 0 1287 1089 0 1288 1089 0 1279 1090 0 573 1089 0 96 1088 0 1286 1089 0 1287 1089 0 96 1088 0 96 1088 0 97 1090 0 1279 1090 0 1285 1090 0 1286 1089 0 96 1088 0 571 1091 0 570 1089 0 96 1088 0 96 1088 0 570 1089 0 1284 1090 0 96 1088 0 1284 1090 0 1285 1090 0 96 1088 0 573 1089 0 572 624 0 572 624 0 571 1091 0 96 1088 0 583 756 0 1371 1093 0 1385 1092 0 1385 1092 0 1371 1093 0 1383 1094 0 581 1095 0 1383 1094 0 1371 1093 0 1383 1094 0 581 1095 0 1382 1096 0 1373 1097 0 1382 1096 0 581 1095 0 1382 1096 0 1373 1097 0 1381 1098 0 579 1099 0 1381 1098 0 1373 1097 0 1381 1098 0 579 1099 0 1380 1100 0 1380 1100 0 579 1099 0 1375 1101 0 1380 1100 0 1375 1101 0 577 1102 0 1377 1103 0 1380 1100 0 577 1102 0 1377 1103 0 1379 1104 0 1380 1100 0 1359 1106 0 1379 1104 0 98 1105 0 1379 1104 0 1377 1103 0 98 1105 0 98 1105 0 1377 1103 0 97 1107 0 1385 1092 0 1383 1094 0 1386 1108 0 1386 1108 0 1383 1094 0 1415 106 0 1415 106 0 1383 1094 0 289 1109 0 289 1109 0 1383 1094 0 288 1110 0 1383 1094 0 1382 1096 0 288 1110 0 288 1110 0 1382 1096 0 287 1111 0 1382 1096 0 1381 1098 0 287 1111 0 287 1111 0 1381 1098 0 286 1112 0 1381 1098 0 1380 1100 0 286 1112 0 286 1112 0 1380 1100 0 1362 1113 0 1362 1113 0 1380 1100 0 285 1114 0 1380 1100 0 1379 1104 0 285 1114 0 285 1114 0 1379 1104 0 283 1115 0 1379 1104 0 1359 1106 0 283 1115 0 1394 1118 0 1396 1117 0 842 1116 0 842 1116 0 1396 1117 0 1403 1119 0 1403 1119 0 1396 1117 0 1391 1120 0 1389 1121 0 1391 1120 0 1396 1117 0 1389 1121 0 1412 1122 0 1391 1120 0 1394 1118 0 583 756 0 1396 1117 0 1396 1117 0 583 756 0 1385 1092 0 1386 1108 0 1396 1117 0 1385 1092 0 1389 1121 0 1396 1117 0 1414 1123 0 1396 1117 0 1386 1108 0 1414 1123 0 1386 1108 0 1415 106 0 1414 1123 0 1409 1126 0 1412 1125 0 1406 1124 0 1410 1127 0 1409 1126 0 1406 1124 0 1412 1125 0 1409 1126 0 1391 1128 0 1409 1126 0 1408 1129 0 1391 1128 0 1391 1128 0 1408 1129 0 1403 1130 0 842 1131 0 1403 1130 0 1408 1129 0 1398 1132 0 1409 1126 0 1410 1127 0 1409 1126 0 1398 1132 0 1408 1129 0 1399 1133 0 1408 1129 0 1398 1132 0 842 1131 0 1408 1129 0 1401 1134 0 1408 1129 0 1399 1133 0 1401 1134 0 1399 1133 0 844 1135 0 1401 1134 0 246 106 0 1245 1136 0 1415 106 0 1415 106 0 1245 1136 0 1414 1137 0 1389 1138 0 1414 1137 0 1245 1136 0 1407 1139 0 1389 1138 0 1245 1136 0 1389 1138 0 1407 1139 0 535 1140 0 1389 1138 0 535 1140 0 1412 1141 0 248 861 0 1412 1141 0 535 1140 0 248 861 0 1406 1142 0 1412 1141 0 1410 1127 0 1406 1142 0 248 861 0 958 1143 0 1410 1127 0 248 861 0 1410 1127 0 958 1143 0 1246 1144 0 1246 1144 0 958 1143 0 957 795 0 1246 1144 0 957 795 0 601 795 0 601 795 0 957 795 0 922 795 0 601 795 0 922 795 0 921 795 0 601 795 0 921 795 0 920 795 0 601 795 0 920 795 0 1117 795 0 601 795 0 1117 795 0 918 795 0 601 795 0 918 795 0 917 795 0 601 795 0 917 795 0 916 795 0 601 795 0 916 795 0 915 795 0 601 795 0 915 795 0 889 795 0 601 795 0 889 795 0 967 795 0 601 795 0 967 795 0 887 795 0 601 795 0 887 795 0 923 795 0 601 795 0 923 795 0 885 795 0 601 795 0 885 795 0 858 795 0 601 795 0 858 795 0 840 795 0 601 795 0 840 795 0 832 795 0 601 795 0 832 795 0 661 795 0 601 795 0 661 795 0 660 795 0 601 795 0 660 795 0 636 795 0 601 795 0 636 795 0 606 795 0 306 1146 0 248 1145 0 535 1140 0 306 1146 0 535 1140 0 1242 1147 0 306 1146 0 1242 1147 0 317 1148 0 531 1149 0 317 1148 0 1242 1147 0 317 1148 0 531 1149 0 951 1150 0 951 1150 0 531 1149 0 965 1151 0 1070 1000 0 1069 1000 0 146 1000 0 1070 1000 0 146 1000 0 198 1000 0 1070 1000 0 198 1000 0 123 1000 0 123 1000 0 198 1000 0 106 1000 0 106 1000 0 198 1000 0 985 1000 0 106 1000 0 985 1000 0 984 1000 0 106 1000 0 984 1000 0 53 1000 0 53 1000 0 984 1000 0 983 1000 0 53 1000 0 983 1000 0 51 1000 0 51 1000 0 983 1000 0 982 1000 0 51 1000 0 982 1000 0 3 1000 0 3 1000 0 982 1000 0 981 1000 0 3 1000 0 981 1000 0 1076 1000 0 1076 1000 0 981 1000 0 229 1000 0 1076 1000 0 229 1000 0 0 1000 0 0 1000 0 229 1000 0 244 1000 0 0 1000 0 244 1000 0 1078 1000 0 1078 1000 0 244 1000 0 978 1000 0 1078 1000 0 978 1000 0 1079 1000 0 1079 1000 0 978 1000 0 977 1000 0 1079 1000 0 977 1000 0 1080 1000 0 1080 1000 0 977 1000 0 976 1000 0 1080 1000 0 976 1000 0 1081 1000 0 1081 1000 0 976 1000 0 975 1000 0 1081 1000 0 975 1000 0 1082 1000 0 1082 1000 0 975 1000 0 974 1000 0 1082 1000 0 974 1000 0 1083 1000 0 1083 1000 0 974 1000 0 973 1000 0 1083 1000 0 973 1000 0 1084 1000 0 1084 1000 0 973 1000 0 373 1000 0 1084 1000 0 373 1000 0 1085 1000 0 1085 1000 0 373 1000 0 971 1000 0 1085 1000 0 971 1000 0 1086 1000 0 1086 1000 0 971 1000 0 970 1000 0 1086 1000 0 970 1000 0 1087 1000 0 1087 1000 0 970 1000 0 1088 1000 0 1088 1000 0 970 1000 0 969 1000 0 1088 1000 0 969 1000 0 968 1000 0 1028 1152 0 1140 1152 0 1121 1152 0 989 1152 0 1116 1152 0 1140 1152 0 1140 1152 0 1028 1152 0 989 1152 0 1121 167 0 1140 167 0 1122 167 0 1122 167 0 1140 167 0 1015 167 0 1015 167 0 1140 167 0 1001 167 0 1001 167 0 1140 167 0 959 167 0 959 167 0 1140 167 0 890 167 0 890 167 0 1140 167 0 1136 167 0 1136 167 0 1140 167 0 1137 167 0 1137 167 0 1140 167 0 1144 167 0 29 30 0 1411 1153 0 1016 30 0 29 30 0 1077 1154 0 1411 1153 0 32 30 0 1077 1154 0 29 30 0 1077 1154 0 32 30 0 1089 1155 0 33 30 0 1089 1155 0 32 30 0 1089 1155 0 33 30 0 1090 1156 0 34 30 0 1090 1156 0 33 30 0 1090 1156 0 34 30 0 1091 1157 0 35 30 0 1091 1157 0 34 30 0 1091 1157 0 35 30 0 1092 1158 0 1405 30 0 1092 1158 0 35 30 0 1092 1158 0 1405 30 0 1093 1159 0 36 30 0 1093 1159 0 1405 30 0 1093 1159 0 36 30 0 1094 1160 0 1404 30 0 1094 1160 0 36 30 0 1094 1160 0 1404 30 0 1096 1161 0 37 30 0 1096 1161 0 1404 30 0 1096 1161 0 37 30 0 1097 1162 0 1402 30 0 1097 1162 0 37 30 0 1097 1162 0 1402 30 0 1098 1163 0 38 30 0 1098 1163 0 1402 30 0 1098 1163 0 38 30 0 1099 1164 0 1400 30 0 1099 1164 0 38 30 0 1099 1164 0 1400 30 0 1100 1165 0 40 30 0 1100 1165 0 1400 30 0 1100 1165 0 40 30 0 1104 1166 0 1397 30 0 1104 1166 0 40 30 0 1104 1166 0 1397 30 0 1105 1167 0 41 30 0 1105 1167 0 1397 30 0 1105 1167 0 41 30 0 1106 1168 0 1393 30 0 1106 1168 0 41 30 0 1106 1168 0 1393 30 0 1108 1169 0 42 30 0 1108 1169 0 1393 30 0 1108 1169 0 42 30 0 1109 1170 0 1109 1170 0 42 30 0 1392 30 0 1390 30 0 1109 1170 0 1392 30 0 1109 1170 0 1390 30 0 1112 1171 0 1112 1171 0 1390 30 0 44 30 0 1388 30 0 1112 1171 0 44 30 0 1112 1171 0 1388 30 0 1114 1172 0 1387 30 0 1114 1172 0 1388 30 0 1387 30 0 1384 30 0 1114 1172 0 1376 1174 0 1114 1172 0 1046 1173 0 1114 1172 0 1384 30 0 1046 1173 0 1411 1153 0 1077 1154 0 1413 1175 0 1413 1175 0 1077 1154 0 1118 1176 0 1077 1154 0 1089 1155 0 1118 1176 0 1118 1176 0 1089 1155 0 1119 1177 0 1089 1155 0 1090 1156 0 1119 1177 0 1119 1177 0 1090 1156 0 1120 1178 0 1090 1156 0 1091 1157 0 1120 1178 0 1120 1178 0 1091 1157 0 1124 1179 0 1091 1157 0 1092 1158 0 1124 1179 0 1124 1179 0 1092 1158 0 1127 1180 0 1092 1158 0 1093 1159 0 1127 1180 0 1127 1180 0 1093 1159 0 1130 1181 0 1093 1159 0 1094 1160 0 1130 1181 0 1130 1181 0 1094 1160 0 1131 1182 0 1094 1160 0 1096 1161 0 1131 1182 0 1131 1182 0 1096 1161 0 1132 1183 0 1096 1161 0 1097 1162 0 1132 1183 0 1132 1183 0 1097 1162 0 1133 1184 0 1097 1162 0 1098 1163 0 1133 1184 0 1133 1184 0 1098 1163 0 1134 1185 0 1098 1163 0 1099 1164 0 1134 1185 0 1134 1185 0 1099 1164 0 1135 1186 0 1099 1164 0 1100 1165 0 1135 1186 0 1135 1186 0 1100 1165 0 1138 1187 0 1100 1165 0 1104 1166 0 1138 1187 0 1138 1187 0 1104 1166 0 1141 1188 0 1104 1166 0 1105 1167 0 1141 1188 0 1141 1188 0 1105 1167 0 1143 1189 0 1105 1167 0 1106 1168 0 1143 1189 0 1143 1189 0 1106 1168 0 1146 1190 0 1106 1168 0 1108 1169 0 1146 1190 0 1146 1190 0 1108 1169 0 1148 1191 0 1108 1169 0 1109 1170 0 1148 1191 0 1148 1191 0 1109 1170 0 1149 1192 0 1109 1170 0 1112 1171 0 1149 1192 0 1149 1192 0 1112 1171 0 1151 1193 0 1112 1171 0 1114 1172 0 1151 1193 0 1151 1193 0 1114 1172 0 1153 1194 0 1376 1174 0 1153 1194 0 1114 1172 0 1047 1195 0 1153 1194 0 1376 1174 0 1413 1175 0 1118 1176 0 1416 1196 0 1416 1196 0 1118 1176 0 1154 1197 0 1118 1176 0 1119 1177 0 1154 1197 0 1154 1197 0 1119 1177 0 1157 1198 0 1119 1177 0 1120 1178 0 1157 1198 0 1157 1198 0 1120 1178 0 1158 1199 0 1120 1178 0 1124 1179 0 1158 1199 0 1158 1199 0 1124 1179 0 1159 1200 0 1124 1179 0 1127 1180 0 1159 1200 0 1159 1200 0 1127 1180 0 1160 1201 0 1127 1180 0 1130 1181 0 1160 1201 0 1160 1201 0 1130 1181 0 1162 1202 0 1130 1181 0 1131 1182 0 1162 1202 0 1162 1202 0 1131 1182 0 1165 1203 0 1131 1182 0 1132 1183 0 1165 1203 0 1165 1203 0 1132 1183 0 1169 1204 0 1132 1183 0 1133 1184 0 1169 1204 0 1169 1204 0 1133 1184 0 1170 1205 0 1133 1184 0 1134 1185 0 1170 1205 0 1170 1205 0 1134 1185 0 1171 1206 0 1134 1185 0 1135 1186 0 1171 1206 0 1171 1206 0 1135 1186 0 1172 1207 0 1135 1186 0 1138 1187 0 1172 1207 0 1172 1207 0 1138 1187 0 1180 1208 0 1138 1187 0 1141 1188 0 1180 1208 0 1180 1208 0 1141 1188 0 1184 1209 0 1141 1188 0 1143 1189 0 1184 1209 0 1184 1209 0 1143 1189 0 1185 1210 0 1143 1189 0 1146 1190 0 1185 1210 0 1185 1210 0 1146 1190 0 1189 1211 0 1146 1190 0 1148 1191 0 1189 1211 0 1189 1211 0 1148 1191 0 1190 1212 0 1148 1191 0 1149 1192 0 1190 1212 0 1190 1212 0 1149 1192 0 1192 1213 0 1149 1192 0 1151 1193 0 1192 1213 0 1192 1213 0 1151 1193 0 1193 1214 0 1151 1193 0 1153 1194 0 1193 1214 0 1193 1214 0 1153 1194 0 1194 1215 0 1047 1195 0 1194 1215 0 1153 1194 0 1050 1216 0 1194 1215 0 1047 1195 0 1416 1196 0 1154 1197 0 1417 1217 0 1417 1217 0 1154 1197 0 1195 1218 0 1154 1197 0 1157 1198 0 1195 1218 0 1195 1218 0 1157 1198 0 1196 1219 0 1157 1198 0 1158 1199 0 1196 1219 0 1196 1219 0 1158 1199 0 1197 1220 0 1158 1199 0 1159 1200 0 1197 1220 0 1197 1220 0 1159 1200 0 1198 1221 0 1159 1200 0 1160 1201 0 1198 1221 0 1198 1221 0 1160 1201 0 1234 1222 0 1160 1201 0 1162 1202 0 1234 1222 0 1234 1222 0 1162 1202 0 1235 1223 0 1162 1202 0 1165 1203 0 1235 1223 0 1235 1223 0 1165 1203 0 1238 1224 0 1165 1203 0 1169 1204 0 1238 1224 0 1238 1224 0 1169 1204 0 1240 1225 0 1169 1204 0 1170 1205 0 1240 1225 0 1240 1225 0 1170 1205 0 1241 1226 0 1170 1205 0 1171 1206 0 1241 1226 0 1241 1226 0 1171 1206 0 1243 1227 0 1171 1206 0 1172 1207 0 1243 1227 0 1243 1227 0 1172 1207 0 1244 1228 0 1172 1207 0 1180 1208 0 1244 1228 0 1244 1228 0 1180 1208 0 1248 1229 0 1180 1208 0 1184 1209 0 1248 1229 0 1248 1229 0 1184 1209 0 1252 1230 0 1184 1209 0 1185 1210 0 1252 1230 0 1252 1230 0 1185 1210 0 1253 1231 0 1185 1210 0 1189 1211 0 1253 1231 0 1253 1231 0 1189 1211 0 1254 1232 0 1189 1211 0 1190 1212 0 1254 1232 0 1254 1232 0 1190 1212 0 1259 1233 0 1190 1212 0 1192 1213 0 1259 1233 0 1259 1233 0 1192 1213 0 1262 1234 0 1192 1213 0 1193 1214 0 1262 1234 0 1262 1234 0 1193 1214 0 1266 1235 0 1193 1214 0 1194 1215 0 1266 1235 0 1266 1235 0 1194 1215 0 1268 1236 0 1050 1216 0 1268 1236 0 1194 1215 0 1374 1237 0 1268 1236 0 1050 1216 0 1417 1217 0 1195 1218 0 1395 1238 0 1395 1238 0 1195 1218 0 1269 1239 0 1195 1218 0 1196 1219 0 1269 1239 0 1269 1239 0 1196 1219 0 1278 1240 0 1196 1219 0 1197 1220 0 1278 1240 0 1278 1240 0 1197 1220 0 1280 1241 0 1197 1220 0 1198 1221 0 1280 1241 0 1280 1241 0 1198 1221 0 1281 1242 0 1198 1221 0 1234 1222 0 1281 1242 0 1281 1242 0 1234 1222 0 1282 1243 0 1234 1222 0 1235 1223 0 1282 1243 0 1282 1243 0 1235 1223 0 1283 1244 0 1235 1223 0 1238 1224 0 1283 1244 0 1283 1244 0 1238 1224 0 1289 1245 0 1238 1224 0 1240 1225 0 1289 1245 0 1289 1245 0 1240 1225 0 1290 1246 0 1240 1225 0 1241 1226 0 1290 1246 0 1290 1246 0 1241 1226 0 1291 1247 0 1241 1226 0 1243 1227 0 1291 1247 0 1291 1247 0 1243 1227 0 1294 1248 0 1243 1227 0 1244 1228 0 1294 1248 0 1294 1248 0 1244 1228 0 1296 1249 0 1244 1228 0 1248 1229 0 1296 1249 0 1296 1249 0 1248 1229 0 1298 1250 0 1248 1229 0 1252 1230 0 1298 1250 0 1298 1250 0 1252 1230 0 1300 1251 0 1252 1230 0 1253 1231 0 1300 1251 0 1300 1251 0 1253 1231 0 1302 1252 0 1253 1231 0 1254 1232 0 1302 1252 0 1302 1252 0 1254 1232 0 1307 1253 0 1254 1232 0 1259 1233 0 1307 1253 0 1307 1253 0 1259 1233 0 1312 1254 0 1259 1233 0 1262 1234 0 1312 1254 0 1312 1254 0 1262 1234 0 1314 1255 0 1262 1234 0 1266 1235 0 1314 1255 0 1314 1255 0 1266 1235 0 1315 1256 0 1266 1235 0 1268 1236 0 1315 1256 0 1315 1256 0 1268 1236 0 1316 1257 0 1374 1237 0 1316 1257 0 1268 1236 0 1054 1258 0 1316 1257 0 1374 1237 0 1395 1238 0 1269 1239 0 1378 1259 0 1378 1259 0 1269 1239 0 1317 1260 0 1269 1239 0 1278 1240 0 1317 1260 0 1317 1260 0 1278 1240 0 1318 1261 0 1278 1240 0 1280 1241 0 1318 1261 0 1318 1261 0 1280 1241 0 1319 1262 0 1280 1241 0 1281 1242 0 1319 1262 0 1319 1262 0 1281 1242 0 1320 1263 0 1281 1242 0 1282 1243 0 1320 1263 0 1320 1263 0 1282 1243 0 1321 1264 0 1282 1243 0 1283 1244 0 1321 1264 0 1321 1264 0 1283 1244 0 1322 1265 0 1283 1244 0 1289 1245 0 1322 1265 0 1322 1265 0 1289 1245 0 1323 1266 0 1289 1245 0 1290 1246 0 1323 1266 0 1323 1266 0 1290 1246 0 1326 1267 0 1290 1246 0 1291 1247 0 1326 1267 0 1326 1267 0 1291 1247 0 1327 1268 0 1291 1247 0 1294 1248 0 1327 1268 0 1327 1268 0 1294 1248 0 1328 1269 0 1294 1248 0 1296 1249 0 1328 1269 0 1328 1269 0 1296 1249 0 1329 1270 0 1296 1249 0 1298 1250 0 1329 1270 0 1329 1270 0 1298 1250 0 1331 1271 0 1298 1250 0 1300 1251 0 1331 1271 0 1331 1271 0 1300 1251 0 1332 1272 0 1300 1251 0 1302 1252 0 1332 1272 0 1332 1272 0 1302 1252 0 1333 1273 0 1302 1252 0 1307 1253 0 1333 1273 0 1333 1273 0 1307 1253 0 1334 1274 0 1307 1253 0 1312 1254 0 1334 1274 0 1334 1274 0 1312 1254 0 1335 1275 0 1312 1254 0 1314 1255 0 1335 1275 0 1335 1275 0 1314 1255 0 1336 1276 0 1314 1255 0 1315 1256 0 1336 1276 0 1336 1276 0 1315 1256 0 1339 1277 0 1315 1256 0 1316 1257 0 1339 1277 0 1339 1277 0 1316 1257 0 1340 1278 0 1054 1258 0 1340 1278 0 1316 1257 0 1372 1279 0 1340 1278 0 1054 1258 0 1378 1259 0 1317 1260 0 1369 1280 0 1369 1280 0 1317 1260 0 1345 1281 0 1317 1260 0 1318 1261 0 1345 1281 0 1345 1281 0 1318 1261 0 1346 1282 0 1318 1261 0 1319 1262 0 1346 1282 0 1346 1282 0 1319 1262 0 1347 1283 0 1319 1262 0 1320 1263 0 1347 1283 0 1347 1283 0 1320 1263 0 1348 1284 0 1320 1263 0 1321 1264 0 1348 1284 0 1348 1284 0 1321 1264 0 1350 1285 0 1321 1264 0 1322 1265 0 1350 1285 0 1350 1285 0 1322 1265 0 1351 1286 0 1322 1265 0 1323 1266 0 1351 1286 0 1351 1286 0 1323 1266 0 1352 1287 0 1323 1266 0 1326 1267 0 1352 1287 0 1352 1287 0 1326 1267 0 1354 1288 0 1326 1267 0 1327 1268 0 1354 1288 0 1354 1288 0 1327 1268 0 1355 1289 0 1327 1268 0 1328 1269 0 1355 1289 0 1355 1289 0 1328 1269 0 1357 1290 0 1328 1269 0 1329 1270 0 1357 1290 0 1357 1290 0 1329 1270 0 1358 1291 0 1329 1270 0 1331 1271 0 1358 1291 0 1358 1291 0 1331 1271 0 1360 1292 0 1331 1271 0 1332 1272 0 1360 1292 0 1360 1292 0 1332 1272 0 1361 1293 0 1332 1272 0 1333 1273 0 1361 1293 0 1361 1293 0 1333 1273 0 1363 1294 0 1333 1273 0 1334 1274 0 1363 1294 0 1363 1294 0 1334 1274 0 1364 1295 0 1334 1274 0 1335 1275 0 1364 1295 0 1364 1295 0 1335 1275 0 1365 1296 0 1335 1275 0 1336 1276 0 1365 1296 0 1365 1296 0 1336 1276 0 1366 1297 0 1336 1276 0 1339 1277 0 1366 1297 0 1366 1297 0 1339 1277 0 1367 1298 0 1339 1277 0 1340 1278 0 1367 1298 0 1367 1298 0 1340 1278 0 1368 1299 0 1372 1279 0 1368 1299 0 1340 1278 0 1370 1300 0 1368 1299 0 1372 1279 0 1369 1280 0 1345 1281 0 1009 1058 0 1009 1058 0 1345 1281 0 1303 1056 0 1303 1056 0 1345 1281 0 1304 1301 0 1345 1281 0 1346 1282 0 1304 1301 0 1304 1301 0 1346 1282 0 1305 1052 0 1305 1052 0 1346 1282 0 1306 1302 0 1346 1282 0 1347 1283 0 1306 1302 0 1306 1302 0 1347 1283 0 1356 1303 0 1347 1283 0 1348 1284 0 1356 1303 0 1356 1303 0 1348 1284 0 1308 1304 0 1308 1304 0 1348 1284 0 1309 1044 0 1348 1284 0 1350 1285 0 1309 1044 0 1309 1044 0 1350 1285 0 1310 1305 0 1350 1285 0 1351 1286 0 1310 1305 0 1310 1305 0 1351 1286 0 1311 1306 0 1351 1286 0 1352 1287 0 1311 1306 0 1311 1306 0 1352 1287 0 1271 1307 0 1271 1307 0 1352 1287 0 1313 1308 0 1352 1287 0 1354 1288 0 1313 1308 0 1313 1308 0 1354 1288 0 1199 1309 0 1199 1309 0 1354 1288 0 1145 1310 0 1145 1310 0 1354 1288 0 1139 1311 0 1354 1288 0 1355 1289 0 1139 1311 0 1139 1311 0 1355 1289 0 1173 1312 0 1355 1289 0 1357 1290 0 1173 1312 0 1173 1312 0 1357 1290 0 1174 1313 0 1357 1290 0 1358 1291 0 1174 1313 0 1174 1313 0 1358 1291 0 1175 1314 0 1175 1314 0 1358 1291 0 1176 1315 0 1358 1291 0 1360 1292 0 1176 1315 0 1176 1315 0 1360 1292 0 1177 1316 0 1177 1316 0 1360 1292 0 1178 1317 0 1360 1292 0 1361 1293 0 1178 1317 0 1178 1317 0 1361 1293 0 1179 1318 0 1361 1293 0 1363 1294 0 1179 1318 0 1179 1318 0 1363 1294 0 1123 1319 0 1363 1294 0 1364 1295 0 1123 1319 0 1123 1319 0 1364 1295 0 1181 1320 0 1364 1295 0 1365 1296 0 1181 1320 0 1181 1320 0 1365 1296 0 1182 1321 0 1365 1296 0 1366 1297 0 1182 1321 0 1182 1321 0 1366 1297 0 1183 1322 0 1366 1297 0 1367 1298 0 1183 1322 0 1183 1322 0 1367 1298 0 1075 1323 0 1367 1298 0 1368 1299 0 1075 1323 0 1370 1300 0 1075 1323 0 1368 1299 0 1055 1325 0 1067 1324 0 1075 1323 0 1075 1323 0 1370 1300 0 1055 1325 0 291 1327 0 1046 1326 0 1384 30 0 7 30 0 291 1327 0 1384 30 0 291 1327 0 7 30 0 292 1328 0 10 30 0 292 1328 0 7 30 0 292 1328 0 10 30 0 293 1329 0 1044 30 0 293 1329 0 10 30 0 293 1329 0 1044 30 0 294 1330 0 294 1330 0 1044 30 0 11 30 0 1042 30 0 294 1330 0 11 30 0 294 1330 0 1042 30 0 295 1331 0 295 1331 0 1042 30 0 1041 30 0 16 30 0 295 1331 0 1041 30 0 295 1331 0 16 30 0 296 1332 0 1040 30 0 296 1332 0 16 30 0 296 1332 0 1040 30 0 299 1333 0 299 1333 0 1040 30 0 17 30 0 21 30 0 299 1333 0 17 30 0 299 1333 0 21 30 0 300 1334 0 1039 30 0 300 1334 0 21 30 0 300 1334 0 1039 30 0 301 1335 0 1038 30 0 301 1335 0 1039 30 0 301 1335 0 1038 30 0 304 1336 0 1037 30 0 304 1336 0 1038 30 0 304 1336 0 1037 30 0 305 1337 0 22 30 0 305 1337 0 1037 30 0 305 1337 0 22 30 0 312 1338 0 1036 30 0 312 1338 0 22 30 0 312 1338 0 1036 30 0 315 1339 0 1035 30 0 315 1339 0 1036 30 0 315 1339 0 1035 30 0 318 1340 0 1032 30 0 318 1340 0 1035 30 0 318 1340 0 1032 30 0 321 1341 0 1031 30 0 321 1341 0 1032 30 0 321 1341 0 1031 30 0 322 1342 0 25 30 0 322 1342 0 1031 30 0 322 1342 0 25 30 0 323 1343 0 26 30 0 323 1343 0 25 30 0 323 1343 0 26 30 0 325 1344 0 1017 30 0 325 1344 0 26 30 0 325 1344 0 1017 30 0 326 1345 0 28 30 0 326 1345 0 1017 30 0 1413 1175 0 326 1345 0 1411 1346 0 326 1345 0 28 30 0 1411 1346 0 28 30 0 1016 30 0 1411 1346 0 1046 1326 0 291 1327 0 1376 1347 0 1376 1347 0 291 1327 0 328 1348 0 291 1327 0 292 1328 0 328 1348 0 328 1348 0 292 1328 0 331 1349 0 292 1328 0 293 1329 0 331 1349 0 331 1349 0 293 1329 0 332 1350 0 293 1329 0 294 1330 0 332 1350 0 332 1350 0 294 1330 0 333 1351 0 294 1330 0 295 1331 0 333 1351 0 333 1351 0 295 1331 0 336 1352 0 295 1331 0 296 1332 0 336 1352 0 336 1352 0 296 1332 0 338 1353 0 296 1332 0 299 1333 0 338 1353 0 338 1353 0 299 1333 0 339 1354 0 299 1333 0 300 1334 0 339 1354 0 339 1354 0 300 1334 0 341 1355 0 300 1334 0 301 1335 0 341 1355 0 341 1355 0 301 1335 0 349 1356 0 301 1335 0 304 1336 0 349 1356 0 349 1356 0 304 1336 0 350 1357 0 304 1336 0 305 1337 0 350 1357 0 350 1357 0 305 1337 0 351 1358 0 305 1337 0 312 1338 0 351 1358 0 351 1358 0 312 1338 0 352 1359 0 312 1338 0 315 1339 0 352 1359 0 352 1359 0 315 1339 0 353 1360 0 315 1339 0 318 1340 0 353 1360 0 353 1360 0 318 1340 0 354 1361 0 318 1340 0 321 1341 0 354 1361 0 354 1361 0 321 1341 0 356 1362 0 321 1341 0 322 1342 0 356 1362 0 356 1362 0 322 1342 0 357 1363 0 322 1342 0 323 1343 0 357 1363 0 357 1363 0 323 1343 0 359 1364 0 323 1343 0 325 1344 0 359 1364 0 359 1364 0 325 1344 0 360 1365 0 325 1344 0 326 1345 0 360 1365 0 360 1365 0 326 1345 0 361 1366 0 1413 1175 0 361 1366 0 326 1345 0 1416 1367 0 361 1366 0 1413 1175 0 1376 1347 0 328 1348 0 1047 1368 0 1047 1368 0 328 1348 0 363 1369 0 328 1348 0 331 1349 0 363 1369 0 363 1369 0 331 1349 0 364 1370 0 331 1349 0 332 1350 0 364 1370 0 364 1370 0 332 1350 0 366 1371 0 332 1350 0 333 1351 0 366 1371 0 366 1371 0 333 1351 0 542 1372 0 333 1351 0 336 1352 0 542 1372 0 542 1372 0 336 1352 0 543 1373 0 336 1352 0 338 1353 0 543 1373 0 543 1373 0 338 1353 0 546 1374 0 338 1353 0 339 1354 0 546 1374 0 546 1374 0 339 1354 0 548 1375 0 339 1354 0 341 1355 0 548 1375 0 548 1375 0 341 1355 0 549 1376 0 341 1355 0 349 1356 0 549 1376 0 549 1376 0 349 1356 0 554 1377 0 349 1356 0 350 1357 0 554 1377 0 554 1377 0 350 1357 0 555 1378 0 350 1357 0 351 1358 0 555 1378 0 555 1378 0 351 1358 0 558 1379 0 351 1358 0 352 1359 0 558 1379 0 558 1379 0 352 1359 0 560 1380 0 352 1359 0 353 1360 0 560 1380 0 560 1380 0 353 1360 0 563 1381 0 353 1360 0 354 1361 0 563 1381 0 563 1381 0 354 1361 0 565 1382 0 354 1361 0 356 1362 0 565 1382 0 565 1382 0 356 1362 0 566 1383 0 356 1362 0 357 1363 0 566 1383 0 566 1383 0 357 1363 0 567 1384 0 357 1363 0 359 1364 0 567 1384 0 567 1384 0 359 1364 0 568 1385 0 359 1364 0 360 1365 0 568 1385 0 568 1385 0 360 1365 0 569 1386 0 360 1365 0 361 1366 0 569 1386 0 569 1386 0 361 1366 0 574 1387 0 1416 1367 0 574 1387 0 361 1366 0 1417 1217 0 574 1387 0 1416 1367 0 1047 1368 0 363 1369 0 1050 1388 0 1050 1388 0 363 1369 0 575 1389 0 363 1369 0 364 1370 0 575 1389 0 575 1389 0 364 1370 0 576 1390 0 364 1370 0 366 1371 0 576 1390 0 576 1390 0 366 1371 0 578 1391 0 366 1371 0 542 1372 0 578 1391 0 578 1391 0 542 1372 0 580 1392 0 542 1372 0 543 1373 0 580 1392 0 580 1392 0 543 1373 0 582 1393 0 543 1373 0 546 1374 0 582 1393 0 582 1393 0 546 1374 0 584 1394 0 546 1374 0 548 1375 0 584 1394 0 584 1394 0 548 1375 0 585 1395 0 548 1375 0 549 1376 0 585 1395 0 585 1395 0 549 1376 0 586 1396 0 549 1376 0 554 1377 0 586 1396 0 586 1396 0 554 1377 0 588 1397 0 554 1377 0 555 1378 0 588 1397 0 588 1397 0 555 1378 0 591 1398 0 555 1378 0 558 1379 0 591 1398 0 591 1398 0 558 1379 0 594 1399 0 558 1379 0 560 1380 0 594 1399 0 594 1399 0 560 1380 0 597 1400 0 560 1380 0 563 1381 0 597 1400 0 597 1400 0 563 1381 0 822 1401 0 563 1381 0 565 1382 0 822 1401 0 822 1401 0 565 1382 0 823 1402 0 565 1382 0 566 1383 0 823 1402 0 823 1402 0 566 1383 0 824 1403 0 566 1383 0 567 1384 0 824 1403 0 824 1403 0 567 1384 0 833 1404 0 567 1384 0 568 1385 0 833 1404 0 833 1404 0 568 1385 0 837 1405 0 568 1385 0 569 1386 0 837 1405 0 837 1405 0 569 1386 0 843 1406 0 569 1386 0 574 1387 0 843 1406 0 843 1406 0 574 1387 0 847 1407 0 1417 1217 0 847 1407 0 574 1387 0 1395 1408 0 847 1407 0 1417 1217 0 1050 1388 0 575 1389 0 1374 1409 0 1374 1409 0 575 1389 0 848 1410 0 575 1389 0 576 1390 0 848 1410 0 848 1410 0 576 1390 0 849 1411 0 576 1390 0 578 1391 0 849 1411 0 849 1411 0 578 1391 0 850 1412 0 578 1391 0 580 1392 0 850 1412 0 850 1412 0 580 1392 0 851 1413 0 580 1392 0 582 1393 0 851 1413 0 851 1413 0 582 1393 0 853 1414 0 582 1393 0 584 1394 0 853 1414 0 853 1414 0 584 1394 0 854 1415 0 584 1394 0 585 1395 0 854 1415 0 854 1415 0 585 1395 0 855 1416 0 585 1395 0 586 1396 0 855 1416 0 855 1416 0 586 1396 0 856 1417 0 586 1396 0 588 1397 0 856 1417 0 856 1417 0 588 1397 0 857 1418 0 588 1397 0 591 1398 0 857 1418 0 857 1418 0 591 1398 0 859 1419 0 591 1398 0 594 1399 0 859 1419 0 859 1419 0 594 1399 0 860 1420 0 594 1399 0 597 1400 0 860 1420 0 860 1420 0 597 1400 0 861 1421 0 597 1400 0 822 1401 0 861 1421 0 861 1421 0 822 1401 0 865 1422 0 822 1401 0 823 1402 0 865 1422 0 865 1422 0 823 1402 0 867 1423 0 823 1402 0 824 1403 0 867 1423 0 867 1423 0 824 1403 0 870 1424 0 824 1403 0 833 1404 0 870 1424 0 870 1424 0 833 1404 0 872 1425 0 833 1404 0 837 1405 0 872 1425 0 872 1425 0 837 1405 0 877 1426 0 837 1405 0 843 1406 0 877 1426 0 877 1426 0 843 1406 0 878 1427 0 843 1406 0 847 1407 0 878 1427 0 878 1427 0 847 1407 0 879 1428 0 1395 1408 0 879 1428 0 847 1407 0 1378 1429 0 879 1428 0 1395 1408 0 1374 1409 0 848 1410 0 1054 1430 0 1054 1430 0 848 1410 0 880 1431 0 848 1410 0 849 1411 0 880 1431 0 880 1431 0 849 1411 0 881 1432 0 849 1411 0 850 1412 0 881 1432 0 881 1432 0 850 1412 0 882 1433 0 850 1412 0 851 1413 0 882 1433 0 882 1433 0 851 1413 0 883 1434 0 851 1413 0 853 1414 0 883 1434 0 883 1434 0 853 1414 0 884 1435 0 853 1414 0 854 1415 0 884 1435 0 884 1435 0 854 1415 0 886 1436 0 854 1415 0 855 1416 0 886 1436 0 886 1436 0 855 1416 0 888 1437 0 855 1416 0 856 1417 0 888 1437 0 888 1437 0 856 1417 0 899 1438 0 856 1417 0 857 1418 0 899 1438 0 899 1438 0 857 1418 0 900 1439 0 857 1418 0 859 1419 0 900 1439 0 900 1439 0 859 1419 0 902 1440 0 859 1419 0 860 1420 0 902 1440 0 902 1440 0 860 1420 0 903 1441 0 860 1420 0 861 1421 0 903 1441 0 903 1441 0 861 1421 0 904 1442 0 861 1421 0 865 1422 0 904 1442 0 904 1442 0 865 1422 0 905 1443 0 865 1422 0 867 1423 0 905 1443 0 905 1443 0 867 1423 0 906 1444 0 867 1423 0 870 1424 0 906 1444 0 906 1444 0 870 1424 0 912 1445 0 870 1424 0 872 1425 0 912 1445 0 912 1445 0 872 1425 0 919 1446 0 872 1425 0 877 1426 0 919 1446 0 919 1446 0 877 1426 0 948 1447 0 877 1426 0 878 1427 0 948 1447 0 948 1447 0 878 1427 0 949 1448 0 878 1427 0 879 1428 0 949 1448 0 949 1448 0 879 1428 0 950 1449 0 1378 1429 0 950 1449 0 879 1428 0 1369 1280 0 950 1449 0 1378 1429 0 1054 1430 0 880 1431 0 1372 1450 0 1372 1450 0 880 1431 0 955 1451 0 880 1431 0 881 1432 0 955 1451 0 955 1451 0 881 1432 0 964 1452 0 881 1432 0 882 1433 0 964 1452 0 964 1452 0 882 1433 0 972 1453 0 882 1433 0 883 1434 0 972 1453 0 972 1453 0 883 1434 0 979 1454 0 883 1434 0 884 1435 0 979 1454 0 979 1454 0 884 1435 0 980 1455 0 884 1435 0 886 1436 0 980 1455 0 980 1455 0 886 1436 0 986 1456 0 886 1436 0 888 1437 0 986 1456 0 986 1456 0 888 1437 0 987 1457 0 888 1437 0 899 1438 0 987 1457 0 987 1457 0 899 1438 0 988 1458 0 899 1438 0 900 1439 0 988 1458 0 988 1458 0 900 1439 0 990 1459 0 900 1439 0 902 1440 0 990 1459 0 990 1459 0 902 1440 0 991 1460 0 902 1440 0 903 1441 0 991 1460 0 991 1460 0 903 1441 0 992 1461 0 903 1441 0 904 1442 0 992 1461 0 992 1461 0 904 1442 0 993 1462 0 904 1442 0 905 1443 0 993 1462 0 993 1462 0 905 1443 0 994 1463 0 905 1443 0 906 1444 0 994 1463 0 994 1463 0 906 1444 0 995 1464 0 906 1444 0 912 1445 0 995 1464 0 995 1464 0 912 1445 0 996 1465 0 912 1445 0 919 1446 0 996 1465 0 996 1465 0 919 1446 0 997 1466 0 919 1446 0 948 1447 0 997 1466 0 997 1466 0 948 1447 0 998 1467 0 948 1447 0 949 1448 0 998 1467 0 998 1467 0 949 1448 0 999 1468 0 949 1448 0 950 1449 0 999 1468 0 999 1468 0 950 1449 0 1000 1469 0 1369 1280 0 1000 1469 0 950 1449 0 1009 1470 0 1000 1469 0 1369 1280 0 1372 1450 0 955 1451 0 1370 1471 0 1370 1471 0 955 1451 0 1055 1472 0 1055 1472 0 955 1451 0 1067 1473 0 1067 1473 0 955 1451 0 1186 1474 0 955 1451 0 964 1452 0 1186 1474 0 1186 1474 0 964 1452 0 1187 1475 0 964 1452 0 972 1453 0 1187 1475 0 1187 1475 0 972 1453 0 1188 1476 0 972 1453 0 979 1454 0 1188 1476 0 1188 1476 0 979 1454 0 1058 1477 0 1058 1477 0 979 1454 0 1062 1478 0 979 1454 0 980 1455 0 1062 1478 0 1062 1478 0 980 1455 0 1191 1479 0 980 1455 0 986 1456 0 1191 1479 0 1191 1479 0 986 1456 0 1064 1480 0 986 1456 0 987 1457 0 1064 1480 0 1064 1480 0 987 1457 0 1066 1481 0 987 1457 0 988 1458 0 1066 1481 0 1066 1481 0 988 1458 0 1068 1482 0 1068 1482 0 988 1458 0 1071 1483 0 988 1458 0 990 1459 0 1071 1483 0 1071 1483 0 990 1459 0 1072 1484 0 1072 1484 0 990 1459 0 1073 1485 0 990 1459 0 991 1460 0 1073 1485 0 1073 1485 0 991 1460 0 1074 1486 0 991 1460 0 992 1461 0 1074 1486 0 1074 1486 0 992 1461 0 564 1487 0 992 1461 0 993 1462 0 564 1487 0 993 1462 0 994 1463 0 564 1487 0 564 1487 0 994 1463 0 1002 1488 0 1002 1488 0 994 1463 0 1004 1489 0 994 1463 0 995 1464 0 1004 1489 0 1004 1489 0 995 1464 0 1292 1490 0 1292 1490 0 995 1464 0 1293 1491 0 995 1464 0 996 1465 0 1293 1491 0 1293 1491 0 996 1465 0 1005 1492 0 1005 1492 0 996 1465 0 1295 1493 0 996 1465 0 997 1466 0 1295 1493 0 1295 1493 0 997 1466 0 1006 1494 0 997 1466 0 998 1467 0 1006 1494 0 1006 1494 0 998 1467 0 1297 1495 0 1297 1495 0 998 1467 0 1007 1496 0 998 1467 0 999 1468 0 1007 1496 0 1007 1496 0 999 1468 0 1299 1497 0 999 1468 0 1000 1469 0 1299 1497 0 1299 1497 0 1000 1469 0 1008 1498 0 1008 1498 0 1000 1469 0 1301 1499 0 1009 1470 0 1301 1499 0 1000 1469 0 246 106 0 1415 106 0 1249 106 0 1249 106 0 1415 106 0 1250 106 0 1250 106 0 1415 106 0 1251 106 0 1251 106 0 1415 106 0 247 106 0 247 106 0 1415 106 0 249 106 0 249 106 0 1415 106 0 250 106 0 250 106 0 1415 106 0 1255 106 0 1255 106 0 1415 106 0 211 106 0 211 106 0 1415 106 0 256 106 0 256 106 0 1415 106 0 257 106 0 257 106 0 1415 106 0 260 106 0 260 106 0 1415 106 0 289 106 0 260 106 0 289 106 0 210 106 0 210 106 0 289 106 0 288 106 0 210 106 0 288 106 0 287 106 0 210 106 0 287 106 0 261 106 0 261 106 0 287 106 0 286 106 0 261 106 0 286 106 0 263 106 0 263 106 0 286 106 0 1362 106 0 263 106 0 1362 106 0 264 106 0 264 106 0 1362 106 0 266 106 0 266 106 0 1362 106 0 285 106 0 266 106 0 285 106 0 267 106 0 267 106 0 285 106 0 209 106 0 209 106 0 285 106 0 283 106 0 209 106 0 283 106 0 269 106 0 269 106 0 283 106 0 99 106 0 269 106 0 99 106 0 270 106 0 270 106 0 99 106 0 282 106 0 270 106 0 282 106 0 281 106 0 270 106 0 281 106 0 208 106 0 208 106 0 281 106 0 272 106 0 272 106 0 281 106 0 279 106 0 272 106 0 279 106 0 207 106 0 207 106 0 279 106 0 206 106 0 206 106 0 279 106 0 278 106 0 206 106 0 278 106 0 274 106 0 274 106 0 278 106 0 276 106 0 274 106 0 276 106 0 205 106 0 205 106 0 276 106 0 101 106 0 205 106 0 101 106 0 204 106 0 204 106 0 101 106 0 275 106 0 204 106 0 275 106 0 203 106 0 203 106 0 275 106 0 103 106 0 203 106 0 103 106 0 200 106 0 1257 1016 0 124 1500 0 1258 290 0 1258 290 0 124 1500 0 212 1033 0 212 1033 0 124 1500 0 1324 1036 0 1324 1036 0 124 1500 0 1325 1037 0 124 1500 0 125 1501 0 1325 1037 0 1325 1037 0 125 1501 0 213 1040 0 213 1040 0 125 1501 0 215 1041 0 125 1501 0 126 1502 0 215 1041 0 215 1041 0 126 1502 0 216 1043 0 126 1502 0 127 1503 0 216 1043 0 216 1043 0 127 1503 0 217 1045 0 217 1045 0 127 1503 0 1330 1047 0 127 1503 0 130 1504 0 1330 1047 0 1330 1047 0 130 1504 0 218 1049 0 130 1504 0 136 1505 0 218 1049 0 218 1049 0 136 1505 0 224 1051 0 224 1051 0 136 1505 0 230 1053 0 136 1505 0 140 1506 0 230 1053 0 230 1053 0 140 1506 0 233 1054 0 140 1506 0 141 1507 0 233 1054 0 233 1054 0 141 1507 0 234 1057 0 234 1057 0 141 1507 0 235 1059 0 141 1507 0 143 1508 0 235 1059 0 235 1059 0 143 1508 0 1337 1061 0 1337 1061 0 143 1508 0 1338 1063 0 143 1508 0 144 1509 0 1338 1063 0 1338 1063 0 144 1509 0 236 1065 0 239 1510 0 236 1065 0 144 1509 0 239 1510 0 237 1067 0 236 1065 0 1256 1032 0 145 1511 0 1257 1016 0 1257 1016 0 145 1511 0 124 1500 0 145 1511 0 176 1512 0 124 1500 0 124 1500 0 176 1512 0 125 1501 0 176 1512 0 177 1513 0 125 1501 0 125 1501 0 177 1513 0 126 1502 0 177 1513 0 178 1514 0 126 1502 0 126 1502 0 178 1514 0 127 1503 0 178 1514 0 179 1515 0 127 1503 0 127 1503 0 179 1515 0 130 1504 0 179 1515 0 180 1516 0 130 1504 0 130 1504 0 180 1516 0 136 1505 0 180 1516 0 187 1517 0 136 1505 0 136 1505 0 187 1517 0 140 1506 0 187 1517 0 190 1518 0 140 1506 0 140 1506 0 190 1518 0 141 1507 0 190 1518 0 196 1519 0 141 1507 0 141 1507 0 196 1519 0 143 1508 0 196 1519 0 197 1520 0 143 1508 0 143 1508 0 197 1520 0 144 1509 0 239 1510 0 144 1509 0 240 1521 0 144 1509 0 243 1522 0 240 1521 0 197 1520 0 104 1523 0 243 1522 0 197 1520 0 243 1522 0 144 1509 0 1255 106 0 211 106 0 1256 1032 0 1256 1032 0 211 106 0 145 1511 0 256 106 0 145 1511 0 211 106 0 145 1511 0 256 106 0 176 1512 0 176 1512 0 256 106 0 257 106 0 260 106 0 176 1512 0 257 106 0 176 1512 0 260 106 0 177 1513 0 210 106 0 177 1513 0 260 106 0 177 1513 0 210 106 0 178 1514 0 178 1514 0 210 106 0 261 106 0 178 1514 0 261 106 0 263 106 0 264 106 0 178 1514 0 263 106 0 178 1514 0 264 106 0 179 1515 0 179 1515 0 264 106 0 266 106 0 179 1515 0 266 106 0 267 106 0 209 106 0 179 1515 0 267 106 0 179 1515 0 209 106 0 180 1516 0 269 106 0 180 1516 0 209 106 0 180 1516 0 269 106 0 187 1517 0 187 1517 0 269 106 0 270 106 0 208 106 0 187 1517 0 270 106 0 187 1517 0 208 106 0 190 1518 0 190 1518 0 208 106 0 272 106 0 190 1518 0 272 106 0 207 106 0 206 106 0 190 1518 0 207 106 0 190 1518 0 206 106 0 196 1519 0 196 1519 0 206 106 0 274 106 0 205 106 0 196 1519 0 274 106 0 196 1519 0 205 106 0 197 1520 0 197 1520 0 205 106 0 204 106 0 203 106 0 197 1520 0 204 106 0 197 1520 0 203 106 0 104 1523 0 104 1523 0 203 106 0 200 106 0 104 1523 0 200 106 0 103 106 0 110 1000 0 240 1000 0 243 1000 0 110 1000 0 239 1000 0 240 1000 0 1341 1000 0 239 1000 0 110 1000 0 237 1000 0 239 1000 0 1341 1000 0 1342 1524 0 1341 1000 0 110 1000 0 119 781 0 1 781 0 115 781 0 122 1525 0 1342 1524 0 110 1000 0 1342 1524 0 122 1525 0 121 1526 0 1342 1524 0 121 1526 0 1343 1527 0 1343 1527 0 121 1526 0 120 1528 0 1343 1527 0 120 1528 0 1344 106 0 119 1529 0 1344 106 0 120 1528 0 1344 106 0 119 1529 0 111 1530 0 115 1531 0 111 1530 0 119 1529 0 111 1530 0 115 1531 0 112 1532 0 114 1533 0 112 1532 0 115 1531 0 113 1152 0 112 1532 0 114 1533 0 108 1152 0 112 1532 0 113 1152 0 108 1152 0 90 1152 0 91 1152 0 108 1152 0 109 1152 0 90 1152 0 113 1152 0 109 1152 0 108 1152 0 1 1152 0 109 1152 0 113 1152 0 1349 1076 0 91 1075 0 90 1534 0 1349 1076 0 90 1534 0 109 1535 0 45 1536 0 1349 1076 0 109 1535 0 1 1537 0 45 1536 0 109 1535 0 1349 1076 0 45 1536 0 92 1538 0 45 1536 0 47 1539 0 92 1538 0 92 1538 0 47 1539 0 93 1540 0 47 1539 0 48 1541 0 93 1540 0 93 1540 0 48 1541 0 94 1542 0 48 1541 0 50 1543 0 94 1542 0 94 1542 0 50 1543 0 1353 1544 0 1353 1544 0 50 1543 0 95 1545 0 96 1546 0 95 1545 0 50 1543 0 98 1547 0 96 1546 0 50 1543 0 98 1547 0 97 1548 0 96 1546 0 103 106 0 275 106 0 104 1523 0 104 1523 0 275 106 0 1 1537 0 45 1536 0 1 1537 0 275 106 0 101 106 0 45 1536 0 275 106 0 45 1536 0 101 106 0 47 1539 0 276 106 0 47 1539 0 101 106 0 47 1539 0 276 106 0 48 1541 0 48 1541 0 276 106 0 278 106 0 279 106 0 48 1541 0 278 106 0 48 1541 0 279 106 0 50 1543 0 50 1543 0 279 106 0 281 106 0 282 106 0 50 1543 0 281 106 0 98 1547 0 50 1543 0 1359 1549 0 50 1543 0 282 106 0 1359 1549 0 282 106 0 99 106 0 1359 1549 0 99 106 0 283 1550 0 1359 1549 0 44 30 0 1390 30 0 1392 30 0 44 30 0 1392 30 0 42 30 0 44 30 0 42 30 0 1388 30 0 1388 30 0 42 30 0 1393 30 0 1388 30 0 1393 30 0 1387 30 0 1387 30 0 1393 30 0 41 30 0 1387 30 0 41 30 0 1384 30 0 1384 30 0 41 30 0 1397 30 0 1384 30 0 1397 30 0 7 30 0 7 30 0 1397 30 0 40 30 0 7 30 0 40 30 0 10 30 0 10 30 0 40 30 0 1400 30 0 10 30 0 1400 30 0 38 30 0 10 30 0 38 30 0 1044 30 0 1044 30 0 38 30 0 1402 30 0 1044 30 0 1402 30 0 11 30 0 11 30 0 1402 30 0 37 30 0 11 30 0 37 30 0 1042 30 0 1042 30 0 37 30 0 1404 30 0 1042 30 0 1404 30 0 1041 30 0 1041 30 0 1404 30 0 36 30 0 1041 30 0 36 30 0 16 30 0 16 30 0 36 30 0 1405 30 0 16 30 0 1405 30 0 35 30 0 16 30 0 35 30 0 1040 30 0 1040 30 0 35 30 0 17 30 0 17 30 0 35 30 0 34 30 0 17 30 0 34 30 0 21 30 0 21 30 0 34 30 0 33 30 0 21 30 0 33 30 0 1039 30 0 1039 30 0 33 30 0 32 30 0 1039 30 0 32 30 0 1038 30 0 1038 30 0 32 30 0 29 30 0 1038 30 0 29 30 0 1037 30 0 1037 30 0 29 30 0 1016 30 0 1037 30 0 1016 30 0 28 30 0 1037 30 0 28 30 0 22 30 0 22 30 0 28 30 0 1017 30 0 22 30 0 1017 30 0 1036 30 0 1036 30 0 1017 30 0 1035 30 0 1035 30 0 1017 30 0 26 30 0 1035 30 0 26 30 0 1032 30 0 1032 30 0 26 30 0 25 30 0 1032 30 0 25 30 0 1031 30 0 243 781 0 104 781 0 110 781 0 110 781 0 104 781 0 122 781 0 122 781 0 104 781 0 121 781 0 121 781 0 104 781 0 120 781 0 120 781 0 104 781 0 119 781 0 119 781 0 104 781 0 1 781 0</p>
				</polylist>
			</mesh>
		</geometry>
	</library_geometries>
	<library_visual_scenes>
		<visual_scene id="ID1">
			<node id="ID2" name="J5_-_摆正.STEP">
				<translate sid="translate">0 0 -0</translate>
				<rotate sid="rotateY">0 1 0 -0</rotate>
				<rotate sid="rotateX">1 0 0 0</rotate>
				<rotate sid="rotateZ">0 0 1 -0</rotate>
				<scale sid="scale">1 1 1</scale>
				<node id="ID3" name="NONE">
					<translate sid="translate">0 0 -0</translate>
					<rotate sid="rotateY">0 1 0 -0</rotate>
					<rotate sid="rotateX">1 0 0 0</rotate>
					<rotate sid="rotateZ">0 0 1 -0</rotate>
					<scale sid="scale">1 1 1</scale>
					<instance_geometry url="#ID4"/>
				</node>
			</node>
		</visual_scene>
	</library_visual_scenes>
	<scene>
		<instance_visual_scene url="#ID1"/>
	</scene>
</COLLADA>
