<?xml version="1.0" encoding="UTF-8"?>
<COLLADA xmlns="http://www.collada.org/2008/03/COLLADASchema" version="1.5.0">
	<asset>
		<contributor>
			<authoring_tool>Cinema 4D 2023.103 COLLADA Exporter</authoring_tool>
		</contributor>
		<created>2025-07-30T06:10:34Z</created>
		<modified>2025-07-30T06:10:34Z</modified>
		<unit meter="0.01" name="centimeter"/>
		<up_axis>Y_UP</up_axis>
	</asset>
	<library_geometries>
		<geometry id="ID4">
			<mesh>
				<source id="ID5">
					<float_array id="ID6" count="2991" digits="2490374">-3 -4.64832e-14 0.03 -2.97 -3.57729e-14 1.27828e-15 -2.95643 -0.283562 1.3037e-15 -2.88554 -0.703244 1.38151e-15 -2.75539 -1.10848 1.50218e-15 2.25305 4.40701 4.58782 4.01923 5.025 4.39169 -2.21965 -1.97333 1.62668e-15 -1.97912 -2.21449 1.64003e-15 -1.71256 -2.42653 1.1749e-13 3.97003 5.025 4.30777 3.95026 5.025 4.21251 -0.79319 -2.86212 2.17324e-15 3.95 5.025 2.7 4.25 5.025 2.4 5.87746 5.025 2.42842 6.05 5.025 4.2 -0.807261 -2.88935 0.03 6.02158 5.025 4.32746 5.94169 5.025 4.43077 -1.80467 -2.39649 0.03 -2.06724 -2.17405 0.03 -2.30261 -1.92301 0.03 5.76251 5.025 4.49974 2.52796 4.40701 5.10176 5.75 5.025 2.4 -2.91633 -0.703558 0.03 2.89758 4.40701 5.55242 3.34824 4.40701 5.92204 4.01441 5.125 2.51426 2.95103 0.335183 6.48478e-16 4.10498 5.125 2.43738 2.80068 0.988474 4.08501e-16 2.67123 1.29823 4.90335e-16 2.50765 1.59141 6.58907e-16 2.31203 1.86424 7.4239e-16 4.23749 5.025 2.40026 1.83504 2.33528 9.10582e-16 1.55977 2.52745 9.82514e-14 4.14223 5.025 2.42003 0.953203 2.81288 2.9266e-13 0.629661 2.90249 7.16749e-16 0.298074 2.955 -1.93848e-13 4.05831 5.025 2.46923 -0.37224 2.94658 1.95446e-13 -0.702402 2.88575 8.79206e-16 -1.02359 2.78804 -1.93686e-13 -1.3317 2.65471 9.72029e-16 -1.62279 2.48746 1.95605e-13 -1.89315 2.28842 9.90322e-16 -2.13932 2.06015 -1.93583e-13 -2.35815 1.80555 1.12444e-15 -2.54685 1.52789 1.95818e-13 3.97842 5.025 2.57254 3.95 5.125 2.7 3.86218 4.40701 6.19695 4.41998 4.40701 6.36596 4.17069 5.125 4.48933 4.06426 5.125 4.43559 -2.98083 0.338569 0.03 -2.92358 0.672812 0.03 -2.82897 0.998459 0.03 -2.69822 1.31135 0.03 3.95 5.125 4.2 3.95 5.025 4.2 -2.10795 2.13461 0.03 -1.85358 2.35887 0.03 4.12254 5.025 4.47158 4.25 5.025 4.5 5 4.32939 0.458742 5 4.52545 0.523921 6.03933 5.125 4.27931 0.0376981 2.99976 0.03 5.98559 5.125 4.38574 5.89502 5.125 4.46262 1.03393 2.8162 0.03 5.75 5.125 4.5 1.63918 2.51258 0.03 5.75 5.025 4.5 5.85777 5.025 4.47997 6.05 5.125 4.2 2.57258 1.54332 0.03 2.08404 4.40701 4.03002 2.84729 0.94496 0.03 6.05 5.125 2.7 2.97837 0.359631 0.03 5 4.85866 0.812226 2.02672 4.40701 3.45 5.82931 5.125 2.41067 -0.44974 -2.93575 -1.56955e-13 5.93574 5.125 2.46441 -1.11567 -2.75249 3.49302e-13 -1.42348 -2.60665 3.10551e-13 6.01262 5.125 2.55498 6.05 5.025 2.7 6.04974 5.025 2.68749 -2.43099 -1.70622 1.60923e-15 -2.61035 -1.41667 1.58799e-15 6.02997 5.025 2.59223 5.98077 5.025 2.50831 5.75 5.125 2.4 2.08404 4.40701 2.86998 -2.94858 0.356034 2.30749e-14 -2.88464 0.706934 -1.71408e-13 -2.81882 0.93551 -2.31522e-13 -2.70301 1.2307 1.19783e-15 5.97631 5.125 4.30622 5.83492 5.125 4.43513 4.25 5.125 4.45 4.14378 5.125 4.42631 4.01487 5.125 4.28492 4 5.125 4.2 4 5.125 2.7 4.16508 5.125 2.46487 4.25 5.125 2.45 -0.0373211 2.96977 7.98613e-16 2.25305 4.40701 2.31218 4.25 5.125 2.4 3.96067 5.125 2.62069 1.26456 2.68734 2.60334e-13 3.98738 5.125 4.34502 4.25 5.125 4.5 2.08687 2.11326 8.07678e-16 2.52796 4.40701 1.79824 5.75 5.175 2.45 4.25 5.175 2.45 2.89758 4.40701 1.34758 2.89434 0.666084 5.0199e-16 4.02275 5.175 2.59579 2.97 -1.31416e-14 7.09016e-16 4.08687 5.175 2.51056 2.88559 -0.703048 1.46226e-16 4.163 5.175 2.46563 2.65386 -1.33339 1.43293e-16 2.55051 -1.52178 1.42464e-16 4.09026 5.125 2.50769 2.24973 -1.93897 1.40727e-16 2.08193 -2.11813 1.40034e-16 1.80326 -2.35991 1.39172e-16 1.49471 -2.56646 1.38532e-16 4.02369 5.125 2.59378 4.94378 5.225 2.05109 0.811295 -2.85704 1.37978e-16 0.459706 -2.93421 1.38066e-16 4.6314 5.225 2.09937 4.14579 5.175 4.42725 -0.1 -2.9 1.39017e-16 4.33776 5.225 2.21636 4.06056 5.175 4.36313 -0.1 -2.9 0.5 4.01563 5.175 4.287 4.05769 5.125 4.35974 -0.1 -2.96832 2.15545e-15 4.11833 5.225 2.36234 3.34824 4.40701 0.977965 5.75 5.125 4.45 2.96306 -0.469303 6.95 2.85317 -0.927051 6.95 5.75 5.175 4.45 3.80212 5.225 2.725 2.12132 -2.12132 6.95 1.76336 -2.42705 6.95 1.36197 -2.67302 6.95 0.927051 -2.85317 6.95 0.469303 -2.96306 6.95 9.7937e-15 -3 6.95 5.90974 5.125 4.39231 3.70375 5.225 2.92111 -1.36197 -2.67302 6.95 6 5.125 4.2 6 5.125 2.7 -2.42705 -1.76336 6.95 -2.67302 -1.36197 6.95 6 5.175 4.2 -2.96306 -0.469303 6.95 -3 1.6668e-14 6.95 3.63684 5.225 3.12997 -2.97901 -0.354258 0.03 5.93944 5.175 2.53687 -2.81658 -1.0329 0.03 -2.67976 -1.34866 0.03 -2.50768 -1.64667 0.03 6 5.175 2.7 5.98513 5.125 2.61508 5.94231 5.125 2.54026 -1.51836 -2.58739 0.03 -1.21206 -2.74425 0.03 5.85622 5.125 2.47369 -0.385873 -2.97508 0.03 -0.1 -2.99833 0.03 -0.1 -2.99833 0.5 -0.091971 -2.99859 0.539289 -0.0689477 -2.99921 0.572432 5.75 5.125 2.45 3.60371 5.225 3.34677 0.0923307 -2.99858 0.53819 0.1 -2.99833 0.5 0.1 -2.99833 0.03 0.430617 -2.96893 0.03 0.755962 -2.90319 0.03 0.984707 -2.83379 0.03 1.31566 -2.69612 0.03 7.8496 4.18008 3.45 1.82329 -2.38235 0.03 7.84539 4.15655 3.29535 2.33564 -1.88276 0.03 7.84707 3.15404 3.33033 3.86218 4.40701 0.703052 7.84707 4.16613 3.56967 4.41998 4.40701 0.534035 2.9975 -0.122471 0.03 4.43669 4.59319 6.28194 4.01441 5.225 2.51426 2.98861 -0.261146 0.456909 2.92903 -0.648679 0.494313 4.10498 5.225 2.43738 2.74008 -1.22145 0.626794 2.5992 -1.49806 0.740794 3.91145 5.225 4.33064 2.33335 -1.88559 0.998112 4 5.175 2.7 2.00092 -2.23525 1.42648 4 5.175 4.2 4.06286 5.225 4.49021 1.60943 -2.53174 2.23621 4.17069 5.225 4.48933 4.06426 5.225 4.43559 3.98738 5.225 4.34502 4.23726 5.225 4.62429 4.25 5.175 4.45 1.51067 -2.59189 4.31589 1.55737 -2.5641 4.49648 4.57462 5.225 4.78396 6.03933 5.225 4.27931 1.88207 -2.3362 5.27762 5.98559 5.225 4.38574 2.30199 -1.92375 5.86731 5.89502 5.225 4.46262 2.628 -1.44693 6.18374 2.78025 -1.12703 6.30333 5.75 5.225 4.5 5.837 5.175 4.43437 4.80784 5.225 4.83699 5.91313 5.175 4.38944 -2.96306 0.469303 6.95 -2.85317 0.927051 6.95 5.97725 5.175 4.30421 3.89496 4.59319 6.1178 -2.12132 2.12132 6.95 -1.76336 2.42705 6.95 5 5.20227 5.1892 6.01262 5.225 2.55498 -0.469303 2.96306 6.95 6.05 5.225 2.7 5.98437 5.175 2.613 5.85421 5.175 2.47275 3.39583 4.59319 5.85081 7.9 -3.3941 3.50878 2.12132 2.12132 6.95 2.95816 4.59319 5.49184 7.9338 4.09721 3.16836 2.85317 0.927051 6.95 2.96306 0.469303 6.95 7.92202 4.02565 3.08018 3 -1.21209e-12 6.45 7.89441 3.66 2.93 7.90151 3.47498 2.96406 7.91271 3.36272 3.02342 7.92726 3.26111 3.11652 7.94081 3.18529 3.23798 2.44312 1.74102 6.01553 7.95 3.14008 3.45 2.16342 2.07836 5.70112 7.8496 3.14008 3.45 7.8354 3.22464 3.16577 1.77737 2.4168 5.07666 7.82124 3.32924 3.04883 1.48823 2.60484 4.21274 1.4568 2.62255 4.0369 1.4216 2.64179 3.7251 1.41675 2.64439 3.25395 1.4691 2.61568 2.78848 7.80992 3.44613 2.97606 7.80254 3.59497 2.9341 7.80268 3.73251 2.93507 1.70596 2.46773 1.98157 7.80791 3.84586 2.96432 2.0927 2.14956 1.29306 2.30365 1.92176 1.03084 7.82398 4.01369 3.06874 7.83552 4.09636 3.16705 2.59919 4.59319 5.05417 7.9479 3.15007 3.55141 7.94198 3.17936 3.64826 7.93064 3.24099 3.75784 7.91734 3.32707 3.84939 7.90574 3.4263 3.9145 2.91378 0.714075 0.03 7.89751 3.53802 3.95549 2.73032 1.24313 0.03 7.89441 3.66 3.97 2.38197 1.82379 0.03 2.16093 2.08096 0.03 1.91227 2.31154 0.03 7.89802 3.79213 3.95296 1.34515 2.68152 0.03 7.92345 4.03502 3.81033 0.709497 2.9149 0.03 0.376 2.97634 0.03 7.95 4.18008 3.45 -0.301085 2.98485 0.03 -0.636021 2.9318 0.03 -0.962831 2.84129 0.03 -1.27734 2.71448 0.03 -1.57552 2.55298 0.03 7.8354 4.09553 3.73423 7.82124 3.99093 3.85118 -2.33539 1.88307 0.03 -2.53298 1.60748 0.03 7.80991 3.87404 3.92395 7.80254 3.7252 3.96591 7.80268 3.58766 3.96494 7.80791 3.47431 3.93569 7.82398 3.30648 3.83127 2.3322 4.59319 4.55504 0.1 -2.96832 1.38388e-16 7.83552 3.22381 3.73296 7.84539 3.16361 3.60465 1.03928 -2.78223 1.38049e-16 1.33304 -2.65404 1.38304e-16 5 4.64885 6.29917 4.25 5.225 2.4 3.96067 5.225 2.62069 3.95 5.225 2.7 2.44942 -1.67966 1.41789e-16 3.95 5.225 4.2 4.25 5.225 4.5 2.75539 -1.10848 1.44313e-16 6.05 5.225 4.2 2.9564 -0.283884 1.48291e-16 5.93574 5.225 2.46441 3 -3.55263e-14 0.03 5.82931 5.225 2.41067 2.9615 -0.479102 0.03 2.88322 -0.828894 0.03 2.80807 -1.05582 0.03 2.60488 -1.48815 0.03 5.75 5.225 2.4 2.09442 -2.14789 0.03 5 4.43524 6.41424 1.62783 -2.51996 0.03 5.42518 5.225 2.11597 5.76274 5.225 2.27571 6.08855 5.225 2.56936 6.23427 5.225 2.78897 6.19788 5.225 4.175 2.16806 4.59319 4.01331 5.88167 5.225 4.53766 5.66224 5.225 4.68364 0.1 -2.9 0.5 0.1 -2.9 1.38741e-16 5 5.225 4.85 4.5307 4.225 6.41307 3.76573 5.225 4.11103 3.66373 5.225 3.86803 3.6091 5.225 3.61023 0.0428572 -2.9 0.590387 -0.0178034 -2.9 0.598412 -0.0728921 -2.9 0.56846 3.93015 5.225 2.54681 5 5.225 2.05 4.07295 4.225 6.30317 2.1124 4.59319 3.45 7.96832 -3.975 3.35 7.94028 -3.975 3.03088 7.89677 -3.975 2.79454 7.79607 -3.975 2.44855 0.0769502 -2.9 0.563902 7.49523 -3.975 1.83919 6.31315 -3.975 0.786069 6.0186 -3.975 0.660132 0.0592102 -2.99942 0.58059 3.14331e-14 -3 0.6 5.3975 -3.975 0.50672 5.07818 -3.975 0.481029 2.16806 4.59319 2.88669 4.44055 -3.975 0.533167 4.12965 -3.975 0.61039 -2.85317 -0.927051 6.95 3.54172 -3.975 0.862661 2.593 -3.975 1.71009 -2.12132 -2.12132 6.95 -1.76336 -2.42705 6.95 2.16455 -3.975 2.56618 -0.927051 -2.85317 6.95 -0.469303 -2.96306 6.95 2.08585 -3.975 2.87671 2.0989 -3.975 4.08604 2.20533 -3.975 4.45535 2.32987 -3.975 4.7505 2.48547 -3.975 5.03052 2.67033 -3.975 5.29215 2.42705 -1.76336 6.95 2.67302 -1.36197 6.95 2.88229 -3.975 5.53235 3.11888 -3.975 5.74833 3 2.82617e-14 6.95 4.25299 -3.975 6.32452 4.56694 -3.975 6.38826 2.67302 1.36197 6.95 2.42705 1.76336 6.95 4.88592 -3.975 6.41781 1.76336 2.42705 6.95 1.36197 2.67302 6.95 0.927051 2.85317 6.95 0.469303 2.96306 6.95 -8.76017e-15 3 6.95 5.20623 -3.975 6.41283 -0.927051 2.85317 6.95 -1.36197 2.67302 6.95 6.42689 -3.975 6.05478 6.95161 -3.975 5.68878 -2.42705 1.76336 6.95 -2.67302 1.36197 6.95 7.18138 -3.975 5.46556 7.38578 -3.975 5.21889 2.3322 4.59319 2.34496 2.07744 -2.95152 2.77276 7.907 -3.975 4.05849 2.00337 -2.72825 2.78518 7.9 -3.975 3.55 1.81984 -2.58242 2.76198 1.70188 -2.55567 2.73819 1.59051 -2.56458 2.7112 1.48921 -2.60428 2.68246 2.57295 4.225 5.21336 1.7792 -2.41546 1.81954 1.9159 -2.30853 1.56351 7.9 -3.475 3.35 2.16517 -2.07655 1.19663 7.9 -3.975 3.35 2.44478 -1.7387 0.882837 2.32698 4.225 4.81197 7.9 -3.4441 3.35489 2.82242 -1.01683 0.566344 7.9 -3.40429 3.37929 7.9 -3.37989 3.4191 3 1.48655e-11 0.45 2.97402 0.393992 0.4658 2.89887 0.772365 0.513997 2.78077 1.12575 0.596289 2.62889 1.44531 0.715513 2.51345 1.63786 0.81724 7.9 -3.37623 3.46564 7.9 -3.4296 3.5391 1.88476 2.33403 1.61761 2.59919 4.59319 1.84583 1.60736 2.53306 2.24229 1.55931 2.56292 2.39671 1.51224 2.59097 2.57736 7.9 -3.475 3.55 7.96832 -3.975 3.55 7.99833 -3.945 3.55 2.03694 4.225 3.9193 7.94566 3.54842 2.88157 7.97168 3.25836 3.03878 7.98963 3.14543 3.20082 1.82386 2.585 4.13286 7.99946 3.09282 3.39312 7.99651 3.10809 3.59457 7.98244 3.18754 3.77413 7.96995 3.27094 3.87356 7.94886 3.14542 3.37579 7.94347 3.66 2.87034 2.05617 2.96521 2.8722 2.95816 4.59319 1.40816 2.28473 2.80422 2.17431 2.46052 2.6565 1.8528 2.55054 2.57182 1.71792 7.99399 4.19866 3.26015 7.96434 4.00538 2.9888 7.90063 3.8332 2.95966 7.91026 3.93682 3.00976 7.94902 4.17544 3.38071 3.51279 0.757945 0.844579 3.56676 0.406531 0.814508 3.58792 0.0519319 0.803111 7.94902 4.17545 3.5193 7.94629 4.16233 3.58467 7.93667 4.11298 3.70549 7.90799 3.91617 3.90259 3.09521 -1.86762 1.13229 7.96941 4.04523 3.87732 7.98787 4.16471 3.71955 2.70475 -2.4099 1.51821 7.99899 4.22491 3.37209 2.29696 -2.7946 2.14863 5.38792 5.15489 5.40019 2.03694 4.225 2.9807 1.78579 -2.47374 2.28918 1.92054 -2.37069 1.95083 2.08147 -2.23041 1.64384 2.29287 -2.01138 1.3301 2.50837 -1.73325 1.07735 2.70471 -1.40457 0.88919 2.86757 -1.02852 0.757203 2.98113 -0.622957 0.67617 3.03879 -0.194683 0.638212 3.04053 0.165094 0.637097 2.99998 0.523726 0.663553 2.91928 0.86953 0.719262 2.80179 1.19745 0.808144 2.62228 1.55416 0.963943 2.41413 1.86315 1.1811 2.19901 2.11412 1.45967 1.99408 2.30909 1.80095 1.82074 2.44819 2.19089 1.69037 2.53971 2.62366 1.62314 2.58298 3.00152 1.59597 2.59974 3.39184 1.61056 2.59083 3.78151 1.99137 -2.52552 2.35669 2.12145 -2.41886 2.03949 2.27573 -2.27453 1.75218 2.47711 -2.05055 1.45827 2.68175 -1.76735 1.22006 2.86849 -1.43304 1.0408 3.02405 -1.05013 0.913455 3.13303 -0.636419 0.834389 3.18855 -0.198956 0.79707 3.19022 0.168719 0.795971 3.15117 0.535103 0.822004 3.07362 0.888032 0.876529 2.96113 1.22222 0.962797 2.79002 1.5852 1.11228 2.59227 1.89952 1.31811 2.38784 2.15545 1.57977 2.19209 2.35536 1.89918 2.02519 2.49902 2.26446 1.8987 2.59415 2.67103 1.83312 2.63934 3.02695 1.80655 2.65689 3.39513 1.82083 2.64756 3.76274 2.14824 -2.68165 2.37895 2.28446 -2.57109 2.06736 2.44663 -2.41986 1.78485 2.65876 -2.18268 1.496 2.87388 -1.88061 1.26274 3.06894 -1.52334 1.08831 3.23012 -1.1149 0.965287 3.34222 -0.67497 0.889373 3.39905 -0.210884 0.853685 3.40076 0.178831 0.852636 3.3608 0.567406 0.87752 3.28119 0.942369 0.929785 3.16508 1.29832 1.01285 2.98716 1.68593 1.15772 2.77994 2.02176 1.35859 2.56471 2.29405 1.61533 2.35864 2.50476 1.92941 2.1836 2.65428 2.28839 2.05157 2.75213 2.68727 1.98337 2.7982 3.03593 1.9558 2.81601 3.3963 1.97061 2.80655 3.75609 5.76097 5.15489 5.28715 2.97397 -0.394351 6.43417 2.89868 -0.773067 6.38588 6.10469 5.15489 5.10329 6.40609 5.15489 4.85609 2.51231 -1.6396 6.08171 6.65329 5.15489 4.55469 2.09062 -2.15159 5.60406 6.83715 5.15489 4.21097 1.70336 -2.46953 4.91225 1.60512 -2.53448 4.65101 6.95019 5.15489 3.83792 6.98852 5.15489 3.45 1.46798 -2.6163 4.10514 1.41645 -2.64456 3.63992 1.42201 -2.64157 3.1693 1.45759 -2.6221 2.85798 6.95019 5.15489 3.06208 6.83715 5.15489 2.68903 6.65329 5.15489 2.34531 6.40609 5.15489 2.04391 1.92298 -2.64239 2.77793 6.10469 5.15489 1.79671 2.05891 -2.84138 2.78306 5.76097 5.15489 1.61285 2.03133 -2.98078 3.01754 5.38792 5.15489 1.49981 5.44384 5.06212 5.68135 5.87068 5.06212 5.55201 6.26396 5.06212 5.34164 6.60881 5.06212 5.05881 6.89164 5.06212 4.71396 7.10201 5.06212 4.32068 2.85474 -2.22779 5.54711 7.23135 5.06212 3.89384 3.24322 -1.58312 5.88182 3.4196 -1.12404 5.99997 7.2752 5.06212 3.45 3.56578 -0.415507 6.08501 3.58815 -0.0233711 6.09702 7.23135 5.06212 3.00616 7.10201 5.06212 2.57932 3.38339 1.23494 5.97717 6.89164 5.06212 2.18604 3.18109 1.71032 5.83571 6.60881 5.06212 1.84119 6.26396 5.06212 1.55836 5.87068 5.06212 1.34799 5.44384 5.06212 1.21865 5.49377 4.93222 5.93235 2.21767 2.8548 4.57193 2.07646 2.95215 4.123 2.05786 2.84165 4.11275 2.00855 2.73786 4.11045 1.92624 2.64637 4.11737 5.96863 4.93222 5.78847 1.71155 2.55711 4.15505 1.58922 2.56524 4.18428 6.40614 4.93222 5.55444 1.6079 2.53272 4.65923 6.78979 4.93222 5.23979 1.91409 2.31003 5.33342 1.99921 2.23677 5.47091 7.10444 4.93222 4.85614 2.33165 1.8877 5.90003 7.33847 4.93222 4.41863 2.59781 1.50045 6.15802 2.73902 1.22384 6.2724 2.82158 1.01915 6.33306 2.92926 0.64766 6.40583 2.98875 0.259538 6.44318 3.39583 4.59319 1.04919 1.78405 2.47506 4.60551 1.94954 2.34692 5.01037 2.11339 2.20013 5.30881 2.29185 2.0126 5.56845 2.47109 1.78644 5.78266 2.64118 1.52162 5.9536 2.81716 1.16061 6.10399 2.94872 0.762926 6.20146 3.02605 0.340735 6.25352 3.04362 -0.0919635 6.2648 3.00029 -0.522197 6.2366 2.89862 -0.936759 6.16571 2.77481 -1.25928 6.06997 2.62191 -1.55483 5.9356 2.45022 -1.81515 5.75968 2.26984 -2.03753 5.53925 2.05964 -2.2507 5.21861 1.87348 -2.40811 4.84209 1.72778 -2.51454 4.42246 1.633 -2.57682 3.97161 1.59695 -2.59919 3.34981 1.98963 2.52689 4.53835 2.14928 2.39433 4.91785 2.30616 2.24347 5.19713 2.47609 2.05179 5.44041 2.6463 1.82145 5.64214 2.80794 1.55211 5.8045 2.97579 1.1847 5.94899 3.10185 0.779281 6.04377 3.17623 0.348186 6.09484 3.19317 -0.0939843 6.10596 3.15143 -0.533539 6.0782 3.05376 -0.95659 6.00888 2.93531 -1.28518 5.91614 2.78961 -1.58589 5.78732 2.62649 -1.85067 5.62043 2.45516 -2.07723 5.413 2.2548 -2.29535 5.11272 2.07607 -2.45752 4.76024 1.93503 -2.56793 4.3664 1.84269 -2.6329 3.942 1.80744 -2.6563 3.35546 2.14638 2.683 4.51618 2.31362 2.54545 4.889 2.47863 2.38707 5.16364 2.65763 2.18395 5.4027 2.83664 1.93836 5.60034 3.00581 1.65052 5.7586 3.18018 1.25829 5.89851 3.31014 0.826717 5.98969 3.38639 0.369103 6.03859 3.4037 -0.0996118 6.0492 3.361 -0.565737 6.02268 3.26068 -1.01529 5.95619 3.13827 -1.36545 5.8668 2.98668 -1.68663 5.7419 2.81584 -1.96956 5.57911 2.63559 -2.21099 5.37579 2.42456 -2.44171 5.08063 2.23683 -2.61123 4.73409 2.0894 -2.7252 4.34748 1.99329 -2.79159 3.93158 1.95669 -2.81535 3.35748 5 4.225 0.45 5 -3.945 0.45 7.48235 4.93222 3.94377 4.07295 -3.945 0.59683 7.53114 4.93222 3.45 3.23664 -3.945 1.02295 2.87868 -3.945 1.32868 2.57295 -3.945 1.68664 7.48235 4.93222 2.95623 2.14683 -3.945 2.52295 2.03694 -3.945 2.9807 7.33847 4.93222 2.48137 2.03694 -3.945 3.9193 2.14683 -3.945 4.37705 7.10444 4.93222 2.04386 6.78979 4.93222 1.66021 2.87868 -3.945 5.57132 3.23664 -3.945 5.87705 3.63803 -3.945 6.12302 6.40614 4.93222 1.34556 5.96863 4.93222 1.11153 5 -3.945 6.45 5.49377 4.93222 0.967646 5.53433 4.7723 6.13626 6.04819 4.7723 5.98056 3.63803 4.225 6.12302 3.23664 4.225 5.87705 2.87868 4.225 5.57132 6.52165 4.7723 5.72731 6.93681 4.7723 5.38681 2.14683 4.225 4.37705 7.2773 4.7723 4.97165 2 4.225 3.45 7.53056 4.7723 4.49819 2.14683 4.225 2.52295 2.32698 4.225 2.08803 7.68626 4.7723 3.98433 2.87868 4.225 1.32868 3.23664 4.225 1.02295 7.73906 4.7723 3.45 7.68626 4.7723 2.91567 7.53056 4.7723 2.40181 3.89496 4.59319 0.782202 7.2773 4.7723 1.92835 6.93681 4.7723 1.51319 2.40434 2.70621 4.95418 2.54137 2.58083 5.16905 2.69174 2.4245 5.36623 2.84399 2.242 5.53606 2.9844 2.04628 5.67201 6.52165 4.7723 1.17269 3.29008 1.47772 5.91506 6.04819 4.7723 0.919438 3.49818 0.827021 6.04702 3.57505 0.318729 6.09003 5.53433 4.7723 0.763735 5.56331 4.59313 6.28194 3.50444 -0.798177 6.05063 6.10504 4.59313 6.1178 6.60417 4.59313 5.85081 3.05826 -1.92981 5.73684 7.04184 4.59313 5.49184 2.64149 -2.47916 5.30403 2.54841 -2.574 5.17908 2.4595 -2.65755 5.04557 2.28286 -2.80569 4.72167 2.11143 -2.92923 4.26004 2.01652 -2.98998 3.76463 2.00056 -2.99963 3.39184 7.40081 4.59313 5.05417 7.6678 4.59313 4.55504 2.12978 -2.91681 2.57716 7.83194 4.59313 4.01331 2.51702 -2.60419 1.76631 7.8876 4.59313 3.45 2.81197 -2.28274 1.39756 2.9171 -2.14385 1.29095 7.83194 4.59313 2.88669 3.20507 -1.66262 1.04621 3.33145 -1.37622 0.95682 3.49827 -0.826517 0.852878 3.57771 -0.284701 0.808579 7.6678 4.59313 2.34496 7.40081 4.59313 1.84583 7.04184 4.59313 1.40816 3.43277 1.0805 0.891918 3.24473 1.57984 1.01706 3.0613 1.92473 1.16058 2.85673 2.22519 1.35086 2.64481 2.47557 1.59175 6.60417 4.59313 1.04919 6.10504 4.59313 0.782202 5.56331 4.59313 0.618056 2.11419 2.92737 2.63018 5.58002 4.40694 6.36596 2.01719 2.98958 3.12925 2.0054 2.99679 3.63 2.57295 4.225 1.68664 7.99833 -3.945 3.35 6.13782 4.40694 6.19695 6.65176 4.40694 5.92204 7.10242 4.40694 5.55242 7.47204 4.40694 5.10176 7.51996 -3.945 1.82217 7.74695 4.40694 4.58782 7.14789 -3.945 1.35558 6.88276 -3.945 1.11436 6.48815 -3.945 0.845121 7.91596 4.40694 4.03002 5.82889 -3.945 0.566784 5.4791 -3.945 0.488504 7.97328 4.40694 3.45 7.91596 4.40694 2.86998 7.74695 4.40694 2.31218 5.33299 4.22499 0.468538 7.47204 4.40694 1.79824 6.12006 4.22498 0.666934 7.10242 4.40694 1.34758 6.75011 4.22496 1.01338 6.65176 4.40694 0.977965 7.27963 4.22495 1.4998 6.13782 4.40694 0.703052 7.77775 4.22493 2.31683 7.8595 4.22493 2.54268 5.58002 4.40694 0.534035 4.43669 4.59319 0.618056 5.05622 5.225 4.84891 5.3686 5.225 4.80063 7.9805 4.1207 3.10851 6.06985 5.225 4.35319 7.9493 3.84244 2.90081 6.29625 5.225 3.97889 6.36316 5.225 3.77003 7.95603 3.39232 2.93828 6.39629 5.225 3.55323 6.3909 5.225 3.28977 6.33627 5.225 3.03197 5.93714 5.225 2.40979 5.19204 5.225 2.06299 5 5.20847 1.76025 7.9578 3.37403 3.95139 7.94734 3.5116 4.00966 7.94347 3.66 4.02966 7.94543 3.76586 4.0196 7.95486 3.915 3.96846 5 5.15547 1.46381 5 5.08156 1.22431 7.99901 4.225 3.52725 5 4.9815 1.00362 7.90804 4.225 4.1871 5 4.71845 0.658365 7.70332 4.225 4.75078 5.66187 4.22499 0.523924 7.39058 4.225 5.26249 7.15612 4.225 5.53594 6.89057 4.225 5.77933 6.49482 4.225 6.05106 6.54958 4.22497 0.881187 5.83288 4.225 6.33207 5.48145 4.225 6.41112 7.0295 4.22496 1.24067 7.56148 4.22494 1.88833 7.94763 4.22492 2.89189 7.99327 4.22491 3.24915 5.65877 -3.945 6.37678 7.97189 4.225 3.85971 6.54292 -3.945 6.02282 7.83974 4.225 4.4174 7.52793 4.225 5.06541 6.0608 4.225 6.25619 7.55383 -3.945 5.02416 5.12307 4.225 6.44747 7.85398 -3.945 4.37454 5 4.225 6.45 5 4.79725 6.16213 5 4.93072 5.98359 7.99833 -3.475 3.55 7.99859 -3.43559 3.54191 7.99921 -3.40245 3.51882 8 -3.375 3.45 7.99962 -3.38711 3.40225 7.99889 -3.417 3.36856 7.99833 -3.475 3.35 4.46567 4.77234 6.13626 5 5.04284 5.7707 2 -3.945 3.45 5 5.12911 5.53367 4.61208 5.1549 1.49981 2.32698 -3.945 2.08803 4.23903 5.1549 1.61285 3.89531 5.1549 1.79671 3.59391 5.1549 2.04391 3.63803 -3.945 0.77698 3.34671 5.1549 2.34531 4.5307 -3.945 0.486935 3.16285 5.1549 2.68903 5.12247 -3.945 0.452501 3.04981 5.1549 3.06208 3.01148 5.1549 3.45 6.05582 -3.945 0.641931 3.04981 5.1549 3.83792 3.16285 5.1549 4.21097 3.34671 5.1549 4.55469 7.38235 -3.945 1.62671 3.59391 5.1549 4.85609 7.69612 -3.945 2.13434 7.83379 -3.945 2.46529 7.90319 -3.945 2.69404 7.96893 -3.945 3.01938 3.89531 5.1549 5.10329 4.23903 5.1549 5.28715 4.61208 5.1549 5.40019 4.55616 5.06213 1.21865 4.12932 5.06213 1.34799 7.65421 -3.975 2.1173 3.73604 5.06213 1.55836 7.30723 -3.975 1.57981 7.09238 -3.975 1.34219 6.85318 -3.975 1.12909 6.59243 -3.975 0.942997 3.39119 5.06213 1.84119 3.10836 5.06213 2.18604 5.71219 -3.975 0.566654 2.89799 5.06213 2.57932 2.76865 5.06213 3.00616 4.75796 -3.975 0.489878 2.7248 5.06213 3.45 2.76865 5.06213 3.89384 3.82887 -3.975 0.720649 2.89799 5.06213 4.32068 3.27153 -3.975 1.03478 3.02146 -3.975 1.23499 2.7944 -3.975 1.46097 3.10836 5.06213 4.71396 2.41961 -3.975 1.97946 2.27624 -3.975 2.26593 3.39119 5.06213 5.05881 3.73604 5.06213 5.34164 2.04106 -3.975 3.19392 3.63803 4.225 0.77698 4.12932 5.06213 5.55201 2.03 -3.975 3.45 2.04106 -3.975 3.70608 4.55616 5.06213 5.68135 4.50623 4.93225 0.967646 4.03137 4.93225 1.11153 3.59386 4.93225 1.34556 3.21021 4.93225 1.66021 2.89556 4.93225 2.04386 2.66153 4.93225 2.48137 3.37737 -3.975 5.93756 3.65473 -3.975 6.09786 3.94774 -3.975 6.22735 2.51765 4.93225 2.95623 2.46886 4.93225 3.45 2.51765 4.93225 3.94377 2.66153 4.93225 4.41863 5.52414 -3.975 6.37339 5.83595 -3.975 6.29993 6.13804 -3.975 6.19331 2.89556 4.93225 4.85614 6.69913 -3.975 5.88595 3.21021 4.93225 5.23979 3.59386 4.93225 5.55444 4.03137 4.93225 5.78847 7.56242 -3.975 4.95164 7.70924 -3.975 4.66692 7.82455 -3.975 4.36804 4.50623 4.93225 5.93235 4.46567 4.77234 0.763735 3.95181 4.77234 0.919438 7.99175 -3.945 3.67232 7.94388 -3.945 4.02755 3.47835 4.77234 1.17269 7.77131 -3.945 4.59883 3.06319 4.77234 1.51319 7.27158 -3.945 5.40957 7.02166 -3.945 5.66651 6.74287 -3.945 5.89181 2.72269 4.77234 1.92835 6.11498 -3.945 6.23511 2.46944 4.77234 2.40181 5.33141 -3.945 6.43164 2.31374 4.77234 2.91567 4.5307 -3.945 6.41307 4.07295 -3.945 6.30317 2.26094 4.77234 3.45 2.31374 4.77234 3.98433 2.46944 4.77234 4.49819 2.57295 -3.945 5.21336 2.32698 -3.945 4.81197 2.72269 4.77234 4.97165 3.06319 4.77234 5.38681 3.47835 4.77234 5.72731 3.95181 4.77234 5.98056 4.5307 4.225 0.486935 4.07295 4.225 0.596831</float_array>
					<technique_common>
						<accessor count="997" source="#ID6" stride="3">
							<param name="X" type="float"/>
							<param name="Y" type="float"/>
							<param name="Z" type="float"/>
						</accessor>
					</technique_common>
				</source>
				<source id="ID7">
					<float_array id="ID8" count="3669" digits="2490374">-0.707094 0 -0.707094 -0.703875 -0.0675 -0.707094 -0.702125 -0.0834688 -0.707094 -0.686938 -0.167375 -0.707094 -0.687375 -0.165813 -0.707094 -0.663844 -0.243406 -0.707094 -0.656 -0.263875 -0.707094 -0.631594 -0.317844 -0.707094 -0.621437 -0.337281 -0.707094 -0.591031 -0.388063 -0.707094 -0.57875 -0.406188 -0.707094 -0.542719 -0.453219 -0.707094 -0.528406 -0.469813 -0.707094 -0.48725 -0.512375 -0.707094 -0.471188 -0.527219 -0.707094 -0.425344 -0.564844 -0.707094 -0.407687 -0.577688 -0.707094 -0.357844 -0.609812 -0.707094 -0.338844 -0.620562 -0.707094 -0.285625 -0.646781 -0.707094 -0.265563 -0.655281 -0.707094 -0.190219 -0.680969 -0.707094 -0.188844 -0.681406 -0.707094 -0.0909375 -0.701187 -0.707094 -0.107063 -0.698906 -0.707094 -0.02375 -0.706688 -0.707094 -0.0235625 -0.706688 -0.707094 0.707094 0 -0.707094 0.702563 0.07975 -0.707094 0.702 0.0847187 -0.707094 0.689094 0.158531 -0.707094 0.68675 0.168281 -0.707094 0.671094 0.222687 -0.707094 0.66675 0.235313 -0.707094 0.643531 0.293 -0.707094 0.635938 0.309063 -0.707094 0.606313 0.36375 -0.707094 0.597 0.378844 -0.707094 0.561406 0.429844 -0.707094 0.550438 0.443844 -0.707094 0.509313 0.490438 -0.707094 0.496844 0.503125 -0.707094 0.450719 0.544813 -0.707094 0.436844 0.555969 -0.707094 0.386313 0.592219 -0.707094 0.371344 0.601687 -0.707094 0.317031 0.632031 -0.707094 0.301031 0.63975 -0.707094 0.243656 0.66375 -0.707094 0.226938 0.669688 -0.707094 0.167187 0.687031 -0.707094 0.149875 0.691031 -0.707094 0.0885938 0.701469 -0.707094 0.0709063 0.703531 -0.707094 0.008875 0.707031 -0.707094 -0.008875 0.707031 -0.707094 -0.0709063 0.703531 -0.707094 -0.0885938 0.701469 -0.707094 -0.149875 0.691031 -0.707094 -0.167187 0.687031 -0.707094 -0.226938 0.669688 -0.707094 -0.243656 0.66375 -0.707094 -0.301031 0.63975 -0.707094 -0.317031 0.632031 -0.707094 -0.371344 0.601687 -0.707094 -0.386313 0.592219 -0.707094 -0.436844 0.555969 -0.707094 -0.450719 0.544813 -0.707094 -0.496844 0.503125 -0.707094 -0.509313 0.490438 -0.707094 -0.550438 0.443844 -0.707094 -0.561406 0.429844 -0.707094 -0.597 0.378844 -0.707094 -0.606313 0.36375 -0.707094 -0.635938 0.309063 -0.707094 -0.643531 0.293 -0.707094 -0.66675 0.235313 -0.707094 -0.671094 0.222687 -0.707094 -0.68675 0.168281 -0.707094 -0.689094 0.158531 -0.707094 -0.702563 0.07975 -0.707094 -0.702 0.0847187 -0.707094 0 0 -1 1 0 -0 -1 0 -0 -0.992969 -0.118063 -0 -0.987688 -0.156406 -0 -0.972094 -0.2345 -0 -0.951031 -0.308969 -0 -0.938812 -0.344281 -0 -0.890969 -0.453969 -0 -0.893219 -0.449531 -0 -0.835844 -0.548844 -0 -0.809 -0.587781 -0 -0.767531 -0.640969 -0 -0.707094 -0.707094 -0 -0.689031 -0.724625 -0 -0.587781 -0.809 -0 -0.601531 -0.798813 -0 -0.506063 -0.862406 -0 -0.453969 -0.890969 -0 -0.404 -0.914719 -0 -0.308969 -0.951031 -0 -0.269031 -0.963094 -0 -0.156406 -0.987688 -0 -0.128562 -0.991656 -0 0 -1 -0 -0.0332813 -0.999438 -0 -0.0306563 -0.999469 -0 -0.0229688 -0.999687 -0 0.0332813 -0.999438 -0 0.1435 -0.989594 -0 0.0196875 -0.999781 -0 0.156406 -0.987688 -0 0.03075 -0.999469 -0 0.251938 -0.967687 -0 0.308969 -0.951031 -0 0.328219 -0.944562 -0 0.453969 -0.890969 -0 0.4385 -0.898656 -0 0.472094 -0.8815 -0 0.542594 -0.839938 -0 0.474 -0.8805 -0 0.485812 -0.874 -0 0.496344 -0.868062 -0 0.536438 -0.843875 -0 0.593063 -0.805094 -0 0.607719 -0.794062 -0 0.638625 -0.7695 -0 0.587781 -0.809 -0 0.489281 -0.872063 -0 0.503531 -0.863906 -0 0.519094 -0.854688 -0 0.535031 -0.844813 -0 0.567781 -0.823125 -0 0.627344 -0.778719 -0 0.698125 -0.715906 -0 0.666969 -0.745031 -0 0.721687 -0.692156 -0 0.778531 -0.627563 -0 0.77775 -0.628469 -0 0.814875 -0.579531 -0 0.707094 -0.707094 -0 0.696813 -0.717188 -0 0.767313 -0.64125 -0 0.837438 -0.546531 -0 0.86825 -0.496031 -0 0.866375 -0.499344 -0 0.913312 -0.407094 -0 0.809 -0.587781 -0 0.890969 -0.453969 -0 0.875969 -0.48225 -0 0.92675 -0.375625 -0 0.935969 -0.351938 -0 0.94075 -0.338906 -0 0.961031 -0.27625 -0 0.976313 -0.216219 -0 0.951031 -0.308969 -0 0.966219 -0.257688 -0 0.991313 -0.131406 -0 0.987156 -0.159688 -0 0.996188 -0.0870313 -0 0.999125 -0.0407812 -0 0.987688 -0.156406 -0 0.99275 0.119844 -0 0.991313 0.131313 -0 0.96625 0.257406 -0 0.996219 0.0864687 -0 0.987688 0.156406 -0 0.976406 0.215844 -0 0.951031 0.308969 -0 0.971219 0.238 -0 0.949094 0.314969 -0 0.926875 0.375187 -0 0.910062 0.414375 -0 0.8575 0.514406 -0 0.940531 0.339656 -0 0.890969 0.453969 -0 0.912969 0.407906 -0 0.876281 0.48175 -0 0.837781 0.545906 -0 0.793938 0.607875 -0 0.72025 0.693594 -0 0.865906 0.500094 -0 0.809 0.587781 -0 0.814344 0.580281 -0 0.707094 0.707094 -0 0.767875 0.640531 -0 0.697563 0.716469 -0 0.637375 0.7705 -0 0.62825 0.777969 -0 0.546344 0.837469 -0 0.777188 0.629219 -0 0.721125 0.692781 -0 0.666344 0.745531 -0 0.587781 0.809 -0 0.638 0.769969 -0 0.592438 0.805562 -0 0.535906 0.844187 -0 0.453969 0.890969 -0 0.496031 0.86825 -0 0.485563 0.874125 -0 0.473844 0.880594 -0 0.47225 0.881406 -0 0.568594 0.822563 -0 0.535781 0.844312 -0 0.448344 0.893781 -0 0.519719 0.85425 -0 0.504031 0.863625 -0 0.489688 0.871844 -0 0.344594 0.938688 -0 0.308969 0.951031 -0 0.236437 0.971594 -0 0.156406 0.987688 -0 0.125313 0.992063 -0 0 1 -0 0.0125625 0.999875 -0 -0.100313 0.994906 -0 -0.156406 0.987688 -0 -0.211969 0.977219 -0 -0.320938 0.947062 -0 -0.308969 0.951031 -0 -0.425719 0.904813 -0 -0.453969 0.890969 -0 -0.525156 0.850969 -0 -0.587781 0.809 -0 -0.617813 0.78625 -0 -0.702594 0.7115 -0 -0.707094 0.707094 -0 -0.778406 0.627688 -0 -0.809 0.587781 -0 -0.844281 0.535781 -0 -0.890969 0.453969 -0 -0.899406 0.437094 -0 -0.942937 0.332781 -0 -0.951031 0.308969 -0 -0.9745 0.22425 -0 -0.987688 0.156406 -0 -0.993594 0.112844 -0 0.0235625 -0.706688 -0.707094 0.101438 -0.69975 -0.707094 0.02375 -0.706688 -0.707094 0.109438 -0.698563 -0.707094 0.193094 -0.680188 -0.707094 0.178156 -0.68425 -0.707094 0.232094 -0.667875 -0.707094 0.247375 -0.662344 -0.707094 0.310094 -0.635437 -0.707094 0.317313 -0.631844 -0.707094 0.383656 -0.593938 -0.707094 0.355844 -0.611 -0.707094 0.429281 -0.561844 -0.707094 0.429719 -0.5615 -0.707094 0.493625 -0.50625 -0.707094 0.495656 -0.50425 -0.707094 0.535563 -0.461625 -0.707094 0.550469 -0.443719 -0.707094 0.583125 -0.399844 -0.707094 0.613937 -0.350719 -0.707094 0.607188 -0.362281 -0.707094 0.631813 -0.317406 -0.707094 0.661844 -0.248812 -0.707094 0.656 -0.263875 -0.707094 0.679563 -0.195312 -0.707094 0.686969 -0.167344 -0.707094 0.698 -0.112875 -0.707094 0.703844 -0.0675313 -0.707094 0.706469 -0.0288125 -0.707094 -0.924031 0 -0.382156 -0.769313 0 -0.638844 -0.592031 0 -0.805875 -0.428375 0 -0.903531 0.178 0 -0.984 0.689438 0 -0.724281 0.728906 0 -0.684563 0.919594 0 -0.392781 0 0 1 -0.9745 0 0.224281 -0.927969 0.27625 0.249938 -0.998156 -0.000125 0.0598125 -0.880594 0.458969 0.117781 -0.888031 0.459188 -0.020625 -0.994219 -0.000125 -0.106875 -0.874 0.458813 -0.159781 -0.98125 -9.375e-05 -0.192563 -0.838313 0.457281 -0.29675 -0.961906 -0.000125 -0.273219 -0.765719 0.451156 -0.45825 -0.905062 0 -0.425156 -0.662781 0.435688 -0.608938 -0.846438 0.000125 -0.532438 -0.534156 0.405219 -0.741875 -0.8165 -3.125e-05 -0.577313 -0.785156 -0.0003125 -0.619219 -0.714625 -0.00040625 -0.699406 -0.395281 0.357406 -0.846125 -0.646281 -6.25e-05 -0.763 -0.26225 0.294031 -0.919062 -0.585063 -0.000125 -0.810969 -0.151875 0.221156 -0.963313 -0.522531 -3.125e-05 -0.852594 -0.0830313 0.157438 -0.984 -0.495875 -3.125e-05 -0.868375 -0.0375 0.0933125 -0.994875 -0.477844 0 -0.878375 -0.01525 0.0290937 -0.999438 -0.47075 0 -0.88225 -0.0161875 -0.034375 -0.999219 -0.474094 0 -0.880406 -0.048 -0.111188 -0.992594 -0.500531 6.25e-05 -0.865656 -0.112969 -0.187906 -0.975656 -0.556094 -3.125e-05 -0.831062 -0.210844 -0.263 -0.941406 -0.598281 0 -0.801219 -0.334563 -0.330875 -0.882344 -0.635063 0.000125 -0.772375 -0.694844 0.00071875 -0.719094 -0.473719 -0.386438 -0.791313 -0.729813 0.00078125 -0.683594 -0.765281 0.0005 -0.643625 -0.608688 -0.424406 -0.670313 -0.827688 3.125e-05 -0.561156 -0.707219 -0.443281 -0.550656 -0.901 0 -0.43375 -0.785563 -0.453219 -0.421219 -0.956688 3.125e-05 -0.290938 -0.927844 -0.275313 -0.251437 -0.788938 -0.558156 -0.256781 -0.974156 0 -0.225719 -0.804688 0.535688 0.255688 -0.598938 0.764406 0.238344 -0.506063 0.8565 0.101125 -0.514938 0.857 -0.0176875 -0.498313 0.856 -0.137344 -0.456094 0.852188 -0.256156 -0.369719 0.839375 -0.398375 -0.246438 0.809125 -0.533375 -0.0919688 0.751719 -0.652969 0.073875 0.662969 -0.744906 0.2305 0.545875 -0.805469 0.357938 0.411375 -0.838188 0.435813 0.293281 -0.850875 0.486531 0.174094 -0.856094 0.511063 0.0544063 -0.85775 0.51 -0.0642188 -0.857719 0.474906 -0.207563 -0.855125 0.402156 -0.349813 -0.846031 0.29025 -0.48875 -0.822688 0.14575 -0.614031 -0.775625 -0.019625 -0.716781 -0.697 -0.181438 -0.787719 -0.588625 -0.299688 -0.823875 -0.481 -0.393375 -0.843531 -0.365594 -0.588 -0.772781 -0.238656 -0.330125 -0.922719 -0.198781 -0.342969 0.917844 0.199625 -0.0622188 0.987531 0.144156 0.0195312 0.998281 0.0542188 0.0114688 0.999875 -0.00946875 0.0265625 0.996875 -0.0737813 0.0646563 0.988344 -0.137719 0.141375 0.966375 -0.214469 0.248531 0.924812 -0.28775 0.380031 0.855031 -0.35275 0.519188 0.753906 -0.402438 0.649844 0.623438 -0.434656 0.756281 0.473344 -0.451531 0.821688 0.3395 -0.457656 0.864469 0.2025 -0.46 0.885281 0.0634375 -0.460594 0.884438 -0.0749063 -0.460531 0.854688 -0.241219 -0.459563 0.793312 -0.403844 -0.455438 0.699656 -0.559969 -0.443625 0.579188 -0.699313 -0.418875 0.440906 -0.814656 -0.376563 0.304188 -0.898 -0.317813 0.2025 -0.94425 -0.259375 0.120531 -0.972969 -0.196781 -0.03525 -0.989563 -0.13925 0.243125 -0.967313 -0.0718125 0.243563 0.967219 0.071125 0.485594 0.874125 0.0001875 0.473844 0.880531 -0.0001875 0.472375 0.881312 -0 0.489844 0.87175 6.25e-05 0.504125 0.863594 -0 0.519813 0.85425 -0 0.535781 0.844312 3.125e-05 0.568656 0.8225 6.25e-05 0.628313 0.777906 9.375e-05 0.697563 0.716469 3.125e-05 0.767875 0.6405 6.25e-05 0.83775 0.546 -9.375e-05 0.87625 0.481813 -0.000125 0.926875 0.37525 -0 0.991313 0.131313 0.00021875 0.996188 -0.0870313 -6.25e-05 0.976344 -0.216063 -0.000125 0.94075 -0.338969 -3.125e-05 0.913281 -0.407156 -3.125e-05 0.866313 -0.499375 -0.000125 0.814875 -0.579531 -3.125e-05 0.77775 -0.628531 -0 -0.989531 0 -0.144094 -0.887469 -0.459344 -0.0355625 -0.999781 -6.25e-05 -0.0194688 -0.868781 -0.458813 0.186062 -0.994438 6.25e-05 0.104969 -0.962875 0.0001875 0.269906 -0.817813 -0.456094 0.350719 -0.905688 0.0001875 0.423813 -0.735 -0.447531 0.509313 -0.846844 6.25e-05 0.531781 -0.62225 -0.427625 0.655688 -0.81725 0.00021875 0.576187 -0.488469 -0.391469 0.77975 -0.786344 0.0004375 0.61775 -0.715344 0.00040625 0.69875 -0.371844 -0.347813 0.860625 -0.647344 0.000125 0.762125 -0.26225 -0.294094 0.919031 -0.585625 3.125e-05 0.810531 -0.167938 -0.233562 0.957687 -0.526906 6.25e-05 0.849906 -0.09475 -0.17025 0.980781 -0.498625 3.125e-05 0.866813 -0.03725 -0.0933437 0.994875 -0.478063 3.125e-05 0.87825 -0.013375 -0.0162187 0.99975 -0.470531 -0.000125 0.882344 -0.023 0.0606875 0.997844 -0.474969 0.000125 0.879969 -0.500719 0 0.865562 -0.0660938 0.137375 0.988281 -0.538906 -0.000125 0.842313 -0.142469 0.213625 0.966438 -0.569969 -3.125e-05 0.821594 -0.250156 0.287187 0.924563 -0.606438 6.25e-05 0.795031 -0.672312 -0.0005625 0.740219 -0.358375 0.341938 0.868688 -0.719094 -0.00075 0.694844 -0.474281 0.386813 0.790781 -0.769625 -0.00053125 0.638438 -0.588531 0.419813 0.690844 -0.819562 -0.000125 0.572906 -0.68975 0.440625 0.574406 -0.865219 0 0.501375 -0.927375 -3.125e-05 0.374063 -0.786406 0.453375 0.419406 -0.514344 -0.856969 -0.0305 -0.492281 -0.855563 0.160063 -0.431906 -0.849281 0.303438 -0.333094 -0.831813 0.443938 -0.197812 -0.7935 0.575406 -0.0374063 -0.725906 0.686719 0.101469 -0.645063 0.757281 0.230375 -0.545906 0.805469 0.339438 -0.434219 0.834375 0.4225 -0.317031 0.849063 0.486625 -0.173844 0.856094 0.512906 -0.0303125 0.857844 0.502344 0.112969 0.857188 0.454562 0.256 0.853063 0.368531 0.397563 0.84025 0.244438 0.533219 0.809844 0.117469 0.634188 0.764125 -0.0204062 0.717219 0.6965 -0.157344 0.778844 0.607094 -0.278906 0.818438 0.502281 -0.394469 0.843656 0.364031 -0.598938 0.764406 0.238438 -0.342969 0.917844 0.199656 0.0117813 -0.999781 -0.0163438 0.0319063 -0.99575 0.086 0.086125 -0.98275 0.16325 0.173313 -0.955281 0.239312 0.290031 -0.905125 0.31075 0.425813 -0.825094 0.371125 0.542156 -0.733844 0.409156 0.649625 -0.623563 0.434781 0.740656 -0.499 0.44975 0.810344 -0.366625 0.456969 0.864531 -0.202125 0.460063 0.886813 -0.0353438 0.46075 0.877813 0.131563 0.4605 0.837438 0.296875 0.458813 0.765031 0.457875 0.452719 0.661344 0.609469 0.437094 0.555469 0.72175 0.412844 0.440094 0.815188 0.376406 0.324469 0.887156 0.327938 0.220375 0.936969 0.270969 0.119438 0.973219 0.196125 -0.0622188 0.987531 0.144187 0.472156 -0.881469 -6.25e-05 0.489344 -0.872063 -0 0.503594 -0.863906 -0 0.519188 -0.854594 -3.125e-05 0.535156 -0.844719 -6.25e-05 0.567906 -0.823031 -6.25e-05 0.627406 -0.778625 -0.000125 0.696938 -0.717094 -0.000125 0.767344 -0.641156 -9.375e-05 0.837438 -0.5465 -0 0.875969 -0.482313 -0 0.92675 -0.375625 -3.125e-05 0.991313 -0.131406 -0.000125 0.999969 -0.000125 -0 0.996188 0.0865625 3.125e-05 0.9405 0.339719 -0 0.912969 0.407906 0.000125 0.865875 0.500188 0.000125 0.814344 0.580312 3.125e-05 0.777219 0.629219 -0 0.666344 0.745562 -0 0.536031 0.844156 0.000125 -0.156406 0 0.987688 -0.308969 0 0.951031 -0.453969 0 0.890969 -0.470594 0 0.882281 -0.474969 0 0.879969 -0.587781 0 0.809 -0.500562 0 0.865656 -0.538844 0 0.842344 -0.569969 0 0.821625 -0.606313 0 0.795219 -0.671844 0 0.740656 -0.478063 0 0.878313 -0.498469 0 0.866844 -0.526781 0 0.849937 -0.585594 0 0.810562 -0.647219 0 0.76225 -0.707094 0 0.707094 -0.718625 0 0.695375 -0.769375 0 0.63875 -0.819531 0 0.573 -0.715031 0 0.699 -0.786125 0 0.617938 -0.809 0 0.587781 -0.890969 0 0.453969 -0.927406 0 0.373969 -0.817156 0 0.576344 -0.846781 0 0.531812 -0.905688 0 0.423875 -0.951031 0 0.308969 -0.987688 0 0.156406 -0.962844 0 0.27 -0.994438 0 0.104844 -0.998156 0 0.0599688 -0.999781 0 -0.019375 -0.994219 0 -0.106906 -0.987688 0 -0.156406 -0.981219 0 -0.192594 -0.951031 0 -0.308969 -0.961906 0 -0.27325 -0.905031 0 -0.425219 -0.890969 0 -0.453969 -0.956688 0 -0.290938 -0.846438 0 -0.532406 -0.809 0 -0.587781 -0.816469 0 -0.577344 -0.785031 0 -0.619344 -0.827656 0 -0.561188 -0.714406 0 -0.699656 -0.646219 0 -0.763125 -0.587781 0 -0.809 -0.765031 0 -0.643938 -0.729281 0 -0.684125 -0.69425 0 -0.719688 -0.634875 0 -0.772563 -0.585063 0 -0.810969 -0.453969 0 -0.890969 -0.522375 0 -0.852625 -0.49575 0 -0.868438 -0.47775 0 -0.878469 -0.470688 0 -0.88225 -0.556188 0 -0.831031 -0.500531 0 -0.865656 -0.474063 0 -0.880437 -0.308969 0 -0.951031 -0.156406 0 -0.987688 0.110969 0 -0.993813 0.0407812 0 -0.999125 0.159688 0 -0.987156 0.220594 0 -0.975344 0.27625 0 -0.961031 0.373313 0 -0.927688 0.351938 0 -0.935969 0.496031 0 -0.86825 0.516469 0 -0.856219 0.583313 0 -0.812156 0.627563 0 -0.778531 0.676437 0 -0.736406 0.715906 0 -0.698125 0.759844 0 -0.650063 0.794062 0 -0.607719 0.853813 0 -0.5205 0.839938 0 -0.542594 0.898656 0 -0.4385 0.925875 0 -0.377688 0.944562 0 -0.328219 0.953125 0 -0.302438 0.967687 0 -0.251938 0.981094 0 -0.193219 0.989594 0 -0.1435 0.981875 0 -0.189469 0.985344 0 -0.170563 0.990531 0 -0.137063 0.999438 0 -0.0332813 0.9965 0 -0.0830313 0.9825 0 -0.186031 0.983063 0 -0.183031 0.988063 0 -0.153719 0.993469 0 -0.113781 0.997719 0 -0.0669063 0.997938 0 -0.0632813 0.999656 0 -0.0259062 0.999781 0 -0.0189375 0.999625 0 -0.0270937 0.999844 0 -0.0159063 0.998781 0 0.0481875 0.995938 0 0.0898438 0.990625 0 0.136531 0.999656 0 0.02575 0.989781 0 0.142438 0.969312 0 0.245656 0.984906 0 0.172813 0.981781 0 0.189812 0.981094 0 0.193219 0.999687 0 0.0229375 0.999469 0 0.030625 0.999438 0 0.0332813 0.99725 0 0.0740938 0.994125 0 0.108031 0.98125 0 0.192469 0.989969 0 0.141156 0.985875 0 0.167125 0.982406 0 0.1865 0.951281 0 0.308156 0.946563 0 0.322406 0.923719 0 0.382906 0.901062 0 0.433594 0.842625 0 0.538469 0.851219 0 0.524719 0.796844 0 0.604156 0.757156 0 0.653188 0.718656 0 0.695312 0.673844 0 0.738813 0.630188 0 0.776438 0.580938 0 0.813906 0.49825 0 0.866969 0.514281 0 0.857594 0.371625 0 0.928344 0.353563 0 0.935344 0.277594 0 0.960688 0.219563 0 0.975563 0.160469 0 0.987 0.110469 0 0.993875 0.041 0 0.999125 0.706688 -0.707094 -0.02375 0.706688 -0.707094 -0.0235625 0.699969 -0.707094 -0.0997813 0.69975 -0.707094 -0.101438 0.689656 -0.707094 -0.156031 0.68425 -0.707094 -0.178156 0.667875 -0.707094 -0.232094 0.665688 -0.707094 -0.238406 0.635437 -0.707094 -0.310094 0.631906 -0.707094 -0.31725 0.593938 -0.707094 -0.383656 0.594063 -0.707094 -0.3835 0.5615 -0.707094 -0.429719 0.54925 -0.707094 -0.44525 0.50625 -0.707094 -0.493625 0.498125 -0.707094 -0.501813 0.443719 -0.707094 -0.550469 0.441188 -0.707094 -0.552531 0.350719 -0.707094 -0.613937 0.379094 -0.707094 -0.596844 0.312594 -0.707094 -0.634219 0.248812 -0.707094 -0.661844 0.2425 -0.707094 -0.664187 0.195312 -0.707094 -0.679563 0.169531 -0.707094 -0.686437 0.112875 -0.707094 -0.698 0.094625 -0.707094 -0.700719 0.0288125 -0.707094 -0.706469 0.0185938 -0.707094 -0.706813 0 -0.707094 -0.707094 -0.0575938 -0.707094 -0.70475 -0.110594 -0.707094 -0.698344 -0.133188 -0.707094 -0.694438 -0.2185 -0.707094 -0.672437 -0.207188 -0.707094 -0.676063 -0.278781 -0.707094 -0.64975 -0.321 -0.707094 -0.63 -0.347156 -0.707094 -0.615969 -0.4115 -0.707094 -0.574969 -0.415625 -0.707094 -0.572031 -0.471 -0.707094 -0.527344 -0.5 -0.707094 -0.5 -0.525063 -0.707094 -0.4735 -0.573031 -0.707094 -0.414219 -0.572031 -0.707094 -0.415625 -0.614344 -0.707094 -0.350094 -0.63 -0.707094 -0.321 -0.648438 -0.707094 -0.281875 -0.672437 -0.707094 -0.2185 -0.675031 -0.707094 -0.210375 -0.693781 -0.707094 -0.136469 -0.698344 -0.707094 -0.110594 -0.704437 -0.707094 -0.0609375 -0.704437 -0.707094 0.0609375 -0.698344 -0.707094 0.110594 -0.690656 -0.707094 0.151375 -0.672437 -0.707094 0.2185 -0.665344 -0.707094 0.239312 -0.635656 -0.707094 0.309594 -0.63 -0.707094 0.321 -0.598625 -0.707094 0.376281 -0.572031 -0.707094 0.415625 -0.554594 -0.707094 0.438563 -0.5 -0.707094 0.5 -0.504188 -0.707094 0.49575 -0.447844 -0.707094 0.547188 -0.415625 -0.707094 0.572031 -0.386313 -0.707094 0.592219 -0.321 -0.707094 0.63 -0.32025 -0.707094 0.630406 -0.2185 -0.707094 0.672437 -0.250469 -0.707094 0.661219 -0.177813 -0.707094 0.684344 -0.110594 -0.707094 0.698344 -0.103094 -0.707094 0.699531 -0.0271563 -0.707094 0.706563 0 -0.707094 0.707094 0.0490625 -0.707094 0.705375 0.0780938 -0.707094 0.70275 0.124781 -0.707094 0.695969 0.155219 -0.707094 0.689844 0.199 -0.707094 0.678469 0.262781 -0.707094 0.656438 0.270938 -0.707094 0.653094 0.363656 -0.707094 0.606406 0.339656 -0.707094 0.620094 0.4045 -0.707094 0.579938 0.410781 -0.707094 0.5755 0.4765 -0.707094 0.522375 0.464625 -0.707094 0.532969 0.519313 -0.707094 0.479813 0.535375 -0.707094 0.461844 0.568 -0.707094 0.421094 0.601906 -0.707094 0.371031 0.610031 -0.707094 0.357469 0.653188 -0.707094 0.27075 0.644969 -0.707094 0.289688 0.672437 -0.707094 0.218531 0.672656 -0.707094 0.217906 0.692062 -0.707094 0.144844 0.693875 -0.707094 0.136094 0.705156 -0.707094 0.0523437 0.706688 -0.707094 0.02375 0.706688 -0.707094 0.0235625 0 0.971 -0.238906 -0.0468125 0.970719 -0.235375 0 0.935844 -0.352375 0 0.993438 -0.114281 0 0.999969 -3.125e-05 -0.0917813 0.970719 -0.221687 -3.125e-05 0.999969 -6.25e-05 -0.133281 0.970719 -0.199531 -3.125e-05 0.999969 -3.125e-05 -0.169656 0.970719 -0.169656 -0.199531 0.970719 -0.133281 -6.25e-05 0.999969 -3.125e-05 -0.221687 0.970719 -0.0917813 -0.235375 0.970719 -0.0468125 -9.375e-05 0.999969 -0 -3.125e-05 0.999969 -0 -0.239937 0.970719 -0 -0.235375 0.970719 0.0468125 -6.25e-05 0.999969 -0 -0.221687 0.970719 0.0917813 -6.25e-05 0.999969 3.125e-05 -0.199531 0.970719 0.133281 -0.169656 0.970719 0.169656 0 0.999969 3.125e-05 -0.133281 0.970719 0.199531 -6.25e-05 0.999969 9.375e-05 -0.0917813 0.970719 0.221687 0 0.999969 6.25e-05 -0.0468125 0.970719 0.235375 0 0.999969 9.375e-05 0 0.990875 0.134312 -0.0737187 0.92575 -0.370813 0 0.87975 -0.475344 -0.144656 0.92575 -0.349281 -0.210031 0.92575 -0.314375 -0.267281 0.925781 -0.267281 -0.314375 0.92575 -0.210031 -0.349281 0.92575 -0.144656 -0.370813 0.92575 -0.0737187 -0.378031 0.92575 -0 -0.370813 0.92575 0.0737187 -0.349281 0.92575 0.144656 -0.314375 0.92575 0.210031 -0.267281 0.925781 0.267281 -0.210031 0.92575 0.314375 -0.144656 0.92575 0.349281 -0.0737187 0.92575 0.370813 0 0.959 0.28325 -0.103312 0.848063 -0.519625 0 0.794937 -0.606562 -0.202719 0.848063 -0.489469 -0.294375 0.848063 -0.440531 -0.374656 0.848063 -0.374656 -0.440531 0.848063 -0.294375 -0.489469 0.848063 -0.202719 -0.519625 0.848063 -0.103312 -0.529813 0.848063 -0 -0.519625 0.848063 0.103312 -0.489469 0.848063 0.202719 -0.440531 0.848063 0.294375 -0.374656 0.848063 0.374656 -0.294375 0.848063 0.440531 -0.202719 0.848063 0.489469 -0.103312 0.848063 0.519625 0 0.915344 0.4025 -0.134781 0.722875 -0.677625 0 0.672063 -0.740438 -0.264375 0.722938 -0.63825 -0.383812 0.722875 -0.574437 -0.488531 0.722938 -0.488531 -0.574437 0.722875 -0.383812 -0.63825 0.722938 -0.264375 -0.677625 0.722875 -0.134781 -0.690844 0.722938 -0 -0.677625 0.722875 0.134781 -0.63825 0.722938 0.264375 -0.574437 0.722875 0.383812 -0.488531 0.722938 0.488531 -0.383812 0.722875 0.574437 -0.264375 0.722938 0.63825 -0.134781 0.722875 0.677625 0 0.744875 0.667156 0 0.847063 0.531438 -0.16475 0.535156 -0.828438 0 0.450063 -0.892969 -0.323219 0.535156 -0.780375 -0.469281 0.535156 -0.702344 -0.597281 0.535156 -0.597281 -0.702344 0.535156 -0.469281 -0.780375 0.535156 -0.323219 -0.828438 0.535156 -0.16475 -0.844719 0.535156 -0 -0.828438 0.535156 0.16475 -0.780375 0.535156 0.323219 -0.702344 0.535156 0.469281 -0.597281 0.535156 0.597281 -0.469281 0.535156 0.702344 -0.323219 0.535156 0.780375 -0.16475 0.535156 0.828438 0 0.599344 0.800438 -0.187031 0.283938 -0.940406 0 0.165625 -0.986188 -0.366906 0.283938 -0.885844 -0.532656 0.283938 -0.797188 -0.677969 0.283938 -0.677969 -0.797188 0.283938 -0.532656 -0.885844 0.283938 -0.366906 -0.940406 0.283938 -0.187031 -0.958781 0.283938 -0 -0.940406 0.283938 0.187031 -0.885844 0.283938 0.366906 -0.797188 0.283938 0.532656 -0.677969 0.283938 0.677969 -0.532656 0.283938 0.797188 -0.366906 0.283938 0.885844 -0.187031 0.283938 0.940406 0 0.325344 0.945531 -0.156656 0 -0.987625 -0.308531 0 -0.951156 -0.454406 0 -0.89075 -0.587563 0 -0.809125 -0.809125 0 -0.587563 -0.89075 0 -0.454406 -0.951156 0 -0.308531 -0.987625 0 -0.156656 -0.987625 0 0.156656 -0.951156 0 0.308531 -0.89075 0 0.454406 -0.809125 0 0.587563 -0.587563 0 0.809125 -0.454406 0 0.89075 -0.308531 0 0.951156 -0.156656 0 0.987625 0.0468125 0.970719 0.235375 0.0918125 0.970719 0.221687 3.125e-05 0.999969 6.25e-05 0.133344 0.970719 0.199563 3.125e-05 0.999969 3.125e-05 0.169656 0.970719 0.169656 0.199563 0.970719 0.133344 6.25e-05 0.999969 3.125e-05 0.221687 0.970719 0.0918125 0.235375 0.970719 0.0468125 9.375e-05 0.999969 -0 3.125e-05 0.999969 -0 0.239969 0.970719 -0 0.235375 0.970719 -0.0468125 6.25e-05 0.999969 -0 0.221687 0.970719 -0.0918125 6.25e-05 0.999969 -3.125e-05 0.199563 0.970719 -0.133344 0.169656 0.970719 -0.169656 0.133344 0.970719 -0.199563 6.25e-05 0.999969 -9.375e-05 0.0918125 0.970719 -0.221687 0 0.999969 -6.25e-05 0.0468125 0.970719 -0.235375 0 0.999969 -9.375e-05 0 0.971 -0.238937 0.0737187 0.92575 0.370813 0 0.915344 0.402531 0.144688 0.92575 0.349313 0.210063 0.92575 0.314375 0.267344 0.92575 0.267344 0.314375 0.92575 0.210063 0.349313 0.92575 0.144688 0.370813 0.92575 0.0737187 0.378062 0.92575 -0 0.370813 0.92575 -0.0737187 0.349313 0.92575 -0.144688 0.314375 0.92575 -0.210063 0.267344 0.92575 -0.267344 0.210063 0.92575 -0.314375 0.144688 0.92575 -0.349313 0.0737187 0.92575 -0.370813 0 0.935781 -0.352406 0.103375 0.848 0.519719 0 0.847 0.531469 0.202719 0.848063 0.4895 0.294375 0.848 0.440562 0.374656 0.848063 0.374656 0.440562 0.848 0.294375 0.4895 0.848063 0.202719 0.519719 0.848 0.103375 0.529844 0.848063 -0 0.519719 0.848 -0.103375 0.4895 0.848063 -0.202719 0.440562 0.848 -0.294375 0.374656 0.848063 -0.374656 0.294375 0.848 -0.440562 0.202719 0.848063 -0.4895 0.103375 0.848 -0.519719 0 0.744875 0.667188 0.134781 0.722844 0.677625 0.264406 0.722875 0.638313 0.383812 0.722844 0.5745 0.488531 0.722875 0.488531 0.5745 0.722844 0.383812 0.638313 0.722875 0.264406 0.677625 0.722844 0.134781 0.690875 0.722875 -0 0.677625 0.722844 -0.134781 0.638313 0.722875 -0.264406 0.5745 0.722844 -0.383812 0.488531 0.722875 -0.488531 0.383812 0.722844 -0.5745 0.264406 0.722875 -0.638313 0.134781 0.722844 -0.677625 0 0.794937 -0.606625 0.16475 0.535156 0.828469 0 0.325406 0.945531 0.323219 0.535156 0.780438 0.469281 0.535156 0.702344 0.597313 0.535156 0.597313 0.702344 0.535156 0.469281 0.780438 0.535156 0.323219 0.828469 0.535156 0.16475 0.844719 0.535156 -0 0.828469 0.535156 -0.16475 0.780438 0.535156 -0.323219 0.702344 0.535156 -0.469281 0.597313 0.535156 -0.597313 0.469281 0.535156 -0.702344 0.323219 0.535156 -0.780438 0.16475 0.535156 -0.828469 0.187031 0.283906 0.940406 0 0.000125 0.999969 0.366906 0.283938 0.885844 0.532656 0.283906 0.797219 0.677969 0.283938 0.677969 0.797219 0.283906 0.532656 0.885844 0.283938 0.366906 0.940406 0.283906 0.187031 0.958781 0.283938 -0 0.940406 0.283906 -0.187031 0.885844 0.283938 -0.366906 0.797219 0.283906 -0.532656 0.677969 0.283938 -0.677969 0.532656 0.283906 -0.797219 0.366906 0.283938 -0.885844 0.187031 0.283906 -0.940406 0.041375 0.000125 0.999125 0.160688 0.000125 0.986969 0.277156 0.000125 0.960813 0.353281 0.000125 0.9355 0.498563 0.000125 0.866813 0.629781 0.000125 0.776688 0.718813 0.000125 0.695156 0.797063 0.000125 0.603844 0.842531 0.000125 0.538531 0.900906 0.000125 0.433969 0.946719 0.000125 0.321969 0.969375 0.000125 0.245375 0.990531 0.000125 0.136906 0.999656 0.000125 0.026 0.999625 0 -0.0261875 0.997719 0 -0.0674063 0.9825 0 -0.186062 0.953313 0 -0.301969 0.925906 3.125e-05 -0.377656 0.853688 3.125e-05 -0.520719 0.760188 3.125e-05 -0.649688 0.676188 6.25e-05 -0.736656 0.583188 6.25e-05 -0.812281 0.516719 6.25e-05 -0.856094 0.373188 9.375e-05 -0.927719 0.220406 9.375e-05 -0.975344 0.111406 0.000125 -0.993719 0 0.165688 -0.986125 0 0.000125 -0.999969 0.772344 9.375e-05 0.635094 0.772344 0.000125 0.635094 0.763656 -0.262906 0.589594 0.764344 -0.252531 0.593188 0.745188 -0.462 0.480781 0.750969 -0.41075 0.516937 0.736625 -0.528125 0.42225 0.723437 -0.615313 0.312969 0.72675 -0.594938 0.34325 0.712875 -0.676313 0.185281 0.708 -0.702219 0.0744063 0.708063 -0.702125 0.0752188 0.708 -0.702156 -0.0745938 0.708 -0.702219 -0.0744063 0.710625 -0.68825 -0.1455 0.719031 -0.641781 -0.266594 0.720438 -0.633531 -0.282063 0.735 -0.539937 -0.410031 0.739156 -0.509531 -0.440313 0.753906 -0.382094 -0.534375 0.757031 -0.3485 -0.552594 0.76725 -0.201813 -0.608688 0.769625 -0.147813 -0.621063 0.772344 0.000125 -0.635094 0.772344 9.375e-05 -0.635094 0.769313 0.156 0.619438 0.762469 0.280469 0.583 0.755531 0.365063 0.543906 0.747906 0.438844 0.497969 0.736531 0.528844 0.421531 0.730656 0.569719 0.376188 0.717219 0.652125 0.2455 0.716125 0.658281 0.231906 0.708125 0.701469 0.07975 0.707563 0.704406 0.054875 0.709063 0.696563 -0.109156 0.710375 0.689625 -0.140344 0.714938 0.664813 -0.216281 0.724688 0.607875 -0.324375 0.726875 0.593969 -0.344563 0.738563 0.514219 -0.435906 0.742188 0.48625 -0.461094 0.75325 0.388438 -0.530688 0.756813 0.350688 -0.5515 0.767031 0.206594 -0.607406 0.768 0.186781 -0.612531 0 -0.580063 0.814531 0 -0.308969 0.951031 0 -0.878656 0.477406 0 -0.951031 0.308969 0 -0.987688 -0.156406 0 -0.725469 -0.688156 0 -0.809 -0.587781 0 -0.394031 -0.919031 0 -0.453969 -0.890969 0 0.95475 -0.297344 0 0.980781 -0.194969 0 0.924438 -0.381219 0 0.805938 -0.591969 0 0.838969 -0.544125 0 0.68 -0.733156 0 0.640375 -0.768 0 0.449531 -0.893219 0 0.357188 -0.934 0 0.234719 -0.972 0 0.13925 -0.990219 0 -0.125188 -0.992094 0 -0.253938 -0.967219 0 -0.411438 -0.911406 0 -0.492438 -0.870313 0 -0.636187 -0.771469 0 -0.721 -0.692906 0 -0.837344 -0.546531 0 -0.973156 -0.230062 0 -0.870969 -0.491313 0 -0.965875 -0.258938 0 -0.991063 -0.133219 0 -0.991063 0.133219 0 -0.95475 0.297344 0 -0.840594 0.541562 0 -0.838969 0.544125 0 -0.703 0.711125 0 -0.68 0.733156 0 -0.532125 0.846594 0 -0.332875 0.942906 0 -0.35725 0.934 0 -0.13925 0.990219 0 0.125188 0.992094 0 0.355938 0.934469 0 0.411438 0.911406 0 0.636187 0.771469 0 0.571813 0.820312 0 0.76725 0.641281 0 0.837344 0.546562 0 0.973156 0.230094 0 0.913063 0.40775 0 0.98975 0.142687 -0.662844 0.707094 0.246063 -0.619 0.707094 0.341781 -0.535781 0.707094 0.461344 -0.43775 0.707094 0.55525 -0.294688 0.707094 0.64275 -0.186906 0.707094 0.681938 0 0.707094 0.707094 0 0.707094 -0.707094 -0.246063 0.707094 -0.662844 -0.341781 0.707094 -0.619 -0.461344 0.707094 -0.535781 -0.55525 0.707094 -0.43775 -0.64275 0.707094 -0.294688 -0.681938 0.707094 -0.186906 0.662844 0.707094 -0.246063 0.619 0.707094 -0.341781 0.535781 0.707094 -0.461344 0.43775 0.707094 -0.55525 0.294688 0.707094 -0.64275 0.186906 0.707094 -0.681938 0.246063 0.707094 0.662844 0.341781 0.707094 0.619 0.461344 0.707094 0.535781 0.55525 0.707094 0.43775 0.64275 0.707094 0.294688 0.681938 0.707094 0.186906 0.9835 0 0.180656 0.983469 0 0.180969 0.986063 0 0.166313 0.985344 0 0.170406 0.990969 0 0.133781 0.99 0 0.140781 0.995 0 0.0997187 0.995 0 0.0992813 0.999094 0 0.0419688 0.998469 0 0.0542188 0.999094 0 -0.0419688 0.998469 0 -0.0542188 0.995 0 -0.0997187 0.995 0 -0.0992813 0.990969 0 -0.133781 0.99 0 -0.14075 0.985344 0 -0.170406 0.986063 0 -0.166313 0.983469 0 -0.180969 0.9835 0 -0.180656 -0.940531 0 0.339656 -0.937469 0 0.347969 -0.769188 0 0.638969 -0.757719 0 0.652469 -0.416813 0 0.908938 -0.424844 0 0.90525 -0.339656 0 -0.940531 -0.347969 0 -0.937469 -0.638969 0 -0.769188 -0.652469 0 -0.757719 -0.908938 0 -0.416813 -0.90525 0 -0.424844 0.940531 0 -0.339656 0.937469 0 -0.347969 0.769188 0 -0.638969 0.757719 0 -0.652469 0.416813 0 -0.908938 0.424844 0 -0.90525 0.339656 0 0.940531 0.347969 0 0.937469 0.638969 0 0.769188 0.652469 0 0.757719 0.908938 0 0.416813 0.90525 0 0.424844 -0.264313 0 0.964406 -0.619125 0 0.78525 -0.875406 0 0.483375 -0.933219 0 0.359188 -0.999125 0 0.0416562 -0.964406 0 -0.264313 -0.78525 0 -0.619125 -0.483375 0 -0.875406 -0.359188 0 -0.933219 -0.0416562 0 -0.999125 0.264313 0 -0.964406 0.619125 0 -0.78525 0.875406 0 -0.483375 0.933219 0 -0.359188 0.999125 0 -0.0416562 0.964406 0 0.264313 0.78525 0 0.619125 0.483375 0 0.875406 0.359188 0 0.933219 0.0416562 0 0.999125</float_array>
					<technique_common>
						<accessor count="1223" source="#ID8" stride="3">
							<param name="X" type="float"/>
							<param name="Y" type="float"/>
							<param name="Z" type="float"/>
						</accessor>
					</technique_common>
				</source>
				<source id="ID9">
					<float_array id="ID10" count="2" digits="2490374">0 1</float_array>
					<technique_common>
						<accessor count="1" source="#ID10" stride="2">
							<param name="S" type="float"/>
							<param name="T" type="float"/>
						</accessor>
					</technique_common>
				</source>
				<vertices id="ID11">
					<input semantic="POSITION" source="#ID5"/>
				</vertices>
				<polylist count="1990">
					<input offset="0" semantic="VERTEX" source="#ID11" set="0"/>
					<input offset="1" semantic="NORMAL" source="#ID7" set="0"/>
					<input offset="2" semantic="TEXCOORD" source="#ID9" set="0"/>
					<vcount>3 3 3 3 3 3 3 3 3 3 3 3 3 3 3 3 3 3 3 3 3 3 3 3 3 3 3 3 3 3 3 3 3 3 3 3 3 3 3 3 3 3 3 3 3 3 3 3 3 3 3 3 3 3 3 3 3 3 3 3 3 3 3 3 3 3 3 3 3 3 3 3 3 3 3 3 3 3 3 3 3 3 3 3 3 3 3 3 3 3 3 3 3 3 3 3 3 3 3 3 3 3 3 3 3 3 3 3 3 3 3 3 3 3 3 3 3 3 3 3 3 3 3 3 3 3 3 3 3 3 3 3 3 3 3 3 3 3 3 3 3 3 3 3 3 3 3 3 3 3 3 3 3 3 3 3 3 3 3 3 3 3 3 3 3 3 3 3 3 3 3 3 3 3 3 3 3 3 3 3 3 3 3 3 3 3 3 3 3 3 3 3 3 3 3 3 3 3 3 3 3 3 3 3 3 3 3 3 3 3 3 3 3 3 3 3 3 3 3 3 3 3 3 3 3 3 3 3 3 3 3 3 3 3 3 3 3 3 3 3 3 3 3 3 3 3 3 3 3 3 3 3 3 3 3 3 3 3 3 3 3 3 3 3 3 3 3 3 3 3 3 3 3 3 3 3 3 3 3 3 3 3 3 3 3 3 3 3 3 3 3 3 3 3 3 3 3 3 3 3 3 3 3 3 3 3 3 3 3 3 3 3 3 3 3 3 3 3 3 3 3 3 3 3 3 3 3 3 3 3 3 3 3 3 3 3 3 3 3 3 3 3 3 3 3 3 3 3 3 3 3 3 3 3 3 3 3 3 3 3 3 3 3 3 3 3 3 3 3 3 3 3 3 3 3 3 3 3 3 3 3 3 3 3 3 3 3 3 3 3 3 3 3 3 3 3 3 3 3 3 3 3 3 3 3 3 3 3 3 3 3 3 3 3 3 3 3 3 3 3 3 3 3 3 3 3 3 3 3 3 3 3 3 3 3 3 3 3 3 3 3 3 3 3 3 3 3 3 3 3 3 3 3 3 3 3 3 3 3 3 3 3 3 3 3 3 3 3 3 3 3 3 3 3 3 3 3 3 3 3 3 3 3 3 3 3 3 3 3 3 3 3 3 3 3 3 3 3 3 3 3 3 3 3 3 3 3 3 3 3 3 3 3 3 3 3 3 3 3 3 3 3 3 3 3 3 3 3 3 3 3 3 3 3 3 3 3 3 3 3 3 3 3 3 3 3 3 3 3 3 3 3 3 3 3 3 3 3 3 3 3 3 3 3 3 3 3 3 3 3 3 3 3 3 3 3 3 3 3 3 3 3 3 3 3 3 3 3 3 3 3 3 3 3 3 3 3 3 3 3 3 3 3 3 3 3 3 3 3 3 3 3 3 3 3 3 3 3 3 3 3 3 3 3 3 3 3 3 3 3 3 3 3 3 3 3 3 3 3 3 3 3 3 3 3 3 3 3 3 3 3 3 3 3 3 3 3 3 3 3 3 3 3 3 3 3 3 3 3 3 3 3 3 3 3 3 3 3 3 3 3 3 3 3 3 3 3 3 3 3 3 3 3 3 3 3 3 3 3 3 3 3 3 3 3 3 3 3 3 3 3 3 3 3 3 3 3 3 3 3 3 3 3 3 3 3 3 3 3 3 3 3 3 3 3 3 3 3 3 3 3 3 3 3 3 3 3 3 3 3 3 3 3 3 3 3 3 3 3 3 3 3 3 3 3 3 3 3 3 3 3 3 3 3 3 3 3 3 3 3 3 3 3 3 3 3 3 3 3 3 3 3 3 3 3 3 3 3 3 3 3 3 3 3 3 3 3 3 3 3 3 3 3 3 3 3 3 3 3 3 3 3 3 3 3 3 3 3 3 3 3 3 3 3 3 3 3 3 3 3 3 3 3 3 3 3 3 3 3 3 3 3 3 3 3 3 3 3 3 3 3 3 3 3 3 3 3 3 3 3 3 3 3 3 3 3 3 3 3 3 3 3 3 3 3 3 3 3 3 3 3 3 3 3 3 3 3 3 3 3 3 3 3 3 3 3 3 3 3 3 3 3 3 3 3 3 3 3 3 3 3 3 3 3 3 3 3 3 3 3 3 3 3 3 3 3 3 3 3 3 3 3 3 3 3 3 3 3 3 3 3 3 3 3 3 3 3 3 3 3 3 3 3 3 3 3 3 3 3 3 3 3 3 3 3 3 3 3 3 3 3 3 3 3 3 3 3 3 3 3 3 3 3 3 3 3 3 3 3 3 3 3 3 3 3 3 3 3 3 3 3 3 3 3 3 3 3 3 3 3 3 3 3 3 3 3 3 3 3 3 3 3 3 3 3 3 3 3 3 3 3 3 3 3 3 3 3 3 3 3 3 3 3 3 3 3 3 3 3 3 3 3 3 3 3 3 3 3 3 3 3 3 3 3 3 3 3 3 3 3 3 3 3 3 3 3 3 3 3 3 3 3 3 3 3 3 3 3 3 3 3 3 3 3 3 3 3 3 3 3 3 3 3 3 3 3 3 3 3 3 3 3 3 3 3 3 3 3 3 3 3 3 3 3 3 3 3 3 3 3 3 3 3 3 3 3 3 3 3 3 3 3 3 3 3 3 3 3 3 3 3 3 3 3 3 3 3 3 3 3 3 3 3 3 3 3 3 3 3 3 3 3 3 3 3 3 3 3 3 3 3 3 3 3 3 3 3 3 3 3 3 3 3 3 3 3 3 3 3 3 3 3 3 3 3 3 3 3 3 3 3 3 3 3 3 3 3 3 3 3 3 3 3 3 3 3 3 3 3 3 3 3 3 3 3 3 3 3 3 3 3 3 3 3 3 3 3 3 3 3 3 3 3 3 3 3 3 3 3 3 3 3 3 3 3 3 3 3 3 3 3 3 3 3 3 3 3 3 3 3 3 3 3 3 3 3 3 3 3 3 3 3 3 3 3 3 3 3 3 3 3 3 3 3 3 3 3 3 3 3 3 3 3 3 3 3 3 3 3 3 3 3 3 3 3 3 3 3 3 3 3 3 3 3 3 3 3 3 3 3 3 3 3 3 3 3 3 3 3 3 3 3 3 3 3 3 3 3 3 3 3 3 3 3 3 3 3 3 3 3 3 3 3 3 3 3 3 3 3 3 3 3 3 3 3 3 3 3 3 3 3 3 3 3 3 3 3 3 3 3 3 3 3 3 3 3 3 3 3 3 3 3 3 3 3 3 3 3 3 3 3 3 3 3 3 3 3 3 3 3 3 3 3 3 3 3 3 3 3 3 3 3 3 3 3 3 3 3 3 3 3 3 3 3 3 3 3 3 3 3 3 3 3 3 3 3 3 3 3 3 3 3 3 3 3 3 3 3 3 3 3 3 3 3 3 3 3 3 3 3 3 3 3 3 3 3 3 3 3 3 3 3 3 3 3 3 3 3 3 3 3 3 3 3 3 3 3 3 3 3 3 3 3 3 3 3 3 3 3 3 3 3 3 3 3 3 3 3 3 3 3 3 3 3 3 3 3 3 3 3 3 3 3 3 3 3 3 3 3 3 3 3 3 3 3 3 3 3 3 3 3 3 3 3 3 3 3 3 3 3 3 3 3 3 3 3 3 3 3 3 3 3 3 3 3 3 3 3 3 3 3 3 3 3 3 3 3 3 3 3 3 3 3 3 3 3 3 3 3 3 3 3 3 3 3 3 3 3 3 3 3 3 3 3 3 3 3 3 3 3 3 3 3 3 3 3 3 3 3 3 3 3 3 3 3 3 3 3 3 3 3 3 3 3 3 3 3 3 3 3 3 3 3 3 3 3 3 3 3 3 3 3 3 3 3 3 3 3 3 3 3 3 3 3 3 3 3 3 3 3 3 3 3 3 3 3 3 3 3 3 3 3 3 3 3 3 3 3 3 3 3 3 3 3 3 3 3 3 3 3 3 3 3 3 3 3 3 3 3 3 3 3 3 3 3 3 3 3 3 3 3 3 3 3 3 3 3 3 3 3 3 3 3 3 3 3 3 3 3 3 3 3 3 3 3 3 3 3 3 3 3 3 3 3 3 3 3 3 3 3 3 3 3 3 3 3 3 3 3 3 3 3 3 3 3 3 3 3 3 3 3 3 3 3 3 3 3 3 3 3 3 3 3 3 3 3 3 3 3 3 3 3 3 3 3 3 3 3 3 3 3 3 3 3 3 3 3 3 3 3 3 3 3 3 3 3 3 3 3 3 3 3 3 3 3 3 3 3 3 3 3 3 3 3 3 3 3 3 3 3 3 3 3 3 3 3 3 3 3 3 3 3 3 3 3 3 3 3 3 3 3 3 3 3 3 3 3 3 3 3 3 3 3 3 3 3 3 3 3 3 3 3 3 3 3 3 3 3 3 3 3 3 3 3 3 3 3 3 3 3 3 3 3 3 3 3 3 3 3 3 3 3 3 3 3 3 3 3 3 3 3 3 3 3 3 3 3 3 3 3 3 3 3 3 3 3 3 3 3 3</vcount>
					<p>2 1 0 0 0 0 1 0 0 2 1 0 177 2 0 0 0 0 177 2 0 2 1 0 3 3 0 177 2 0 3 3 0 26 4 0 3 3 0 179 5 0 26 4 0 4 6 0 179 5 0 3 3 0 179 5 0 4 6 0 180 7 0 4 6 0 97 8 0 180 7 0 97 8 0 181 9 0 180 7 0 96 10 0 181 9 0 97 8 0 181 9 0 96 10 0 22 11 0 96 10 0 7 12 0 22 11 0 7 12 0 21 13 0 22 11 0 8 14 0 21 13 0 7 12 0 21 13 0 8 14 0 20 15 0 8 14 0 9 16 0 20 15 0 9 16 0 185 17 0 20 15 0 92 18 0 185 17 0 9 16 0 185 17 0 92 18 0 186 19 0 92 18 0 91 20 0 186 19 0 91 20 0 17 21 0 186 19 0 12 22 0 17 21 0 91 20 0 17 21 0 12 22 0 188 23 0 12 22 0 89 24 0 188 23 0 152 25 0 188 23 0 89 24 0 189 26 0 188 23 0 152 25 0 30 28 0 341 27 0 129 27 0 30 28 0 85 29 0 341 27 0 85 29 0 30 28 0 127 30 0 85 29 0 127 30 0 297 31 0 127 30 0 83 32 0 297 31 0 32 33 0 83 32 0 127 30 0 32 33 0 299 34 0 83 32 0 33 35 0 299 34 0 32 33 0 299 34 0 33 35 0 81 36 0 34 37 0 81 36 0 33 35 0 34 37 0 301 38 0 81 36 0 35 39 0 301 38 0 34 37 0 301 38 0 35 39 0 302 40 0 122 41 0 302 40 0 35 39 0 122 41 0 303 42 0 302 40 0 37 43 0 303 42 0 122 41 0 303 42 0 37 43 0 77 44 0 38 45 0 77 44 0 37 43 0 38 45 0 305 46 0 77 44 0 119 47 0 305 46 0 38 45 0 305 46 0 119 47 0 75 48 0 40 49 0 75 48 0 119 47 0 40 49 0 307 50 0 75 48 0 41 51 0 307 50 0 40 49 0 307 50 0 41 51 0 308 52 0 42 53 0 308 52 0 41 51 0 42 53 0 72 54 0 308 52 0 115 55 0 72 54 0 42 53 0 72 54 0 115 55 0 310 56 0 44 57 0 310 56 0 115 55 0 44 57 0 311 58 0 310 56 0 45 59 0 311 58 0 44 57 0 311 58 0 45 59 0 312 60 0 46 61 0 312 60 0 45 59 0 46 61 0 313 62 0 312 60 0 47 63 0 313 62 0 46 61 0 313 62 0 47 63 0 314 64 0 48 65 0 314 64 0 47 63 0 48 65 0 66 66 0 314 64 0 49 67 0 66 66 0 48 65 0 66 66 0 49 67 0 65 68 0 50 69 0 65 68 0 49 67 0 50 69 0 317 70 0 65 68 0 51 71 0 317 70 0 50 69 0 317 70 0 51 71 0 318 72 0 52 73 0 318 72 0 51 71 0 52 73 0 62 74 0 318 72 0 105 75 0 62 74 0 52 73 0 62 74 0 105 75 0 61 76 0 104 77 0 61 76 0 105 75 0 103 78 0 61 76 0 104 77 0 103 78 0 60 79 0 61 76 0 60 79 0 103 78 0 59 80 0 103 78 0 102 81 0 59 80 0 1 0 0 59 80 0 102 81 0 0 0 0 59 80 0 1 0 0 143 82 0 325 82 0 360 82 0 41 82 0 40 82 0 42 82 0 42 82 0 40 82 0 115 82 0 115 82 0 40 82 0 119 82 0 115 82 0 119 82 0 44 82 0 44 82 0 119 82 0 38 82 0 44 82 0 38 82 0 45 82 0 45 82 0 38 82 0 37 82 0 45 82 0 37 82 0 46 82 0 46 82 0 37 82 0 122 82 0 46 82 0 122 82 0 47 82 0 47 82 0 122 82 0 35 82 0 47 82 0 35 82 0 48 82 0 48 82 0 35 82 0 34 82 0 48 82 0 34 82 0 49 82 0 49 82 0 34 82 0 33 82 0 49 82 0 33 82 0 50 82 0 50 82 0 33 82 0 32 82 0 50 82 0 32 82 0 51 82 0 51 82 0 32 82 0 127 82 0 51 82 0 127 82 0 52 82 0 52 82 0 127 82 0 30 82 0 52 82 0 30 82 0 105 82 0 105 82 0 30 82 0 129 82 0 105 82 0 129 82 0 104 82 0 104 82 0 129 82 0 339 82 0 104 82 0 339 82 0 131 82 0 104 82 0 131 82 0 103 82 0 103 82 0 131 82 0 102 82 0 102 82 0 131 82 0 337 82 0 102 82 0 337 82 0 1 82 0 1 82 0 337 82 0 133 82 0 1 82 0 133 82 0 2 82 0 2 82 0 133 82 0 134 82 0 2 82 0 134 82 0 3 82 0 3 82 0 134 82 0 334 82 0 3 82 0 334 82 0 136 82 0 3 82 0 136 82 0 4 82 0 4 82 0 136 82 0 137 82 0 4 82 0 137 82 0 138 82 0 4 82 0 138 82 0 97 82 0 97 82 0 138 82 0 96 82 0 96 82 0 138 82 0 139 82 0 96 82 0 139 82 0 7 82 0 7 82 0 139 82 0 329 82 0 7 82 0 329 82 0 328 82 0 7 82 0 328 82 0 8 82 0 8 82 0 328 82 0 142 82 0 8 82 0 142 82 0 9 82 0 9 82 0 142 82 0 143 82 0 9 82 0 143 82 0 92 82 0 92 82 0 143 82 0 360 82 0 92 82 0 360 82 0 146 82 0 92 82 0 146 82 0 91 82 0 91 82 0 146 82 0 152 82 0 91 82 0 152 82 0 89 82 0 91 82 0 89 82 0 12 82 0 146 83 0 149 83 0 152 83 0 152 83 0 149 83 0 189 83 0 189 83 0 149 83 0 190 83 0 0 84 0 177 85 0 175 84 0 175 84 0 177 85 0 174 86 0 26 87 0 174 86 0 177 85 0 174 86 0 26 87 0 388 88 0 388 88 0 26 87 0 179 89 0 172 90 0 388 88 0 179 89 0 180 91 0 172 90 0 179 89 0 172 90 0 180 91 0 181 92 0 172 90 0 181 92 0 171 93 0 22 94 0 171 93 0 181 92 0 171 93 0 22 94 0 391 95 0 391 95 0 22 94 0 21 96 0 392 97 0 391 95 0 21 96 0 20 98 0 392 97 0 21 96 0 392 97 0 20 98 0 185 99 0 392 97 0 185 99 0 168 100 0 186 101 0 168 100 0 185 99 0 168 100 0 186 101 0 394 102 0 394 102 0 186 101 0 17 103 0 395 104 0 394 102 0 17 103 0 188 105 0 395 104 0 17 103 0 395 104 0 188 105 0 165 106 0 165 106 0 188 105 0 190 107 0 190 107 0 188 105 0 189 107 0 165 106 0 190 107 0 191 108 0 165 106 0 191 108 0 192 109 0 165 106 0 192 109 0 382 106 0 197 110 0 198 111 0 196 110 0 382 106 0 381 112 0 165 106 0 165 106 0 381 112 0 164 113 0 164 113 0 381 112 0 195 114 0 164 113 0 195 114 0 196 110 0 164 113 0 196 110 0 198 111 0 199 115 0 164 113 0 198 111 0 199 115 0 163 116 0 164 113 0 163 116 0 199 115 0 200 117 0 162 118 0 163 116 0 200 117 0 201 119 0 162 118 0 200 117 0 579 120 0 162 118 0 201 119 0 580 122 0 201 119 0 350 121 0 201 119 0 580 122 0 579 120 0 580 122 0 350 121 0 581 123 0 581 123 0 350 121 0 434 124 0 434 124 0 350 121 0 224 125 0 224 125 0 350 121 0 436 126 0 436 126 0 350 121 0 203 127 0 436 126 0 203 127 0 437 128 0 578 130 0 161 129 0 162 118 0 162 118 0 579 120 0 578 130 0 161 129 0 578 130 0 230 131 0 161 129 0 230 131 0 231 132 0 161 129 0 231 132 0 575 133 0 161 129 0 575 133 0 574 134 0 234 135 0 161 129 0 574 134 0 348 136 0 437 128 0 203 127 0 437 128 0 348 136 0 221 137 0 221 137 0 348 136 0 439 138 0 439 138 0 348 136 0 205 139 0 439 138 0 205 139 0 219 140 0 219 140 0 205 139 0 441 141 0 161 129 0 234 135 0 160 142 0 160 142 0 234 135 0 572 143 0 160 142 0 572 143 0 236 144 0 570 145 0 160 142 0 236 144 0 346 146 0 441 141 0 205 139 0 441 141 0 346 146 0 217 147 0 217 147 0 346 146 0 216 148 0 160 142 0 570 145 0 402 149 0 402 149 0 570 145 0 403 150 0 403 150 0 570 145 0 238 151 0 239 152 0 403 150 0 238 151 0 345 153 0 216 148 0 346 146 0 216 148 0 345 153 0 444 154 0 444 154 0 345 153 0 344 155 0 444 154 0 344 155 0 214 156 0 403 150 0 239 152 0 157 157 0 157 157 0 239 152 0 567 158 0 566 159 0 157 157 0 567 158 0 343 160 0 214 156 0 344 155 0 214 156 0 343 160 0 213 161 0 213 161 0 343 160 0 210 162 0 213 161 0 210 162 0 447 83 0 447 83 0 210 162 0 341 83 0 566 159 0 156 163 0 157 157 0 156 163 0 566 159 0 406 83 0 406 83 0 566 159 0 264 83 0 341 83 0 85 164 0 447 83 0 447 83 0 85 164 0 448 165 0 449 166 0 448 165 0 85 164 0 264 83 0 635 167 0 406 83 0 406 83 0 635 167 0 262 168 0 262 168 0 635 167 0 634 169 0 262 168 0 634 169 0 261 170 0 297 171 0 449 166 0 85 164 0 449 166 0 297 171 0 83 172 0 449 166 0 83 172 0 450 173 0 450 173 0 83 172 0 299 174 0 81 175 0 450 173 0 299 174 0 633 176 0 261 170 0 634 169 0 261 170 0 633 176 0 409 177 0 633 176 0 632 178 0 409 177 0 450 173 0 81 175 0 451 179 0 451 179 0 81 175 0 452 180 0 452 180 0 81 175 0 301 181 0 302 182 0 452 180 0 301 181 0 631 183 0 409 177 0 632 178 0 409 177 0 631 183 0 410 184 0 410 184 0 631 183 0 270 185 0 258 186 0 410 184 0 270 185 0 452 180 0 302 182 0 288 187 0 288 187 0 302 182 0 287 188 0 287 188 0 302 182 0 303 189 0 287 188 0 303 189 0 455 190 0 77 191 0 455 190 0 303 189 0 629 192 0 258 186 0 270 185 0 258 186 0 629 192 0 272 193 0 258 186 0 272 193 0 627 194 0 258 186 0 627 194 0 412 195 0 627 194 0 626 196 0 412 195 0 275 197 0 412 195 0 626 196 0 412 195 0 275 197 0 624 198 0 412 195 0 624 198 0 413 199 0 413 199 0 624 198 0 277 200 0 413 199 0 277 200 0 278 201 0 413 199 0 278 201 0 279 202 0 413 199 0 279 202 0 280 203 0 455 190 0 77 191 0 285 204 0 285 204 0 77 191 0 457 205 0 457 205 0 77 191 0 305 206 0 457 205 0 305 206 0 458 207 0 458 207 0 305 206 0 459 208 0 459 208 0 305 206 0 281 209 0 281 209 0 305 206 0 280 203 0 280 203 0 305 206 0 413 199 0 75 210 0 413 199 0 305 206 0 75 210 0 414 211 0 413 199 0 414 211 0 75 210 0 307 212 0 414 211 0 307 212 0 415 213 0 308 214 0 415 213 0 307 212 0 415 213 0 308 214 0 416 215 0 416 215 0 308 214 0 72 216 0 310 217 0 416 215 0 72 216 0 416 215 0 310 217 0 252 218 0 252 218 0 310 217 0 311 219 0 312 220 0 252 218 0 311 219 0 312 220 0 418 221 0 252 218 0 418 221 0 312 220 0 313 222 0 418 221 0 313 222 0 419 223 0 314 224 0 419 223 0 313 222 0 419 223 0 314 224 0 249 225 0 249 225 0 314 224 0 66 226 0 65 227 0 249 225 0 66 226 0 65 227 0 248 228 0 249 225 0 248 228 0 65 227 0 317 229 0 248 228 0 317 229 0 422 230 0 318 231 0 422 230 0 317 229 0 422 230 0 318 231 0 423 232 0 423 232 0 318 231 0 62 233 0 61 234 0 423 232 0 62 233 0 61 234 0 245 235 0 423 232 0 245 235 0 61 234 0 60 236 0 245 235 0 60 236 0 244 237 0 59 238 0 244 237 0 60 236 0 244 237 0 59 238 0 175 84 0 175 84 0 59 238 0 0 84 0 325 241 0 198 240 0 197 239 0 143 242 0 198 240 0 325 241 0 198 240 0 143 242 0 142 243 0 198 240 0 142 243 0 199 244 0 142 243 0 200 245 0 199 244 0 328 246 0 200 245 0 142 243 0 328 246 0 201 247 0 200 245 0 329 248 0 201 247 0 328 246 0 201 247 0 329 248 0 350 249 0 329 248 0 139 250 0 350 249 0 138 251 0 350 249 0 139 250 0 138 251 0 203 252 0 350 249 0 203 252 0 138 251 0 348 253 0 138 251 0 137 254 0 348 253 0 136 255 0 348 253 0 137 254 0 136 255 0 205 256 0 348 253 0 205 256 0 136 255 0 334 257 0 205 256 0 334 257 0 346 258 0 334 257 0 134 259 0 346 258 0 133 260 0 346 258 0 134 259 0 346 258 0 133 260 0 345 261 0 133 260 0 337 262 0 345 261 0 337 262 0 344 263 0 345 261 0 131 264 0 344 263 0 337 262 0 344 263 0 131 264 0 343 265 0 339 266 0 343 265 0 131 264 0 339 266 0 210 267 0 343 265 0 129 27 0 210 267 0 339 266 0 341 27 0 210 267 0 129 27 0 360 84 0 325 84 0 359 84 0 359 84 0 325 84 0 196 84 0 196 84 0 325 84 0 197 84 0 359 106 0 377 106 0 360 106 0 360 106 0 377 106 0 146 106 0 146 106 0 377 106 0 366 106 0 146 106 0 366 106 0 367 106 0 146 106 0 367 106 0 368 106 0 146 106 0 368 106 0 149 106 0 196 84 0 195 268 0 359 84 0 359 84 0 195 268 0 377 269 0 381 270 0 377 269 0 195 268 0 381 270 0 366 271 0 377 269 0 366 271 0 381 270 0 382 82 0 366 271 0 382 82 0 367 272 0 382 82 0 192 273 0 367 272 0 367 272 0 192 273 0 368 274 0 191 275 0 368 274 0 192 273 0 368 274 0 191 275 0 149 83 0 149 83 0 191 275 0 190 83 0 415 276 0 416 276 0 414 276 0 414 276 0 416 276 0 413 276 0 413 276 0 416 276 0 252 276 0 413 276 0 252 276 0 412 276 0 412 276 0 252 276 0 418 276 0 412 276 0 418 276 0 258 276 0 258 276 0 418 276 0 419 276 0 258 276 0 419 276 0 410 276 0 410 276 0 419 276 0 249 276 0 410 276 0 249 276 0 409 276 0 409 276 0 249 276 0 248 276 0 409 276 0 248 276 0 261 276 0 261 276 0 248 276 0 422 276 0 261 276 0 422 276 0 262 276 0 262 276 0 422 276 0 423 276 0 262 276 0 423 276 0 406 276 0 406 276 0 423 276 0 245 276 0 406 276 0 245 276 0 156 276 0 156 276 0 245 276 0 244 276 0 156 276 0 244 276 0 157 276 0 157 276 0 244 276 0 175 276 0 157 276 0 175 276 0 403 276 0 403 276 0 175 276 0 174 276 0 403 276 0 174 276 0 402 276 0 402 276 0 174 276 0 388 276 0 402 276 0 388 276 0 160 276 0 160 276 0 388 276 0 172 276 0 160 276 0 172 276 0 161 276 0 161 276 0 172 276 0 171 276 0 161 276 0 171 276 0 162 276 0 162 276 0 171 276 0 391 276 0 162 276 0 391 276 0 163 276 0 163 276 0 391 276 0 392 276 0 163 276 0 392 276 0 164 276 0 164 276 0 392 276 0 168 276 0 164 276 0 168 276 0 165 276 0 165 276 0 168 276 0 394 276 0 165 276 0 394 276 0 395 276 0 796 279 0 617 278 0 616 277 0 796 279 0 564 280 0 617 278 0 564 280 0 796 279 0 563 281 0 795 282 0 563 281 0 796 279 0 563 281 0 795 282 0 562 283 0 474 284 0 562 283 0 795 282 0 562 283 0 474 284 0 561 285 0 793 286 0 561 285 0 474 284 0 561 285 0 793 286 0 560 287 0 476 288 0 560 287 0 793 286 0 560 287 0 476 288 0 559 289 0 477 290 0 559 289 0 476 288 0 559 289 0 477 290 0 558 291 0 558 291 0 477 290 0 478 292 0 558 291 0 478 292 0 789 293 0 788 294 0 558 291 0 789 293 0 558 291 0 788 294 0 557 295 0 787 296 0 557 295 0 788 294 0 557 295 0 787 296 0 556 297 0 786 298 0 556 297 0 787 296 0 556 297 0 786 298 0 555 299 0 785 300 0 555 299 0 786 298 0 555 299 0 785 300 0 554 301 0 484 302 0 554 301 0 785 300 0 554 301 0 484 302 0 553 303 0 485 304 0 553 303 0 484 302 0 553 303 0 485 304 0 552 305 0 486 306 0 552 305 0 485 304 0 552 305 0 486 306 0 551 307 0 781 308 0 551 307 0 486 306 0 551 307 0 781 308 0 550 309 0 780 310 0 550 309 0 781 308 0 550 309 0 780 310 0 549 311 0 779 312 0 549 311 0 780 310 0 549 311 0 779 312 0 548 313 0 778 314 0 548 313 0 779 312 0 548 313 0 778 314 0 547 315 0 547 315 0 778 314 0 491 316 0 776 317 0 547 315 0 491 316 0 547 315 0 776 317 0 546 318 0 546 318 0 776 317 0 775 319 0 494 320 0 546 318 0 775 319 0 546 318 0 494 320 0 545 321 0 773 322 0 545 321 0 494 320 0 545 321 0 773 322 0 544 323 0 496 324 0 544 323 0 773 322 0 544 323 0 496 324 0 543 325 0 771 326 0 543 325 0 496 324 0 429 328 0 543 325 0 588 327 0 543 325 0 771 326 0 588 327 0 771 326 0 427 329 0 588 327 0 617 278 0 564 280 0 618 330 0 618 330 0 564 280 0 619 331 0 619 331 0 564 280 0 542 332 0 564 280 0 563 281 0 542 332 0 542 332 0 563 281 0 541 333 0 563 281 0 562 283 0 541 333 0 541 333 0 562 283 0 540 334 0 562 283 0 561 285 0 540 334 0 540 334 0 561 285 0 539 335 0 561 285 0 560 287 0 539 335 0 539 335 0 560 287 0 538 336 0 560 287 0 559 289 0 538 336 0 538 336 0 559 289 0 537 337 0 559 289 0 558 291 0 537 337 0 537 337 0 558 291 0 536 338 0 558 291 0 557 295 0 536 338 0 536 338 0 557 295 0 535 339 0 557 295 0 556 297 0 535 339 0 535 339 0 556 297 0 534 340 0 556 297 0 555 299 0 534 340 0 534 340 0 555 299 0 533 341 0 555 299 0 554 301 0 533 341 0 533 341 0 554 301 0 532 342 0 554 301 0 553 303 0 532 342 0 532 342 0 553 303 0 531 343 0 553 303 0 552 305 0 531 343 0 531 343 0 552 305 0 530 344 0 552 305 0 551 307 0 530 344 0 530 344 0 551 307 0 529 345 0 551 307 0 550 309 0 529 345 0 529 345 0 550 309 0 528 346 0 550 309 0 549 311 0 528 346 0 528 346 0 549 311 0 527 347 0 549 311 0 548 313 0 527 347 0 527 347 0 548 313 0 526 348 0 548 313 0 547 315 0 526 348 0 526 348 0 547 315 0 525 349 0 547 315 0 546 318 0 525 349 0 525 349 0 546 318 0 524 350 0 546 318 0 545 321 0 524 350 0 524 350 0 545 321 0 523 351 0 545 321 0 544 323 0 523 351 0 523 351 0 544 323 0 522 352 0 544 323 0 543 325 0 522 352 0 522 352 0 543 325 0 521 353 0 429 328 0 521 353 0 543 325 0 431 355 0 521 353 0 586 354 0 521 353 0 429 328 0 586 354 0 619 331 0 542 332 0 467 356 0 467 356 0 542 332 0 621 357 0 621 357 0 542 332 0 520 358 0 542 332 0 541 333 0 520 358 0 520 358 0 541 333 0 519 359 0 541 333 0 540 334 0 519 359 0 519 359 0 540 334 0 518 360 0 540 334 0 539 335 0 518 360 0 518 360 0 539 335 0 517 361 0 539 335 0 538 336 0 517 361 0 517 361 0 538 336 0 516 362 0 538 336 0 537 337 0 516 362 0 516 362 0 537 337 0 515 363 0 537 337 0 536 338 0 515 363 0 515 363 0 536 338 0 514 364 0 536 338 0 535 339 0 514 364 0 514 364 0 535 339 0 513 365 0 535 339 0 534 340 0 513 365 0 513 365 0 534 340 0 512 366 0 534 340 0 533 341 0 512 366 0 512 366 0 533 341 0 511 367 0 533 341 0 532 342 0 511 367 0 511 367 0 532 342 0 510 368 0 532 342 0 531 343 0 510 368 0 510 368 0 531 343 0 509 369 0 531 343 0 530 344 0 509 369 0 509 369 0 530 344 0 508 370 0 530 344 0 529 345 0 508 370 0 508 370 0 529 345 0 507 371 0 529 345 0 528 346 0 507 371 0 507 371 0 528 346 0 506 372 0 528 346 0 527 347 0 506 372 0 506 372 0 527 347 0 505 373 0 527 347 0 526 348 0 505 373 0 505 373 0 526 348 0 504 374 0 526 348 0 525 349 0 504 374 0 504 374 0 525 349 0 503 375 0 525 349 0 524 350 0 503 375 0 503 375 0 524 350 0 502 376 0 524 350 0 523 351 0 502 376 0 502 376 0 523 351 0 501 377 0 523 351 0 522 352 0 501 377 0 501 377 0 522 352 0 500 378 0 522 352 0 521 353 0 500 378 0 500 378 0 521 353 0 499 379 0 431 355 0 499 379 0 521 353 0 433 381 0 499 379 0 432 380 0 499 379 0 431 355 0 432 380 0 621 357 0 520 358 0 622 382 0 622 382 0 520 358 0 277 200 0 277 200 0 520 358 0 278 383 0 278 383 0 520 358 0 279 384 0 520 358 0 519 359 0 279 384 0 279 384 0 519 359 0 280 385 0 519 359 0 518 360 0 280 385 0 280 385 0 518 360 0 281 386 0 518 360 0 517 361 0 281 386 0 281 386 0 517 361 0 459 387 0 459 387 0 517 361 0 458 388 0 517 361 0 516 362 0 458 388 0 458 388 0 516 362 0 457 389 0 457 389 0 516 362 0 285 390 0 516 362 0 515 363 0 285 390 0 285 390 0 515 363 0 455 391 0 515 363 0 514 364 0 455 391 0 455 391 0 514 364 0 287 392 0 514 364 0 513 365 0 287 392 0 287 392 0 513 365 0 288 393 0 288 393 0 513 365 0 452 394 0 513 365 0 512 366 0 452 394 0 452 394 0 512 366 0 451 395 0 512 366 0 511 367 0 451 395 0 451 395 0 511 367 0 450 396 0 511 367 0 510 368 0 450 396 0 450 396 0 510 368 0 449 166 0 510 368 0 509 369 0 449 166 0 449 166 0 509 369 0 448 397 0 509 369 0 508 370 0 448 397 0 448 397 0 508 370 0 447 83 0 508 370 0 507 371 0 447 83 0 447 83 0 507 371 0 213 398 0 507 371 0 506 372 0 213 398 0 213 398 0 506 372 0 214 399 0 506 372 0 505 373 0 214 399 0 214 399 0 505 373 0 444 400 0 444 400 0 505 373 0 216 401 0 505 373 0 504 374 0 216 401 0 216 401 0 504 374 0 217 402 0 504 374 0 503 375 0 217 402 0 217 402 0 503 375 0 441 403 0 441 403 0 503 375 0 219 404 0 503 375 0 502 376 0 219 404 0 219 404 0 502 376 0 439 138 0 502 376 0 501 377 0 439 138 0 439 138 0 501 377 0 221 137 0 221 137 0 501 377 0 437 128 0 501 377 0 500 378 0 437 128 0 437 128 0 500 378 0 436 126 0 436 126 0 500 378 0 224 125 0 500 378 0 499 379 0 224 125 0 433 381 0 224 125 0 499 379 0 433 381 0 434 124 0 224 125 0 427 329 0 590 405 0 588 327 0 588 327 0 590 405 0 699 406 0 768 407 0 699 406 0 590 405 0 699 406 0 768 407 0 698 408 0 698 408 0 768 407 0 767 409 0 766 410 0 698 408 0 767 409 0 698 408 0 766 410 0 697 411 0 765 412 0 697 411 0 766 410 0 697 411 0 765 412 0 696 413 0 764 414 0 696 413 0 765 412 0 696 413 0 764 414 0 695 415 0 763 416 0 695 415 0 764 414 0 695 415 0 763 416 0 694 417 0 694 417 0 763 416 0 762 418 0 598 419 0 694 417 0 762 418 0 694 417 0 598 419 0 693 420 0 760 421 0 693 420 0 598 419 0 693 420 0 760 421 0 692 422 0 600 423 0 692 422 0 760 421 0 692 422 0 600 423 0 691 424 0 601 425 0 691 424 0 600 423 0 691 424 0 601 425 0 690 426 0 757 427 0 690 426 0 601 425 0 690 426 0 757 427 0 689 428 0 603 429 0 689 428 0 757 427 0 689 428 0 603 429 0 688 430 0 604 431 0 688 430 0 603 429 0 688 430 0 604 431 0 687 432 0 687 432 0 604 431 0 754 433 0 753 434 0 687 432 0 754 433 0 687 432 0 753 434 0 686 435 0 607 436 0 686 435 0 753 434 0 686 435 0 607 436 0 685 437 0 751 438 0 685 437 0 607 436 0 685 437 0 751 438 0 684 439 0 684 439 0 751 438 0 609 440 0 749 441 0 684 439 0 609 440 0 684 439 0 749 441 0 683 442 0 748 443 0 683 442 0 749 441 0 683 442 0 748 443 0 682 444 0 747 445 0 682 444 0 748 443 0 682 444 0 747 445 0 681 446 0 746 447 0 681 446 0 747 445 0 681 446 0 746 447 0 680 448 0 680 448 0 746 447 0 745 449 0 615 450 0 680 448 0 745 449 0 680 448 0 615 450 0 679 451 0 616 277 0 679 451 0 615 450 0 618 330 0 679 451 0 617 278 0 679 451 0 616 277 0 617 278 0 588 327 0 699 406 0 429 328 0 429 328 0 699 406 0 586 354 0 586 354 0 699 406 0 678 452 0 699 406 0 698 408 0 678 452 0 678 452 0 698 408 0 677 453 0 698 408 0 697 411 0 677 453 0 677 453 0 697 411 0 676 454 0 697 411 0 696 413 0 676 454 0 676 454 0 696 413 0 675 455 0 696 413 0 695 415 0 675 455 0 675 455 0 695 415 0 674 456 0 695 415 0 694 417 0 674 456 0 674 456 0 694 417 0 673 457 0 694 417 0 693 420 0 673 457 0 673 457 0 693 420 0 672 458 0 693 420 0 692 422 0 672 458 0 672 458 0 692 422 0 671 459 0 692 422 0 691 424 0 671 459 0 671 459 0 691 424 0 670 460 0 691 424 0 690 426 0 670 460 0 670 460 0 690 426 0 669 461 0 690 426 0 689 428 0 669 461 0 669 461 0 689 428 0 668 462 0 689 428 0 688 430 0 668 462 0 668 462 0 688 430 0 667 463 0 688 430 0 687 432 0 667 463 0 667 463 0 687 432 0 666 464 0 687 432 0 686 435 0 666 464 0 666 464 0 686 435 0 665 465 0 686 435 0 685 437 0 665 465 0 665 465 0 685 437 0 664 466 0 685 437 0 684 439 0 664 466 0 664 466 0 684 439 0 663 467 0 684 439 0 683 442 0 663 467 0 663 467 0 683 442 0 662 468 0 683 442 0 682 444 0 662 468 0 662 468 0 682 444 0 661 469 0 682 444 0 681 446 0 661 469 0 661 469 0 681 446 0 660 470 0 681 446 0 680 448 0 660 470 0 660 470 0 680 448 0 659 471 0 680 448 0 679 451 0 659 471 0 659 471 0 679 451 0 658 472 0 618 330 0 658 472 0 679 451 0 467 474 0 658 472 0 619 473 0 658 472 0 618 330 0 619 473 0 586 354 0 678 452 0 431 355 0 431 355 0 678 452 0 432 380 0 432 380 0 678 452 0 657 475 0 678 452 0 677 453 0 657 475 0 657 475 0 677 453 0 656 476 0 677 453 0 676 454 0 656 476 0 656 476 0 676 454 0 655 477 0 676 454 0 675 455 0 655 477 0 655 477 0 675 455 0 654 478 0 675 455 0 674 456 0 654 478 0 654 478 0 674 456 0 653 479 0 674 456 0 673 457 0 653 479 0 653 479 0 673 457 0 652 480 0 673 457 0 672 458 0 652 480 0 652 480 0 672 458 0 651 481 0 672 458 0 671 459 0 651 481 0 651 481 0 671 459 0 650 482 0 671 459 0 670 460 0 650 482 0 650 482 0 670 460 0 649 483 0 670 460 0 669 461 0 649 483 0 649 483 0 669 461 0 648 484 0 669 461 0 668 462 0 648 484 0 648 484 0 668 462 0 647 485 0 668 462 0 667 463 0 647 485 0 647 485 0 667 463 0 646 486 0 667 463 0 666 464 0 646 486 0 646 486 0 666 464 0 645 487 0 666 464 0 665 465 0 645 487 0 645 487 0 665 465 0 644 488 0 665 465 0 664 466 0 644 488 0 644 488 0 664 466 0 643 489 0 664 466 0 663 467 0 643 489 0 643 489 0 663 467 0 642 490 0 663 467 0 662 468 0 642 490 0 642 490 0 662 468 0 641 491 0 662 468 0 661 469 0 641 491 0 641 491 0 661 469 0 640 492 0 661 469 0 660 470 0 640 492 0 640 492 0 660 470 0 639 493 0 660 470 0 659 471 0 639 493 0 639 493 0 659 471 0 638 494 0 659 471 0 658 472 0 638 494 0 638 494 0 658 472 0 637 495 0 467 474 0 637 495 0 658 472 0 622 382 0 637 495 0 621 496 0 637 495 0 467 474 0 621 496 0 432 380 0 657 475 0 433 381 0 433 381 0 657 475 0 434 124 0 434 124 0 657 475 0 581 123 0 581 123 0 657 475 0 580 122 0 580 122 0 657 475 0 579 497 0 657 475 0 656 476 0 579 497 0 579 497 0 656 476 0 578 498 0 656 476 0 655 477 0 578 498 0 578 498 0 655 477 0 230 499 0 230 499 0 655 477 0 231 500 0 655 477 0 654 478 0 231 500 0 231 500 0 654 478 0 575 501 0 575 501 0 654 478 0 574 502 0 574 502 0 654 478 0 234 503 0 654 478 0 653 479 0 234 503 0 234 503 0 653 479 0 572 504 0 653 479 0 652 480 0 572 504 0 572 504 0 652 480 0 236 505 0 652 480 0 651 481 0 236 505 0 236 505 0 651 481 0 570 506 0 651 481 0 650 482 0 570 506 0 570 506 0 650 482 0 238 507 0 650 482 0 649 483 0 238 507 0 238 507 0 649 483 0 239 508 0 649 483 0 648 484 0 239 508 0 239 508 0 648 484 0 567 158 0 648 484 0 647 485 0 567 158 0 567 158 0 647 485 0 566 509 0 647 485 0 646 486 0 566 509 0 566 509 0 646 486 0 264 510 0 646 486 0 645 487 0 264 510 0 264 510 0 645 487 0 635 511 0 635 511 0 645 487 0 634 169 0 645 487 0 644 488 0 634 169 0 634 169 0 644 488 0 633 512 0 644 488 0 643 489 0 633 512 0 633 512 0 643 489 0 632 513 0 643 489 0 642 490 0 632 513 0 632 513 0 642 490 0 631 514 0 631 514 0 642 490 0 270 515 0 642 490 0 641 491 0 270 515 0 270 515 0 641 491 0 629 516 0 641 491 0 640 492 0 629 516 0 629 516 0 640 492 0 272 193 0 640 492 0 639 493 0 272 193 0 272 193 0 639 493 0 627 517 0 627 517 0 639 493 0 626 196 0 639 493 0 638 494 0 626 196 0 626 196 0 638 494 0 275 197 0 638 494 0 637 495 0 275 197 0 275 197 0 637 495 0 624 518 0 622 382 0 624 518 0 637 495 0 622 382 0 277 200 0 624 518 0 873 276 0 362 519 0 721 276 0 721 276 0 362 519 0 984 519 0 371 520 0 984 519 0 362 519 0 371 520 0 985 520 0 984 519 0 718 521 0 985 520 0 371 520 0 725 521 0 718 521 0 371 520 0 718 521 0 725 521 0 604 522 0 604 522 0 725 521 0 754 523 0 754 523 0 725 521 0 726 524 0 754 523 0 726 524 0 753 525 0 753 525 0 726 524 0 607 526 0 607 526 0 726 524 0 751 527 0 751 527 0 726 524 0 609 528 0 749 529 0 609 528 0 726 524 0 717 524 0 718 521 0 603 530 0 603 530 0 718 521 0 604 522 0 717 524 0 603 530 0 757 531 0 717 524 0 757 531 0 601 532 0 717 524 0 601 532 0 600 533 0 760 534 0 717 524 0 600 533 0 727 535 0 749 529 0 726 524 0 749 529 0 727 535 0 748 536 0 747 537 0 748 536 0 727 535 0 746 538 0 747 537 0 727 535 0 717 524 0 760 534 0 716 535 0 716 535 0 760 534 0 598 539 0 762 540 0 716 535 0 598 539 0 435 541 0 746 538 0 727 535 0 746 538 0 435 541 0 442 542 0 746 538 0 442 542 0 745 449 0 745 449 0 442 542 0 615 543 0 716 535 0 762 540 0 989 541 0 989 541 0 762 540 0 763 544 0 989 541 0 763 544 0 990 542 0 990 542 0 763 544 0 764 545 0 765 546 0 990 542 0 764 545 0 730 547 0 615 543 0 442 542 0 615 543 0 730 547 0 616 277 0 463 548 0 616 277 0 730 547 0 990 542 0 765 546 0 713 547 0 713 547 0 765 546 0 766 549 0 767 550 0 713 547 0 766 549 0 463 548 0 796 551 0 616 277 0 796 551 0 463 548 0 732 84 0 767 550 0 712 548 0 713 547 0 712 548 0 767 550 0 885 84 0 768 552 0 885 84 0 767 550 0 796 551 0 732 84 0 795 553 0 732 84 0 498 554 0 795 553 0 795 553 0 498 554 0 474 555 0 734 556 0 474 555 0 498 554 0 885 84 0 768 552 0 710 554 0 710 554 0 768 552 0 590 405 0 709 556 0 710 554 0 590 405 0 474 555 0 734 556 0 793 557 0 793 557 0 734 556 0 476 558 0 735 559 0 476 558 0 734 556 0 427 329 0 709 556 0 590 405 0 709 556 0 427 329 0 771 560 0 709 556 0 771 560 0 496 324 0 709 556 0 496 324 0 888 559 0 476 558 0 735 559 0 477 561 0 477 561 0 735 559 0 797 562 0 477 561 0 797 562 0 478 563 0 478 563 0 797 562 0 789 564 0 737 0 0 789 564 0 797 562 0 773 565 0 888 559 0 496 324 0 888 559 0 773 565 0 707 562 0 706 0 0 707 562 0 773 565 0 789 564 0 737 0 0 788 566 0 788 566 0 737 0 0 787 567 0 738 568 0 787 567 0 737 0 0 494 569 0 706 0 0 773 565 0 706 0 0 494 569 0 775 570 0 706 0 0 775 570 0 776 571 0 706 0 0 776 571 0 705 568 0 776 571 0 491 572 0 705 568 0 787 567 0 738 568 0 786 573 0 786 573 0 738 568 0 939 574 0 786 573 0 939 574 0 785 575 0 785 575 0 939 574 0 484 576 0 484 576 0 939 574 0 485 577 0 485 577 0 939 574 0 486 578 0 778 314 0 705 568 0 491 572 0 705 568 0 778 314 0 779 579 0 705 568 0 779 579 0 892 574 0 892 574 0 779 579 0 780 580 0 892 574 0 780 580 0 781 581 0 892 574 0 781 581 0 486 578 0 892 574 0 486 578 0 939 574 0 996 582 0 892 574 0 939 574 0 996 582 0 703 582 0 892 574 0 894 583 0 703 582 0 996 582 0 995 583 0 894 583 0 996 582 0 894 583 0 995 583 0 700 82 0 894 583 0 700 82 0 701 82 0 700 82 0 814 584 0 701 82 0 701 82 0 814 584 0 896 585 0 896 585 0 814 584 0 810 586 0 810 586 0 814 584 0 852 587 0 810 586 0 852 587 0 809 588 0 816 589 0 809 588 0 852 587 0 809 588 0 816 589 0 899 590 0 807 591 0 899 590 0 816 589 0 857 592 0 807 591 0 816 589 0 807 591 0 857 592 0 818 593 0 807 591 0 818 593 0 806 594 0 860 595 0 806 594 0 818 593 0 806 594 0 860 595 0 805 596 0 805 596 0 860 595 0 820 597 0 805 596 0 820 597 0 903 598 0 861 599 0 903 598 0 820 597 0 903 598 0 861 599 0 803 600 0 803 600 0 861 599 0 905 601 0 822 602 0 905 601 0 861 599 0 822 602 0 906 603 0 905 601 0 906 603 0 822 602 0 823 604 0 906 603 0 823 604 0 907 605 0 473 606 0 907 605 0 823 604 0 907 605 0 473 606 0 908 607 0 908 607 0 473 606 0 464 608 0 908 607 0 464 608 0 833 609 0 908 607 0 833 609 0 465 610 0 908 607 0 465 610 0 798 611 0 798 611 0 465 610 0 466 612 0 798 611 0 466 612 0 882 611 0 862 613 0 473 606 0 823 604 0 473 606 0 862 613 0 830 614 0 830 614 0 862 613 0 480 615 0 480 615 0 862 613 0 828 616 0 828 616 0 862 613 0 863 617 0 828 616 0 863 617 0 479 618 0 479 618 0 863 617 0 495 619 0 466 612 0 468 620 0 882 611 0 882 611 0 468 620 0 881 621 0 881 621 0 468 620 0 880 622 0 879 83 0 880 622 0 468 620 0 469 623 0 879 83 0 468 620 0 847 626 0 865 625 0 493 624 0 493 624 0 865 625 0 492 627 0 849 628 0 492 627 0 865 625 0 849 628 0 844 629 0 492 627 0 849 628 0 843 630 0 844 629 0 849 628 0 842 631 0 843 630 0 879 83 0 469 623 0 878 632 0 878 632 0 469 623 0 877 633 0 877 633 0 469 623 0 876 634 0 876 634 0 469 623 0 462 634 0 462 634 0 469 623 0 971 635 0 971 635 0 469 623 0 470 636 0 971 635 0 470 636 0 972 637 0 972 637 0 470 636 0 471 638 0 972 637 0 471 638 0 840 639 0 972 637 0 840 639 0 841 640 0 972 637 0 841 640 0 842 631 0 972 637 0 842 631 0 872 641 0 849 628 0 872 641 0 842 631 0 872 641 0 849 628 0 867 642 0 872 641 0 867 642 0 974 643 0 974 643 0 867 642 0 851 644 0 868 645 0 974 643 0 851 644 0 868 645 0 870 646 0 974 643 0 870 646 0 868 645 0 853 647 0 870 646 0 853 647 0 976 648 0 854 649 0 976 648 0 853 647 0 976 648 0 854 649 0 977 650 0 977 650 0 854 649 0 855 651 0 977 650 0 855 651 0 978 652 0 856 653 0 978 652 0 855 651 0 978 652 0 856 653 0 866 654 0 980 655 0 866 654 0 856 653 0 869 656 0 980 655 0 856 653 0 980 655 0 869 656 0 858 657 0 980 655 0 858 657 0 864 658 0 859 659 0 864 658 0 858 657 0 864 658 0 859 659 0 982 660 0 982 660 0 859 659 0 871 661 0 982 660 0 871 661 0 721 276 0 721 276 0 871 661 0 873 276 0 374 664 0 798 663 0 373 662 0 374 664 0 908 665 0 798 663 0 375 666 0 908 665 0 374 664 0 375 666 0 907 667 0 908 665 0 907 667 0 375 666 0 906 668 0 375 666 0 376 669 0 906 668 0 376 669 0 905 670 0 906 668 0 914 671 0 905 670 0 376 669 0 905 670 0 914 671 0 803 672 0 914 671 0 378 673 0 803 672 0 378 673 0 903 674 0 803 672 0 916 675 0 903 674 0 378 673 0 903 674 0 916 675 0 805 676 0 916 675 0 917 677 0 805 676 0 917 677 0 806 678 0 805 676 0 918 679 0 806 678 0 917 677 0 806 678 0 918 679 0 807 680 0 918 679 0 919 681 0 807 680 0 379 682 0 807 680 0 919 681 0 807 680 0 379 682 0 899 683 0 379 682 0 380 684 0 899 683 0 380 684 0 809 685 0 899 683 0 922 686 0 809 685 0 380 684 0 809 685 0 922 686 0 810 687 0 922 686 0 383 688 0 810 687 0 383 688 0 896 689 0 810 687 0 384 690 0 896 689 0 383 688 0 384 690 0 701 691 0 896 689 0 701 691 0 384 690 0 925 692 0 701 691 0 925 692 0 894 693 0 386 694 0 894 693 0 925 692 0 894 693 0 386 694 0 703 695 0 386 694 0 387 696 0 703 695 0 928 697 0 703 695 0 387 696 0 703 695 0 928 697 0 892 698 0 928 697 0 389 699 0 892 698 0 930 700 0 892 698 0 389 699 0 930 700 0 705 701 0 892 698 0 705 701 0 930 700 0 931 702 0 705 701 0 931 702 0 706 703 0 932 704 0 706 703 0 931 702 0 706 703 0 932 704 0 390 705 0 706 703 0 390 705 0 707 706 0 934 707 0 707 706 0 390 705 0 934 707 0 888 708 0 707 706 0 935 709 0 888 708 0 934 707 0 888 708 0 935 709 0 709 710 0 393 711 0 709 710 0 935 709 0 709 710 0 393 711 0 396 712 0 709 710 0 396 712 0 710 713 0 938 714 0 710 713 0 396 712 0 941 95 0 710 713 0 938 714 0 885 95 0 710 713 0 941 95 0 11 215 0 13 215 0 64 215 0 885 95 0 941 95 0 942 715 0 942 715 0 712 716 0 885 95 0 397 717 0 712 716 0 942 715 0 712 716 0 397 717 0 713 718 0 397 717 0 398 719 0 713 718 0 713 718 0 398 719 0 399 720 0 713 718 0 399 720 0 990 721 0 400 722 0 990 721 0 399 720 0 400 722 0 989 723 0 990 721 0 401 724 0 989 723 0 400 722 0 989 723 0 401 724 0 716 725 0 401 724 0 404 726 0 716 725 0 405 727 0 716 725 0 404 726 0 716 725 0 405 727 0 717 728 0 405 727 0 950 729 0 717 728 0 950 729 0 718 730 0 717 728 0 951 731 0 718 730 0 950 729 0 718 730 0 951 731 0 985 732 0 951 731 0 952 733 0 985 732 0 407 734 0 985 732 0 952 733 0 985 732 0 407 734 0 984 735 0 407 734 0 408 736 0 984 735 0 411 737 0 984 735 0 408 736 0 984 735 0 411 737 0 721 738 0 417 739 0 721 738 0 411 737 0 417 739 0 982 740 0 721 738 0 957 741 0 982 740 0 417 739 0 982 740 0 957 741 0 864 742 0 958 743 0 864 742 0 957 741 0 958 743 0 980 744 0 864 742 0 959 745 0 980 744 0 958 743 0 980 744 0 959 745 0 866 746 0 959 745 0 420 747 0 866 746 0 961 748 0 866 746 0 420 747 0 961 748 0 978 749 0 866 746 0 978 749 0 961 748 0 977 750 0 961 748 0 421 751 0 977 750 0 424 752 0 977 750 0 421 751 0 424 752 0 976 753 0 977 750 0 976 753 0 424 752 0 425 754 0 976 753 0 425 754 0 870 755 0 965 756 0 870 755 0 425 754 0 870 755 0 965 756 0 974 757 0 965 756 0 966 758 0 974 757 0 967 759 0 974 757 0 966 758 0 967 759 0 872 760 0 974 757 0 872 760 0 967 759 0 428 761 0 872 760 0 428 761 0 972 762 0 428 761 0 971 763 0 972 762 0 461 764 0 971 763 0 428 761 0 462 765 0 971 763 0 461 764 0 846 768 0 887 767 0 845 766 0 845 766 0 887 767 0 839 769 0 839 769 0 887 767 0 370 215 0 370 215 0 887 767 0 141 215 0 141 215 0 887 767 0 144 770 0 887 767 0 889 771 0 144 770 0 144 770 0 889 771 0 147 772 0 889 771 0 890 773 0 147 772 0 147 772 0 890 773 0 153 774 0 890 773 0 891 775 0 153 774 0 153 774 0 891 775 0 369 774 0 891 775 0 893 776 0 369 774 0 369 774 0 893 776 0 159 777 0 893 776 0 895 778 0 159 777 0 159 777 0 895 778 0 167 215 0 895 778 0 897 779 0 167 215 0 167 215 0 897 779 0 176 780 0 176 780 0 897 779 0 194 781 0 897 779 0 898 782 0 194 781 0 194 781 0 898 782 0 365 781 0 898 782 0 900 783 0 365 781 0 365 781 0 900 783 0 364 784 0 900 783 0 901 785 0 364 784 0 364 784 0 901 785 0 363 786 0 901 785 0 902 787 0 363 786 0 363 786 0 902 787 0 218 786 0 902 787 0 904 788 0 218 786 0 218 786 0 904 788 0 223 789 0 904 788 0 909 790 0 223 789 0 223 789 0 909 790 0 228 791 0 909 790 0 910 792 0 228 791 0 228 791 0 910 792 0 232 793 0 910 792 0 911 794 0 232 793 0 232 793 0 911 794 0 242 795 0 250 796 0 242 795 0 911 794 0 250 796 0 361 215 0 242 795 0 848 798 0 912 797 0 846 768 0 846 768 0 912 797 0 887 767 0 912 797 0 913 799 0 887 767 0 887 767 0 913 799 0 889 771 0 913 799 0 915 800 0 889 771 0 889 771 0 915 800 0 890 773 0 915 800 0 920 801 0 890 773 0 890 773 0 920 801 0 891 775 0 920 801 0 921 802 0 891 775 0 891 775 0 921 802 0 893 776 0 921 802 0 923 803 0 893 776 0 893 776 0 923 803 0 895 778 0 923 803 0 924 804 0 895 778 0 895 778 0 924 804 0 897 779 0 924 804 0 926 805 0 897 779 0 897 779 0 926 805 0 898 782 0 926 805 0 927 806 0 898 782 0 898 782 0 927 806 0 900 783 0 927 806 0 929 807 0 900 783 0 900 783 0 929 807 0 901 785 0 929 807 0 933 808 0 901 785 0 901 785 0 933 808 0 902 787 0 933 808 0 936 809 0 902 787 0 902 787 0 936 809 0 904 788 0 936 809 0 937 810 0 904 788 0 904 788 0 937 810 0 909 790 0 937 810 0 940 811 0 909 790 0 909 790 0 940 811 0 910 792 0 940 811 0 943 812 0 910 792 0 910 792 0 943 812 0 911 794 0 886 813 0 911 794 0 943 812 0 250 796 0 911 794 0 886 813 0 86 815 0 944 814 0 848 798 0 848 798 0 944 814 0 912 797 0 944 814 0 945 816 0 912 797 0 912 797 0 945 816 0 913 799 0 945 816 0 946 817 0 913 799 0 913 799 0 946 817 0 915 800 0 946 817 0 947 818 0 915 800 0 915 800 0 947 818 0 920 801 0 947 818 0 948 819 0 920 801 0 920 801 0 948 819 0 921 802 0 948 819 0 949 820 0 921 802 0 921 802 0 949 820 0 923 803 0 949 820 0 953 821 0 923 803 0 923 803 0 953 821 0 924 804 0 953 821 0 954 822 0 924 804 0 924 804 0 954 822 0 926 805 0 954 822 0 955 823 0 926 805 0 926 805 0 955 823 0 927 806 0 955 823 0 956 824 0 927 806 0 927 806 0 956 824 0 929 807 0 956 824 0 960 825 0 929 807 0 929 807 0 960 825 0 933 808 0 960 825 0 962 826 0 933 808 0 933 808 0 962 826 0 936 809 0 962 826 0 963 827 0 936 809 0 936 809 0 963 827 0 937 810 0 963 827 0 964 828 0 937 810 0 937 810 0 964 828 0 940 811 0 964 828 0 968 829 0 940 811 0 940 811 0 968 829 0 943 812 0 884 830 0 943 812 0 968 829 0 886 813 0 943 812 0 884 830 0 850 832 0 969 831 0 86 815 0 86 815 0 969 831 0 944 814 0 969 831 0 970 833 0 944 814 0 944 814 0 970 833 0 945 816 0 970 833 0 973 834 0 945 816 0 945 816 0 973 834 0 946 817 0 973 834 0 975 835 0 946 817 0 946 817 0 975 835 0 947 818 0 975 835 0 979 836 0 947 818 0 947 818 0 979 836 0 948 819 0 979 836 0 981 837 0 948 819 0 948 819 0 981 837 0 949 820 0 981 837 0 983 838 0 949 820 0 949 820 0 983 838 0 953 821 0 983 838 0 986 839 0 953 821 0 953 821 0 986 839 0 954 822 0 986 839 0 987 840 0 954 822 0 954 822 0 987 840 0 955 823 0 987 840 0 988 841 0 955 823 0 955 823 0 988 841 0 956 824 0 988 841 0 991 842 0 956 824 0 956 824 0 991 842 0 960 825 0 991 842 0 992 843 0 960 825 0 960 825 0 992 843 0 962 826 0 992 843 0 993 844 0 962 826 0 962 826 0 993 844 0 963 827 0 993 844 0 994 845 0 963 827 0 963 827 0 994 845 0 964 828 0 994 845 0 883 846 0 964 828 0 964 828 0 883 846 0 968 829 0 874 847 0 968 829 0 883 846 0 884 830 0 968 829 0 875 848 0 968 829 0 874 847 0 875 848 0 70 850 0 825 849 0 850 832 0 850 832 0 825 849 0 969 831 0 825 849 0 742 851 0 969 831 0 969 831 0 742 851 0 970 833 0 742 851 0 636 852 0 970 833 0 970 833 0 636 852 0 973 834 0 636 852 0 475 853 0 973 834 0 973 834 0 475 853 0 975 835 0 475 853 0 456 854 0 975 835 0 975 835 0 456 854 0 979 836 0 456 854 0 426 855 0 979 836 0 979 836 0 426 855 0 981 837 0 426 855 0 385 856 0 981 837 0 981 837 0 385 856 0 983 838 0 385 856 0 372 857 0 983 838 0 983 838 0 372 857 0 986 839 0 372 857 0 356 858 0 986 839 0 986 839 0 356 858 0 987 840 0 356 858 0 324 859 0 987 840 0 987 840 0 324 859 0 988 841 0 324 859 0 291 860 0 988 841 0 988 841 0 291 860 0 991 842 0 291 860 0 259 861 0 991 842 0 991 842 0 259 861 0 992 843 0 259 861 0 256 862 0 992 843 0 992 843 0 256 862 0 993 844 0 256 862 0 247 863 0 993 844 0 993 844 0 247 863 0 994 845 0 247 863 0 211 864 0 994 845 0 994 845 0 211 864 0 883 846 0 330 865 0 883 846 0 211 864 0 874 847 0 883 846 0 330 865 0 69 867 0 209 866 0 70 850 0 70 850 0 209 866 0 825 849 0 209 866 0 207 868 0 825 849 0 825 849 0 207 868 0 742 851 0 207 868 0 154 869 0 742 851 0 742 851 0 154 869 0 636 852 0 154 869 0 126 870 0 636 852 0 636 852 0 126 870 0 475 853 0 126 870 0 123 871 0 475 853 0 475 853 0 123 871 0 456 854 0 123 871 0 116 872 0 456 854 0 456 854 0 116 872 0 426 855 0 116 872 0 101 873 0 426 855 0 426 855 0 101 873 0 385 856 0 101 873 0 87 874 0 385 856 0 385 856 0 87 874 0 372 857 0 87 874 0 82 875 0 372 857 0 372 857 0 82 875 0 356 858 0 82 875 0 5 876 0 356 858 0 356 858 0 5 876 0 324 859 0 5 876 0 24 877 0 324 859 0 324 859 0 24 877 0 291 860 0 24 877 0 27 878 0 291 860 0 291 860 0 27 878 0 259 861 0 27 878 0 28 879 0 259 861 0 259 861 0 28 879 0 256 862 0 28 879 0 55 880 0 256 862 0 256 862 0 55 880 0 247 863 0 55 880 0 56 881 0 247 863 0 247 863 0 56 881 0 211 864 0 349 882 0 211 864 0 56 881 0 330 865 0 211 864 0 349 882 0 700 82 0 995 883 0 69 867 0 69 867 0 995 883 0 209 866 0 996 884 0 209 866 0 995 883 0 209 866 0 996 884 0 207 868 0 939 885 0 207 868 0 996 884 0 207 868 0 939 885 0 154 869 0 738 886 0 154 869 0 939 885 0 154 869 0 738 886 0 126 870 0 126 870 0 738 886 0 737 0 0 737 0 0 797 887 0 126 870 0 126 870 0 797 887 0 123 871 0 735 888 0 123 871 0 797 887 0 123 871 0 735 888 0 116 872 0 734 889 0 116 872 0 735 888 0 116 872 0 734 889 0 101 873 0 498 890 0 101 873 0 734 889 0 101 873 0 498 890 0 87 874 0 87 874 0 498 890 0 732 84 0 732 84 0 463 891 0 87 874 0 87 874 0 463 891 0 82 875 0 730 892 0 82 875 0 463 891 0 82 875 0 730 892 0 5 876 0 442 893 0 5 876 0 730 892 0 5 876 0 442 893 0 24 877 0 435 894 0 24 877 0 442 893 0 24 877 0 435 894 0 27 878 0 27 878 0 435 894 0 727 535 0 727 535 0 726 895 0 27 878 0 27 878 0 726 895 0 28 879 0 725 896 0 28 879 0 726 895 0 28 879 0 725 896 0 55 880 0 371 897 0 55 880 0 725 896 0 55 880 0 371 897 0 56 881 0 362 898 0 56 881 0 371 897 0 349 882 0 56 881 0 873 276 0 56 881 0 362 898 0 873 276 0 886 813 0 497 899 0 250 796 0 250 796 0 497 899 0 361 215 0 361 215 0 497 899 0 826 215 0 826 215 0 497 899 0 827 789 0 497 899 0 565 900 0 827 789 0 827 789 0 565 900 0 358 901 0 565 900 0 568 902 0 358 901 0 358 901 0 568 902 0 357 903 0 568 902 0 569 904 0 357 903 0 357 903 0 569 904 0 829 903 0 569 904 0 571 905 0 829 903 0 829 903 0 571 905 0 355 906 0 571 905 0 573 907 0 355 906 0 355 906 0 573 907 0 831 215 0 573 907 0 576 908 0 831 215 0 831 215 0 576 908 0 832 909 0 832 909 0 576 908 0 834 910 0 576 908 0 577 911 0 834 910 0 834 910 0 577 911 0 835 910 0 577 911 0 582 912 0 835 910 0 835 910 0 582 912 0 836 913 0 582 912 0 583 914 0 836 913 0 836 913 0 583 914 0 354 915 0 583 914 0 584 916 0 354 915 0 354 915 0 584 916 0 353 915 0 584 916 0 585 917 0 353 915 0 353 915 0 585 917 0 837 770 0 585 917 0 587 918 0 837 770 0 837 770 0 587 918 0 352 919 0 587 918 0 589 920 0 352 919 0 352 919 0 589 920 0 351 921 0 589 920 0 591 922 0 351 921 0 351 921 0 591 922 0 838 923 0 845 924 0 838 923 0 591 922 0 839 769 0 370 215 0 838 923 0 845 924 0 839 769 0 838 923 0 884 926 0 592 925 0 886 813 0 886 813 0 592 925 0 497 899 0 592 925 0 593 927 0 497 899 0 497 899 0 593 927 0 565 900 0 593 927 0 594 928 0 565 900 0 565 900 0 594 928 0 568 902 0 594 928 0 595 929 0 568 902 0 568 902 0 595 929 0 569 904 0 595 929 0 596 930 0 569 904 0 569 904 0 596 930 0 571 905 0 596 930 0 597 931 0 571 905 0 571 905 0 597 931 0 573 907 0 597 931 0 599 932 0 573 907 0 573 907 0 599 932 0 576 908 0 599 932 0 602 933 0 576 908 0 576 908 0 602 933 0 577 911 0 602 933 0 605 934 0 577 911 0 577 911 0 605 934 0 582 912 0 605 934 0 606 935 0 582 912 0 582 912 0 606 935 0 583 914 0 606 935 0 608 936 0 583 914 0 583 914 0 608 936 0 584 916 0 608 936 0 610 937 0 584 916 0 584 916 0 610 937 0 585 917 0 610 937 0 611 938 0 585 917 0 585 917 0 611 938 0 587 918 0 611 938 0 612 939 0 587 918 0 587 918 0 612 939 0 589 920 0 612 939 0 613 940 0 589 920 0 589 920 0 613 940 0 591 922 0 846 941 0 591 922 0 613 940 0 845 924 0 591 922 0 846 941 0 875 943 0 614 942 0 884 926 0 884 926 0 614 942 0 592 925 0 614 942 0 620 944 0 592 925 0 592 925 0 620 944 0 593 927 0 620 944 0 623 945 0 593 927 0 593 927 0 623 945 0 594 928 0 623 945 0 625 946 0 594 928 0 594 928 0 625 946 0 595 929 0 625 946 0 628 947 0 595 929 0 595 929 0 628 947 0 596 930 0 628 947 0 630 948 0 596 930 0 596 930 0 630 948 0 597 931 0 630 948 0 702 949 0 597 931 0 597 931 0 702 949 0 599 932 0 702 949 0 704 950 0 599 932 0 599 932 0 704 950 0 602 933 0 704 950 0 708 951 0 602 933 0 602 933 0 708 951 0 605 934 0 708 951 0 711 952 0 605 934 0 605 934 0 711 952 0 606 935 0 711 952 0 714 953 0 606 935 0 606 935 0 714 953 0 608 936 0 714 953 0 715 954 0 608 936 0 608 936 0 715 954 0 610 937 0 715 954 0 719 955 0 610 937 0 610 937 0 719 955 0 611 938 0 719 955 0 720 956 0 611 938 0 611 938 0 720 956 0 612 939 0 720 956 0 722 957 0 612 939 0 612 939 0 722 957 0 613 940 0 848 798 0 613 940 0 722 957 0 846 941 0 613 940 0 848 798 0 330 865 0 723 959 0 874 958 0 874 958 0 723 959 0 875 943 0 875 943 0 723 959 0 614 942 0 723 959 0 724 960 0 614 942 0 614 942 0 724 960 0 620 944 0 724 960 0 728 961 0 620 944 0 620 944 0 728 961 0 623 945 0 728 961 0 729 962 0 623 945 0 623 945 0 729 962 0 625 946 0 729 962 0 731 963 0 625 946 0 625 946 0 731 963 0 628 947 0 731 963 0 733 964 0 628 947 0 628 947 0 733 964 0 630 948 0 733 964 0 736 965 0 630 948 0 630 948 0 736 965 0 702 949 0 736 965 0 739 966 0 702 949 0 702 949 0 739 966 0 704 950 0 739 966 0 740 967 0 704 950 0 704 950 0 740 967 0 708 951 0 740 967 0 741 968 0 708 951 0 708 951 0 741 968 0 711 952 0 741 968 0 743 969 0 711 952 0 711 952 0 743 969 0 714 953 0 743 969 0 744 970 0 714 953 0 714 953 0 744 970 0 715 954 0 744 970 0 750 971 0 715 954 0 715 954 0 750 971 0 719 955 0 750 971 0 752 972 0 719 955 0 719 955 0 752 972 0 720 956 0 752 972 0 755 973 0 720 956 0 720 956 0 755 973 0 722 957 0 86 974 0 722 957 0 755 973 0 848 798 0 722 957 0 86 974 0 349 976 0 756 975 0 330 865 0 330 865 0 756 975 0 723 959 0 756 975 0 758 977 0 723 959 0 723 959 0 758 977 0 724 960 0 758 977 0 759 978 0 724 960 0 724 960 0 759 978 0 728 961 0 759 978 0 761 979 0 728 961 0 728 961 0 761 979 0 729 962 0 761 979 0 769 980 0 729 962 0 729 962 0 769 980 0 731 963 0 769 980 0 770 981 0 731 963 0 731 963 0 770 981 0 733 964 0 770 981 0 772 982 0 733 964 0 733 964 0 772 982 0 736 965 0 772 982 0 774 983 0 736 965 0 736 965 0 774 983 0 739 966 0 774 983 0 777 984 0 739 966 0 739 966 0 777 984 0 740 967 0 777 984 0 782 985 0 740 967 0 740 967 0 782 985 0 741 968 0 782 985 0 783 986 0 741 968 0 741 968 0 783 986 0 743 969 0 783 986 0 784 987 0 743 969 0 743 969 0 784 987 0 744 970 0 784 987 0 790 988 0 744 970 0 744 970 0 790 988 0 750 971 0 790 988 0 791 989 0 750 971 0 750 971 0 791 989 0 752 972 0 791 989 0 792 990 0 752 972 0 752 972 0 792 990 0 755 973 0 850 832 0 755 973 0 792 990 0 86 974 0 755 973 0 850 832 0 873 992 0 794 991 0 349 976 0 349 976 0 794 991 0 756 975 0 794 991 0 799 993 0 756 975 0 756 975 0 799 993 0 758 977 0 799 993 0 800 994 0 758 977 0 758 977 0 800 994 0 759 978 0 800 994 0 801 995 0 759 978 0 759 978 0 801 995 0 761 979 0 801 995 0 802 996 0 761 979 0 761 979 0 802 996 0 769 980 0 802 996 0 804 997 0 769 980 0 769 980 0 804 997 0 770 981 0 804 997 0 808 998 0 770 981 0 770 981 0 808 998 0 772 982 0 808 998 0 811 999 0 772 982 0 772 982 0 811 999 0 774 983 0 811 999 0 812 1000 0 774 983 0 774 983 0 812 1000 0 777 984 0 812 1000 0 813 1001 0 777 984 0 777 984 0 813 1001 0 782 985 0 813 1001 0 815 1002 0 782 985 0 782 985 0 815 1002 0 783 986 0 815 1002 0 817 1003 0 783 986 0 783 986 0 817 1003 0 784 987 0 817 1003 0 819 1004 0 784 987 0 784 987 0 819 1004 0 790 988 0 819 1004 0 821 1005 0 790 988 0 790 988 0 821 1005 0 791 989 0 821 1005 0 824 1006 0 791 989 0 791 989 0 824 1006 0 792 990 0 70 850 0 792 990 0 824 1006 0 850 832 0 792 990 0 70 850 0 873 992 0 871 1007 0 794 991 0 794 991 0 871 1007 0 859 1008 0 858 1009 0 794 991 0 859 1008 0 794 991 0 858 1009 0 799 993 0 799 993 0 858 1009 0 869 1010 0 856 1011 0 799 993 0 869 1010 0 799 993 0 856 1011 0 800 994 0 855 1012 0 800 994 0 856 1011 0 800 994 0 855 1012 0 801 995 0 854 1013 0 801 995 0 855 1012 0 801 995 0 854 1013 0 802 996 0 802 996 0 854 1013 0 853 1014 0 868 1015 0 802 996 0 853 1014 0 802 996 0 868 1015 0 804 997 0 804 997 0 868 1015 0 851 1016 0 867 1017 0 804 997 0 851 1016 0 804 997 0 867 1017 0 808 998 0 808 998 0 867 1017 0 849 1018 0 865 1019 0 808 998 0 849 1018 0 808 998 0 865 1019 0 811 999 0 811 999 0 865 1019 0 847 1020 0 495 1021 0 811 999 0 847 1020 0 811 999 0 495 1021 0 812 1000 0 812 1000 0 495 1021 0 863 1022 0 812 1000 0 863 1022 0 862 1023 0 823 1024 0 812 1000 0 862 1023 0 812 1000 0 823 1024 0 813 1001 0 813 1001 0 823 1024 0 822 1025 0 861 1026 0 813 1001 0 822 1025 0 813 1001 0 861 1026 0 815 1002 0 820 1027 0 815 1002 0 861 1026 0 815 1002 0 820 1027 0 817 1003 0 860 1028 0 817 1003 0 820 1027 0 817 1003 0 860 1028 0 819 1004 0 819 1004 0 860 1028 0 818 1029 0 857 1030 0 819 1004 0 818 1029 0 819 1004 0 857 1030 0 821 1005 0 816 1031 0 821 1005 0 857 1030 0 821 1005 0 816 1031 0 824 1006 0 824 1006 0 816 1031 0 852 1032 0 814 1033 0 824 1006 0 852 1032 0 70 850 0 824 1006 0 69 1034 0 824 1006 0 814 1033 0 69 1034 0 814 1033 0 700 1035 0 69 1034 0 481 1038 0 265 1037 0 473 1036 0 481 1038 0 473 1036 0 830 1039 0 480 1040 0 481 1038 0 830 1039 0 480 1040 0 482 1041 0 481 1038 0 263 1042 0 482 1041 0 480 1040 0 260 1043 0 263 1042 0 480 1040 0 828 1044 0 260 1043 0 480 1040 0 479 1045 0 260 1043 0 828 1044 0 260 1043 0 479 1045 0 483 1046 0 483 1046 0 479 1045 0 495 1047 0 309 142 0 483 1046 0 495 1047 0 847 1048 0 309 142 0 495 1047 0 309 142 0 847 1048 0 487 1049 0 488 1050 0 487 1049 0 847 1048 0 493 1051 0 488 1050 0 847 1048 0 488 1050 0 493 1051 0 489 1052 0 306 1053 0 489 1052 0 493 1051 0 492 1054 0 306 1053 0 493 1051 0 490 1055 0 306 1053 0 492 1054 0 844 1056 0 490 1055 0 492 1054 0 304 1057 0 490 1055 0 844 1056 0 843 1058 0 304 1057 0 844 1056 0 304 1057 0 843 1058 0 300 1059 0 300 1059 0 843 1058 0 842 1060 0 265 1037 0 464 1061 0 473 1036 0 266 1062 0 464 1061 0 265 1037 0 464 1061 0 266 1062 0 833 1063 0 267 1064 0 833 1063 0 266 1062 0 833 1063 0 267 1064 0 465 1065 0 268 1066 0 465 1065 0 267 1064 0 465 1065 0 268 1066 0 466 1067 0 268 1066 0 269 1068 0 466 1067 0 466 1067 0 269 1068 0 472 1069 0 466 1067 0 472 1069 0 468 1070 0 271 186 0 468 1070 0 472 1069 0 468 1070 0 271 186 0 292 1071 0 468 1070 0 292 1071 0 469 1072 0 469 1072 0 292 1071 0 293 1073 0 469 1072 0 293 1073 0 470 1074 0 294 1075 0 470 1074 0 293 1073 0 470 1074 0 294 1075 0 471 1076 0 294 1075 0 295 1077 0 471 1076 0 471 1076 0 295 1077 0 840 1078 0 295 1077 0 296 1079 0 840 1078 0 840 1078 0 296 1079 0 841 1080 0 296 1079 0 298 1081 0 841 1080 0 300 1059 0 841 1080 0 298 1081 0 842 1060 0 841 1080 0 300 1059 0 876 82 0 462 82 0 460 82 0 461 82 0 430 82 0 460 82 0 460 82 0 462 82 0 461 82 0 882 276 0 881 1082 0 438 276 0 438 276 0 881 1082 0 443 1083 0 443 1083 0 881 1082 0 445 738 0 880 1084 0 445 738 0 881 1082 0 445 738 0 880 1084 0 446 1085 0 446 1085 0 880 1084 0 879 106 0 446 1085 0 879 106 0 453 1086 0 879 106 0 878 1087 0 453 1086 0 453 1086 0 878 1087 0 257 1088 0 877 1089 0 257 1088 0 878 1087 0 877 1089 0 454 1090 0 257 1088 0 454 1090 0 877 1089 0 460 82 0 460 82 0 877 1089 0 876 82 0 798 276 0 882 276 0 438 276 0 373 276 0 798 276 0 438 276 0 438 276 0 440 276 0 373 276 0 373 106 0 440 106 0 374 106 0 374 106 0 440 106 0 375 106 0 430 106 0 461 106 0 428 106 0 430 106 0 428 106 0 967 106 0 430 106 0 967 106 0 440 106 0 440 106 0 967 106 0 375 106 0 375 106 0 967 106 0 376 106 0 376 106 0 967 106 0 966 106 0 376 106 0 966 106 0 914 106 0 914 106 0 966 106 0 965 106 0 914 106 0 965 106 0 378 106 0 378 106 0 965 106 0 425 106 0 378 106 0 425 106 0 916 106 0 916 106 0 425 106 0 424 106 0 916 106 0 424 106 0 917 106 0 917 106 0 424 106 0 421 106 0 917 106 0 421 106 0 918 106 0 918 106 0 421 106 0 961 106 0 918 106 0 961 106 0 919 106 0 919 106 0 961 106 0 420 106 0 919 106 0 420 106 0 379 106 0 379 106 0 420 106 0 959 106 0 379 106 0 959 106 0 380 106 0 380 106 0 959 106 0 958 106 0 380 106 0 958 106 0 922 106 0 922 106 0 958 106 0 957 106 0 922 106 0 957 106 0 383 106 0 383 106 0 957 106 0 417 106 0 383 106 0 417 106 0 384 106 0 384 106 0 417 106 0 411 106 0 384 106 0 411 106 0 925 106 0 925 106 0 411 106 0 408 106 0 925 106 0 408 106 0 386 106 0 386 106 0 408 106 0 407 106 0 386 106 0 407 106 0 387 106 0 387 106 0 407 106 0 952 106 0 387 106 0 952 106 0 928 106 0 928 106 0 952 106 0 951 106 0 928 106 0 951 106 0 389 106 0 389 106 0 951 106 0 950 106 0 389 106 0 950 106 0 930 106 0 930 106 0 950 106 0 405 106 0 930 106 0 405 106 0 931 106 0 931 106 0 405 106 0 404 106 0 931 106 0 404 106 0 932 106 0 932 106 0 404 106 0 401 106 0 932 106 0 401 106 0 390 106 0 390 106 0 401 106 0 400 106 0 390 106 0 400 106 0 934 106 0 934 106 0 400 106 0 399 106 0 934 106 0 399 106 0 935 106 0 935 106 0 399 106 0 398 106 0 935 106 0 398 106 0 393 106 0 393 106 0 398 106 0 397 106 0 393 106 0 397 106 0 396 106 0 396 106 0 397 106 0 942 106 0 396 106 0 942 106 0 938 106 0 938 106 0 942 106 0 941 106 0 832 215 0 834 215 0 835 215 0 832 215 0 835 215 0 836 215 0 832 215 0 836 215 0 831 215 0 831 215 0 836 215 0 354 215 0 831 215 0 354 215 0 355 215 0 355 215 0 354 215 0 353 215 0 355 215 0 353 215 0 829 215 0 829 215 0 353 215 0 253 215 0 253 215 0 353 215 0 251 215 0 251 215 0 353 215 0 837 215 0 251 215 0 837 215 0 340 215 0 340 215 0 837 215 0 352 215 0 340 215 0 352 215 0 342 215 0 342 215 0 352 215 0 347 215 0 347 215 0 352 215 0 351 215 0 347 215 0 351 215 0 331 215 0 331 215 0 351 215 0 838 215 0 331 215 0 838 215 0 370 215 0 331 215 0 370 215 0 141 215 0 331 215 0 141 215 0 144 215 0 331 215 0 144 215 0 147 215 0 331 215 0 147 215 0 153 215 0 331 215 0 153 215 0 215 215 0 215 215 0 153 215 0 369 215 0 215 215 0 369 215 0 212 215 0 212 215 0 369 215 0 332 215 0 332 215 0 369 215 0 333 215 0 333 215 0 369 215 0 335 215 0 357 215 0 829 215 0 235 215 0 235 215 0 829 215 0 233 215 0 233 215 0 829 215 0 338 215 0 338 215 0 829 215 0 253 215 0 357 215 0 235 215 0 237 215 0 357 215 0 237 215 0 240 215 0 357 215 0 240 215 0 358 215 0 358 215 0 240 215 0 336 215 0 358 215 0 336 215 0 827 215 0 827 215 0 336 215 0 826 215 0 826 215 0 336 215 0 361 215 0 361 215 0 336 215 0 242 215 0 242 215 0 336 215 0 232 215 0 232 215 0 336 215 0 228 215 0 228 215 0 336 215 0 225 215 0 228 215 0 225 215 0 223 215 0 223 215 0 225 215 0 226 215 0 223 215 0 226 215 0 227 215 0 223 215 0 227 215 0 218 215 0 218 215 0 227 215 0 335 215 0 218 215 0 335 215 0 369 215 0 218 215 0 369 215 0 159 215 0 218 215 0 159 215 0 363 215 0 363 215 0 159 215 0 167 215 0 363 215 0 167 215 0 364 215 0 364 215 0 167 215 0 176 215 0 364 215 0 176 215 0 365 215 0 365 215 0 176 215 0 194 215 0 273 215 0 327 1091 0 271 215 0 271 215 0 327 1091 0 292 1092 0 292 1092 0 327 1091 0 293 1093 0 294 1094 0 293 1093 0 327 1091 0 326 1095 0 294 1094 0 327 1091 0 294 1094 0 326 1095 0 323 1096 0 294 1094 0 323 1096 0 295 1097 0 296 1098 0 295 1097 0 323 1096 0 322 1099 0 296 1098 0 323 1096 0 296 1098 0 322 1099 0 298 1100 0 298 1100 0 322 1099 0 321 1101 0 298 1100 0 321 1101 0 300 1035 0 320 1102 0 300 1035 0 321 1101 0 300 1035 0 320 1102 0 304 1103 0 304 1103 0 320 1102 0 319 1104 0 304 1103 0 319 1104 0 490 1105 0 316 1106 0 490 1105 0 319 1104 0 490 1105 0 316 1106 0 306 1107 0 306 1107 0 316 1106 0 315 1108 0 208 1109 0 306 1107 0 315 1108 0 306 1107 0 208 1109 0 489 1110 0 489 1110 0 208 1109 0 488 1111 0 488 1111 0 208 1109 0 487 1112 0 487 1112 0 208 1109 0 202 106 0 487 1112 0 202 106 0 309 106 0 483 1113 0 309 106 0 202 106 0 483 1113 0 202 106 0 204 1114 0 483 1113 0 204 1114 0 260 1115 0 290 1116 0 260 1115 0 204 1114 0 260 1115 0 290 1116 0 263 1117 0 263 1117 0 290 1116 0 289 1118 0 263 1117 0 289 1118 0 482 1119 0 481 1120 0 482 1119 0 289 1118 0 286 1121 0 481 1120 0 289 1118 0 481 1120 0 286 1121 0 284 1122 0 481 1120 0 284 1122 0 265 992 0 283 1123 0 265 992 0 284 1122 0 265 992 0 283 1123 0 266 1124 0 266 1124 0 283 1123 0 282 1125 0 276 1126 0 266 1124 0 282 1125 0 266 1124 0 276 1126 0 267 1127 0 267 1127 0 276 1126 0 268 1128 0 268 1128 0 276 1126 0 274 1129 0 206 1130 0 268 1128 0 274 1129 0 268 1128 0 206 1130 0 269 1131 0 269 1131 0 206 1130 0 472 1132 0 472 1132 0 206 1130 0 273 215 0 472 1132 0 273 215 0 271 215 0 453 83 0 257 83 0 446 83 0 446 83 0 257 83 0 445 83 0 445 83 0 257 83 0 454 83 0 445 83 0 454 83 0 443 83 0 443 83 0 454 83 0 460 83 0 443 83 0 460 83 0 438 83 0 438 83 0 460 83 0 430 83 0 438 83 0 430 83 0 440 83 0 253 228 0 254 1133 0 182 228 0 251 1134 0 254 1133 0 253 228 0 254 1133 0 251 1134 0 178 1135 0 340 1136 0 178 1135 0 251 1134 0 178 1135 0 340 1136 0 255 1137 0 342 1138 0 255 1137 0 340 1136 0 347 1139 0 255 1137 0 342 1138 0 124 1139 0 255 1137 0 347 1139 0 338 228 0 182 228 0 173 228 0 253 228 0 182 228 0 338 228 0 240 1140 0 241 1141 0 158 1140 0 237 1142 0 241 1141 0 240 1140 0 241 1141 0 237 1142 0 243 1143 0 235 1144 0 243 1143 0 237 1142 0 243 1143 0 235 1144 0 246 1145 0 233 1146 0 246 1145 0 235 1144 0 338 228 0 246 1145 0 233 1146 0 173 228 0 246 1145 0 338 228 0 336 1140 0 240 1140 0 158 1140 0 336 1140 0 158 1140 0 229 1140 0 335 186 0 150 1147 0 222 186 0 227 1148 0 150 1147 0 335 186 0 150 1147 0 227 1148 0 148 1149 0 226 1150 0 148 1149 0 227 1148 0 148 1149 0 226 1150 0 145 1151 0 225 1152 0 145 1151 0 226 1150 0 336 1140 0 145 1151 0 225 1152 0 229 1140 0 145 1151 0 336 1140 0 333 186 0 222 186 0 220 186 0 335 186 0 222 186 0 333 186 0 331 1139 0 132 1153 0 125 1139 0 215 1154 0 132 1153 0 331 1139 0 132 1153 0 215 1154 0 130 1155 0 212 1156 0 130 1155 0 215 1154 0 130 1155 0 212 1156 0 128 1157 0 332 1158 0 128 1157 0 212 1156 0 333 186 0 128 1157 0 332 1158 0 220 186 0 128 1157 0 333 186 0 347 1139 0 125 1139 0 124 1139 0 331 1139 0 125 1139 0 347 1139 0 319 1161 0 320 1160 0 321 1159 0 319 1161 0 321 1159 0 322 1162 0 319 1161 0 322 1162 0 323 1163 0 319 1161 0 323 1163 0 316 1164 0 316 1164 0 323 1163 0 315 1165 0 315 1165 0 323 1163 0 326 1166 0 315 1165 0 326 1166 0 208 1167 0 208 1167 0 326 1166 0 327 1168 0 208 1167 0 327 1168 0 273 83 0 208 1167 0 273 83 0 202 83 0 273 83 0 206 1169 0 202 83 0 202 83 0 206 1169 0 204 1170 0 204 1170 0 206 1169 0 274 1171 0 204 1170 0 274 1171 0 290 1172 0 290 1172 0 274 1171 0 289 1173 0 289 1173 0 274 1171 0 276 1174 0 289 1173 0 276 1174 0 286 1175 0 286 1175 0 276 1174 0 282 1176 0 286 1175 0 282 1176 0 283 1177 0 286 1175 0 283 1177 0 284 1178 0 182 84 0 183 1179 0 170 84 0 254 1180 0 183 1179 0 182 84 0 183 1179 0 254 1180 0 184 1181 0 254 1180 0 178 1182 0 184 1181 0 184 1181 0 178 1182 0 255 1183 0 184 1181 0 255 1183 0 187 1184 0 124 276 0 187 1184 0 255 1183 0 193 276 0 187 1184 0 124 276 0 182 84 0 169 84 0 173 84 0 170 84 0 169 84 0 182 84 0 158 82 0 107 1185 0 155 82 0 241 1186 0 107 1185 0 158 82 0 107 1185 0 241 1186 0 166 1187 0 241 1186 0 243 1188 0 166 1187 0 166 1187 0 243 1188 0 246 1189 0 166 1187 0 246 1189 0 106 1190 0 173 84 0 106 1190 0 246 1189 0 169 84 0 106 1190 0 173 84 0 229 82 0 158 82 0 155 82 0 229 82 0 155 82 0 108 82 0 222 83 0 110 1191 0 111 83 0 150 1192 0 110 1191 0 222 83 0 110 1191 0 150 1192 0 151 1193 0 150 1192 0 148 1194 0 151 1193 0 151 1193 0 148 1194 0 145 1195 0 151 1193 0 145 1195 0 109 1196 0 229 82 0 109 1196 0 145 1195 0 108 82 0 109 1196 0 229 82 0 220 83 0 111 83 0 112 83 0 222 83 0 111 83 0 220 83 0 125 276 0 113 1197 0 114 276 0 132 1198 0 113 1197 0 125 276 0 113 1197 0 132 1198 0 135 1199 0 132 1198 0 130 1200 0 135 1199 0 135 1199 0 130 1200 0 128 1201 0 135 1199 0 128 1201 0 140 1202 0 220 83 0 140 1202 0 128 1201 0 112 83 0 140 1202 0 220 83 0 124 276 0 125 276 0 193 276 0 193 276 0 125 276 0 114 276 0 80 106 0 71 106 0 84 106 0 84 106 0 71 106 0 93 106 0 93 106 0 71 106 0 169 106 0 169 106 0 71 106 0 73 106 0 169 106 0 73 106 0 106 106 0 106 106 0 73 106 0 74 106 0 106 106 0 74 106 0 166 106 0 166 106 0 74 106 0 107 106 0 107 106 0 74 106 0 76 106 0 107 106 0 76 106 0 155 106 0 155 106 0 76 106 0 121 106 0 155 106 0 121 106 0 108 106 0 108 106 0 121 106 0 57 106 0 108 106 0 57 106 0 109 106 0 109 106 0 57 106 0 58 106 0 109 106 0 58 106 0 151 106 0 151 106 0 58 106 0 120 106 0 151 106 0 120 106 0 110 106 0 110 106 0 120 106 0 111 106 0 111 106 0 120 106 0 112 106 0 90 106 0 93 106 0 183 106 0 183 106 0 93 106 0 170 106 0 170 106 0 93 106 0 169 106 0 90 106 0 183 106 0 184 106 0 90 106 0 184 106 0 187 106 0 90 106 0 187 106 0 88 106 0 88 106 0 187 106 0 193 106 0 88 106 0 193 106 0 100 106 0 100 106 0 193 106 0 114 106 0 100 106 0 114 106 0 117 106 0 117 106 0 114 106 0 113 106 0 117 106 0 113 106 0 31 106 0 31 106 0 113 106 0 135 106 0 31 106 0 135 106 0 29 106 0 29 106 0 135 106 0 140 106 0 29 106 0 140 106 0 112 106 0 29 106 0 112 106 0 118 106 0 118 106 0 112 106 0 120 106 0 118 106 0 120 106 0 63 106 0 118 106 0 63 106 0 54 106 0 25 276 0 15 1184 0 100 276 0 100 276 0 15 1184 0 88 1203 0 88 1203 0 15 1184 0 90 1204 0 99 1181 0 90 1204 0 15 1184 0 90 1204 0 99 1181 0 93 1205 0 98 1206 0 93 1205 0 99 1181 0 93 1205 0 98 1206 0 84 84 0 84 84 0 98 1206 0 95 1207 0 84 84 0 95 1207 0 94 84 0 84 84 0 94 84 0 80 84 0 80 84 0 94 84 0 16 84 0 16 84 0 18 1190 0 80 84 0 80 84 0 18 1190 0 71 1208 0 71 1208 0 18 1190 0 73 1209 0 19 1187 0 73 1209 0 18 1190 0 73 1209 0 19 1187 0 74 1210 0 79 1211 0 74 1210 0 19 1187 0 74 1210 0 79 1211 0 76 82 0 76 82 0 79 1211 0 23 1212 0 76 82 0 23 1212 0 78 82 0 121 82 0 76 82 0 78 82 0 121 82 0 78 82 0 68 82 0 68 82 0 67 1196 0 121 82 0 121 82 0 67 1196 0 57 1213 0 57 1213 0 67 1196 0 58 1214 0 6 1193 0 58 1214 0 67 1196 0 58 1214 0 6 1193 0 120 1215 0 10 1216 0 120 1215 0 6 1193 0 120 1215 0 10 1216 0 63 83 0 63 83 0 10 1216 0 11 1217 0 63 83 0 11 1217 0 64 83 0 54 83 0 63 83 0 13 83 0 13 83 0 63 83 0 64 83 0 13 83 0 53 1202 0 54 83 0 54 83 0 53 1202 0 118 1218 0 118 1218 0 53 1202 0 29 1219 0 43 1199 0 29 1219 0 53 1202 0 29 1219 0 43 1199 0 31 1220 0 39 1221 0 31 1220 0 43 1199 0 31 1220 0 39 1221 0 117 276 0 117 276 0 39 1221 0 36 1222 0 117 276 0 36 1222 0 14 276 0 100 276 0 117 276 0 25 276 0 25 276 0 117 276 0 14 276 0 94 215 0 95 215 0 16 215 0 16 215 0 95 215 0 18 215 0 18 215 0 95 215 0 98 215 0 18 215 0 98 215 0 99 215 0 18 215 0 99 215 0 19 215 0 19 215 0 99 215 0 15 215 0 19 215 0 15 215 0 79 215 0 79 215 0 15 215 0 25 215 0 79 215 0 25 215 0 23 215 0 23 215 0 25 215 0 78 215 0 78 215 0 25 215 0 14 215 0 78 215 0 14 215 0 68 215 0 68 215 0 14 215 0 36 215 0 68 215 0 36 215 0 67 215 0 67 215 0 36 215 0 39 215 0 67 215 0 39 215 0 43 215 0 67 215 0 43 215 0 6 215 0 6 215 0 43 215 0 53 215 0 6 215 0 53 215 0 10 215 0 10 215 0 53 215 0 13 215 0 10 215 0 13 215 0 11 215 0</p>
				</polylist>
			</mesh>
		</geometry>
		<geometry id="ID13">
			<mesh>
				<source id="ID14">
					<float_array id="ID15" count="1473" digits="2490374">-3.37508e-14 3 6.95 -1.76336 2.42705 7.15 -0.310355 2.73243 6.45 -0.915254 2.59322 6.45 0.954792 2.84401 6.95 1.11509 2.78506 6.95 -1.47352 2.3219 6.45 1.76849 2.42333 6.95 2.11352 2.12909 6.95 -1.72615 2.14077 6.45 -2.16229 1.69911 6.45 2.51983 1.62802 6.95 2.68156 1.34508 6.95 -2.48827 1.17089 6.45 -2.67199 -0.650372 6.45 2.97163 0.411579 6.95 2.99772 0.117264 6.95 2.99677 -0.139519 6.95 2.97802 -0.362514 6.95 2.94811 -0.555587 6.95 -2.58152 -0.947768 6.45 -2.3032 -1.50258 6.45 2.64304 -1.4193 6.95 2.39892 -1.80144 6.95 -1.90755 -1.98085 6.45 2.0285 -2.21026 6.95 1.8581 -2.35532 6.95 1.70085 -2.47126 6.95 1.55746 -2.56404 6.95 -1.67181 -2.18347 6.45 -1.13953 -2.50279 6.45 -0.866213 -2.61001 6.45 0.616745 -2.67995 6.45 0.915254 -2.59322 6.45 1.20207 -2.47336 6.45 -0.76765 -2.90013 6.95 1.95672 -1.93229 6.45 -1.11509 -2.78506 6.95 -1.38663 -2.66032 6.95 2.16229 -1.69911 6.45 2.34023 -1.44423 6.45 2.48827 -1.17089 6.45 2.60452 -0.882595 6.45 2.68749 -0.58302 6.45 -2.68156 -1.34508 6.95 -2.78215 -1.12233 6.95 2.73612 -0.275995 6.45 2.74978 0.0345566 6.45 -2.99772 -0.117264 6.95 -2.99677 0.139519 6.95 -2.97802 0.362514 6.95 -2.94811 0.555587 6.95 2.67199 0.650372 6.45 -2.8254 1.00854 6.95 2.58152 0.947768 6.45 -2.39892 1.80144 6.95 -2.21008 2.02869 6.95 -2.0285 2.21026 6.95 2.45806 1.23305 6.45 -1.70085 2.47126 6.95 2.3032 1.50258 6.45 1.90755 1.98085 6.45 1.41471 2.3582 6.45 0.866213 2.61001 6.45 -2.12132 2.12132 7.15 -5.53113e-14 -2.78 6.95 0.438726 2.71478 6.45 -2.67302 1.36197 7.15 0.711355 -2.68745 6.95 -0.192051 -1.38701 8.15 1.17849 -2.51785 6.95 -0.93714 -1.04021 8.15 -1.33626 -0.418046 8.15 1.95853 -1.97296 6.95 -1.36316 0.320027 8.15 2.23671 -1.65092 6.95 2.33505 -1.50863 6.95 -0.662223 1.23364 8.15 -0.368587 1.35064 8.15 -0.0562086 1.39891 8.15 2.77788 -0.108665 6.95 -1.83397e-14 1.4 8.15 0.937135 1.04021 8.15 2.73191 0.514844 6.95 1.33626 0.418046 8.15 2.57586 1.04564 6.95 1.39089 0.160244 8.15 2.223 1.66934 6.95 2.04801 1.87992 6.95 1.36316 -0.320027 8.15 1.72184 2.18259 6.95 1.57612 2.29004 6.95 0.881651 -1.08767 8.15 0.368589 -1.35063 8.15 0.0562149 -1.3989 8.15 0.401594 2.75084 6.95 -2.85317 0.927051 7.15 -0.273468 2.76653 6.95 -0.50905 2.73301 6.95 -1.26209 2.477 6.48 -1.96576 1.96576 6.48 -1.17849 2.51785 6.95 -2.24907 1.63404 6.48 -1.68672 2.20985 6.95 -2.477 1.26209 6.48 -2.11337 1.80612 6.95 -2.23671 1.65092 6.95 -2.33505 1.50863 6.95 -2.74577 0.434888 6.48 -2.74577 -0.434888 6.48 -2.75371 0.381396 6.95 -2.477 -1.26209 6.48 -1.96576 -1.96576 6.48 -1.63404 -2.24907 6.48 -1.26209 -2.477 6.48 -2.65572 -0.821914 6.95 -2.57586 -1.04564 6.95 -2.42036 -1.36759 6.95 -0.859067 -2.64394 6.48 -2.04801 -1.87992 6.95 -3.19365e-14 -2.75 6.45 -0.438726 -2.71478 6.45 -1.57612 -2.29004 6.95 -1.30571 -2.45429 6.95 -1.41471 -2.3582 6.45 -2.11891 -1.75292 6.45 -2.45806 -1.23305 6.45 -2.85317 -0.927051 7.15 3.28257e-14 -3 7.15 3.43447e-14 -3 6.95 0.433375 -2.96853 6.95 0.875848 -2.86931 6.95 1.29465 -2.70627 6.95 -2.72832 -0.344666 6.45 -2.74978 -0.0345566 6.45 -2.73612 0.275995 6.45 -2.68749 0.58302 6.45 2.21008 -2.02869 6.95 -2.60452 0.882595 6.45 -2.34023 1.44423 6.45 2.8254 -1.00854 6.95 2.91171 -0.722454 6.95 -1.95672 1.93229 6.45 -1.20207 2.47336 6.45 -0.616745 2.67995 6.45 2.86095e-14 2.75 6.45 -2.67302 -1.36197 7.15 2.89847 0.773888 6.95 2.78215 1.12233 6.95 1.26209 -2.477 6.48 1.96576 -1.96576 6.48 2.41372 1.78157 6.95 2.28062 1.94905 6.95 2.24907 -1.63404 6.48 2.477 -1.26209 6.48 1.38663 2.66032 6.95 2.74577 -0.434888 6.48 1.96576 1.96576 6.48 0.76765 2.90013 6.95 0.549335 2.94929 6.95 0.29511 2.98546 6.95 1.26209 2.477 6.48 -3.2519e-14 3 7.15 0.469303 2.96306 7.15 0.927051 2.85317 7.15 1.36197 2.67302 7.15 1.76336 2.42705 7.15 0.859067 2.64394 6.48 2.42705 1.76336 7.15 0.434888 2.74577 6.48 2.85317 0.927051 7.15 -3.25798e-14 2.78 6.48 3 4.06641e-14 7.15 2.96306 -0.469303 7.15 1.13953 2.50279 6.45 2.67302 -1.36197 7.15 2.42705 -1.76336 7.15 2.12132 -2.12132 7.15 1.67181 2.18347 6.45 1.36197 -2.67302 7.15 0.927051 -2.85317 7.15 2.11891 1.75292 6.45 -6.89196e-15 2.53359 7.85572 2.72832 0.344666 6.45 -0.433375 2.96853 6.95 -0.875848 2.86931 6.95 -1.29465 2.70627 6.95 -1.55746 2.56404 6.95 1.72615 -2.14077 6.45 -1.8581 2.35532 6.95 1.47352 -2.3219 6.45 0.310355 -2.73243 6.45 -5.59777e-14 -2.78 6.48 -2.64304 1.4193 6.95 -0.387918 1.9502 8.07989 -2.91171 0.722454 6.95 -0.760976 1.83716 8.07989 -1.1047 1.6533 8.07989 -1.4061 1.4061 8.07989 -1.6533 1.1047 8.07989 -2.97163 -0.411579 6.95 -2.89847 -0.773888 6.95 -1.83716 0.760976 8.07989 -1.9502 0.387918 8.07989 -2.51983 -1.62802 6.95 -2.41372 -1.78157 6.95 -2.28062 -1.94905 6.95 -2.11352 -2.12909 6.95 -1.76849 -2.42333 6.95 -1.98853 -7.92341e-15 8.07989 -1.9502 -0.387918 8.07989 -0.954792 -2.84401 6.95 -1.83716 -0.760976 8.07989 -0.549335 -2.94929 6.95 -0.29511 -2.98546 6.95 -1.6533 -1.1047 8.07989 -1.4061 -1.4061 8.07989 -0.469303 -2.96306 7.15 -0.927051 -2.85317 7.15 -1.1047 -1.6533 8.07989 -1.76336 -2.42705 7.15 -2.12132 -2.12132 7.15 -2.42705 -1.76336 7.15 -0.760976 -1.83716 8.07989 -0.387918 -1.9502 8.07989 -2.96306 -0.469303 7.15 -3 -3.17093e-14 7.15 -2.96306 0.469303 7.15 -0.443843 2.23135 7.98713 -0.870684 2.10202 7.98713 -2.42705 1.76336 7.15 -1.26396 1.89165 7.98713 -1.60881 1.60881 7.98713 -1.36197 2.67302 7.15 -0.927051 2.85317 7.15 -0.469303 2.96306 7.15 -1.89165 1.26396 7.98713 -1.36197 -2.67302 7.15 -2.10202 0.870684 7.98713 -2.23135 0.443843 7.98713 0.434888 -2.74577 6.48 0.859067 -2.64394 6.48 -2.27521 -3.68262e-15 7.98713 1.63404 -2.24907 6.48 -2.23135 -0.443843 7.98713 -2.10202 -0.870684 7.98713 -1.89165 -1.26396 7.98713 2.64394 -0.859067 6.48 -1.60881 -1.60881 7.98713 2.78 -1.97185e-14 6.48 2.74577 0.434888 6.48 2.64394 0.859067 6.48 2.477 1.26209 6.48 2.24907 1.63404 6.48 -1.26396 -1.89165 7.98713 1.63404 2.24907 6.48 -0.870684 -2.10202 7.98713 -0.443843 -2.23135 7.98713 -0.493772 2.48236 7.85725 -0.968628 2.33847 7.85725 -3.32179e-14 2.78 6.95 -1.40614 2.10444 7.85725 0.754245 2.67574 6.95 1.09142 2.5568 6.95 1.30571 2.45429 6.95 -1.78979 1.78979 7.85725 -2.10444 1.40614 7.85725 1.87975 2.04817 6.95 -2.33847 0.968628 7.85725 -2.48236 0.493772 7.85725 2.42036 1.36759 6.95 -2.53115 -8.52173e-16 7.85725 2.65572 0.821914 6.95 -2.48236 -0.493772 7.85725 2.75964 0.33593 6.95 2.777 0.129288 6.95 -2.33847 -0.968628 7.85725 2.75371 -0.381396 6.95 2.65434 -0.826364 6.95 2.48491 -1.24644 6.95 -2.10444 -1.40614 7.85725 -1.78979 -1.78979 7.85725 2.11337 -1.80612 6.95 -1.40614 -2.10444 7.85725 1.68672 -2.20985 6.95 1.38914 -2.40805 6.95 -0.968628 -2.33847 7.85725 0.884774 -2.63545 6.95 -0.493772 -2.48236 7.85725 0.50905 -2.73301 6.95 0.273468 -2.76653 6.95 2.55182e-14 -2.99126 7.25439 -0.534332 2.68627 7.69733 -0.434888 2.74577 6.48 -0.859067 2.64394 6.48 -1.04819 2.53056 7.69733 -1.63404 2.24907 6.48 -1.52165 2.27731 7.69733 -1.93681 1.93681 7.69733 -2.27731 1.52165 7.69733 -2.64394 0.859067 6.48 -2.53056 1.04819 7.69733 -2.78 7.04263e-15 6.48 -2.68627 0.534332 7.69733 -2.64394 -0.859067 6.48 -2.73906 3.42664e-16 7.69733 -2.24907 -1.63404 6.48 -2.68627 -0.534332 7.69733 -2.53056 -1.04819 7.69733 -2.27731 -1.52165 7.69733 -1.93681 -1.93681 7.69733 -0.434888 -2.74577 6.48 -1.52165 -2.27731 7.69733 -1.04819 -2.53056 7.69733 -0.401594 -2.75084 6.95 -0.754245 -2.67574 6.95 -1.09142 -2.5568 6.95 -0.534332 -2.68627 7.69733 -0.563309 2.83195 7.51818 -1.72184 -2.18259 6.95 -1.87975 -2.04817 6.95 -1.10504 2.6678 7.51818 -2.223 -1.66934 6.95 -1.60417 2.40081 7.51818 -2.04185 2.04185 7.51818 -2.40081 1.60417 7.51818 -2.73191 -0.514844 6.95 -2.75964 -0.33593 6.95 -2.777 -0.129288 6.95 -2.77788 0.108665 6.95 -2.6678 1.10504 7.51818 -2.65434 0.826364 6.95 -2.48491 1.24644 6.95 -2.83195 0.563309 7.51818 -2.88761 -1.2148e-16 7.51818 -2.83195 -0.563309 7.51818 -1.95853 1.97296 6.95 -2.6678 -1.10504 7.51818 -1.38914 2.40805 6.95 -2.40081 -1.60417 7.51818 -0.884774 2.63545 6.95 -0.711355 2.68745 6.95 -2.04185 -2.04185 7.51818 -1.60417 -2.40081 7.51818 -1.10504 -2.6678 7.51818 1.11915e-14 -2.92608 7.45044 -0.563309 -2.83195 7.51818 0.469303 -2.96306 7.15 -0.580021 2.91596 7.33201 -1.13782 2.74695 7.33201 1.76336 -2.42705 7.15 -1.65176 2.47204 7.33201 -2.10242 2.10242 7.33201 -2.47204 1.65176 7.33201 2.85317 -0.927051 7.15 -2.74695 1.13782 7.33201 -2.91596 0.580021 7.33201 2.96306 0.469303 7.15 -2.97328 -2.07136e-15 7.33201 2.67302 1.36197 7.15 -2.91596 -0.580021 7.33201 2.12132 2.12132 7.15 -2.74695 -1.13782 7.33201 -2.47204 -1.65176 7.33201 -2.10242 -2.10242 7.33201 -1.65176 -2.47204 7.33201 -1.13782 -2.74695 7.33201 -2.35332e-14 2.96424 7.36024 -1.56229e-14 2.84917 7.57385 -1.00606e-14 2.71213 7.72225 -0.580021 -2.91596 7.33201 -4.98389e-15 2.3207 7.96784 -6.20733e-15 2.08367 8.05411 -1.13088e-14 1.7392 8.12727 -3.26978e-15 -2.79163 7.64345 0.191826 1.38702 8.15 0.4248 1.33414 8.15 0.762732 1.17429 8.15 -0.881651 1.08767 8.15 1.08853 0.880642 8.15 1.23426 0.661042 8.15 -1.06984 0.903198 8.15 -1.19786 0.725 8.15 1.39628 -0.103211 8.15 -1.29625 0.528894 8.15 1.29625 -0.528894 8.15 1.19786 -0.725 8.15 1.06984 -0.903198 8.15 -1.39628 0.103211 8.15 0.662223 -1.23364 8.15 -1.39089 -0.160244 8.15 -1.23426 -0.661042 8.15 -1.08853 -0.880642 8.15 -4.2218e-14 -1.68975 8.13347 -3.74019e-14 -1.98619 8.08047 -3.12704e-14 -2.22569 8.00656 -2.34859e-14 -2.44638 7.9065 -1.4117e-14 -2.63777 7.78366 -0.762743 -1.17428 8.15 -0.425187 -1.33403 8.15 -4.44977e-14 -1.4 8.15 0.387918 -1.9502 8.07989 0.580021 2.91596 7.33201 1.13782 2.74695 7.33201 1.65176 2.47204 7.33201 2.10242 2.10242 7.33201 2.47204 1.65176 7.33201 2.74695 1.13782 7.33201 2.91596 0.580021 7.33201 2.97328 -1.32859e-15 7.33201 2.91596 -0.580021 7.33201 2.74695 -1.13782 7.33201 2.47204 -1.65176 7.33201 2.10242 -2.10242 7.33201 1.65176 -2.47204 7.33201 1.13782 -2.74695 7.33201 0.580021 -2.91596 7.33201 0.563309 2.83195 7.51818 1.10504 2.6678 7.51818 1.60417 2.40081 7.51818 2.04185 2.04185 7.51818 2.40081 1.60417 7.51818 2.6678 1.10504 7.51818 2.83195 0.563309 7.51818 2.88761 -2.19513e-15 7.51818 2.83195 -0.563309 7.51818 2.6678 -1.10504 7.51818 2.40081 -1.60417 7.51818 2.04185 -2.04185 7.51818 1.60417 -2.40081 7.51818 1.10504 -2.6678 7.51818 0.563309 -2.83195 7.51818 0.534332 2.68627 7.69733 1.04819 2.53056 7.69733 1.52165 2.27731 7.69733 1.93681 1.93681 7.69733 2.27731 1.52165 7.69733 2.53056 1.04819 7.69733 2.68627 0.534332 7.69733 2.73906 -4.32407e-15 7.69733 2.68627 -0.534332 7.69733 2.53056 -1.04819 7.69733 2.27731 -1.52165 7.69733 1.93681 -1.93681 7.69733 1.52165 -2.27731 7.69733 1.04819 -2.53056 7.69733 0.534332 -2.68627 7.69733 0.493772 2.48236 7.85725 0.968628 2.33847 7.85725 1.40614 2.10444 7.85725 1.78979 1.78979 7.85725 2.10444 1.40614 7.85725 2.33847 0.968628 7.85725 2.48236 0.493772 7.85725 2.53115 -6.03528e-15 7.85725 2.48236 -0.493772 7.85725 2.33847 -0.968628 7.85725 2.10444 -1.40614 7.85725 1.78979 -1.78979 7.85725 1.40614 -2.10444 7.85725 0.968628 -2.33847 7.85725 0.493772 -2.48236 7.85725 0.443843 2.23135 7.98713 0.870684 2.10202 7.98713 1.26396 1.89165 7.98713 1.60881 1.60881 7.98713 1.89165 1.26396 7.98713 2.10202 0.870684 7.98713 2.23135 0.443843 7.98713 2.27521 -8.236e-15 7.98713 2.23135 -0.443843 7.98713 2.10202 -0.870684 7.98713 1.89165 -1.26396 7.98713 1.60881 -1.60881 7.98713 1.26396 -1.89165 7.98713 0.870684 -2.10202 7.98713 0.443843 -2.23135 7.98713 0.387918 1.9502 8.07989 0.760976 1.83716 8.07989 1.1047 1.6533 8.07989 1.4061 1.4061 8.07989 1.6533 1.1047 8.07989 1.83716 0.760976 8.07989 1.9502 0.387918 8.07989 1.98853 -1.03762e-14 8.07989 1.9502 -0.387918 8.07989 1.83716 -0.760976 8.07989 1.6533 -1.1047 8.07989 1.4061 -1.4061 8.07989 1.1047 -1.6533 8.07989 0.760976 -1.83716 8.07989</float_array>
					<technique_common>
						<accessor count="491" source="#ID15" stride="3">
							<param name="X" type="float"/>
							<param name="Y" type="float"/>
							<param name="Z" type="float"/>
						</accessor>
					</technique_common>
				</source>
				<source id="ID16">
					<float_array id="ID17" count="1515" digits="2490374">0 0 -1 0 1 -0 0.156406 0.987688 -0 0.0983438 0.995094 -0 0.183094 0.983063 -0 0.255844 0.966688 -0 0.308969 0.951031 -0 0.31825 0.948 -0 0.371688 0.928344 -0 0.462156 0.886719 -0 0.453969 0.890969 -0 0.587781 0.809 -0 0.589469 0.807719 -0 0.707094 0.707094 -0 0.7045 0.709656 -0 0.760188 0.649625 -0 0.809 0.587781 -0 0.804563 0.593844 -0 0.839938 0.542625 -0 0.890969 0.453969 -0 0.893844 0.448344 -0 0.927375 0.374063 -0 0.951031 0.308969 -0 0.966125 0.257906 -0 0.987688 0.156406 -0 0.990531 0.137156 -0 1 0 -0 0.999219 0.0390625 -0 0.998906 -0.0465 -0 0.987688 -0.156406 -0 0.992625 -0.120781 -0 0.982656 -0.185188 -0 0.970563 -0.240781 -0 0.951031 -0.308969 -0 0.94175 -0.336125 -0 0.880969 -0.473062 -0 0.890969 -0.453969 -0 0.809 -0.587781 -0 0.799594 -0.600469 -0 0.707094 -0.707094 -0 0.736656 -0.676188 -0 0.676125 -0.73675 -0 0.619344 -0.785062 -0 0.587781 -0.809 -0 0.566938 -0.82375 -0 0.453969 -0.890969 -0 0.519094 -0.854656 -0 0.431531 -0.902031 -0 0.308969 -0.951031 -0 0.291938 -0.956375 -0 0.156406 -0.987688 -0 0.144438 -0.989469 -0 0 -1 -0 -0.156406 -0.987688 -0 -0.0983438 -0.995094 -0 -0.183094 -0.983063 -0 -0.255844 -0.966688 -0 -0.308969 -0.951031 -0 -0.31825 -0.948 -0 -0.371688 -0.928344 -0 -0.462156 -0.886719 -0 -0.453969 -0.890969 -0 -0.587781 -0.809 -0 -0.589469 -0.807719 -0 -0.707094 -0.707094 -0 -0.7045 -0.709656 -0 -0.760188 -0.649625 -0 -0.809 -0.587781 -0 -0.804563 -0.593844 -0 -0.839938 -0.542625 -0 -0.890969 -0.453969 -0 -0.893844 -0.448344 -0 -0.927375 -0.374063 -0 -0.951031 -0.308969 -0 -0.966125 -0.257906 -0 -0.987688 -0.156406 -0 -0.990531 -0.137156 -0 -1 0 -0 -0.999219 -0.0390625 -0 -0.998906 0.0465 -0 -0.987688 0.156406 -0 -0.992625 0.120781 -0 -0.982656 0.185188 -0 -0.970563 0.240781 -0 -0.951031 0.308969 -0 -0.94175 0.336125 -0 -0.880969 0.473062 -0 -0.890969 0.453969 -0 -0.809 0.587781 -0 -0.799594 0.600469 -0 -0.707094 0.707094 -0 -0.736656 0.676188 -0 -0.676125 0.73675 -0 -0.619344 0.785062 -0 -0.587781 0.809 -0 -0.566938 0.82375 -0 -0.453969 0.890969 -0 -0.519094 0.854656 -0 -0.431531 0.902031 -0 -0.308969 0.951031 -0 -0.291938 0.956375 -0 -0.156406 0.987688 -0 -0.144438 0.989469 -0 0.144438 0.989469 -0 0.27125 0.962438 -0 0.392563 0.919688 -0 0.469656 0.882812 -0 0.566938 0.82375 -0 0.619344 0.785062 -0 0.676125 0.73675 -0 0.736656 0.676188 -0 0.799594 0.600469 -0 0.870625 0.491906 -0 0.926531 0.376125 -0 0.955281 0.295625 -0 0.982656 0.185188 -0 0.992625 0.120781 -0 0.998906 0.0465 -0 0.999219 -0.0390625 -0 0.990531 -0.137156 -0 0.95475 -0.29725 -0 0.893844 -0.448344 -0 0.839938 -0.542625 -0 0.804563 -0.593844 -0 0.760188 -0.649625 -0 0.7045 -0.709656 -0 0.606719 -0.794906 -0 0.499656 -0.866188 -0 0.423875 -0.905688 -0 0.31825 -0.948 -0 0.255844 -0.966688 -0 0.183094 -0.983063 -0 0.0983438 -0.995094 -0 -0.144438 -0.989469 -0 -0.27125 -0.962438 -0 -0.392563 -0.919688 -0 -0.469656 -0.882812 -0 -0.566938 -0.82375 -0 -0.619344 -0.785062 -0 -0.676125 -0.73675 -0 -0.736656 -0.676188 -0 -0.799594 -0.600469 -0 -0.870625 -0.491906 -0 -0.926531 -0.376125 -0 -0.955281 -0.295625 -0 -0.982656 -0.185188 -0 -0.992625 -0.120781 -0 -0.998906 -0.0465 -0 -0.999219 0.0390625 -0 -0.990531 0.137156 -0 -0.95475 0.29725 -0 -0.893844 0.448344 -0 -0.839938 0.542625 -0 -0.804563 0.593844 -0 -0.760188 0.649625 -0 -0.7045 0.709656 -0 -0.606719 0.794906 -0 -0.499656 0.866188 -0 -0.423875 0.905688 -0 -0.31825 0.948 -0 -0.255844 0.966688 -0 -0.183094 0.983063 -0 -0.0983438 0.995094 -0 0 -0.238906 0.971 0.0468125 -0.235375 0.970719 0 -0.352375 0.935844 0 -0.114281 0.993438 0 0 1 0 -3.125e-05 0.999969 0.0918125 -0.221687 0.970719 3.125e-05 -6.25e-05 0.999969 0.133344 -0.199563 0.970719 3.125e-05 -3.125e-05 0.999969 0.169656 -0.169656 0.970719 0.199563 -0.133344 0.970719 6.25e-05 -3.125e-05 0.999969 0.221687 -0.0918125 0.970719 0.235375 -0.0468125 0.970719 9.375e-05 0 0.999969 3.125e-05 0 0.999969 0.239937 0 0.970719 0.235375 0.0468125 0.970719 0.221687 0.0918125 0.970719 3.125e-05 3.125e-05 0.999969 0.199563 0.133344 0.970719 6.25e-05 3.125e-05 0.999969 0.169656 0.169656 0.970719 0 3.125e-05 0.999969 0.133344 0.199563 0.970719 6.25e-05 9.375e-05 0.999969 0.0918125 0.221687 0.970719 0 6.25e-05 0.999969 0.0468125 0.235375 0.970719 0 9.375e-05 0.999969 0 0.134312 0.990875 0.0737187 -0.370813 0.92575 0 -0.475344 0.87975 0.144656 -0.349281 0.92575 0.210031 -0.314375 0.92575 0.267281 -0.267281 0.925781 0.314375 -0.210031 0.92575 0.349281 -0.144656 0.92575 0.370813 -0.0737187 0.92575 0.378031 0 0.92575 0.370813 0.0737187 0.92575 0.349281 0.144656 0.92575 0.314375 0.210031 0.92575 0.267281 0.267281 0.925781 0.210031 0.314375 0.92575 0.144656 0.349281 0.92575 0.0737187 0.370813 0.92575 0 0.28325 0.959 0.103312 -0.519656 0.848063 0 -0.606562 0.794937 0.202719 -0.489469 0.848063 0.294375 -0.440531 0.848063 0.374656 -0.374656 0.848063 0.440531 -0.294375 0.848063 0.489469 -0.202719 0.848063 0.519656 -0.103312 0.848063 0.529813 0 0.848063 0.519656 0.103312 0.848063 0.489469 0.202719 0.848063 0.440531 0.294375 0.848063 0.374656 0.374656 0.848063 0.294375 0.440531 0.848063 0.202719 0.489469 0.848063 0.103312 0.519656 0.848063 0 0.4025 0.915344 0.134781 -0.677625 0.722875 0 -0.740438 0.672063 0.264375 -0.63825 0.722938 0.383812 -0.574437 0.722875 0.488531 -0.488531 0.722938 0.574437 -0.383812 0.722875 0.63825 -0.264375 0.722938 0.677625 -0.134781 0.722875 0.690844 0 0.722938 0.677625 0.134781 0.722875 0.63825 0.264375 0.722938 0.574437 0.383812 0.722875 0.488531 0.488531 0.722938 0.383812 0.574437 0.722875 0.264375 0.63825 0.722938 0.134781 0.677625 0.722875 0 0.667156 0.744875 0 0.531438 0.847063 0.16475 -0.828469 0.535156 0 -0.892969 0.450063 0.323219 -0.780375 0.535156 0.469281 -0.702344 0.535156 0.597281 -0.597281 0.535156 0.702344 -0.469281 0.535156 0.780375 -0.323219 0.535156 0.828469 -0.16475 0.535156 0.844719 0 0.535156 0.828469 0.16475 0.535156 0.780375 0.323219 0.535156 0.702344 0.469281 0.535156 0.597281 0.597281 0.535156 0.469281 0.702344 0.535156 0.323219 0.780375 0.535156 0.16475 0.828469 0.535156 0 0.800438 0.599344 0.187031 -0.940406 0.283938 0 -0.986188 0.165625 0.366906 -0.885844 0.283938 0.532656 -0.797188 0.283938 0.677969 -0.677969 0.283938 0.797188 -0.532656 0.283938 0.885844 -0.366906 0.283938 0.940406 -0.187031 0.283938 0.958781 0 0.283938 0.940406 0.187031 0.283938 0.885844 0.366906 0.283938 0.797188 0.532656 0.283938 0.677969 0.677969 0.283938 0.532656 0.797188 0.283938 0.366906 0.885844 0.283938 0.187031 0.940406 0.283938 0 0.945531 0.325344 0.156656 -0.987625 -0 0.308531 -0.951156 -0 0.454406 -0.89075 -0 0.587563 -0.809125 -0 0.809125 -0.587563 -0 0.89075 -0.454406 -0 0.951156 -0.308531 -0 0.987625 -0.156656 -0 0.987625 0.156656 -0 0.951156 0.308531 -0 0.89075 0.454406 -0 0.809125 0.587563 -0 0.587563 0.809125 -0 0.454406 0.89075 -0 0.308531 0.951156 -0 0.156656 0.987625 -0 -0.0468125 0.235375 0.970719 -0.0918125 0.221687 0.970719 -3.125e-05 6.25e-05 0.999969 -0.133344 0.199563 0.970719 -3.125e-05 3.125e-05 0.999969 -0.169656 0.169656 0.970719 -0.199563 0.133344 0.970719 -6.25e-05 3.125e-05 0.999969 -0.221687 0.0918125 0.970719 -0.235375 0.0468125 0.970719 -9.375e-05 0 0.999969 -3.125e-05 0 0.999969 -0.239937 0 0.970719 -0.235375 -0.0468125 0.970719 -0.221687 -0.0918125 0.970719 -3.125e-05 -3.125e-05 0.999969 -0.199563 -0.133344 0.970719 -6.25e-05 -3.125e-05 0.999969 -0.169656 -0.169656 0.970719 -0.133344 -0.199563 0.970719 -6.25e-05 -9.375e-05 0.999969 -0.0918125 -0.221687 0.970719 0 -6.25e-05 0.999969 -0.0468125 -0.235375 0.970719 0 -9.375e-05 0.999969 -0.0737187 0.370813 0.92575 -0.144656 0.349281 0.92575 -0.210031 0.314375 0.92575 -0.267281 0.267281 0.925781 -0.314375 0.210031 0.92575 -0.349281 0.144656 0.92575 -0.370813 0.0737187 0.92575 -0.378031 0 0.92575 -0.370813 -0.0737187 0.92575 -0.349281 -0.144656 0.92575 -0.314375 -0.210031 0.92575 -0.267281 -0.267281 0.925781 -0.210031 -0.314375 0.92575 -0.144656 -0.349281 0.92575 -0.0737187 -0.370813 0.92575 -0.103312 0.519656 0.848063 -0.202719 0.489469 0.848063 -0.294375 0.440531 0.848063 -0.374656 0.374656 0.848063 -0.440531 0.294375 0.848063 -0.489469 0.202719 0.848063 -0.519656 0.103312 0.848063 -0.529813 0 0.848063 -0.519656 -0.103312 0.848063 -0.489469 -0.202719 0.848063 -0.440531 -0.294375 0.848063 -0.374656 -0.374656 0.848063 -0.294375 -0.440531 0.848063 -0.202719 -0.489469 0.848063 -0.103312 -0.519656 0.848063 -0.134781 0.677625 0.722875 -0.264375 0.63825 0.722938 -0.383812 0.574437 0.722875 -0.488531 0.488531 0.722938 -0.574437 0.383812 0.722875 -0.63825 0.264375 0.722938 -0.677625 0.134781 0.722875 -0.690844 0 0.722938 -0.677625 -0.134781 0.722875 -0.63825 -0.264375 0.722938 -0.574437 -0.383812 0.722875 -0.488531 -0.488531 0.722938 -0.383812 -0.574437 0.722875 -0.264375 -0.63825 0.722938 -0.134781 -0.677625 0.722875 -0.16475 0.828469 0.535156 -0.323219 0.780375 0.535156 -0.469281 0.702344 0.535156 -0.597281 0.597281 0.535156 -0.702344 0.469281 0.535156 -0.780375 0.323219 0.535156 -0.828469 0.16475 0.535156 -0.844719 0 0.535156 -0.828469 -0.16475 0.535156 -0.780375 -0.323219 0.535156 -0.702344 -0.469281 0.535156 -0.597281 -0.597281 0.535156 -0.469281 -0.702344 0.535156 -0.323219 -0.780375 0.535156 -0.16475 -0.828469 0.535156 -0.187031 0.940406 0.283938 -0.366906 0.885844 0.283938 -0.532656 0.797188 0.283938 -0.677969 0.677969 0.283938 -0.797188 0.532656 0.283938 -0.885844 0.366906 0.283938 -0.940406 0.187031 0.283938 -0.958781 0 0.283938 -0.940406 -0.187031 0.283938 -0.885844 -0.366906 0.283938 -0.797188 -0.532656 0.283938 -0.677969 -0.677969 0.283938 -0.532656 -0.797188 0.283938 -0.366906 -0.885844 0.283938 -0.187031 -0.940406 0.283938 -0.156656 0.987625 -0 -0.308531 0.951156 -0 -0.454406 0.89075 -0 -0.587563 0.809125 -0 -0.809125 0.587563 -0 -0.89075 0.454406 -0 -0.951156 0.308531 -0 -0.987625 0.156656 -0 -0.987625 -0.156656 -0 -0.951156 -0.308531 -0 -0.89075 -0.454406 -0 -0.809125 -0.587563 -0 -0.587563 -0.809125 -0 -0.454406 -0.89075 -0 -0.308531 -0.951156 -0 -0.156656 -0.987625 -0 0 -0.707094 -0.707094 0.07975 -0.702563 -0.707094 0.110594 -0.698344 -0.707094 0.158531 -0.689094 -0.707094 0.2185 -0.672437 -0.707094 0.235313 -0.66675 -0.707094 0.309063 -0.635938 -0.707094 0.321 -0.63 -0.707094 0.378844 -0.597 -0.707094 0.415625 -0.572031 -0.707094 0.443844 -0.550438 -0.707094 0.5 -0.5 -0.707094 0.503125 -0.496844 -0.707094 0.555969 -0.436844 -0.707094 0.572031 -0.415625 -0.707094 0.601687 -0.371344 -0.707094 0.63 -0.321 -0.707094 0.63975 -0.301031 -0.707094 0.672437 -0.2185 -0.707094 0.669688 -0.226938 -0.707094 0.691031 -0.149875 -0.707094 0.698344 -0.110594 -0.707094 0.703531 -0.0709063 -0.707094 0.707094 0 -0.707094 0.707031 0.008875 -0.707094 0.701469 0.0885938 -0.707094 0.698344 0.110594 -0.707094 0.687031 0.167187 -0.707094 0.672437 0.2185 -0.707094 0.66375 0.243656 -0.707094 0.632031 0.317031 -0.707094 0.63 0.321 -0.707094 0.592219 0.386313 -0.707094 0.572031 0.415625 -0.707094 0.544813 0.450719 -0.707094 0.5 0.5 -0.707094 0.490438 0.509313 -0.707094 0.429844 0.561406 -0.707094 0.415625 0.572031 -0.707094 0.36375 0.606313 -0.707094 0.321 0.63 -0.707094 0.293 0.643531 -0.707094 0.2185 0.672437 -0.707094 0.222687 0.671094 -0.707094 0.11275 0.698 -0.707094 0.110594 0.698344 -0.707094 0 0.707094 -0.707094 -0.07975 0.702563 -0.707094 -0.110594 0.698344 -0.707094 -0.158531 0.689094 -0.707094 -0.2185 0.672437 -0.707094 -0.235313 0.66675 -0.707094 -0.309063 0.635938 -0.707094 -0.321 0.63 -0.707094 -0.378844 0.597 -0.707094 -0.415625 0.572031 -0.707094 -0.443844 0.550438 -0.707094 -0.5 0.5 -0.707094 -0.503125 0.496844 -0.707094 -0.555969 0.436844 -0.707094 -0.572031 0.415625 -0.707094 -0.601687 0.371344 -0.707094 -0.63 0.321 -0.707094 -0.63975 0.301031 -0.707094 -0.672437 0.2185 -0.707094 -0.669688 0.226938 -0.707094 -0.691031 0.149875 -0.707094 -0.698344 0.110594 -0.707094 -0.703531 0.0709063 -0.707094 -0.707094 0 -0.707094 -0.707031 -0.008875 -0.707094 -0.701469 -0.0885938 -0.707094 -0.698344 -0.110594 -0.707094 -0.687031 -0.167187 -0.707094 -0.672437 -0.2185 -0.707094 -0.66375 -0.243656 -0.707094 -0.632031 -0.317031 -0.707094 -0.63 -0.321 -0.707094 -0.592219 -0.386313 -0.707094 -0.572031 -0.415625 -0.707094 -0.544813 -0.450719 -0.707094 -0.5 -0.5 -0.707094 -0.490438 -0.509313 -0.707094 -0.429844 -0.561406 -0.707094 -0.415625 -0.572031 -0.707094 -0.36375 -0.606313 -0.707094 -0.321 -0.63 -0.707094 -0.293 -0.643531 -0.707094 -0.2185 -0.672437 -0.707094 -0.222687 -0.671094 -0.707094 -0.11275 -0.698 -0.707094 -0.110594 -0.698344 -0.707094</float_array>
					<technique_common>
						<accessor count="505" source="#ID17" stride="3">
							<param name="X" type="float"/>
							<param name="Y" type="float"/>
							<param name="Z" type="float"/>
						</accessor>
					</technique_common>
				</source>
				<source id="ID18">
					<float_array id="ID19" count="2" digits="2490374">0 1</float_array>
					<technique_common>
						<accessor count="1" source="#ID19" stride="2">
							<param name="S" type="float"/>
							<param name="T" type="float"/>
						</accessor>
					</technique_common>
				</source>
				<vertices id="ID20">
					<input semantic="POSITION" source="#ID14"/>
				</vertices>
				<polylist count="978">
					<input offset="0" semantic="VERTEX" source="#ID20" set="0"/>
					<input offset="1" semantic="NORMAL" source="#ID16" set="0"/>
					<input offset="2" semantic="TEXCOORD" source="#ID18" set="0"/>
					<vcount>3 3 3 3 3 3 3 3 3 3 3 3 3 3 3 3 3 3 3 3 3 3 3 3 3 3 3 3 3 3 3 3 3 3 3 3 3 3 3 3 3 3 3 3 3 3 3 3 3 3 3 3 3 3 3 3 3 3 3 3 3 3 3 3 3 3 3 3 3 3 3 3 3 3 3 3 3 3 3 3 3 3 3 3 3 3 3 3 3 3 3 3 3 3 3 3 3 3 3 3 3 3 3 3 3 3 3 3 3 3 3 3 3 3 3 3 3 3 3 3 3 3 3 3 3 3 3 3 3 3 3 3 3 3 3 3 3 3 3 3 3 3 3 3 3 3 3 3 3 3 3 3 3 3 3 3 3 3 3 3 3 3 3 3 3 3 3 3 3 3 3 3 3 3 3 3 3 3 3 3 3 3 3 3 3 3 3 3 3 3 3 3 3 3 3 3 3 3 3 3 3 3 3 3 3 3 3 3 3 3 3 3 3 3 3 3 3 3 3 3 3 3 3 3 3 3 3 3 3 3 3 3 3 3 3 3 3 3 3 3 3 3 3 3 3 3 3 3 3 3 3 3 3 3 3 3 3 3 3 3 3 3 3 3 3 3 3 3 3 3 3 3 3 3 3 3 3 3 3 3 3 3 3 3 3 3 3 3 3 3 3 3 3 3 3 3 3 3 3 3 3 3 3 3 3 3 3 3 3 3 3 3 3 3 3 3 3 3 3 3 3 3 3 3 3 3 3 3 3 3 3 3 3 3 3 3 3 3 3 3 3 3 3 3 3 3 3 3 3 3 3 3 3 3 3 3 3 3 3 3 3 3 3 3 3 3 3 3 3 3 3 3 3 3 3 3 3 3 3 3 3 3 3 3 3 3 3 3 3 3 3 3 3 3 3 3 3 3 3 3 3 3 3 3 3 3 3 3 3 3 3 3 3 3 3 3 3 3 3 3 3 3 3 3 3 3 3 3 3 3 3 3 3 3 3 3 3 3 3 3 3 3 3 3 3 3 3 3 3 3 3 3 3 3 3 3 3 3 3 3 3 3 3 3 3 3 3 3 3 3 3 3 3 3 3 3 3 3 3 3 3 3 3 3 3 3 3 3 3 3 3 3 3 3 3 3 3 3 3 3 3 3 3 3 3 3 3 3 3 3 3 3 3 3 3 3 3 3 3 3 3 3 3 3 3 3 3 3 3 3 3 3 3 3 3 3 3 3 3 3 3 3 3 3 3 3 3 3 3 3 3 3 3 3 3 3 3 3 3 3 3 3 3 3 3 3 3 3 3 3 3 3 3 3 3 3 3 3 3 3 3 3 3 3 3 3 3 3 3 3 3 3 3 3 3 3 3 3 3 3 3 3 3 3 3 3 3 3 3 3 3 3 3 3 3 3 3 3 3 3 3 3 3 3 3 3 3 3 3 3 3 3 3 3 3 3 3 3 3 3 3 3 3 3 3 3 3 3 3 3 3 3 3 3 3 3 3 3 3 3 3 3 3 3 3 3 3 3 3 3 3 3 3 3 3 3 3 3 3 3 3 3 3 3 3 3 3 3 3 3 3 3 3 3 3 3 3 3 3 3 3 3 3 3 3 3 3 3 3 3 3 3 3 3 3 3 3 3 3 3 3 3 3 3 3 3 3 3 3 3 3 3 3 3 3 3 3 3 3 3 3 3 3 3 3 3 3 3 3 3 3 3 3 3 3 3 3 3 3 3 3 3 3 3 3 3 3 3 3 3 3 3 3 3 3 3 3 3 3 3 3 3 3 3 3 3 3 3 3 3 3 3 3 3 3 3 3 3 3 3 3 3 3 3 3 3 3 3 3 3 3 3 3 3 3 3 3 3 3 3 3 3 3 3 3 3 3 3 3 3 3 3 3 3 3 3 3 3 3 3 3 3 3 3 3 3 3 3 3 3 3 3 3 3 3 3 3 3 3 3 3 3 3 3 3 3 3 3 3 3 3 3 3 3 3 3 3 3 3 3 3 3 3 3 3 3 3 3 3 3 3 3 3 3 3 3 3 3 3 3 3 3 3 3 3 3 3 3 3 3 3 3 3 3 3 3 3 3 3 3 3 3 3 3 3 3 3 3 3 3 3 3 3 3 3 3 3 3 3 3 3 3 3 3 3 3 3 3 3 3 3 3 3 3 3 3 3 3 3 3 3 3 3 3 3 3 3 3 3 3 3 3 3 3 3 3 3 3</vcount>
					<p>160 0 0 159 0 0 158 0 0 160 0 0 158 0 0 4 0 0 160 0 0 4 0 0 0 0 0 0 0 0 4 0 0 5 0 0 0 0 0 5 0 0 155 0 0 0 0 0 155 0 0 184 0 0 184 0 0 155 0 0 262 0 0 262 0 0 155 0 0 7 0 0 184 0 0 262 0 0 95 0 0 262 0 0 7 0 0 263 0 0 263 0 0 7 0 0 8 0 0 263 0 0 8 0 0 264 0 0 264 0 0 8 0 0 91 0 0 91 0 0 8 0 0 90 0 0 90 0 0 8 0 0 152 0 0 90 0 0 152 0 0 267 0 0 267 0 0 152 0 0 88 0 0 88 0 0 152 0 0 151 0 0 88 0 0 151 0 0 87 0 0 87 0 0 151 0 0 11 0 0 87 0 0 11 0 0 12 0 0 87 0 0 12 0 0 270 0 0 270 0 0 12 0 0 148 0 0 270 0 0 148 0 0 85 0 0 85 0 0 148 0 0 147 0 0 85 0 0 147 0 0 272 0 0 272 0 0 147 0 0 15 0 0 272 0 0 15 0 0 83 0 0 83 0 0 15 0 0 274 0 0 274 0 0 15 0 0 16 0 0 274 0 0 16 0 0 275 0 0 275 0 0 16 0 0 17 0 0 275 0 0 17 0 0 80 0 0 80 0 0 17 0 0 18 0 0 80 0 0 18 0 0 277 0 0 277 0 0 18 0 0 19 0 0 277 0 0 19 0 0 278 0 0 278 0 0 19 0 0 141 0 0 278 0 0 141 0 0 140 0 0 278 0 0 140 0 0 279 0 0 279 0 0 140 0 0 22 0 0 279 0 0 22 0 0 76 0 0 76 0 0 22 0 0 23 0 0 76 0 0 23 0 0 75 0 0 75 0 0 23 0 0 282 0 0 282 0 0 23 0 0 137 0 0 282 0 0 137 0 0 73 0 0 73 0 0 137 0 0 284 0 0 284 0 0 137 0 0 25 0 0 284 0 0 25 0 0 26 0 0 284 0 0 26 0 0 285 0 0 285 0 0 26 0 0 27 0 0 285 0 0 27 0 0 28 0 0 285 0 0 28 0 0 70 0 0 70 0 0 28 0 0 132 0 0 70 0 0 132 0 0 287 0 0 287 0 0 132 0 0 131 0 0 287 0 0 131 0 0 68 0 0 68 0 0 131 0 0 289 0 0 289 0 0 131 0 0 290 0 0 290 0 0 131 0 0 130 0 0 290 0 0 130 0 0 65 0 0 65 0 0 130 0 0 314 0 0 185 0 0 184 0 0 95 0 0 185 0 0 95 0 0 260 0 0 185 0 0 260 0 0 97 0 0 185 0 0 97 0 0 98 0 0 185 0 0 98 0 0 186 0 0 186 0 0 98 0 0 341 0 0 186 0 0 341 0 0 340 0 0 186 0 0 340 0 0 101 0 0 186 0 0 101 0 0 187 0 0 187 0 0 101 0 0 338 0 0 187 0 0 338 0 0 59 0 0 59 0 0 338 0 0 103 0 0 59 0 0 103 0 0 189 0 0 189 0 0 103 0 0 57 0 0 57 0 0 103 0 0 336 0 0 57 0 0 336 0 0 56 0 0 56 0 0 336 0 0 55 0 0 55 0 0 336 0 0 105 0 0 55 0 0 105 0 0 106 0 0 55 0 0 106 0 0 193 0 0 193 0 0 106 0 0 107 0 0 193 0 0 107 0 0 332 0 0 193 0 0 332 0 0 53 0 0 53 0 0 332 0 0 331 0 0 53 0 0 331 0 0 195 0 0 195 0 0 331 0 0 110 0 0 195 0 0 110 0 0 51 0 0 51 0 0 110 0 0 50 0 0 50 0 0 110 0 0 329 0 0 50 0 0 329 0 0 49 0 0 49 0 0 329 0 0 328 0 0 49 0 0 328 0 0 48 0 0 48 0 0 328 0 0 327 0 0 48 0 0 327 0 0 200 0 0 200 0 0 327 0 0 326 0 0 200 0 0 326 0 0 201 0 0 201 0 0 326 0 0 115 0 0 201 0 0 115 0 0 116 0 0 201 0 0 116 0 0 45 0 0 45 0 0 116 0 0 117 0 0 45 0 0 117 0 0 44 0 0 44 0 0 117 0 0 322 0 0 44 0 0 322 0 0 204 0 0 204 0 0 322 0 0 119 0 0 204 0 0 119 0 0 205 0 0 205 0 0 119 0 0 206 0 0 206 0 0 119 0 0 320 0 0 206 0 0 320 0 0 207 0 0 207 0 0 320 0 0 319 0 0 207 0 0 319 0 0 122 0 0 207 0 0 122 0 0 208 0 0 208 0 0 122 0 0 123 0 0 208 0 0 123 0 0 316 0 0 208 0 0 316 0 0 315 0 0 208 0 0 315 0 0 38 0 0 38 0 0 315 0 0 314 0 0 38 0 0 314 0 0 130 0 0 38 0 0 130 0 0 129 0 0 38 0 0 129 0 0 37 0 0 37 0 0 129 0 0 214 0 0 37 0 0 214 0 0 211 0 0 211 0 0 214 0 0 35 0 0 35 0 0 214 0 0 213 0 0 162 1 0 163 2 0 0 1 0 0 1 0 163 2 0 160 3 0 160 3 0 163 2 0 159 4 0 158 5 0 159 4 0 163 2 0 164 6 0 158 5 0 163 2 0 158 5 0 164 6 0 4 7 0 5 8 0 4 7 0 164 6 0 155 9 0 5 8 0 164 6 0 165 10 0 155 9 0 164 6 0 155 9 0 165 10 0 166 11 0 155 9 0 166 11 0 7 12 0 361 13 0 7 12 0 166 11 0 361 13 0 8 14 0 7 12 0 8 14 0 361 13 0 152 15 0 168 16 0 152 15 0 361 13 0 168 16 0 151 17 0 152 15 0 151 17 0 168 16 0 11 18 0 11 18 0 168 16 0 359 19 0 11 18 0 359 19 0 12 20 0 148 21 0 12 20 0 359 19 0 170 22 0 148 21 0 359 19 0 148 21 0 170 22 0 147 23 0 357 24 0 147 23 0 170 22 0 357 24 0 15 25 0 147 23 0 15 25 0 357 24 0 172 26 0 15 25 0 172 26 0 16 27 0 16 27 0 172 26 0 17 28 0 172 26 0 173 29 0 17 28 0 17 28 0 173 29 0 18 30 0 18 30 0 173 29 0 19 31 0 141 32 0 19 31 0 173 29 0 354 33 0 141 32 0 173 29 0 141 32 0 354 33 0 140 34 0 22 35 0 140 34 0 354 33 0 175 36 0 22 35 0 354 33 0 22 35 0 175 36 0 176 37 0 22 35 0 176 37 0 23 38 0 177 39 0 23 38 0 176 37 0 177 39 0 137 40 0 23 38 0 137 40 0 177 39 0 25 41 0 26 42 0 25 41 0 177 39 0 350 43 0 26 42 0 177 39 0 26 42 0 350 43 0 27 44 0 27 44 0 350 43 0 179 45 0 27 44 0 179 45 0 28 46 0 28 46 0 179 45 0 132 47 0 180 48 0 132 47 0 179 45 0 132 47 0 180 48 0 131 49 0 347 50 0 131 49 0 180 48 0 347 50 0 130 51 0 131 49 0 130 51 0 347 50 0 128 52 0 130 51 0 128 52 0 129 52 0 128 52 0 217 53 0 129 52 0 129 52 0 217 53 0 214 54 0 214 54 0 217 53 0 213 55 0 35 56 0 213 55 0 217 53 0 218 57 0 35 56 0 217 53 0 35 56 0 218 57 0 211 58 0 37 59 0 211 58 0 218 57 0 38 60 0 37 59 0 218 57 0 237 61 0 38 60 0 218 57 0 38 60 0 237 61 0 220 62 0 38 60 0 220 62 0 208 63 0 221 64 0 208 63 0 220 62 0 221 64 0 207 65 0 208 63 0 207 65 0 221 64 0 206 66 0 222 67 0 206 66 0 221 64 0 222 67 0 205 68 0 206 66 0 205 68 0 222 67 0 204 69 0 204 69 0 222 67 0 146 70 0 204 69 0 146 70 0 44 71 0 45 72 0 44 71 0 146 70 0 127 73 0 45 72 0 146 70 0 45 72 0 127 73 0 201 74 0 225 75 0 201 74 0 127 73 0 225 75 0 200 76 0 201 74 0 200 76 0 225 75 0 226 77 0 200 76 0 226 77 0 48 78 0 48 78 0 226 77 0 49 79 0 226 77 0 227 80 0 49 79 0 49 79 0 227 80 0 50 81 0 50 81 0 227 80 0 51 82 0 195 83 0 51 82 0 227 80 0 96 84 0 195 83 0 227 80 0 195 83 0 96 84 0 53 85 0 193 86 0 53 85 0 96 84 0 67 87 0 193 86 0 96 84 0 193 86 0 67 87 0 230 88 0 193 86 0 230 88 0 55 89 0 64 90 0 55 89 0 230 88 0 64 90 0 56 91 0 55 89 0 56 91 0 64 90 0 57 92 0 189 93 0 57 92 0 64 90 0 1 94 0 189 93 0 64 90 0 189 93 0 1 94 0 59 95 0 59 95 0 1 94 0 233 96 0 59 95 0 233 96 0 187 97 0 187 97 0 233 96 0 186 98 0 234 99 0 186 98 0 233 96 0 186 98 0 234 99 0 185 100 0 235 101 0 185 100 0 234 99 0 235 101 0 184 102 0 185 100 0 184 102 0 235 101 0 162 1 0 184 102 0 162 1 0 0 1 0 260 1 0 95 103 0 171 1 0 171 1 0 95 103 0 169 2 0 262 104 0 169 2 0 95 103 0 262 104 0 167 6 0 169 2 0 167 6 0 262 104 0 263 105 0 167 6 0 263 105 0 161 10 0 264 106 0 161 10 0 263 105 0 161 10 0 264 106 0 255 11 0 255 11 0 264 106 0 91 107 0 255 11 0 91 107 0 90 108 0 267 109 0 255 11 0 90 108 0 267 109 0 157 13 0 255 11 0 157 13 0 267 109 0 88 110 0 253 16 0 157 13 0 88 110 0 87 111 0 253 16 0 88 110 0 253 16 0 87 111 0 270 112 0 253 16 0 270 112 0 252 19 0 85 113 0 252 19 0 270 112 0 252 19 0 85 113 0 251 22 0 251 22 0 85 113 0 272 114 0 250 24 0 251 22 0 272 114 0 83 115 0 250 24 0 272 114 0 250 24 0 83 115 0 274 116 0 250 24 0 274 116 0 249 26 0 249 26 0 274 116 0 275 117 0 80 118 0 249 26 0 275 117 0 249 26 0 80 118 0 156 29 0 156 29 0 80 118 0 277 119 0 278 120 0 156 29 0 277 119 0 278 120 0 247 33 0 156 29 0 154 36 0 247 33 0 278 120 0 279 121 0 154 36 0 278 120 0 154 36 0 279 121 0 76 122 0 154 36 0 76 122 0 153 37 0 153 37 0 76 122 0 75 123 0 282 124 0 153 37 0 75 123 0 153 37 0 282 124 0 150 39 0 150 39 0 282 124 0 73 125 0 243 43 0 150 39 0 73 125 0 284 126 0 243 43 0 73 125 0 243 43 0 284 126 0 285 127 0 243 43 0 285 127 0 149 45 0 70 128 0 149 45 0 285 127 0 149 45 0 70 128 0 241 48 0 241 48 0 70 128 0 287 129 0 241 48 0 287 129 0 68 130 0 240 50 0 241 48 0 68 130 0 289 131 0 240 50 0 68 130 0 240 50 0 289 131 0 290 132 0 240 50 0 290 132 0 192 52 0 192 52 0 290 132 0 65 52 0 65 52 0 314 133 0 192 52 0 192 52 0 314 133 0 311 53 0 315 134 0 311 53 0 314 133 0 315 134 0 118 57 0 311 53 0 118 57 0 315 134 0 316 135 0 118 57 0 316 135 0 114 61 0 123 136 0 114 61 0 316 135 0 114 61 0 123 136 0 113 62 0 113 62 0 123 136 0 122 137 0 113 62 0 122 137 0 319 138 0 320 139 0 113 62 0 319 138 0 320 139 0 112 64 0 113 62 0 112 64 0 320 139 0 119 140 0 306 67 0 112 64 0 119 140 0 322 141 0 306 67 0 119 140 0 306 67 0 322 141 0 117 142 0 306 67 0 117 142 0 111 70 0 116 143 0 111 70 0 117 142 0 111 70 0 116 143 0 304 73 0 304 73 0 116 143 0 115 144 0 109 75 0 304 73 0 115 144 0 326 145 0 109 75 0 115 144 0 109 75 0 326 145 0 327 146 0 109 75 0 327 146 0 302 77 0 302 77 0 327 146 0 328 147 0 329 148 0 302 77 0 328 147 0 302 77 0 329 148 0 108 80 0 108 80 0 329 148 0 110 149 0 331 150 0 108 80 0 110 149 0 331 150 0 300 84 0 108 80 0 104 87 0 300 84 0 331 150 0 332 151 0 104 87 0 331 150 0 104 87 0 332 151 0 107 152 0 104 87 0 107 152 0 102 88 0 102 88 0 107 152 0 106 153 0 105 154 0 102 88 0 106 153 0 102 88 0 105 154 0 100 90 0 100 90 0 105 154 0 336 155 0 296 94 0 100 90 0 336 155 0 103 156 0 296 94 0 336 155 0 296 94 0 103 156 0 338 157 0 296 94 0 338 157 0 99 96 0 101 158 0 99 96 0 338 157 0 99 96 0 101 158 0 294 99 0 294 99 0 101 158 0 340 159 0 294 99 0 340 159 0 341 160 0 293 101 0 294 99 0 341 160 0 98 161 0 293 101 0 341 160 0 293 101 0 98 161 0 97 162 0 293 101 0 97 162 0 171 1 0 171 1 0 97 162 0 260 1 0 395 165 0 401 164 0 394 163 0 394 163 0 401 164 0 393 166 0 393 166 0 401 164 0 400 167 0 400 167 0 401 164 0 94 167 0 94 167 0 401 164 0 93 168 0 401 164 0 490 169 0 93 168 0 93 168 0 490 169 0 389 170 0 490 169 0 489 171 0 389 170 0 389 170 0 489 171 0 92 172 0 489 171 0 488 173 0 92 172 0 92 172 0 488 173 0 387 172 0 488 173 0 487 174 0 387 172 0 387 172 0 487 174 0 386 175 0 487 174 0 486 176 0 386 175 0 386 175 0 486 176 0 385 167 0 486 176 0 485 177 0 385 167 0 385 167 0 485 177 0 89 178 0 89 178 0 485 177 0 383 179 0 485 177 0 484 180 0 383 179 0 383 179 0 484 180 0 86 179 0 484 180 0 483 181 0 86 179 0 86 179 0 483 181 0 84 179 0 483 181 0 482 182 0 84 179 0 84 179 0 482 182 0 380 183 0 482 182 0 481 184 0 380 183 0 380 183 0 481 184 0 379 185 0 481 184 0 480 186 0 379 185 0 379 185 0 480 186 0 82 187 0 480 186 0 479 188 0 82 187 0 82 187 0 479 188 0 377 189 0 479 188 0 478 190 0 377 189 0 377 189 0 478 190 0 376 191 0 478 190 0 477 192 0 376 191 0 376 191 0 477 192 0 375 193 0 373 194 0 375 193 0 477 192 0 373 194 0 81 167 0 375 193 0 396 196 0 476 195 0 395 165 0 395 165 0 476 195 0 401 164 0 476 195 0 475 197 0 401 164 0 401 164 0 475 197 0 490 169 0 475 197 0 474 198 0 490 169 0 490 169 0 474 198 0 489 171 0 474 198 0 473 199 0 489 171 0 489 171 0 473 199 0 488 173 0 473 199 0 472 200 0 488 173 0 488 173 0 472 200 0 487 174 0 472 200 0 471 201 0 487 174 0 487 174 0 471 201 0 486 176 0 471 201 0 470 202 0 486 176 0 486 176 0 470 202 0 485 177 0 470 202 0 469 203 0 485 177 0 485 177 0 469 203 0 484 180 0 469 203 0 468 204 0 484 180 0 484 180 0 468 204 0 483 181 0 468 204 0 467 205 0 483 181 0 483 181 0 467 205 0 482 182 0 467 205 0 466 206 0 482 182 0 482 182 0 466 206 0 481 184 0 466 206 0 465 207 0 481 184 0 481 184 0 465 207 0 480 186 0 465 207 0 464 208 0 480 186 0 480 186 0 464 208 0 479 188 0 464 208 0 463 209 0 479 188 0 479 188 0 463 209 0 478 190 0 463 209 0 462 210 0 478 190 0 478 190 0 462 210 0 477 192 0 372 211 0 477 192 0 462 210 0 373 194 0 477 192 0 372 211 0 397 213 0 461 212 0 396 196 0 396 196 0 461 212 0 476 195 0 461 212 0 460 214 0 476 195 0 476 195 0 460 214 0 475 197 0 460 214 0 459 215 0 475 197 0 475 197 0 459 215 0 474 198 0 459 215 0 458 216 0 474 198 0 474 198 0 458 216 0 473 199 0 458 216 0 457 217 0 473 199 0 473 199 0 457 217 0 472 200 0 457 217 0 456 218 0 472 200 0 472 200 0 456 218 0 471 201 0 456 218 0 455 219 0 471 201 0 471 201 0 455 219 0 470 202 0 455 219 0 454 220 0 470 202 0 470 202 0 454 220 0 469 203 0 454 220 0 453 221 0 469 203 0 469 203 0 453 221 0 468 204 0 453 221 0 452 222 0 468 204 0 468 204 0 452 222 0 467 205 0 452 222 0 451 223 0 467 205 0 467 205 0 451 223 0 466 206 0 451 223 0 450 224 0 466 206 0 466 206 0 450 224 0 465 207 0 450 224 0 449 225 0 465 207 0 465 207 0 449 225 0 464 208 0 449 225 0 448 226 0 464 208 0 464 208 0 448 226 0 463 209 0 448 226 0 447 227 0 463 209 0 463 209 0 447 227 0 462 210 0 371 228 0 462 210 0 447 227 0 372 211 0 462 210 0 371 228 0 374 230 0 446 229 0 397 213 0 397 213 0 446 229 0 461 212 0 446 229 0 445 231 0 461 212 0 461 212 0 445 231 0 460 214 0 445 231 0 444 232 0 460 214 0 460 214 0 444 232 0 459 215 0 444 232 0 443 233 0 459 215 0 459 215 0 443 233 0 458 216 0 443 233 0 442 234 0 458 216 0 458 216 0 442 234 0 457 217 0 442 234 0 441 235 0 457 217 0 457 217 0 441 235 0 456 218 0 441 235 0 440 236 0 456 218 0 456 218 0 440 236 0 455 219 0 440 236 0 439 237 0 455 219 0 455 219 0 439 237 0 454 220 0 439 237 0 438 238 0 454 220 0 454 220 0 438 238 0 453 221 0 438 238 0 437 239 0 453 221 0 453 221 0 437 239 0 452 222 0 437 239 0 436 240 0 452 222 0 452 222 0 436 240 0 451 223 0 436 240 0 435 241 0 451 223 0 451 223 0 435 241 0 450 224 0 435 241 0 434 242 0 450 224 0 450 224 0 434 242 0 449 225 0 434 242 0 433 243 0 449 225 0 449 225 0 433 243 0 448 226 0 433 243 0 432 244 0 448 226 0 448 226 0 432 244 0 447 227 0 369 245 0 447 227 0 432 244 0 371 228 0 447 227 0 182 246 0 447 227 0 369 245 0 182 246 0 345 248 0 431 247 0 374 230 0 374 230 0 431 247 0 446 229 0 431 247 0 430 249 0 446 229 0 446 229 0 430 249 0 445 231 0 430 249 0 429 250 0 445 231 0 445 231 0 429 250 0 444 232 0 429 250 0 428 251 0 444 232 0 444 232 0 428 251 0 443 233 0 428 251 0 427 252 0 443 233 0 443 233 0 427 252 0 442 234 0 427 252 0 426 253 0 442 234 0 442 234 0 426 253 0 441 235 0 426 253 0 425 254 0 441 235 0 441 235 0 425 254 0 440 236 0 425 254 0 424 255 0 440 236 0 440 236 0 424 255 0 439 237 0 424 255 0 423 256 0 439 237 0 439 237 0 423 256 0 438 238 0 423 256 0 422 257 0 438 238 0 438 238 0 422 257 0 437 239 0 422 257 0 421 258 0 437 239 0 437 239 0 421 258 0 436 240 0 421 258 0 420 259 0 436 240 0 436 240 0 420 259 0 435 241 0 420 259 0 419 260 0 435 241 0 435 241 0 419 260 0 434 242 0 419 260 0 418 261 0 434 242 0 434 242 0 418 261 0 433 243 0 418 261 0 417 262 0 433 243 0 433 243 0 417 262 0 432 244 0 368 263 0 432 244 0 417 262 0 369 245 0 432 244 0 368 263 0 291 265 0 416 264 0 345 248 0 345 248 0 416 264 0 431 247 0 416 264 0 415 266 0 431 247 0 431 247 0 415 266 0 430 249 0 415 266 0 414 267 0 430 249 0 430 249 0 414 267 0 429 250 0 414 267 0 413 268 0 429 250 0 429 250 0 413 268 0 428 251 0 413 268 0 412 269 0 428 251 0 428 251 0 412 269 0 427 252 0 412 269 0 411 270 0 427 252 0 427 252 0 411 270 0 426 253 0 411 270 0 410 271 0 426 253 0 426 253 0 410 271 0 425 254 0 410 271 0 409 272 0 425 254 0 425 254 0 409 272 0 424 255 0 409 272 0 408 273 0 424 255 0 424 255 0 408 273 0 423 256 0 408 273 0 407 274 0 423 256 0 423 256 0 407 274 0 422 257 0 407 274 0 406 275 0 422 257 0 422 257 0 406 275 0 421 258 0 406 275 0 405 276 0 421 258 0 421 258 0 405 276 0 420 259 0 405 276 0 404 277 0 420 259 0 420 259 0 404 277 0 419 260 0 404 277 0 403 278 0 419 260 0 419 260 0 403 278 0 418 261 0 403 278 0 402 279 0 418 261 0 418 261 0 402 279 0 417 262 0 367 280 0 417 262 0 402 279 0 368 263 0 417 262 0 367 280 0 128 52 0 347 281 0 291 265 0 291 265 0 347 281 0 416 264 0 180 282 0 416 264 0 347 281 0 416 264 0 180 282 0 415 266 0 179 283 0 415 266 0 180 282 0 415 266 0 179 283 0 414 267 0 350 284 0 414 267 0 179 283 0 414 267 0 350 284 0 413 268 0 413 268 0 350 284 0 177 39 0 177 39 0 176 285 0 413 268 0 413 268 0 176 285 0 412 269 0 175 286 0 412 269 0 176 285 0 412 269 0 175 286 0 411 270 0 354 287 0 411 270 0 175 286 0 411 270 0 354 287 0 410 271 0 173 288 0 410 271 0 354 287 0 410 271 0 173 288 0 409 272 0 409 272 0 173 288 0 172 26 0 172 26 0 357 289 0 409 272 0 409 272 0 357 289 0 408 273 0 170 290 0 408 273 0 357 289 0 408 273 0 170 290 0 407 274 0 359 291 0 407 274 0 170 290 0 407 274 0 359 291 0 406 275 0 168 292 0 406 275 0 359 291 0 406 275 0 168 292 0 405 276 0 405 276 0 168 292 0 361 13 0 361 13 0 166 293 0 405 276 0 405 276 0 166 293 0 404 277 0 165 294 0 404 277 0 166 293 0 404 277 0 165 294 0 403 278 0 164 295 0 403 278 0 165 294 0 403 278 0 164 295 0 402 279 0 163 296 0 402 279 0 164 295 0 367 280 0 402 279 0 162 1 0 402 279 0 163 296 0 162 1 0 372 211 0 194 297 0 373 194 0 373 194 0 194 297 0 81 167 0 81 167 0 194 297 0 79 167 0 79 167 0 194 297 0 78 187 0 194 297 0 196 298 0 78 187 0 78 187 0 196 298 0 77 299 0 196 298 0 197 300 0 77 299 0 77 299 0 197 300 0 378 301 0 197 300 0 198 302 0 378 301 0 378 301 0 198 302 0 381 301 0 198 302 0 199 303 0 381 301 0 381 301 0 199 303 0 382 304 0 199 303 0 202 305 0 382 304 0 382 304 0 202 305 0 384 167 0 202 305 0 203 306 0 384 167 0 384 167 0 203 306 0 74 307 0 74 307 0 203 306 0 388 308 0 203 306 0 209 309 0 388 308 0 388 308 0 209 309 0 390 308 0 209 309 0 210 310 0 390 308 0 390 308 0 210 310 0 72 308 0 210 310 0 212 311 0 72 308 0 72 308 0 212 311 0 391 312 0 212 311 0 215 313 0 391 312 0 391 312 0 215 313 0 392 314 0 215 313 0 216 315 0 392 314 0 392 314 0 216 315 0 71 168 0 216 315 0 219 316 0 71 168 0 71 168 0 219 316 0 398 317 0 219 316 0 223 318 0 398 317 0 398 317 0 223 318 0 399 319 0 223 318 0 224 320 0 399 319 0 399 319 0 224 320 0 69 321 0 394 163 0 69 321 0 224 320 0 393 166 0 400 167 0 69 321 0 69 321 0 394 163 0 393 166 0 371 228 0 228 322 0 372 211 0 372 211 0 228 322 0 194 297 0 228 322 0 229 323 0 194 297 0 194 297 0 229 323 0 196 298 0 229 323 0 231 324 0 196 298 0 196 298 0 231 324 0 197 300 0 231 324 0 232 325 0 197 300 0 197 300 0 232 325 0 198 302 0 232 325 0 236 326 0 198 302 0 198 302 0 236 326 0 199 303 0 236 326 0 238 327 0 199 303 0 199 303 0 238 327 0 202 305 0 238 327 0 239 328 0 202 305 0 202 305 0 239 328 0 203 306 0 239 328 0 242 329 0 203 306 0 203 306 0 242 329 0 209 309 0 242 329 0 244 330 0 209 309 0 209 309 0 244 330 0 210 310 0 244 330 0 245 331 0 210 310 0 210 310 0 245 331 0 212 311 0 245 331 0 246 332 0 212 311 0 212 311 0 246 332 0 215 313 0 246 332 0 248 333 0 215 313 0 215 313 0 248 333 0 216 315 0 248 333 0 254 334 0 216 315 0 216 315 0 254 334 0 219 316 0 254 334 0 256 335 0 219 316 0 219 316 0 256 335 0 223 318 0 256 335 0 257 336 0 223 318 0 223 318 0 257 336 0 224 320 0 395 165 0 224 320 0 257 336 0 394 163 0 224 320 0 395 165 0 182 246 0 258 337 0 371 228 0 371 228 0 258 337 0 228 322 0 258 337 0 259 338 0 228 322 0 228 322 0 259 338 0 229 323 0 259 338 0 261 339 0 229 323 0 229 323 0 261 339 0 231 324 0 261 339 0 265 340 0 231 324 0 231 324 0 265 340 0 232 325 0 265 340 0 266 341 0 232 325 0 232 325 0 266 341 0 236 326 0 266 341 0 268 342 0 236 326 0 236 326 0 268 342 0 238 327 0 268 342 0 269 343 0 238 327 0 238 327 0 269 343 0 239 328 0 269 343 0 271 344 0 239 328 0 239 328 0 271 344 0 242 329 0 271 344 0 273 345 0 242 329 0 242 329 0 273 345 0 244 330 0 273 345 0 276 346 0 244 330 0 244 330 0 276 346 0 245 331 0 276 346 0 280 347 0 245 331 0 245 331 0 280 347 0 246 332 0 280 347 0 281 348 0 246 332 0 246 332 0 281 348 0 248 333 0 281 348 0 283 349 0 248 333 0 248 333 0 283 349 0 254 334 0 283 349 0 286 350 0 254 334 0 254 334 0 286 350 0 256 335 0 286 350 0 288 351 0 256 335 0 256 335 0 288 351 0 257 336 0 396 196 0 257 336 0 288 351 0 395 165 0 257 336 0 396 196 0 368 263 0 292 352 0 369 245 0 369 245 0 292 352 0 182 246 0 182 246 0 292 352 0 258 337 0 292 352 0 295 353 0 258 337 0 258 337 0 295 353 0 259 338 0 295 353 0 297 354 0 259 338 0 259 338 0 297 354 0 261 339 0 297 354 0 298 355 0 261 339 0 261 339 0 298 355 0 265 340 0 298 355 0 299 356 0 265 340 0 265 340 0 299 356 0 266 341 0 299 356 0 301 357 0 266 341 0 266 341 0 301 357 0 268 342 0 301 357 0 303 358 0 268 342 0 268 342 0 303 358 0 269 343 0 303 358 0 305 359 0 269 343 0 269 343 0 305 359 0 271 344 0 305 359 0 307 360 0 271 344 0 271 344 0 307 360 0 273 345 0 307 360 0 308 361 0 273 345 0 273 345 0 308 361 0 276 346 0 308 361 0 309 362 0 276 346 0 276 346 0 309 362 0 280 347 0 309 362 0 310 363 0 280 347 0 280 347 0 310 363 0 281 348 0 310 363 0 312 364 0 281 348 0 281 348 0 312 364 0 283 349 0 312 364 0 313 365 0 283 349 0 283 349 0 313 365 0 286 350 0 313 365 0 317 366 0 286 350 0 286 350 0 317 366 0 288 351 0 397 213 0 288 351 0 317 366 0 396 196 0 288 351 0 397 213 0 367 280 0 318 367 0 368 263 0 368 263 0 318 367 0 292 352 0 318 367 0 321 368 0 292 352 0 292 352 0 321 368 0 295 353 0 321 368 0 323 369 0 295 353 0 295 353 0 323 369 0 297 354 0 323 369 0 324 370 0 297 354 0 297 354 0 324 370 0 298 355 0 324 370 0 325 371 0 298 355 0 298 355 0 325 371 0 299 356 0 325 371 0 330 372 0 299 356 0 299 356 0 330 372 0 301 357 0 330 372 0 333 373 0 301 357 0 301 357 0 333 373 0 303 358 0 333 373 0 334 374 0 303 358 0 303 358 0 334 374 0 305 359 0 334 374 0 335 375 0 305 359 0 305 359 0 335 375 0 307 360 0 335 375 0 337 376 0 307 360 0 307 360 0 337 376 0 308 361 0 337 376 0 339 377 0 308 361 0 308 361 0 339 377 0 309 362 0 339 377 0 342 378 0 309 362 0 309 362 0 342 378 0 310 363 0 342 378 0 343 379 0 310 363 0 310 363 0 343 379 0 312 364 0 343 379 0 344 380 0 312 364 0 312 364 0 344 380 0 313 365 0 344 380 0 346 381 0 313 365 0 313 365 0 346 381 0 317 366 0 374 230 0 317 366 0 346 381 0 397 213 0 317 366 0 374 230 0 162 1 0 348 382 0 367 280 0 367 280 0 348 382 0 318 367 0 348 382 0 349 383 0 318 367 0 318 367 0 349 383 0 321 368 0 349 383 0 351 384 0 321 368 0 321 368 0 351 384 0 323 369 0 351 384 0 352 385 0 323 369 0 323 369 0 352 385 0 324 370 0 352 385 0 353 386 0 324 370 0 324 370 0 353 386 0 325 371 0 353 386 0 355 387 0 325 371 0 325 371 0 355 387 0 330 372 0 355 387 0 356 388 0 330 372 0 330 372 0 356 388 0 333 373 0 356 388 0 358 389 0 333 373 0 333 373 0 358 389 0 334 374 0 358 389 0 360 390 0 334 374 0 334 374 0 360 390 0 335 375 0 360 390 0 362 391 0 335 375 0 335 375 0 362 391 0 337 376 0 362 391 0 363 392 0 337 376 0 337 376 0 363 392 0 339 377 0 363 392 0 364 393 0 339 377 0 339 377 0 364 393 0 342 378 0 364 393 0 365 394 0 342 378 0 342 378 0 365 394 0 343 379 0 365 394 0 366 395 0 343 379 0 343 379 0 366 395 0 344 380 0 366 395 0 370 396 0 344 380 0 344 380 0 370 396 0 346 381 0 345 248 0 346 381 0 370 396 0 374 230 0 346 381 0 345 248 0 162 1 0 235 397 0 348 382 0 234 398 0 348 382 0 235 397 0 348 382 0 234 398 0 349 383 0 233 399 0 349 383 0 234 398 0 349 383 0 233 399 0 351 384 0 1 400 0 351 384 0 233 399 0 351 384 0 1 400 0 352 385 0 352 385 0 1 400 0 64 90 0 64 90 0 230 401 0 352 385 0 352 385 0 230 401 0 353 386 0 67 402 0 353 386 0 230 401 0 353 386 0 67 402 0 355 387 0 96 403 0 355 387 0 67 402 0 355 387 0 96 403 0 356 388 0 227 404 0 356 388 0 96 403 0 356 388 0 227 404 0 358 389 0 358 389 0 227 404 0 226 77 0 226 77 0 225 405 0 358 389 0 358 389 0 225 405 0 360 390 0 127 406 0 360 390 0 225 405 0 360 390 0 127 406 0 362 391 0 146 407 0 362 391 0 127 406 0 362 391 0 146 407 0 363 392 0 222 408 0 363 392 0 146 407 0 363 392 0 222 408 0 364 393 0 364 393 0 222 408 0 221 64 0 221 64 0 220 409 0 364 393 0 364 393 0 220 409 0 365 394 0 237 410 0 365 394 0 220 409 0 365 394 0 237 410 0 366 395 0 218 411 0 366 395 0 237 410 0 366 395 0 218 411 0 370 396 0 217 412 0 370 396 0 218 411 0 345 248 0 370 396 0 291 265 0 370 396 0 217 412 0 291 265 0 217 412 0 128 52 0 291 265 0 191 414 0 192 413 0 120 413 0 191 414 0 240 415 0 192 413 0 240 415 0 191 414 0 32 416 0 240 415 0 32 416 0 241 417 0 33 418 0 241 417 0 32 416 0 241 417 0 33 418 0 34 419 0 241 417 0 34 419 0 149 420 0 190 421 0 149 420 0 34 419 0 190 421 0 243 422 0 149 420 0 188 423 0 243 422 0 190 421 0 243 422 0 188 423 0 150 424 0 36 425 0 150 424 0 188 423 0 150 424 0 36 425 0 39 426 0 150 424 0 39 426 0 153 427 0 40 428 0 153 427 0 39 426 0 40 428 0 154 429 0 153 427 0 41 430 0 154 429 0 40 428 0 154 429 0 41 430 0 247 431 0 41 430 0 42 432 0 247 431 0 247 431 0 42 432 0 43 433 0 247 431 0 43 433 0 156 434 0 46 435 0 156 434 0 43 433 0 249 436 0 156 434 0 46 435 0 47 437 0 249 436 0 46 435 0 183 438 0 249 436 0 47 437 0 183 438 0 250 439 0 249 436 0 250 439 0 183 438 0 52 440 0 250 439 0 52 440 0 251 441 0 54 442 0 251 441 0 52 440 0 251 441 0 54 442 0 58 443 0 251 441 0 58 443 0 252 444 0 60 445 0 252 444 0 58 443 0 60 445 0 253 446 0 252 444 0 181 447 0 253 446 0 60 445 0 253 446 0 181 447 0 157 448 0 61 449 0 157 448 0 181 447 0 157 448 0 61 449 0 178 450 0 157 448 0 178 450 0 255 451 0 62 452 0 255 451 0 178 450 0 62 452 0 161 453 0 255 451 0 174 454 0 161 453 0 62 452 0 161 453 0 174 454 0 167 455 0 174 454 0 63 456 0 167 455 0 167 455 0 63 456 0 66 457 0 167 455 0 66 457 0 169 458 0 145 459 0 169 458 0 66 457 0 171 459 0 169 458 0 145 459 0 2 460 0 171 459 0 145 459 0 2 460 0 293 461 0 171 459 0 293 461 0 2 460 0 144 462 0 293 461 0 144 462 0 294 463 0 3 464 0 294 463 0 144 462 0 294 463 0 3 464 0 143 465 0 294 463 0 143 465 0 99 466 0 6 467 0 99 466 0 143 465 0 6 467 0 296 468 0 99 466 0 9 469 0 296 468 0 6 467 0 296 468 0 9 469 0 100 470 0 142 471 0 100 470 0 9 469 0 100 470 0 142 471 0 10 472 0 100 470 0 10 472 0 102 473 0 139 474 0 102 473 0 10 472 0 139 474 0 104 475 0 102 473 0 13 476 0 104 475 0 139 474 0 104 475 0 13 476 0 300 477 0 13 476 0 138 478 0 300 477 0 300 477 0 138 478 0 136 479 0 300 477 0 136 479 0 108 480 0 135 481 0 108 480 0 136 479 0 302 482 0 108 480 0 135 481 0 134 483 0 302 482 0 135 481 0 133 484 0 302 482 0 134 483 0 133 484 0 109 485 0 302 482 0 109 485 0 133 484 0 14 486 0 109 485 0 14 486 0 304 487 0 20 488 0 304 487 0 14 486 0 304 487 0 20 488 0 126 489 0 304 487 0 126 489 0 111 490 0 21 491 0 111 490 0 126 489 0 21 491 0 306 492 0 111 490 0 125 493 0 306 492 0 21 491 0 306 492 0 125 493 0 112 494 0 24 495 0 112 494 0 125 493 0 112 494 0 24 495 0 29 496 0 112 494 0 29 496 0 113 497 0 124 498 0 113 497 0 29 496 0 124 498 0 114 499 0 113 497 0 30 500 0 114 499 0 124 498 0 114 499 0 30 500 0 118 501 0 30 500 0 31 502 0 118 501 0 118 501 0 31 502 0 121 503 0 118 501 0 121 503 0 311 504 0 120 413 0 311 504 0 121 503 0 192 413 0 311 504 0 120 413 0 375 167 0 81 167 0 376 167 0 376 167 0 81 167 0 377 167 0 377 167 0 81 167 0 79 167 0 377 167 0 79 167 0 78 167 0 377 167 0 78 167 0 82 167 0 82 167 0 78 167 0 77 167 0 82 167 0 77 167 0 379 167 0 379 167 0 77 167 0 380 167 0 380 167 0 77 167 0 378 167 0 380 167 0 378 167 0 84 167 0 84 167 0 378 167 0 381 167 0 84 167 0 381 167 0 86 167 0 86 167 0 381 167 0 382 167 0 86 167 0 382 167 0 384 167 0 86 167 0 384 167 0 383 167 0 383 167 0 384 167 0 74 167 0 383 167 0 74 167 0 89 167 0 89 167 0 74 167 0 388 167 0 89 167 0 388 167 0 385 167 0 385 167 0 388 167 0 390 167 0 385 167 0 390 167 0 386 167 0 386 167 0 390 167 0 72 167 0 386 167 0 72 167 0 387 167 0 387 167 0 72 167 0 92 167 0 92 167 0 72 167 0 391 167 0 92 167 0 391 167 0 389 167 0 389 167 0 391 167 0 392 167 0 389 167 0 392 167 0 93 167 0 93 167 0 392 167 0 71 167 0 93 167 0 71 167 0 398 167 0 93 167 0 398 167 0 94 167 0 94 167 0 398 167 0 399 167 0 94 167 0 399 167 0 400 167 0 400 167 0 399 167 0 69 167 0 145 0 0 66 0 0 63 0 0 145 0 0 63 0 0 174 0 0 145 0 0 174 0 0 2 0 0 2 0 0 174 0 0 62 0 0 2 0 0 62 0 0 144 0 0 144 0 0 62 0 0 178 0 0 144 0 0 178 0 0 3 0 0 3 0 0 178 0 0 61 0 0 3 0 0 61 0 0 143 0 0 143 0 0 61 0 0 181 0 0 143 0 0 181 0 0 6 0 0 6 0 0 181 0 0 60 0 0 6 0 0 60 0 0 9 0 0 9 0 0 60 0 0 58 0 0 9 0 0 58 0 0 142 0 0 142 0 0 58 0 0 54 0 0 142 0 0 54 0 0 10 0 0 10 0 0 54 0 0 52 0 0 10 0 0 52 0 0 139 0 0 139 0 0 52 0 0 183 0 0 139 0 0 183 0 0 13 0 0 13 0 0 183 0 0 47 0 0 13 0 0 47 0 0 138 0 0 138 0 0 47 0 0 46 0 0 138 0 0 46 0 0 136 0 0 136 0 0 46 0 0 43 0 0 136 0 0 43 0 0 135 0 0 135 0 0 43 0 0 42 0 0 135 0 0 42 0 0 134 0 0 134 0 0 42 0 0 41 0 0 134 0 0 41 0 0 133 0 0 133 0 0 41 0 0 40 0 0 133 0 0 40 0 0 14 0 0 14 0 0 40 0 0 39 0 0 14 0 0 39 0 0 20 0 0 20 0 0 39 0 0 36 0 0 20 0 0 36 0 0 126 0 0 126 0 0 36 0 0 188 0 0 126 0 0 188 0 0 21 0 0 21 0 0 188 0 0 190 0 0 21 0 0 190 0 0 125 0 0 125 0 0 190 0 0 34 0 0 125 0 0 34 0 0 24 0 0 24 0 0 34 0 0 33 0 0 24 0 0 33 0 0 29 0 0 29 0 0 33 0 0 32 0 0 29 0 0 32 0 0 124 0 0 124 0 0 32 0 0 191 0 0 124 0 0 191 0 0 30 0 0 30 0 0 191 0 0 120 0 0 30 0 0 120 0 0 31 0 0 31 0 0 120 0 0 121 0 0</p>
				</polylist>
			</mesh>
		</geometry>
	</library_geometries>
	<library_visual_scenes>
		<visual_scene id="ID1">
			<node id="ID2" name="J7_-_摆正.STEP">
				<translate sid="translate">0 0 -0</translate>
				<rotate sid="rotateY">0 1 0 -0</rotate>
				<rotate sid="rotateX">1 0 0 0</rotate>
				<rotate sid="rotateZ">0 0 1 -0</rotate>
				<scale sid="scale">1 1 1</scale>
				<node id="ID3" name="NONE_1_">
					<translate sid="translate">0 0 -0</translate>
					<rotate sid="rotateY">0 1 0 -0</rotate>
					<rotate sid="rotateX">1 0 0 0</rotate>
					<rotate sid="rotateZ">0 0 1 -0</rotate>
					<scale sid="scale">1 1 1</scale>
					<instance_geometry url="#ID4"/>
				</node>
				<node id="ID12" name="NONE_2_">
					<translate sid="translate">0 0 -0</translate>
					<rotate sid="rotateY">0 1 0 -0</rotate>
					<rotate sid="rotateX">1 0 0 0</rotate>
					<rotate sid="rotateZ">0 0 1 -0</rotate>
					<scale sid="scale">1 1 1</scale>
					<instance_geometry url="#ID13"/>
				</node>
			</node>
		</visual_scene>
	</library_visual_scenes>
	<scene>
		<instance_visual_scene url="#ID1"/>
	</scene>
</COLLADA>
